{"ppntid":0,"trialid":5,"Aweight":0.4068871991684074,"Bweight":1.2750474142627846,"calc1":9.657218405879028,"calc2":3.912412223392975,"calc3":10.460038802094022,"ordA12":"=","ordA13":"=","ordA23":">","ordB12":"<","ordB13":"=","ordB23":">","mychoice":2,"myA1":5.489196226723795,"myA2":7.673039849220031,"myA3":2.852215225036848,"myB1":4.185381103349117,"myB2":8.557714392797621,"myB3":4.878631144645472,"simA1":5.30289542162791,"simA2":7.26626883028075,"simA3":5.42650359449908,"simB1":2.16200830531307,"simB2":5.64728152588941,"simB3":2.46193274972029}