{"ppntid":0,"trialid":15,"Aweight":0.20893219353915968,"Bweight":1.3273905540281274,"calc1":17.30539802269295,"calc2":10.01878636093061,"calc3":16.255491020805483,"ordA12":"=","ordA13":"=","ordA23":"=","ordB12":">","ordB13":"=","ordB23":"<","mychoice":1,"myA1":8.170218246079612,"myA2":11.154209137812671,"myA3":13.381045125844956,"myB1":5.748020630188051,"myB2":0.6431931977687422,"myB3":4.193688337705039,"simA1":7.24202439188957,"simA2":7.18859767541289,"simA3":9.53993134899065,"simB1":12.9172324854881,"simB2":7.64384718379006,"simB3":11.0533533047419}