{"ppntid":0,"trialid":15,"Aweight":0.4068871991684074,"Bweight":1.2750474142627846,"calc1":13.217487903276972,"calc2":17.70995782371454,"calc3":13.32199359147197,"ordA12":"=","ordA13":"<","ordA23":"=","ordB12":">","ordB13":"=","ordB23":"<","mychoice":3,"myA1":0.7519531263451862,"myA2":1.1159070051445108,"myA3":6.175770805794905,"myB1":7.257278423850022,"myB2":1.6380762485898281,"myB3":5.639880972858911,"simA1":7.24202439188957,"simA2":7.18859767541289,"simA3":9.53993134899065,"simB1":12.9172324854881,"simB2":7.64384718379006,"simB3":11.0533533047419}