{"ppntid":0,"trialid":9,"Aweight":0.12870857098382882,"Bweight":1.3042320160706382,"calc1":4.29688944130035,"calc2":14.54185025080614,"calc3":4.502812275238455,"ordA12":"=","ordA13":"=","ordA23":"=","ordB12":"<","ordB13":"=","ordB23":">","mychoice":2,"myA1":4.543217175332684,"myA2":5.80764566210235,"myA3":6.958873433392442,"myB1":3.577418334110435,"myB2":8.007186198722039,"myB3":4.041000600198955,"simA1":9.71080775139853,"simA2":8.27019854448736,"simA3":7.62946534901857,"simB1":5.61522312811576,"simB2":8.84890590445139,"simB3":4.25856868154369}