{"ppntid":0,"trialid":14,"Aweight":0.12870857098382882,"Bweight":1.3042320160706382,"calc1":14.008069496024488,"calc2":12.640160050139519,"calc3":3.4320293661074426,"ordA12":">","ordA13":"=","ordA23":"<","ordB12":"<","ordB13":">","ordB23":">","mychoice":2,"myA1":7.4271535330157885,"myA2":3.0697740603193635,"myA3":8.97118814519295,"myB1":8.778455518446744,"myB2":13.417447260605925,"myB3":2.172287608123038,"simA1":8.69942399905995,"simA2":4.16681390954182,"simA3":9.1452954034321,"simB1":7.43841270916164,"simB2":11.8485353188589,"simB3":2.51956966007128}