{"ppntid":0,"trialid":9,"Aweight":0.12870857098382882,"Bweight":1.3042320160706382,"calc1":4.29688944130035,"calc2":14.54185025080614,"calc3":4.502812275238455,"ordA12":"=","ordA13":"=","ordA23":"=","ordB12":"<","ordB13":"=","ordB23":">","mychoice":2,"myA1":5.5489415182038755,"myA2":6.119916448601223,"myA3":3.7292865306579492,"myB1":5.864706203520189,"myB2":10.544490399113089,"myB3":0.13106471550374477,"simA1":9.71080775139853,"simA2":8.27019854448736,"simA3":7.62946534901857,"simB1":5.61522312811576,"simB2":8.84890590445139,"simB3":4.25856868154369}