{"ppntid":0,"trialid":6,"Aweight":0.4068871991684074,"Bweight":1.2750474142627846,"calc1":10.368182428789218,"calc2":-5.379545868909506,"calc3":7.6924497812104295,"ordA12":"=","ordA13":"<","ordA23":"=","ordB12":">","ordB13":">","ordB23":">","mychoice":1,"myA1":8.74057790802926,"myA2":10.761564978532181,"myA3":12.43315909468419,"myB1":11.656429805701782,"myB2":1.9481242390138287,"myB3":1.4899396360046036,"simA1":4.8090137518011,"simA2":6.16455643437803,"simA3":8.31491193501279,"simB1":3.4268780623097,"simB2":3.61743570654653,"simB3":0.234661692520604}