{"ppntid":0,"trialid":13,"Aweight":-0.4033070847784399,"Bweight":0.874287856206485,"calc1":-3.843118763288404,"calc2":2.357476129939411,"calc3":-1.5384493120589382,"ordA12":"=","ordA13":"=","ordA23":">","ordB12":"=","ordB13":">","ordB23":">","mychoice":2,"myA1":12.094282405917877,"myA2":13.002766313946037,"myA3":14.013593166323401,"myB1":12.810140620491136,"myB2":14.353229909091024,"myB3":9.635837541197457,"simA1":7.85691629629582,"simA2":9.20852395240217,"simA3":6.01537173381075,"simB1":6.60168767441064,"simB2":6.73819990362972,"simB3":0.327535861870274}