{"ppntid":0,"trialid":21,"Aweight":0.20893219353915968,"Bweight":1.3273905540281274,"calc1":3.793141724362459,"calc2":22.828417523675533,"calc3":13.801957676697935,"ordA12":"=","ordA13":"<","ordA23":"<","ordB12":"<","ordB13":"=","ordB23":"=","mychoice":2,"myA1":6.981242680413395,"myA2":5.379980295695922,"myA3":12.737726376024256,"myB1":1.389145693581959,"myB2":5.118854640261883,"myB3":3.646418648192281,"simA1":2.44017153279856,"simA2":0.805097871925682,"simA3":6.63595069432631,"simB1":4.18097089393996,"simB2":10.1647300017066,"simB3":4.60267660673708}