{"ppntid":0,"trialid":9,"Aweight":0.13740552532497405,"Bweight":1.2750474142627846,"calc1":7.437432509763928,"calc2":8.964235806739953,"calc3":2.440722053718474,"ordA12":"=","ordA13":"=","ordA23":"=","ordB12":"<","ordB13":"=","ordB23":">","mychoice":2,"myA1":1.448714026685195,"myA2":2.4098293567819615,"myA3":3.9037496289692255,"myB1":0.4551522513435724,"myB2":9.816857062864843,"myB3":2.4044272700871927,"simA1":9.71080775139853,"simA2":8.27019854448736,"simA3":7.62946534901857,"simB1":5.61522312811576,"simB2":8.84890590445139,"simB3":4.25856868154369}