{"ppntid":0,"trialid":19,"Aweight":0.4068871991684074,"Bweight":1.2750474142627846,"calc1":22.03088206858874,"calc2":14.441155310281014,"calc3":1.2193250618125506,"ordA12":">","ordA13":"=","ordA23":"<","ordB12":">","ordB13":"=","ordB23":">","mychoice":1,"myA1":8.45682379942638,"myA2":1.48172078752846,"myA3":8.314581851348755,"myB1":8.90147626559153,"myB2":4.9576336956121185,"myB3":7.280390614252118,"simA1":6.40436165267602,"simA2":2.57385758683085,"simA3":6.28043658332899,"simB1":14.6986505936366,"simB2":4.11223859991878,"simB3":1.65516423876397}