{"ppntid":0,"trialid":18,"Aweight":0.20893219353915968,"Bweight":1.3273905540281274,"calc1":6.074707576171983,"calc2":12.966178881027682,"calc3":11.648286159997939,"ordA12":"=","ordA13":">","ordA23":">","ordB12":"=","ordB13":"=","ordB23":"=","mychoice":2,"myA1":12.223825512119959,"myA2":12.968004751466411,"myA3":7.192592069932245,"myB1":7.37031919076864,"myB2":9.380776208500555,"myB3":10.167425139290591,"simA1":8.12859624158591,"simA2":7.37823180388659,"simA3":0.670850041788071,"simB1":9.75794079713523,"simB2":12.3898943373933,"simB3":12.0616282580886}