{"ppntid":0,"trialid":5,"Aweight":0.13740552532497405,"Bweight":1.2750474142627846,"calc1":5.811257231160033,"calc2":8.934057027991917,"calc3":-8.847581723759692,"ordA12":"=","ordA13":"=","ordA23":"=","ordB12":"<","ordB13":"=","ordB23":">","mychoice":2,"myA1":11.193172993686808,"myA2":9.792466805376858,"myA3":11.202013218773129,"myB1":3.346800639428583,"myB2":6.508967281180755,"myB3":1.184435209754554,"simA1":5.30289542162791,"simA2":7.26626883028075,"simA3":5.42650359449908,"simB1":2.16200830531307,"simB2":5.64728152588941,"simB3":2.46193274972029}