{"ppntid":0,"trialid":3,"Aweight":-0.6422185368072362,"Bweight":2.0245918390382993,"calc1":-5.6707846788147585,"calc2":10.58489232953419,"calc3":14.664349775971294,"ordA12":"=","ordA13":"=","ordA23":"=","ordB12":">","ordB13":"<","ordB23":"=","mychoice":1,"myA1":9.6651904077601,"myA2":12.154816012451574,"myA3":11.003419006381645,"myB1":8.659528595172999,"myB2":5.441721325107895,"myB3":6.537407907650153,"simA1":3.41764160897583,"simA2":5.3128969646059,"simA3":4.62381788762286,"simB1":0.789628699421883,"simB2":7.38863933365792,"simB3":8.99294389877468}