{"ppntid":0,"trialid":2,"Aweight":-0.08118854736823762,"Bweight":0.457694606677126,"calc1":8.782174942041975,"calc2":5.463367775624133,"calc3":-3.6136582056219804,"ordA12":"=","ordA13":">","ordA23":"=","ordB12":"=","ordB13":">","ordB23":">","mychoice":2,"myA1":12.906392385250179,"myA2":11.814745025289913,"myA3":8.88141125268617,"myB1":12.868393189953292,"myB2":14.338865338252443,"myB3":7.692713376636249,"simA1":4.44091077893972,"simA2":2.09030646830797,"simA3":0.928282281383872,"simB1":6.10001093940809,"simB2":8.69291198789142,"simB3":0.26329378481023}