{"ppntid":0,"trialid":6,"Aweight":0.4068871991684074,"Bweight":1.2750474142627846,"calc1":9.839395036130313,"calc2":14.499757714977955,"calc3":9.348362695451012,"ordA12":"=","ordA13":"<","ordA23":"=","ordB12":"=","ordB13":">","ordB23":">","mychoice":2,"myA1":5.5878609602878075,"myA2":6.511385344730457,"myA3":6.25180156114003,"myB1":8.303316411525918,"myB2":9.694889468641955,"myB3":3.574317951032755,"simA1":4.8090137518011,"simA2":6.16455643437803,"simA3":8.31491193501279,"simB1":3.4268780623097,"simB2":3.61743570654653,"simB3":0.234661692520604}