{"ppntid":0,"trialid":21,"Aweight":0.20893219353915968,"Bweight":1.3273905540281274,"calc1":6.178239696297277,"calc2":12.455404169100595,"calc3":10.820584813316298,"ordA12":"=","ordA13":"<","ordA23":"<","ordB12":"<","ordB13":"=","ordB23":">","mychoice":2,"myA1":0.7872726234542082,"myA2":3.2821070328333346,"myA3":8.615219757527756,"myB1":2.4694317678486852,"myB2":8.548657391872487,"myB3":3.478305423448922,"simA1":2.44017153279856,"simA2":0.805097871925682,"simA3":6.63595069432631,"simB1":4.18097089393996,"simB2":10.1647300017066,"simB3":4.60267660673708}