{"ppntid":0,"trialid":18,"Aweight":0.20893219353915968,"Bweight":1.3273905540281274,"calc1":6.074707576171983,"calc2":12.966178881027682,"calc3":11.648286159997939,"ordA12":"=","ordA13":">","ordA23":">","ordB12":"=","ordB13":"=","ordB23":"=","mychoice":1,"myA1":8.333423121458566,"myA2":8.839259699270444,"myA3":3.570885390098071,"myB1":4.280323294365597,"myB2":3.0277737894113956,"myB3":1.9694422099392894,"simA1":8.12859624158591,"simA2":7.37823180388659,"simA3":0.670850041788071,"simB1":9.75794079713523,"simB2":12.3898943373933,"simB3":12.0616282580886}