{"ppntid":0,"trialid":5,"Aweight":0.12870857098382882,"Bweight":1.3042320160706382,"calc1":7.4297412620777585,"calc2":5.104347710380791,"calc3":6.36158391961638,"ordA12":"=","ordA13":"=","ordA23":"=","ordB12":"<","ordB13":"=","ordB23":">","mychoice":2,"myA1":3.3762851198770925,"myA2":3.7533401871228778,"myA3":5.6550558369663975,"myB1":7.93409850406925,"myB2":11.989068765846445,"myB3":8.028860747332292,"simA1":5.30289542162791,"simA2":7.26626883028075,"simA3":5.42650359449908,"simB1":2.16200830531307,"simB2":5.64728152588941,"simB3":2.46193274972029}