{"ppntid":0,"trialid":5,"Aweight":0.20893219353915968,"Bweight":1.3273905540281274,"calc1":4.558658281528177,"calc2":8.643659409196012,"calc3":2.9184809788084713,"ordA12":"=","ordA13":"=","ordA23":"=","ordB12":"<","ordB13":"<","ordB23":">","mychoice":2,"myA1":12.947737799858958,"myA2":13.57885352416738,"myA3":10.666121324150577,"myB1":1.2470404474658092,"myB2":9.30036328899773,"myB3":5.307589523440206,"simA1":5.30289542162791,"simA2":7.26626883028075,"simA3":5.42650359449908,"simB1":2.16200830531307,"simB2":5.64728152588941,"simB3":2.46193274972029}