{"ppntid":0,"trialid":6,"Aweight":-0.5028205936778309,"Bweight":1.343654141352083,"calc1":0.07094337328490452,"calc2":-3.6184955680124604,"calc3":5.9255490127048045,"ordA12":"=","ordA13":"<","ordA23":"=","ordB12":">","ordB13":">","ordB23":">","mychoice":1,"myA1":5.947371349988267,"myA2":8.395762251841315,"myA3":9.542172902204989,"myB1":13.083526210057846,"myB2":7.600678649711883,"myB3":2.224296071294116,"simA1":4.8090137518011,"simA2":6.16455643437803,"simA3":8.31491193501279,"simB1":3.4268780623097,"simB2":3.61743570654653,"simB3":0.234661692520604}