{"ppntid":0,"trialid":1,"Aweight":-0.3131208972533523,"Bweight":1.8830448173254608,"calc1":17.022424915778764,"calc2":10.0291773545424,"calc3":13.871333468501,"ordA12":"<","ordA13":"<","ordA23":"=","ordB12":">","ordB13":"=","ordB23":"=","mychoice":1,"myA1":8.33790083701937,"myA2":14.652679870991003,"myA3":12.047776148633089,"myB1":9.688965895756379,"myB2":4.55054907602411,"myB3":7.0800049947401575,"simA1":3.44733079895377,"simA2":7.7077340404503,"simA3":9.79625159176067,"simB1":8.48892743932083,"simB2":5.46544744865969,"simB3":6.53410605853423}