{"ppntid":0,"trialid":11,"Aweight":0.4068871991684074,"Bweight":1.2750474142627846,"calc1":12.439653107941892,"calc2":21.506211041503562,"calc3":8.791703586271144,"ordA12":">","ordA13":"=","ordA23":"<","ordB12":"<","ordB13":">","ordB23":">","mychoice":2,"myA1":11.546345279342049,"myA2":8.361535532515818,"myA3":14.448640177657532,"myB1":5.1775734307117505,"myB2":9.142080654331806,"myB3":1.3240043126663514,"simA1":8.87625722680241,"simA2":4.16804329724982,"simA3":9.13220938993618,"simB1":4.43422937882133,"simB2":13.9203729538713,"simB3":0.650758871342987}