{"ppntid":0,"trialid":13,"Aweight":0.7630530937244366,"Bweight":2.506333204041536,"calc1":24.71696462569364,"calc2":25.52177929299021,"calc3":11.973143860634863,"ordA12":"=","ordA13":"=","ordA23":">","ordB12":"=","ordB13":">","ordB23":">","mychoice":2,"myA1":3.0393745709683473,"myA2":1.9458952562468612,"myA3":4.456345505957836,"myB1":8.486502496710433,"myB2":11.161457242158097,"myB3":1.946860877342621,"simA1":7.85691629629582,"simA2":9.20852395240217,"simA3":6.01537173381075,"simB1":6.60168767441064,"simB2":6.73819990362972,"simB3":0.327535861870274}