{"ppntid":0,"trialid":4,"Aweight":-0.12844289747095639,"Bweight":0.8790337299505221,"calc1":6.618203428027352,"calc2":11.037506514876002,"calc3":11.552001481953974,"ordA12":"=","ordA13":">","ordA23":"=","ordB12":"=","ordB13":"<","ordB23":"<","mychoice":3,"myA1":6.544218218228503,"myA2":4.157175161850723,"myA3":1.760324409421835,"myB1":6.800140769839889,"myB2":7.774583546299532,"myB3":14.417752604792684,"simA1":5.05297244759277,"simA2":2.18807576224208,"simA3":0.105234072543681,"simB1":5.54594777408056,"simB2":7.68077528569847,"simB3":10.7649007102009}