{"ppntid":0,"trialid":3,"Aweight":-0.5147662959272927,"Bweight":0.874287856206485,"calc1":-2.507300028413481,"calc2":1.0209658382629296,"calc3":2.9794496158977437,"ordA12":"=","ordA13":"=","ordA23":"=","ordB12":"<","ordB13":"<","ordB23":"=","mychoice":3,"myA1":5.711726044046315,"myA2":7.949068785831795,"myA3":5.615699101174805,"myB1":2.34497514646246,"myB2":8.665841634854464,"myB3":12.87385657131331,"simA1":3.41764160897583,"simA2":5.3128969646059,"simA3":4.62381788762286,"simB1":0.789628699421883,"simB2":7.38863933365792,"simB3":8.99294389877468}