{"ppntid":0,"trialid":8,"Aweight":0.4068871991684074,"Bweight":1.2750474142627846,"calc1":16.112386939301018,"calc2":5.744026949211379,"calc3":17.181957427706863,"ordA12":">","ordA13":">","ordA23":"=","ordB12":"=","ordB13":"<","ordB23":"<","mychoice":3,"myA1":12.661180556699323,"myA2":8.722538925872927,"myA3":7.792095080415592,"myB1":2.7805646128378103,"myB2":0.7329682040509655,"myB3":10.61898674492307,"simA1":7.14406876591966,"simA2":1.34849697118625,"simA3":0.0528800045140088,"simB1":8.53078398155048,"simB2":6.51239547645673,"simB3":12.1931532234885}