{"ppntid":0,"trialid":16,"Aweight":0.20893219353915968,"Bweight":1.3273905540281274,"calc1":4.4893354592026355,"calc2":11.321963897311162,"calc3":6.225726437864578,"ordA12":">","ordA13":"=","ordA23":"<","ordB12":"<","ordB13":"=","ordB23":">","mychoice":2,"myA1":11.154589175526404,"myA2":6.743905161646456,"myA3":14.11490337194236,"myB1":2.9216190307321224,"myB2":14.068879824469542,"myB3":1.417148611528597,"simA1":8.7427697959356,"simA2":3.89542829245329,"simA3":7.91223292471841,"simB1":2.38451915793121,"simB2":8.48241655156016,"simB3":0.922219979111105}