{"ppntid":0,"trialid":19,"Aweight":0.12870857098382882,"Bweight":1.3042320160706382,"calc1":23.62736743899368,"calc2":9.890806542515026,"calc3":6.423958935899696,"ordA12":">","ordA13":"=","ordA23":"<","ordB12":">","ordB13":">","ordB23":"<","mychoice":1,"myA1":14.289515570601653,"myA2":8.84832646838189,"myA3":12.202639533635578,"myB1":13.600841979205589,"myB2":5.042264887961093,"myB3":9.825978887414141,"simA1":6.40436165267602,"simA2":2.57385758683085,"simA3":6.28043658332899,"simB1":14.6986505936366,"simB2":4.11223859991878,"simB3":1.65516423876397}