{"ppntid":0,"trialid":12,"Aweight":-0.13837646375846002,"Bweight":1.7698012527941804,"calc1":0.7787350535982664,"calc2":22.947639361418624,"calc3":18.224732867793385,"ordA12":"=","ordA13":"<","ordA23":"<","ordB12":"<","ordB13":"<","ordB23":">","mychoice":2,"myA1":4.296676830963472,"myA2":2.24118475505246,"myA3":14.218527849729492,"myB1":3.7999949801279795,"myB2":14.596753570553137,"myB3":10.136114924057754,"simA1":5.28062834171578,"simA2":3.06751366937533,"simA3":8.78854544134811,"simB1":6.01199498050846,"simB2":13.4708957537077,"simB3":10.3231809299905}