{"ppntid":0,"trialid":14,"Aweight":0.20893219353915968,"Bweight":1.3273905540281274,"calc1":13.005060044059212,"calc2":11.633547788618138,"calc3":8.860679164304432,"ordA12":"=","ordA13":"=","ordA23":"<","ordB12":"<","ordB13":">","ordB23":">","mychoice":2,"myA1":1.9978038542741416,"myA2":1.2171764442429556,"myA3":4.323400322887263,"myB1":10.054989770000986,"myB2":13.309487706219956,"myB3":6.045197611924987,"simA1":8.69942399905995,"simA2":4.16681390954182,"simA3":9.1452954034321,"simB1":7.43841270916164,"simB2":11.8485353188589,"simB3":2.51956966007128}