{"ppntid":0,"trialid":7,"Aweight":0.09149007061288919,"Bweight":0.6212505080590619,"calc1":6.877689715242102,"calc2":5.165944268599672,"calc3":5.1385717830487945,"ordA12":"=","ordA13":">","ordA23":">","ordB12":"=","ordB13":"=","ordB23":"=","mychoice":3,"myA1":11.712979225321618,"myA2":14.125464739804933,"myA3":8.388268646158318,"myB1":9.572276140357548,"myB2":9.603197468740747,"myB3":10.539442294997272,"simA1":8.76104752765968,"simA2":8.04335406515747,"simA3":1.29715850343928,"simB1":10.3199929918628,"simB2":7.46865443419665,"simB3":7.64094397542067}