{"ppntid":0,"trialid":7,"Aweight":-0.12844289747095639,"Bweight":0.8790337299505221,"calc1":9.199651857001312,"calc2":9.312773589022937,"calc3":6.438135360499472,"ordA12":"=","ordA13":">","ordA23":">","ordB12":"=","ordB13":"=","ordB23":"=","mychoice":1,"myA1":6.86102467345818,"myA2":7.681459617780848,"myA3":0.06701549550394592,"myB1":12.469432233425014,"myB2":10.06207845181492,"myB3":10.395240844183753,"simA1":8.76104752765968,"simA2":8.04335406515747,"simA3":1.29715850343928,"simB1":10.3199929918628,"simB2":7.46865443419665,"simB3":7.64094397542067}