{"ppntid":0,"trialid":11,"Aweight":-0.12844289747095639,"Bweight":0.8790337299505221,"calc1":2.471348272714879,"calc2":11.563783871024466,"calc3":-2.3335288647665204,"ordA12":">","ordA13":"=","ordA23":"<","ordB12":"=","ordB13":">","ordB23":">","mychoice":1,"myA1":14.613728664054914,"myA2":8.678149245295822,"myA3":11.834477004349742,"myB1":8.277586768775048,"myB2":5.479253589996288,"myB3":1.1392434541521523,"simA1":8.87625722680241,"simA2":4.16804329724982,"simA3":9.13220938993618,"simB1":4.43422937882133,"simB2":13.9203729538713,"simB3":0.650758871342987}