{"ppntid":0,"trialid":14,"Aweight":0.4068871991684074,"Bweight":1.2750474142627846,"calc1":9.424497067692963,"calc2":26.62923985966325,"calc3":5.775232808861873,"ordA12":">","ordA13":"=","ordA23":"<","ordB12":"<","ordB13":">","ordB23":">","mychoice":2,"myA1":11.129209888533833,"myA2":1.7070979253968466,"myA3":9.983253174564915,"myB1":6.7538013809141,"myB2":12.097425843908269,"myB3":2.7553457520199376,"simA1":8.69942399905995,"simA2":4.16681390954182,"simA3":9.1452954034321,"simB1":7.43841270916164,"simB2":11.8485353188589,"simB3":2.51956966007128}