{"ppntid":0,"trialid":10,"Aweight":0.4068871991684074,"Bweight":1.2750474142627846,"calc1":3.2425321754464234,"calc2":6.120727674511372,"calc3":5.9981828446322,"ordA12":"=","ordA13":"<","ordA23":"<","ordB12":"=","ordB13":"=","ordB23":"=","mychoice":1,"myA1":2.107521858900437,"myA2":2.7159452772428883,"myA3":10.213001046841457,"myB1":6.1993262030806475,"myB2":5.584073811075443,"myB3":3.5252658437774165,"simA1":2.26741205202416,"simA2":2.47803316218778,"simA3":8.28731167363003,"simB1":3.06291132001206,"simB2":3.33613052149303,"simB3":2.30878524016589}