{"ppntid":0,"trialid":16,"Aweight":0.4068871991684074,"Bweight":1.2750474142627846,"calc1":9.488849528464357,"calc2":15.233172537485054,"calc3":5.620384024034557,"ordA12":">","ordA13":"=","ordA23":"<","ordB12":"<","ordB13":"=","ordB23":">","mychoice":2,"myA1":10.039609545097733,"myA2":0.9305326568452288,"myA3":10.199854311894063,"myB1":3.8254229446644294,"myB2":10.32585440450237,"myB3":3.420011002381785,"simA1":8.7427697959356,"simA2":3.89542829245329,"simA3":7.91223292471841,"simB1":2.38451915793121,"simB2":8.48241655156016,"simB3":0.922219979111105}