{"ppntid":0,"trialid":9,"Aweight":-0.12844289747095639,"Bweight":0.8790337299505221,"calc1":5.290885879765344,"calc2":2.290814580551088,"calc3":6.9290021218184314,"ordA12":"=","ordA13":"=","ordA23":"=","ordB12":"<","ordB13":"=","ordB23":">","mychoice":2,"myA1":10.334711194547545,"myA2":10.11620060328783,"myA3":9.854285994444133,"myB1":2.3182333284762713,"myB2":11.432572732327701,"myB3":1.5418667114542228,"simA1":9.71080775139853,"simA2":8.27019854448736,"simA3":7.62946534901857,"simB1":5.61522312811576,"simB2":8.84890590445139,"simB3":4.25856868154369}