{"ppntid":0,"trialid":18,"Aweight":0.12870857098382882,"Bweight":1.3042320160706382,"calc1":22.091004982745265,"calc2":9.71540310954217,"calc3":16.965950164069113,"ordA12":"=","ordA13":">","ordA23":">","ordB12":">","ordB13":"=","ordB23":"=","mychoice":1,"myA1":7.973819319561404,"myA2":9.885297217855257,"myA3":2.3454321139891188,"myB1":13.15110758692603,"myB2":4.39732982540428,"myB3":12.630419789850428,"simA1":8.12859624158591,"simA2":7.37823180388659,"simA3":0.670850041788071,"simB1":9.75794079713523,"simB2":12.3898943373933,"simB3":12.0616282580886}