{"ppntid":0,"trialid":12,"Aweight":0.12870857098382882,"Bweight":1.3042320160706382,"calc1":7.689878216299774,"calc2":23.12377667674107,"calc3":16.454590587141904,"ordA12":"=","ordA13":"<","ordA23":"<","ordB12":"<","ordB13":"<","ordB23":">","mychoice":2,"myA1":0.5398574525336097,"myA2":1.9561154455168073,"myA3":8.688943411052028,"myB1":1.4491819382137583,"myB2":10.577370563806038,"myB3":6.417326818229662,"simA1":5.28062834171578,"simA2":3.06751366937533,"simA3":8.78854544134811,"simB1":6.01199498050846,"simB2":13.4708957537077,"simB3":10.3231809299905}