{"ppntid":0,"trialid":6,"Aweight":-0.13837646375846002,"Bweight":1.7698012527941804,"calc1":1.517381905716186,"calc2":10.971294477334254,"calc3":-7.0665683517992814,"ordA12":"=","ordA13":"<","ordA23":"=","ordB12":"=","ordB13":">","ordB23":">","mychoice":2,"myA1":9.492197354172355,"myA2":11.196127414658033,"myA3":12.305410074881372,"myB1":12.678188198294674,"myB2":13.190127234315227,"myB3":0.5044032398016907,"simA1":4.8090137518011,"simA2":6.16455643437803,"simA3":8.31491193501279,"simB1":3.4268780623097,"simB2":3.61743570654653,"simB3":0.234661692520604}