{"ppntid":0,"trialid":19,"Aweight":-0.12844289747095639,"Bweight":0.8790337299505221,"calc1":14.08675789291695,"calc2":6.803555880061298,"calc3":3.947071079954798,"ordA12":">","ordA13":"=","ordA23":"<","ordB12":">","ordB13":">","ordB23":">","mychoice":1,"myA1":13.464394732090327,"myA2":4.417373901614683,"myA3":12.30718103275864,"myB1":14.59503590948733,"myB2":8.164516371206707,"myB3":2.219568364594454,"simA1":6.40436165267602,"simA2":2.57385758683085,"simA3":6.28043658332899,"simB1":14.6986505936366,"simB2":4.11223859991878,"simB3":1.65516423876397}