{"ppntid":0,"trialid":3,"Aweight":-0.4292962681151613,"Bweight":0.5201681219955832,"calc1":1.016358014988676,"calc2":-2.7378035584762075,"calc3":4.733882694073329,"ordA12":"=","ordA13":"=","ordA23":"=","ordB12":"<","ordB13":"<","ordB23":"=","mychoice":2,"myA1":1.028404214180344,"myA2":1.502832501732202,"myA3":0.9909313484030335,"myB1":1.5939451608651478,"myB2":6.719107856736414,"myB3":5.430137586666515,"simA1":3.41764160897583,"simA2":5.3128969646059,"simA3":4.62381788762286,"simB1":0.789628699421883,"simB2":7.38863933365792,"simB3":8.99294389877468}