{"ppntid":0,"trialid":18,"Aweight":0.20893219353915968,"Bweight":1.3273905540281274,"calc1":16.50500105567773,"calc2":17.215842224318887,"calc3":14.219902437906404,"ordA12":"=","ordA13":">","ordA23":">","ordB12":"=","ordB13":"=","ordB23":"=","mychoice":2,"myA1":12.055670243448963,"myA2":10.134284195779623,"myA3":5.798082081743733,"myB1":2.841994457474928,"myB2":5.277107675751207,"myB3":5.783696795946344,"simA1":8.12859624158591,"simA2":7.37823180388659,"simA3":0.670850041788071,"simB1":9.75794079713523,"simB2":12.3898943373933,"simB3":12.0616282580886}