{"ppntid":0,"trialid":12,"Aweight":-0.13837646375846002,"Bweight":1.7698012527941804,"calc1":6.9282991239196035,"calc2":26.39144484003678,"calc3":15.526665254686632,"ordA12":"=","ordA13":"<","ordA23":"<","ordB12":"<","ordB13":"<","ordB23":">","mychoice":2,"myA1":5.6107807928587565,"myA2":1.2036678058414063,"myA3":10.028881150766386,"myB1":5.169639065648671,"myB2":12.482095112101392,"myB3":8.58015456544716,"simA1":5.28062834171578,"simA2":3.06751366937533,"simA3":8.78854544134811,"simB1":6.01199498050846,"simB2":13.4708957537077,"simB3":10.3231809299905}