{"ppntid":0,"trialid":9,"Aweight":0.4068871991684074,"Bweight":1.2750474142627846,"calc1":12.208445428511418,"calc2":15.68304880974284,"calc3":9.338614907567395,"ordA12":"=","ordA13":"=","ordA23":"=","ordB12":"<","ordB13":"=","ordB23":">","mychoice":2,"myA1":9.690385569652896,"myA2":9.741375806965028,"myA3":11.053936902180348,"myB1":4.53084551347337,"myB2":11.05771010483226,"myB3":4.9863198269468265,"simA1":9.71080775139853,"simA2":8.27019854448736,"simA3":7.62946534901857,"simB1":5.61522312811576,"simB2":8.84890590445139,"simB3":4.25856868154369}