{"ppntid":0,"trialid":6,"Aweight":-0.5807698163907964,"Bweight":1.365515195179555,"calc1":-1.067280121793329,"calc2":-8.62537466002496,"calc3":-12.957547696853497,"ordA12":"=","ordA13":"<","ordA23":"=","ordB12":"=","ordB13":">","ordB23":">","mychoice":1,"myA1":6.973897038411376,"myA2":9.430104928733572,"myA3":11.557215945412478,"myB1":8.659774831523867,"myB2":8.223973747287637,"myB3":2.100114448999383,"simA1":4.8090137518011,"simA2":6.16455643437803,"simA3":8.31491193501279,"simB1":3.4268780623097,"simB2":3.61743570654653,"simB3":0.234661692520604}