{"ppntid":0,"trialid":2,"Aweight":-0.34967703775840536,"Bweight":0.11219062391216762,"calc1":-0.04073358390846982,"calc2":-2.9379302322205145,"calc3":7.883997631967871,"ordA12":">","ordA13":">","ordA23":"=","ordB12":"=","ordB13":">","ordB23":">","mychoice":2,"myA1":13.180793892195567,"myA2":3.902795870988193,"myA3":6.21402808261319,"myB1":14.278376695031147,"myB2":13.579475259604127,"myB3":7.536726510772052,"simA1":4.44091077893972,"simA2":2.09030646830797,"simA3":0.928282281383872,"simB1":6.10001093940809,"simB2":8.69291198789142,"simB3":0.26329378481023}