{"ppntid":0,"trialid":4,"Aweight":-0.3236378132340932,"Bweight":2.8143346666886493,"calc1":16.381900927157687,"calc2":27.123345201117445,"calc3":27.74824107435321,"ordA12":"=","ordA13":">","ordA23":"=","ordB12":"=","ordB13":"<","ordB23":"<","mychoice":3,"myA1":8.430325081318749,"myA2":5.833000863200761,"myA3":5.061360265183648,"myB1":6.597950780386511,"myB2":8.668591136394891,"myB3":11.94405793147168,"simA1":5.05297244759277,"simA2":2.18807576224208,"simA3":0.105234072543681,"simB1":5.54594777408056,"simB2":7.68077528569847,"simB3":10.7649007102009}