{"ppntid":0,"trialid":1,"Aweight":-1.3087110288599415,"Bweight":2.0245918390382993,"calc1":22.359342268357167,"calc2":13.049475822988839,"calc3":4.416660586027146,"ordA12":"<","ordA13":"<","ordA23":"=","ordB12":">","ordB13":"=","ordB23":"=","mychoice":1,"myA1":0.1320678904132866,"myA2":3.7330419506561805,"myA3":13.439420956164906,"myB1":13.767583297178927,"myB2":9.29305123393189,"myB3":8.898281033862395,"simA1":3.44733079895377,"simA2":7.7077340404503,"simA3":9.79625159176067,"simB1":8.48892743932083,"simB2":5.46544744865969,"simB3":6.53410605853423}