{"ppntid":0,"trialid":17,"Aweight":0.12870857098382882,"Bweight":1.3042320160706382,"calc1":-0.3446675074828569,"calc2":16.012343028414055,"calc3":21.352856729549565,"ordA12":">","ordA13":">","ordA23":"=","ordB12":"<","ordB13":"<","ordB23":"=","mychoice":3,"myA1":13.793263934152499,"myA2":3.5604191484315937,"myA3":5.934042505438745,"myB1":0.29124104778686877,"myB2":10.776940398209945,"myB3":11.181919654445718,"simA1":9.21936804894358,"simA2":1.78829610114917,"simA3":0.849683994892985,"simB1":0.345301595516503,"simB2":14.4896775169764,"simB3":12.4136534216814}