{"ppntid":0,"trialid":14,"Aweight":0.12870857098382882,"Bweight":1.3042320160706382,"calc1":8.760569032659035,"calc2":18.04644038739607,"calc3":6.1985583350737805,"ordA12":">","ordA13":"=","ordA23":"<","ordB12":"<","ordB13":">","ordB23":">","mychoice":2,"myA1":9.38929328523797,"myA2":1.9234656181560228,"myA3":9.53734664848397,"myB1":5.322046814837906,"myB2":14.888891785149616,"myB3":2.282709991586568,"simA1":8.69942399905995,"simA2":4.16681390954182,"simA3":9.1452954034321,"simB1":7.43841270916164,"simB2":11.8485353188589,"simB3":2.51956966007128}