{"ppntid":0,"trialid":9,"Aweight":-0.12293745441286534,"Bweight":0.4271329794319634,"calc1":10.110664157592577,"calc2":-1.471121487920275,"calc3":8.319888405021855,"ordA12":"=","ordA13":"=","ordA23":"=","ordB12":"<","ordB13":"=","ordB23":">","mychoice":2,"myA1":8.955818736038548,"myA2":8.524465912211728,"myA3":8.462391508411757,"myB1":8.116001700507377,"myB2":11.715908425733575,"myB3":8.247832038716979,"simA1":9.71080775139853,"simA2":8.27019854448736,"simA3":7.62946534901857,"simB1":5.61522312811576,"simB2":8.84890590445139,"simB3":4.25856868154369}