{"ppntid":0,"trialid":18,"Aweight":0.0064885471247054394,"Bweight":0.11219062391216762,"calc1":-2.406407565790966,"calc2":3.9544983184670146,"calc3":-4.329277139113726,"ordA12":"=","ordA13":">","ordA23":">","ordB12":"=","ordB13":"=","ordB23":"=","mychoice":3,"myA1":9.438682540515357,"myA2":11.514306173456996,"myA3":3.6171995759446354,"myB1":7.987288922424408,"myB2":8.726798893009661,"myB3":9.496551190671138,"simA1":8.12859624158591,"simA2":7.37823180388659,"simA3":0.670850041788071,"simB1":9.75794079713523,"simB2":12.3898943373933,"simB3":12.0616282580886}