{"ppntid":0,"trialid":10,"Aweight":0.20893219353915968,"Bweight":1.3273905540281274,"calc1":-1.9100770226825219,"calc2":4.3819633481718725,"calc3":9.66849620590314,"ordA12":"=","ordA13":"<","ordA23":"<","ordB12":"=","ordB13":"=","ordB23":"=","mychoice":3,"myA1":4.240203792962695,"myA2":3.6551637949101092,"myA3":12.012499260552396,"myB1":6.869340424551834,"myB2":6.362424629098865,"myB3":7.8494919550766244,"simA1":2.26741205202416,"simA2":2.47803316218778,"simA3":8.28731167363003,"simB1":3.06291132001206,"simB2":3.33613052149303,"simB3":2.30878524016589}