{"ppntid":0,"trialid":12,"Aweight":0.08776128450111986,"Bweight":1.8830448173254608,"calc1":14.644838050948781,"calc2":29.000427129363576,"calc3":12.184488705740362,"ordA12":"=","ordA13":"<","ordA23":"<","ordB12":"<","ordB13":"<","ordB23":">","mychoice":2,"myA1":0.08098525655485966,"myA2":2.732386803692455,"myA3":12.75615590456723,"myB1":3.6024579358438844,"myB2":12.739170663309746,"myB3":7.856368689509536,"simA1":5.28062834171578,"simA2":3.06751366937533,"simA3":8.78854544134811,"simB1":6.01199498050846,"simB2":13.4708957537077,"simB3":10.3231809299905}