{"ppntid":0,"trialid":10,"Aweight":0.12870857098382882,"Bweight":1.3042320160706382,"calc1":11.882273686631724,"calc2":4.687938959814666,"calc3":11.798338904008475,"ordA12":"=","ordA13":"<","ordA23":"<","ordB12":"=","ordB13":"=","ordB23":"=","mychoice":3,"myA1":9.309653756975356,"myA2":9.327359770164016,"myA3":12.943604326054668,"myB1":3.079527542961076,"myB2":0.2752571460995401,"myB3":3.12382153088016,"simA1":2.26741205202416,"simA2":2.47803316218778,"simA3":8.28731167363003,"simB1":3.06291132001206,"simB2":3.33613052149303,"simB3":2.30878524016589}