{"ppntid":0,"trialid":10,"Aweight":0.20893219353915968,"Bweight":1.3273905540281274,"calc1":-1.9100770226825219,"calc2":4.3819633481718725,"calc3":12.292974455673306,"ordA12":"=","ordA13":"<","ordA23":"<","ordB12":"=","ordB13":"=","ordB23":"=","mychoice":2,"myA1":2.8729114961096136,"myA2":1.9759620886952967,"myA3":12.995832171390537,"myB1":2.58822065203711,"myB2":4.171047093026505,"myB3":0.812213774320999,"simA1":2.26741205202416,"simA2":2.47803316218778,"simA3":8.28731167363003,"simB1":3.06291132001206,"simB2":3.33613052149303,"simB3":2.30878524016589}