{"ppntid":0,"trialid":10,"Aweight":-0.12844289747095639,"Bweight":0.8790337299505221,"calc1":0.23565865432894917,"calc2":1.5959459531965916,"calc3":0.40391984651679635,"ordA12":"=","ordA13":"<","ordA23":"<","ordB12":"=","ordB13":"=","ordB23":"=","mychoice":1,"myA1":9.022496118615225,"myA2":10.486173046096287,"myA3":14.954442168798037,"myB1":5.886126045458275,"myB2":5.954026340132356,"myB3":6.451933779613408,"simA1":2.26741205202416,"simA2":2.47803316218778,"simA3":8.28731167363003,"simB1":3.06291132001206,"simB2":3.33613052149303,"simB3":2.30878524016589}