{"ppntid":0,"trialid":14,"Aweight":-0.12844289747095639,"Bweight":0.8790337299505221,"calc1":11.147283856241948,"calc2":9.09549507153258,"calc3":-0.39440047218894914,"ordA12":">","ordA13":"=","ordA23":"<","ordB12":"<","ordB13":">","ordB23":">","mychoice":2,"myA1":12.013743449843064,"myA2":8.56073802035273,"myA3":12.473643282212096,"myB1":10.108645771457184,"myB2":13.703638184782447,"myB3":1.7069057739744697,"simA1":8.69942399905995,"simA2":4.16681390954182,"simA3":9.1452954034321,"simB1":7.43841270916164,"simB2":11.8485353188589,"simB3":2.51956966007128}