{"ppntid":0,"trialid":8,"Aweight":0.08776128450111986,"Bweight":1.8830448173254608,"calc1":15.41304227269847,"calc2":9.056411658289218,"calc3":20.855382608279477,"ordA12":"=","ordA13":">","ordA23":"=","ordB12":">","ordB13":"<","ordB23":"<","mychoice":3,"myA1":9.242435740925636,"myA2":7.550210938734811,"myA3":4.648136451922083,"myB1":7.258212708040791,"myB2":0.4676877478635877,"myB3":14.18677058514226,"simA1":7.14406876591966,"simA2":1.34849697118625,"simA3":0.0528800045140088,"simB1":8.53078398155048,"simB2":6.51239547645673,"simB3":12.1931532234885}