{"ppntid":0,"trialid":16,"Aweight":0.7630530937244366,"Bweight":2.506333204041536,"calc1":9.769376554555206,"calc2":29.131548880958327,"calc3":4.589182702367026,"ordA12":">","ordA13":"=","ordA23":"<","ordB12":"<","ordB13":"=","ordB23":">","mychoice":2,"myA1":10.946423292987856,"myA2":2.8695745750195103,"myA3":9.420139564717994,"myB1":0.1667478432302938,"myB2":8.868779187114992,"myB3":0.1442214518217544,"simA1":8.7427697959356,"simA2":3.89542829245329,"simA3":7.91223292471841,"simB1":2.38451915793121,"simB2":8.48241655156016,"simB3":0.922219979111105}