{"ppntid":0,"trialid":12,"Aweight":0.20893219353915968,"Bweight":1.3273905540281274,"calc1":12.18779205382767,"calc2":18.13952103548037,"calc3":15.127028499418618,"ordA12":"=","ordA13":"<","ordA23":"<","ordB12":"<","ordB13":"<","ordB23":">","mychoice":2,"myA1":3.816570795446941,"myA2":4.229641291252731,"myA3":13.834216783562693,"myB1":2.94130532288567,"myB2":13.602712232890736,"myB3":8.63397776640667,"simA1":5.28062834171578,"simA2":3.06751366937533,"simA3":8.78854544134811,"simB1":6.01199498050846,"simB2":13.4708957537077,"simB3":10.3231809299905}