{"ppntid":0,"trialid":8,"Aweight":0.20893219353915968,"Bweight":1.3273905540281274,"calc1":12.868551349870113,"calc2":9.153890474129552,"calc3":22.06412331750299,"ordA12":">","ordA13":">","ordA23":"=","ordB12":"=","ordB13":"<","ordB23":"<","mychoice":3,"myA1":10.643504344204663,"myA2":0.6406899991655035,"myA3":3.3879823306328207,"myB1":2.647915644278893,"myB2":0.7786648568393872,"myB3":13.565172630169272,"simA1":7.14406876591966,"simA2":1.34849697118625,"simA3":0.0528800045140088,"simB1":8.53078398155048,"simB2":6.51239547645673,"simB3":12.1931532234885}