{"ppntid":0,"trialid":21,"Aweight":0.09149007061288919,"Bweight":0.6212505080590619,"calc1":2.6404040790244543,"calc2":6.453973793546517,"calc3":5.090129433424363,"ordA12":"=","ordA13":"=","ordA23":"<","ordB12":"<","ordB13":"=","ordB23":">","mychoice":2,"myA1":9.198291581115098,"myA2":8.668506816295926,"myA3":9.311833954395498,"myB1":0.12659777448896126,"myB2":5.6211864130397915,"myB3":0.9261344968232932,"simA1":2.44017153279856,"simA2":0.805097871925682,"simA3":6.63595069432631,"simB1":4.18097089393996,"simB2":10.1647300017066,"simB3":4.60267660673708}