{"ppntid":0,"trialid":2,"Aweight":-0.12844289747095639,"Bweight":0.8790337299505221,"calc1":3.3615410006409068,"calc2":0.3288674208236122,"calc3":3.1743005685538197,"ordA12":"=","ordA13":">","ordA23":"=","ordB12":"=","ordB13":">","ordB23":">","mychoice":2,"myA1":9.098592394896611,"myA2":2.018406882047562,"myA3":4.064299507328204,"myB1":6.67089114467169,"myB2":7.389221831889,"myB3":1.362259354719304,"simA1":4.44091077893972,"simA2":2.09030646830797,"simA3":0.928282281383872,"simB1":6.10001093940809,"simB2":8.69291198789142,"simB3":0.26329378481023}