{"ppntid":0,"trialid":10,"Aweight":0.4068871991684074,"Bweight":1.2750474142627846,"calc1":8.804620715139105,"calc2":6.120727674511372,"calc3":5.9981828446322,"ordA12":"=","ordA13":"<","ordA23":"<","ordB12":"=","ordB13":"=","ordB23":"<","mychoice":3,"myA1":0.933409184478301,"myA2":1.851341475275362,"myA3":12.137117480726722,"myB1":7.994159777672788,"myB2":5.083720881222132,"myB3":9.504637913206025,"simA1":2.26741205202416,"simA2":2.47803316218778,"simA3":8.28731167363003,"simB1":3.06291132001206,"simB2":3.33613052149303,"simB3":2.30878524016589}