{"ppntid":0,"trialid":8,"Aweight":0.12870857098382882,"Bweight":1.3042320160706382,"calc1":12.939813960057647,"calc2":7.668612923575933,"calc3":15.579112244277828,"ordA12":">","ordA13":">","ordA23":"=","ordB12":"=","ordB13":"<","ordB23":"<","mychoice":3,"myA1":9.785441578351172,"myA2":3.413333825220853,"myA3":3.0785911576929417,"myB1":2.934562366587371,"myB2":3.8442336301776137,"myB3":10.266873716518443,"simA1":7.14406876591966,"simA2":1.34849697118625,"simA3":0.0528800045140088,"simB1":8.53078398155048,"simB2":6.51239547645673,"simB3":12.1931532234885}