{"ppntid":0,"trialid":13,"Aweight":-0.13837646375846002,"Bweight":1.7698012527941804,"calc1":8.902495749462473,"calc2":14.869025354682144,"calc3":0.675458564145851,"ordA12":"=","ordA13":"=","ordA23":">","ordB12":"=","ordB13":">","ordB23":">","mychoice":2,"myA1":5.96918929541317,"myA2":3.251776237599496,"myA3":4.6892401442646,"myB1":5.845683204754103,"myB2":7.8152515858836775,"myB3":2.5680318337056853,"simA1":7.85691629629582,"simA2":9.20852395240217,"simA3":6.01537173381075,"simB1":6.60168767441064,"simB2":6.73819990362972,"simB3":0.327535861870274}