{"ppntid":0,"trialid":2,"Aweight":-0.09529814825598205,"Bweight":1.4801490255665726,"calc1":4.173750196976952,"calc2":6.0348956264666125,"calc3":4.348153605420597,"ordA12":"=","ordA13":">","ordA23":"=","ordB12":"=","ordB13":"=","ordB23":"=","mychoice":1,"myA1":13.659069103343601,"myA2":11.412764352677353,"myA3":9.46436323276832,"myB1":4.651353420090051,"myB2":4.494209077626676,"myB3":3.4004626588240203,"simA1":4.44091077893972,"simA2":2.09030646830797,"simA3":0.928282281383872,"simB1":6.10001093940809,"simB2":8.69291198789142,"simB3":0.26329378481023}