{"ppntid":0,"trialid":9,"Aweight":-0.13837646375846002,"Bweight":1.7698012527941804,"calc1":9.938744823769438,"calc2":14.85031752279644,"calc3":1.2394681847912103,"ordA12":">","ordA13":"=","ordA23":"=","ordB12":"<","ordB13":"=","ordB23":">","mychoice":2,"myA1":10.829679024267627,"myA2":3.418671497809027,"myA3":8.239399548867253,"myB1":2.7499928168934575,"myB2":6.281840493859166,"myB3":2.0876288486973014,"simA1":9.71080775139853,"simA2":8.27019854448736,"simA3":7.62946534901857,"simB1":5.61522312811576,"simB2":8.84890590445139,"simB3":4.25856868154369}