{"ppntid":0,"trialid":17,"Aweight":-0.13837646375846002,"Bweight":1.7698012527941804,"calc1":-3.48755450017439,"calc2":25.102871452369573,"calc3":22.871428010893965,"ordA12":">","ordA13":">","ordA23":"=","ordB12":"<","ordB13":"<","ordB23":"=","mychoice":3,"myA1":14.48109432738964,"myA2":5.5370639560683745,"myA3":3.234191357217908,"myB1":0.3683969659207509,"myB2":7.663666159844748,"myB3":10.243336572767918,"simA1":9.21936804894358,"simA2":1.78829610114917,"simA3":0.849683994892985,"simB1":0.345301595516503,"simB2":14.4896775169764,"simB3":12.4136534216814}