{"ppntid":0,"trialid":5,"Aweight":0.09149007061288919,"Bweight":0.6212505080590619,"calc1":0.3465077855711505,"calc2":0.6741582977124274,"calc3":4.149010788826149,"ordA12":"=","ordA13":"=","ordA23":"=","ordB12":"<","ordB13":"=","ordB23":">","mychoice":2,"myA1":5.213727312113917,"myA2":5.507121540198532,"myA3":7.8810075850466585,"myB1":1.682117690893149,"myB2":9.711005832618838,"myB3":1.52143851581374,"simA1":5.30289542162791,"simA2":7.26626883028075,"simA3":5.42650359449908,"simB1":2.16200830531307,"simB2":5.64728152588941,"simB3":2.46193274972029}