{"ppntid":0,"trialid":11,"Aweight":0.4068871991684074,"Bweight":1.2750474142627846,"calc1":7.287033155399397,"calc2":19.608156123641827,"calc3":9.823448171407883,"ordA12":">","ordA13":"=","ordA23":"<","ordB12":"<","ordB13":">","ordB23":">","mychoice":2,"myA1":9.30491098330427,"myA2":0.14652247146557218,"myA3":8.900726095319278,"myB1":6.585735859489477,"myB2":14.13439943897214,"myB3":3.0158563506525606,"simA1":8.87625722680241,"simA2":4.16804329724982,"simA3":9.13220938993618,"simB1":4.43422937882133,"simB2":13.9203729538713,"simB3":0.650758871342987}