{"ppntid":0,"trialid":4,"Aweight":0.4068871991684074,"Bweight":1.2750474142627846,"calc1":10.532059788192903,"calc2":16.360308681809293,"calc3":15.370060489077744,"ordA12":"=","ordA13":">","ordA23":"=","ordB12":"=","ordB13":"<","ordB23":"<","mychoice":3,"myA1":11.817421711383675,"myA2":11.228272765259971,"myA3":8.663906322892533,"myB1":4.674711293613058,"myB2":4.017496871944343,"myB3":8.176295756560458,"simA1":5.05297244759277,"simA2":2.18807576224208,"simA3":0.105234072543681,"simB1":5.54594777408056,"simB2":7.68077528569847,"simB3":10.7649007102009}