{"ppntid":0,"trialid":6,"Aweight":-0.12293745441286534,"Bweight":0.4271329794319634,"calc1":4.466925066561665,"calc2":0.5797903685221875,"calc3":-3.4450053926216726,"ordA12":"=","ordA13":"<","ordA23":"=","ordB12":"=","ordB13":">","ordB23":"=","mychoice":2,"myA1":8.454217941182513,"myA2":6.856867250604925,"myA3":14.630820917283827,"myB1":4.015343383889894,"myB2":5.196743776060039,"myB3":6.783430172046283,"simA1":4.8090137518011,"simA2":6.16455643437803,"simA3":8.31491193501279,"simB1":3.4268780623097,"simB2":3.61743570654653,"simB3":0.234661692520604}