{"ppntid":0,"trialid":8,"Aweight":-0.12844289747095639,"Bweight":0.8790337299505221,"calc1":4.29487863617282,"calc2":11.071501504392906,"calc3":9.748671372750332,"ordA12":">","ordA13":">","ordA23":"=","ordB12":"=","ordB13":"<","ordB23":"<","mychoice":3,"myA1":12.818473125661829,"myA2":0.051005099378786944,"myA3":0.1980605987569406,"myB1":5.259008185435596,"myB2":7.534156573312812,"myB3":13.300750570435774,"simA1":7.14406876591966,"simA2":1.34849697118625,"simA3":0.0528800045140088,"simB1":8.53078398155048,"simB2":6.51239547645673,"simB3":12.1931532234885}