{"ppntid":0,"trialid":4,"Aweight":-0.1470660473788762,"Bweight":0.2808082142479682,"calc1":3.972682345188044,"calc2":2.210197485109826,"calc3":7.340370256849925,"ordA12":">","ordA13":">","ordA23":"=","ordB12":"=","ordB13":"<","ordB23":"<","mychoice":3,"myA1":8.405215467851997,"myA2":2.763440682362507,"myA3":4.231510052025122,"myB1":2.8348775320853847,"myB2":3.943080906235763,"myB3":10.085296033770137,"simA1":5.05297244759277,"simA2":2.18807576224208,"simA3":0.105234072543681,"simB1":5.54594777408056,"simB2":7.68077528569847,"simB3":10.7649007102009}