{"ppntid":0,"trialid":17,"Aweight":0.20893219353915968,"Bweight":1.3273905540281274,"calc1":6.4789102129954905,"calc2":19.68920482977557,"calc3":20.312007245896094,"ordA12":">","ordA13":">","ordA23":"=","ordB12":"=","ordB13":"<","ordB23":"=","mychoice":3,"myA1":10.805841926705499,"myA2":4.521928125991243,"myA3":1.65987610118435,"myB1":6.265499856600194,"myB2":8.39811586256603,"myB3":10.992803220798086,"simA1":9.21936804894358,"simA2":1.78829610114917,"simA3":0.849683994892985,"simB1":0.345301595516503,"simB2":14.4896775169764,"simB3":12.4136534216814}