{"ppntid":0,"trialid":4,"Aweight":-0.21827353460697932,"Bweight":1.2750474142627846,"calc1":10.532059788192903,"calc2":16.360308681809293,"calc3":13.226380805553385,"ordA12":"=","ordA13":">","ordA23":"=","ordB12":"=","ordB13":"<","ordB23":"<","mychoice":3,"myA1":8.613974535196942,"myA2":6.733019358233544,"myA3":4.479255600536872,"myB1":6.256887136486988,"myB2":8.25420253409316,"myB3":11.912903646138211,"simA1":5.05297244759277,"simA2":2.18807576224208,"simA3":0.105234072543681,"simB1":5.54594777408056,"simB2":7.68077528569847,"simB3":10.7649007102009}