{"ppntid":0,"trialid":6,"Aweight":0.12870857098382882,"Bweight":1.3042320160706382,"calc1":7.429541740406283,"calc2":4.9124185113303005,"calc3":4.855521971218631,"ordA12":"=","ordA13":"<","ordA23":"=","ordB12":"=","ordB13":">","ordB23":">","mychoice":1,"myA1":6.361238768849654,"myA2":8.968519657161224,"myA3":11.770461374033781,"myB1":8.017637324061791,"myB2":5.606568715553703,"myB3":2.6045960889911832,"simA1":4.8090137518011,"simA2":6.16455643437803,"simA3":8.31491193501279,"simB1":3.4268780623097,"simB2":3.61743570654653,"simB3":0.234661692520604}