{"ppntid":0,"trialid":13,"Aweight":0.12870857098382882,"Bweight":1.3042320160706382,"calc1":6.18709478216717,"calc2":13.887132866605608,"calc3":3.599994572749649,"ordA12":"=","ordA13":"=","ordA23":">","ordB12":"=","ordB13":">","ordB23":"<","mychoice":1,"myA1":3.898805974780509,"myA2":6.69049905841809,"myA3":3.580629139283852,"myB1":12.73705485410556,"myB2":11.792321760783977,"myB3":3.107668508621737,"simA1":7.85691629629582,"simA2":9.20852395240217,"simA3":6.01537173381075,"simB1":6.60168767441064,"simB2":6.73819990362972,"simB3":0.327535861870274}