{"ppntid":0,"trialid":6,"Aweight":0.20893219353915968,"Bweight":1.3273905540281274,"calc1":5.405889460805815,"calc2":7.408934723976887,"calc3":9.081851140798623,"ordA12":"=","ordA13":"<","ordA23":"=","ordB12":"=","ordB13":">","ordB23":">","mychoice":2,"myA1":10.03826439433328,"myA2":12.935699154432413,"myA3":14.135455868819342,"myB1":8.527303815705526,"myB2":9.04700240059,"myB3":3.1841383411845205,"simA1":4.8090137518011,"simA2":6.16455643437803,"simA3":8.31491193501279,"simB1":3.4268780623097,"simB2":3.61743570654653,"simB3":0.234661692520604}