{"ppntid":0,"trialid":17,"Aweight":0.4068871991684074,"Bweight":1.2750474142627846,"calc1":-0.8154159227478548,"calc2":23.272847148944756,"calc3":16.87556885380205,"ordA12":">","ordA13":">","ordA23":"=","ordB12":"<","ordB13":"<","ordB23":"=","mychoice":2,"myA1":11.071025743239232,"myA2":3.6135020267346416,"myA3":2.7933924700003177,"myB1":0.8831556194551149,"myB2":8.944906646190518,"myB3":9.074959037358232,"simA1":9.21936804894358,"simA2":1.78829610114917,"simA3":0.849683994892985,"simB1":0.345301595516503,"simB2":14.4896775169764,"simB3":12.4136534216814}