{"ppntid":0,"trialid":15,"Aweight":0.09149007061288919,"Bweight":0.6212505080590619,"calc1":13.698712494478018,"calc2":4.687387235216201,"calc3":11.642346950734861,"ordA12":"=","ordA13":"=","ordA23":"=","ordB12":">","ordB13":"=","ordB23":"<","mychoice":3,"myA1":9.414455866781179,"myA2":7.5999701050408275,"myA3":11.753301431314075,"myB1":8.751973904767155,"myB2":0.6711787898149058,"myB3":9.83702949906845,"simA1":7.24202439188957,"simA2":7.18859767541289,"simA3":9.53993134899065,"simB1":12.9172324854881,"simB2":7.64384718379006,"simB3":11.0533533047419}