{"ppntid":0,"trialid":17,"Aweight":0.20893219353915968,"Bweight":1.3273905540281274,"calc1":6.4789102129954905,"calc2":19.68920482977557,"calc3":20.312007245896094,"ordA12":">","ordA13":">","ordA23":"=","ordB12":"=","ordB13":"<","ordB23":"=","mychoice":3,"myA1":11.08020804101556,"myA2":6.079742391295718,"myA3":4.032578280016967,"myB1":10.304866563553288,"myB2":13.272763318857052,"myB3":14.921316882093391,"simA1":9.21936804894358,"simA2":1.78829610114917,"simA3":0.849683994892985,"simB1":0.345301595516503,"simB2":14.4896775169764,"simB3":12.4136534216814}