{"ppntid":0,"trialid":13,"Aweight":-0.6564386494750417,"Bweight":1.365515195179555,"calc1":4.916725052178175,"calc2":2.633561261144545,"calc3":0.485907991718753,"ordA12":"=","ordA13":"=","ordA23":">","ordB12":"=","ordB13":">","ordB23":">","mychoice":2,"myA1":10.258528996931735,"myA2":8.950706165527423,"myA3":8.268999170561518,"myB1":11.961169578839442,"myB2":11.752007978974616,"myB3":3.749675916938436,"simA1":7.85691629629582,"simA2":9.20852395240217,"simA3":6.01537173381075,"simB1":6.60168767441064,"simB2":6.73819990362972,"simB3":0.327535861870274}