{"ppntid":0,"trialid":22,"Aweight":0.20893219353915968,"Bweight":1.3273905540281274,"calc1":8.253192156422463,"calc2":5.895115165147091,"calc3":17.936080187000627,"ordA12":"=","ordA13":"=","ordA23":"=","ordB12":">","ordB13":"<","ordB23":"<","mychoice":3,"myA1":2.4474583110373183,"myA2":3.0961151682501518,"myA3":4.635140334405942,"myB1":9.739153648830111,"myB2":6.005623296074215,"myB3":14.291177540964755,"simA1":4.31712615070865,"simA2":2.75637958664447,"simA3":3.35699333576486,"simB1":6.79392632329836,"simB2":2.03099891776219,"simB3":9.98967714956962}