{"ppntid":0,"trialid":8,"Aweight":0.20893219353915968,"Bweight":1.3273905540281274,"calc1":12.378599654093152,"calc2":10.870399965757692,"calc3":20.263715294048446,"ordA12":">","ordA13":">","ordA23":"=","ordB12":"=","ordB13":"<","ordB23":"<","mychoice":3,"myA1":11.58678751963114,"myA2":5.733331026566313,"myA3":5.523692747458062,"myB1":3.635720395497868,"myB2":3.948342793820144,"myB3":12.303857722031733,"simA1":7.14406876591966,"simA2":1.34849697118625,"simA3":0.0528800045140088,"simB1":8.53078398155048,"simB2":6.51239547645673,"simB3":12.1931532234885}