{"ppntid":0,"trialid":21,"Aweight":0.4068871991684074,"Bweight":1.2750474142627846,"calc1":1.6834057337942854,"calc2":11.158872854252461,"calc3":5.076339350673301,"ordA12":"=","ordA13":"<","ordA23":"<","ordB12":"<","ordB13":"=","ordB23":">","mychoice":2,"myA1":3.0216235545145596,"myA2":5.622090500109343,"myA3":11.35812816828935,"myB1":2.025427841422357,"myB2":5.891450093251537,"myB3":1.241569943779245,"simA1":2.44017153279856,"simA2":0.805097871925682,"simA3":6.63595069432631,"simB1":4.18097089393996,"simB2":10.1647300017066,"simB3":4.60267660673708}