{"ppntid":0,"trialid":9,"Aweight":0.4068871991684074,"Bweight":1.2750474142627846,"calc1":12.328105354033212,"calc2":13.444541297497548,"calc3":4.313426404827702,"ordA12":"=","ordA13":"=","ordA23":"=","ordB12":"<","ordB13":"=","ordB23":">","mychoice":2,"myA1":7.117764989531263,"myA2":5.594188047233574,"myA3":6.095014337397437,"myB1":6.662325097727044,"myB2":12.880253426765536,"myB3":7.225583375315675,"simA1":9.71080775139853,"simA2":8.27019854448736,"simA3":7.62946534901857,"simB1":5.61522312811576,"simB2":8.84890590445139,"simB3":4.25856868154369}