{"ppntid":0,"trialid":12,"Aweight":0.4068871991684074,"Bweight":1.2750474142627846,"calc1":10.509920887176245,"calc2":20.2185366857127,"calc3":13.761026040190412,"ordA12":"=","ordA13":"<","ordA23":"<","ordB12":"<","ordB13":"<","ordB23":">","mychoice":2,"myA1":6.960928505844554,"myA2":5.436132193292633,"myA3":10.464718390851656,"myB1":2.0305845428548297,"myB2":14.332205525055542,"myB3":7.74678733844442,"simA1":5.28062834171578,"simA2":3.06751366937533,"simA3":8.78854544134811,"simB1":6.01199498050846,"simB2":13.4708957537077,"simB3":10.3231809299905}