{"ppntid":0,"trialid":11,"Aweight":0.20893219353915968,"Bweight":1.3273905540281274,"calc1":7.89155806514984,"calc2":17.10162597687958,"calc3":1.0083276504457586,"ordA12":">","ordA13":"=","ordA23":"<","ordB12":"<","ordB13":">","ordB23":">","mychoice":2,"myA1":9.580798003034793,"myA2":3.032568533890462,"myA3":9.647959689004951,"myB1":8.921520581932105,"myB2":14.352427307572423,"myB3":0.869507278144418,"simA1":8.87625722680241,"simA2":4.16804329724982,"simA3":9.13220938993618,"simB1":4.43422937882133,"simB2":13.9203729538713,"simB3":0.650758871342987}