{"ppntid":0,"trialid":9,"Aweight":0.4068871991684074,"Bweight":1.2750474142627846,"calc1":10.335833093710407,"calc2":18.823177649609107,"calc3":5.21473208391116,"ordA12":"=","ordA13":"=","ordA23":"=","ordB12":"<","ordB13":"=","ordB23":">","mychoice":2,"myA1":14.184257317003405,"myA2":11.92534200256174,"myA3":13.93758352108636,"myB1":3.8662700872996627,"myB2":12.24856056148519,"myB3":2.974234547203615,"simA1":9.71080775139853,"simA2":8.27019854448736,"simA3":7.62946534901857,"simB1":5.61522312811576,"simB2":8.84890590445139,"simB3":4.25856868154369}