{"ppntid":0,"trialid":19,"Aweight":0.4068871991684074,"Bweight":1.2750474142627846,"calc1":22.03088206858874,"calc2":14.441155310281014,"calc3":1.2193250618125506,"ordA12":">","ordA13":"=","ordA23":"<","ordB12":">","ordB13":"=","ordB23":">","mychoice":1,"myA1":4.808154324687396,"myA2":0.19813753493568176,"myA3":3.396365238129623,"myB1":11.248739316376126,"myB2":7.765076488832399,"myB3":9.09631056406668,"simA1":6.40436165267602,"simA2":2.57385758683085,"simA3":6.28043658332899,"simB1":14.6986505936366,"simB2":4.11223859991878,"simB3":1.65516423876397}