{"ppntid":0,"trialid":8,"Aweight":0.4068871991684074,"Bweight":1.2750474142627846,"calc1":12.50449162601888,"calc2":1.5113147443411385,"calc3":17.557308545680865,"ordA12":">","ordA13":">","ordA23":"=","ordB12":"=","ordB13":"<","ordB23":"<","mychoice":3,"myA1":12.308087336771273,"myA2":4.022176756417912,"myA3":1.5057374216482688,"myB1":4.857059134913451,"myB2":2.1392163869804715,"myB3":11.483019721378987,"simA1":7.14406876591966,"simA2":1.34849697118625,"simA3":0.0528800045140088,"simB1":8.53078398155048,"simB2":6.51239547645673,"simB3":12.1931532234885}