{"ppntid":0,"trialid":20,"Aweight":-0.12844289747095639,"Bweight":0.8790337299505221,"calc1":5.167309030666353,"calc2":7.629949459312803,"calc3":15.200297027231933,"ordA12":"=","ordA13":"=","ordA23":"<","ordB12":"<","ordB13":"<","ordB23":"=","mychoice":3,"myA1":1.6718453700745517,"myA2":0.10760822026343209,"myA3":3.902601982007632,"myB1":8.689807073870883,"myB2":13.339476359956496,"myB3":14.302845967762362,"simA1":8.43729105312377,"simA2":6.33904462214559,"simA3":9.77681596530601,"simB1":2.58809379301965,"simB2":12.7081929682754,"simB3":11.9077286019456}