{"ppntid":0,"trialid":11,"Aweight":-0.12844289747095639,"Bweight":0.8790337299505221,"calc1":6.395615321207291,"calc2":11.563783871024466,"calc3":-2.3335288647665204,"ordA12":">","ordA13":"=","ordA23":"<","ordB12":"=","ordB13":">","ordB23":">","mychoice":1,"myA1":9.00079523658614,"myA2":1.4059427572212146,"myA3":7.439169068212936,"myB1":14.851370124596102,"myB2":12.15111488683888,"myB3":2.662801908423754,"simA1":8.87625722680241,"simA2":4.16804329724982,"simA3":9.13220938993618,"simB1":4.43422937882133,"simB2":13.9203729538713,"simB3":0.650758871342987}