{"ppntid":0,"trialid":9,"Aweight":0.4068871991684074,"Bweight":1.2750474142627846,"calc1":12.328105354033212,"calc2":13.444541297497548,"calc3":4.313426404827702,"ordA12":"=","ordA13":"=","ordA23":"=","ordB12":"<","ordB13":"=","ordB23":">","mychoice":2,"myA1":4.350023186449348,"myA2":3.070315515262245,"myA3":3.527036736466753,"myB1":2.9738432405571924,"myB2":10.299103630002287,"myB3":2.0669621615143976,"simA1":9.71080775139853,"simA2":8.27019854448736,"simA3":7.62946534901857,"simB1":5.61522312811576,"simB2":8.84890590445139,"simB3":4.25856868154369}