{"ppntid":0,"trialid":10,"Aweight":-0.13837646375846002,"Bweight":1.7698012527941804,"calc1":2.673880198692495,"calc2":8.490388253495492,"calc3":-4.106518443619544,"ordA12":"=","ordA13":"<","ordA23":"<","ordB12":"=","ordB13":"=","ordB23":"=","mychoice":2,"myA1":1.0463499327534853,"myA2":0.41228042353112726,"myA3":4.5739253418719725,"myB1":0.4827420763767343,"myB2":2.039550268814556,"myB3":0.3519130450457275,"simA1":2.26741205202416,"simA2":2.47803316218778,"simA3":8.28731167363003,"simB1":3.06291132001206,"simB2":3.33613052149303,"simB3":2.30878524016589}