{"ppntid":0,"trialid":4,"Aweight":0.20893219353915968,"Bweight":1.3273905540281274,"calc1":10.480025911582265,"calc2":2.534798727895776,"calc3":13.504546527893298,"ordA12":"=","ordA13":">","ordA23":"=","ordB12":"=","ordB13":"<","ordB23":"<","mychoice":3,"myA1":3.7292125880213787,"myA2":0.959117969315324,"myA3":0.2559544306411221,"myB1":2.71120136629859,"myB2":3.845713334448213,"myB3":11.782295797140616,"simA1":5.05297244759277,"simA2":2.18807576224208,"simA3":0.105234072543681,"simB1":5.54594777408056,"simB2":7.68077528569847,"simB3":10.7649007102009}