{"ppntid":0,"trialid":23,"Aweight":0.4068871991684074,"Bweight":1.2750474142627846,"calc1":20.83303150004241,"calc2":24.754563504435403,"calc3":26.91147309100934,"ordA12":"<","ordA13":"=","ordA23":"=","ordB12":"=","ordB13":"=","ordB23":"<","mychoice":3,"myA1":5.890396443923567,"myA2":9.177417893796608,"myA3":6.540115903073671,"myB1":2.490253749912678,"myB2":0.7323169310045663,"myB3":4.40216769128444,"simA1":6.23587722424418,"simA2":9.89014824852347,"simA3":7.87786461412907,"simB1":13.5832462843973,"simB2":11.3728480576538,"simB3":14.8602226458024}