{"ppntid":0,"trialid":3,"Aweight":0.09604495885206168,"Bweight":1.3042320160706382,"calc1":-3.862445569668271,"calc2":12.87691261598299,"calc3":11.440183064326547,"ordA12":"=","ordA13":"=","ordA23":"=","ordB12":"<","ordB13":"<","ordB23":"=","mychoice":3,"myA1":3.6558311042288416,"myA2":4.440247536352386,"myA3":5.4811639134491195,"myB1":2.284344113774913,"myB2":7.045148371670161,"myB3":9.156220050504816,"simA1":3.41764160897583,"simA2":5.3128969646059,"simA3":4.62381788762286,"simB1":0.789628699421883,"simB2":7.38863933365792,"simB3":8.99294389877468}