{"ppntid":0,"trialid":17,"Aweight":-0.12844289747095639,"Bweight":0.8790337299505221,"calc1":1.91815109814242,"calc2":12.231510291712125,"calc3":9.45098115814062,"ordA12":">","ordA13":"=","ordA23":">","ordB12":"<","ordB13":"<","ordB23":"<","mychoice":3,"myA1":1.0106150222695076,"myA2":9.984068587602097,"myA3":3.3376459830773952,"myB1":5.242882392219754,"myB2":14.269739588460219,"myB3":13.525104565743879,"simA1":9.21936804894358,"simA2":1.78829610114917,"simA3":0.849683994892985,"simB1":0.345301595516503,"simB2":14.4896775169764,"simB3":12.4136534216814}