{"ppntid":0,"trialid":5,"Aweight":0.4068871991684074,"Bweight":1.2750474142627846,"calc1":3.4968438467469762,"calc2":8.934057027991917,"calc3":3.4202802185311016,"ordA12":"=","ordA13":"=","ordA23":"=","ordB12":"<","ordB13":"=","ordB23":">","mychoice":2,"myA1":1.9681184357655812,"myA2":2.3738886448307794,"myA3":0.6270044279138698,"myB1":0.9445366722577797,"myB2":6.68050912864115,"myB3":1.6633409670748178,"simA1":5.30289542162791,"simA2":7.26626883028075,"simA3":5.42650359449908,"simB1":2.16200830531307,"simB2":5.64728152588941,"simB3":2.46193274972029}