{"ppntid":0,"trialid":9,"Aweight":0.12870857098382882,"Bweight":1.3042320160706382,"calc1":2.9766837546657587,"calc2":15.746461875066215,"calc3":5.938798904902901,"ordA12":"=","ordA13":"=","ordA23":"=","ordB12":"<","ordB13":"=","ordB23":">","mychoice":2,"myA1":5.834866873876139,"myA2":7.198373548888059,"myA3":4.597633029614151,"myB1":1.319526406220345,"myB2":10.08812467808599,"myB3":4.047072604619184,"simA1":9.71080775139853,"simA2":8.27019854448736,"simA3":7.62946534901857,"simB1":5.61522312811576,"simB2":8.84890590445139,"simB3":4.25856868154369}