{"ppntid":0,"trialid":2,"Aweight":-0.036996332611342914,"Bweight":1.3273905540281274,"calc1":11.403209411189493,"calc2":16.338377224793312,"calc3":-3.114832037395403,"ordA12":"=","ordA13":"<","ordA23":"=","ordB12":"=","ordB13":"=","ordB23":">","mychoice":2,"myA1":6.324192198279562,"myA2":7.791489129431036,"myA3":6.653743131791523,"myB1":5.61933374340332,"myB2":7.680408033525764,"myB3":4.377685745067561,"simA1":4.44091077893972,"simA2":2.09030646830797,"simA3":0.928282281383872,"simB1":6.10001093940809,"simB2":8.69291198789142,"simB3":0.26329378481023}