{"ppntid":0,"trialid":17,"Aweight":0.20893219353915968,"Bweight":1.3273905540281274,"calc1":6.4789102129954905,"calc2":19.68920482977557,"calc3":20.312007245896094,"ordA12":">","ordA13":">","ordA23":"=","ordB12":"=","ordB13":"<","ordB23":"=","mychoice":3,"myA1":14.102448270339387,"myA2":3.145991455141383,"myA3":10.053241150335928,"myB1":6.399322581601165,"myB2":12.149439276190726,"myB3":11.541410926478482,"simA1":9.21936804894358,"simA2":1.78829610114917,"simA3":0.849683994892985,"simB1":0.345301595516503,"simB2":14.4896775169764,"simB3":12.4136534216814}