{"ppntid":0,"trialid":7,"Aweight":0.4068871991684074,"Bweight":1.2750474142627846,"calc1":13.326728586285192,"calc2":8.236810270886842,"calc3":16.127383110904653,"ordA12":"=","ordA13":">","ordA23":"<","ordB12":"=","ordB13":"=","ordB23":"=","mychoice":1,"myA1":14.836694854636,"myA2":12.603050384487599,"myA3":3.129874041242134,"myB1":3.7163493801292513,"myB2":1.520680941795799,"myB3":4.348561185596837,"simA1":8.76104752765968,"simA2":8.04335406515747,"simA3":1.29715850343928,"simB1":10.3199929918628,"simB2":7.46865443419665,"simB3":7.64094397542067}