{"ppntid":0,"trialid":10,"Aweight":0.12870857098382882,"Bweight":1.3042320160706382,"calc1":-1.1941603716369098,"calc2":8.73717837411423,"calc3":4.1831938835928835,"ordA12":"=","ordA13":"<","ordA23":"<","ordB12":"=","ordB13":"=","ordB23":"=","mychoice":1,"myA1":2.700086420257699,"myA2":2.1619223395339535,"myA3":12.335737967324432,"myB1":3.3844664517891077,"myB2":2.5026598338379658,"myB3":1.5044867091889724,"simA1":2.26741205202416,"simA2":2.47803316218778,"simA3":8.28731167363003,"simB1":3.06291132001206,"simB2":3.33613052149303,"simB3":2.30878524016589}