{"ppntid":0,"trialid":8,"Aweight":0.12870857098382882,"Bweight":1.3042320160706382,"calc1":12.939813960057647,"calc2":7.668612923575933,"calc3":15.579112244277828,"ordA12":">","ordA13":">","ordA23":"=","ordB12":"=","ordB13":"<","ordB23":"<","mychoice":3,"myA1":6.257264475511182,"myA2":1.5268206319310507,"myA3":2.710580531205985,"myB1":6.34751737289403,"myB2":5.497374526937011,"myB3":13.292192868663195,"simA1":7.14406876591966,"simA2":1.34849697118625,"simA3":0.0528800045140088,"simB1":8.53078398155048,"simB2":6.51239547645673,"simB3":12.1931532234885}