{"ppntid":0,"trialid":4,"Aweight":0.4068871991684074,"Bweight":1.2750474142627846,"calc1":10.532059788192903,"calc2":8.206131961529666,"calc3":13.226380805553385,"ordA12":"=","ordA13":">","ordA23":"=","ordB12":"=","ordB13":"<","ordB23":"<","mychoice":3,"myA1":10.433844612412413,"myA2":9.313242961948664,"myA3":0.8512734317520931,"myB1":4.210320397114202,"myB2":1.6740716366996244,"myB3":11.587492909686969,"simA1":5.05297244759277,"simA2":2.18807576224208,"simA3":0.105234072543681,"simB1":5.54594777408056,"simB2":7.68077528569847,"simB3":10.7649007102009}