{"ppntid":0,"trialid":20,"Aweight":-0.12844289747095639,"Bweight":0.8790337299505221,"calc1":-2.6049966783437366,"calc2":8.62893871872991,"calc3":5.839035729552404,"ordA12":"=","ordA13":"=","ordA23":"<","ordB12":"<","ordB13":"<","ordB23":"=","mychoice":3,"myA1":10.110350215399858,"myA2":8.865730523420915,"myA3":13.00701451675176,"myB1":2.1657218475428075,"myB2":7.07087460518461,"myB3":8.682916987826667,"simA1":8.43729105312377,"simA2":6.33904462214559,"simA3":9.77681596530601,"simB1":2.58809379301965,"simB2":12.7081929682754,"simB3":11.9077286019456}