{"ppntid":0,"trialid":8,"Aweight":0.12870857098382882,"Bweight":1.3042320160706382,"calc1":18.931444715781275,"calc2":4.152140583824476,"calc3":11.563516865279771,"ordA12":">","ordA13":">","ordA23":"=","ordB12":"=","ordB13":"<","ordB23":"<","mychoice":3,"myA1":6.292691251804509,"myA2":2.2272034509892102,"myA3":1.9386511369625148,"myB1":6.527339455027285,"myB2":6.508974773116237,"myB3":10.240763146636183,"simA1":7.14406876591966,"simA2":1.34849697118625,"simA3":0.0528800045140088,"simB1":8.53078398155048,"simB2":6.51239547645673,"simB3":12.1931532234885}