{"ppntid":0,"trialid":18,"Aweight":0.20893219353915968,"Bweight":1.3273905540281274,"calc1":19.348723549394663,"calc2":12.966178881027682,"calc3":11.648286159997939,"ordA12":"=","ordA13":">","ordA23":">","ordB12":"=","ordB13":"=","ordB23":"=","mychoice":2,"myA1":8.710575064226738,"myA2":11.680890702271558,"myA3":6.842306890482836,"myB1":4.967273583166227,"myB2":7.297989642155004,"myB3":6.473431466653282,"simA1":8.12859624158591,"simA2":7.37823180388659,"simA3":0.670850041788071,"simB1":9.75794079713523,"simB2":12.3898943373933,"simB3":12.0616282580886}