{"ppntid":0,"trialid":11,"Aweight":0.09149007061288919,"Bweight":0.6212505080590619,"calc1":5.366073382105194,"calc2":10.733070940678024,"calc3":9.043524371854964,"ordA12":"=","ordA13":"=","ordA23":"<","ordB12":"<","ordB13":">","ordB23":"<","mychoice":3,"myA1":6.93784229724499,"myA2":1.3265735359473318,"myA3":6.249726096340977,"myB1":0.5483607340341801,"myB2":5.546084797766557,"myB3":12.441807212735766,"simA1":8.87625722680241,"simA2":4.16804329724982,"simA3":9.13220938993618,"simB1":4.43422937882133,"simB2":13.9203729538713,"simB3":0.650758871342987}