{"ppntid":0,"trialid":8,"Aweight":-0.3603490341303447,"Bweight":0.6841345081142163,"calc1":9.303832044806299,"calc2":1.4024671691427266,"calc3":11.988900725622845,"ordA12":">","ordA13":">","ordA23":"=","ordB12":"=","ordB13":"<","ordB23":"<","mychoice":3,"myA1":8.688783453648925,"myA2":1.7850079849286482,"myA3":0.8072014097003088,"myB1":5.214854307195345,"myB2":3.1274106177135463,"myB3":11.813368274853332,"simA1":7.14406876591966,"simA2":1.34849697118625,"simA3":0.0528800045140088,"simB1":8.53078398155048,"simB2":6.51239547645673,"simB3":12.1931532234885}