{"ppntid":0,"trialid":6,"Aweight":0.20893219353915968,"Bweight":1.3273905540281274,"calc1":5.405889460805815,"calc2":7.408934723976887,"calc3":9.081851140798623,"ordA12":"=","ordA13":"<","ordA23":"=","ordB12":"=","ordB13":">","ordB23":">","mychoice":2,"myA1":1.3486729137898579,"myA2":11.760687083827886,"myA3":11.794211616844986,"myB1":7.8982430650618305,"myB2":8.305363672487532,"myB3":2.1371136181610275,"simA1":4.8090137518011,"simA2":6.16455643437803,"simA3":8.31491193501279,"simB1":3.4268780623097,"simB2":3.61743570654653,"simB3":0.234661692520604}