{"ppntid":0,"trialid":13,"Aweight":-0.13837646375846002,"Bweight":1.7698012527941804,"calc1":9.618271913277926,"calc2":10.144491316647224,"calc3":11.769068667700587,"ordA12":"=","ordA13":"=","ordA23":">","ordB12":"=","ordB13":">","ordB23":">","mychoice":1,"myA1":4.4615325190091735,"myA2":6.595501553721941,"myA3":3.5015422542776644,"myB1":12.04460613035989,"myB2":9.230520970511852,"myB3":0.19916482755565568,"simA1":7.85691629629582,"simA2":9.20852395240217,"simA3":6.01537173381075,"simB1":6.60168767441064,"simB2":6.73819990362972,"simB3":0.327535861870274}