{"ppntid":0,"trialid":6,"Aweight":-0.13837646375846002,"Bweight":1.7698012527941804,"calc1":0.9807950937974583,"calc2":7.8863321161766695,"calc3":-1.1407398734285314,"ordA12":"=","ordA13":"<","ordA23":"=","ordB12":"=","ordB13":">","ordB23":">","mychoice":1,"myA1":5.816748986601685,"myA2":6.734715803524997,"myA3":9.39885827762757,"myB1":6.41713747798387,"myB2":6.190543042421968,"myB3":0.008613012557154853,"simA1":4.8090137518011,"simA2":6.16455643437803,"simA3":8.31491193501279,"simB1":3.4268780623097,"simB2":3.61743570654653,"simB3":0.234661692520604}