{"ppntid":0,"trialid":22,"Aweight":0.4068871991684074,"Bweight":1.2750474142627846,"calc1":11.323856314980276,"calc2":10.266190383045817,"calc3":12.680883110829061,"ordA12":"=","ordA13":"=","ordA23":"=","ordB12":">","ordB13":"<","ordB23":"<","mychoice":3,"myA1":3.948663517446005,"myA2":4.867362802447178,"myA3":3.1932884476034076,"myB1":9.311744010352724,"myB2":5.229629591602056,"myB3":14.087808520016818,"simA1":4.31712615070865,"simA2":2.75637958664447,"simA3":3.35699333576486,"simB1":6.79392632329836,"simB2":2.03099891776219,"simB3":9.98967714956962}