{"ppntid":0,"trialid":11,"Aweight":0.7630530937244366,"Bweight":2.506333204041536,"calc1":16.277820722368016,"calc2":40.5514913283279,"calc3":5.198757561952307,"ordA12":">","ordA13":"=","ordA23":"<","ordB12":"<","ordB13":">","ordB23":">","mychoice":2,"myA1":10.668835350888958,"myA2":5.790887310982674,"myA3":10.343483513640612,"myB1":8.35314987082165,"myB2":11.814469106136716,"myB3":2.352905016162029,"simA1":8.87625722680241,"simA2":4.16804329724982,"simA3":9.13220938993618,"simB1":4.43422937882133,"simB2":13.9203729538713,"simB3":0.650758871342987}