{"ppntid":0,"trialid":6,"Aweight":0.7630530937244366,"Bweight":2.506333204041536,"calc1":12.004448614572611,"calc2":12.48701963042149,"calc3":6.623884302965147,"ordA12":"=","ordA13":"<","ordA23":"=","ordB12":">","ordB13":">","ordB23":">","mychoice":1,"myA1":0.9521011150755909,"myA2":3.417322694273709,"myA3":4.922620693865016,"myB1":14.348617734773985,"myB2":5.703214180309949,"myB3":0.4652263582260652,"simA1":4.8090137518011,"simA2":6.16455643437803,"simA3":8.31491193501279,"simB1":3.4268780623097,"simB2":3.61743570654653,"simB3":0.234661692520604}