{"ppntid":0,"trialid":5,"Aweight":0.4068871991684074,"Bweight":1.2750474142627846,"calc1":7.1007252810761745,"calc2":9.300438845961187,"calc3":3.4202802185311016,"ordA12":"=","ordA13":"=","ordA23":"=","ordB12":"<","ordB13":"=","ordB23":">","mychoice":2,"myA1":9.396796915331276,"myA2":9.171279544106003,"myA3":7.320527285160887,"myB1":2.768399494397035,"myB2":7.7897459474730955,"myB3":3.4658599521832945,"simA1":5.30289542162791,"simA2":7.26626883028075,"simA3":5.42650359449908,"simB1":2.16200830531307,"simB2":5.64728152588941,"simB3":2.46193274972029}