{"ppntid":0,"trialid":14,"Aweight":0.20893219353915968,"Bweight":1.3273905540281274,"calc1":11.966869441541052,"calc2":14.297231576584107,"calc3":3.932882440453691,"ordA12":">","ordA13":"=","ordA23":"<","ordB12":"<","ordB13":">","ordB23":">","mychoice":2,"myA1":11.660416712979615,"myA2":1.931873280901586,"myA3":9.761443142300296,"myB1":7.293474573141684,"myB2":12.997956252643833,"myB3":2.4663728835047882,"simA1":8.69942399905995,"simA2":4.16681390954182,"simA3":9.1452954034321,"simB1":7.43841270916164,"simB2":11.8485353188589,"simB3":2.51956966007128}