{"ppntid":0,"trialid":5,"Aweight":-0.12844289747095639,"Bweight":0.8790337299505221,"calc1":0.6538174893088687,"calc2":0.07919584305372318,"calc3":0.5072324007887177,"ordA12":">","ordA13":"=","ordA23":"=","ordB12":"<","ordB13":"=","ordB23":">","mychoice":2,"myA1":8.088666892608112,"myA2":4.010110907380574,"myA3":6.875813668510608,"myB1":1.3576203688022792,"myB2":10.599660671218064,"myB3":2.0854602292098923,"simA1":5.30289542162791,"simA2":7.26626883028075,"simA3":5.42650359449908,"simB1":2.16200830531307,"simB2":5.64728152588941,"simB3":2.46193274972029}