{"ppntid":0,"trialid":14,"Aweight":0.09149007061288919,"Bweight":0.6212505080590619,"calc1":9.264508049558472,"calc2":5.759505724768269,"calc3":6.693147598702621,"ordA12":">","ordA13":"=","ordA23":"<","ordB12":"<","ordB13":">","ordB23":">","mychoice":2,"myA1":9.897641859901661,"myA2":4.23677062509083,"myA3":8.595911200790956,"myB1":7.524049015646885,"myB2":13.639056092524292,"myB3":3.225185414470728,"simA1":8.69942399905995,"simA2":4.16681390954182,"simA3":9.1452954034321,"simB1":7.43841270916164,"simB2":11.8485353188589,"simB3":2.51956966007128}