{"ppntid":0,"trialid":1,"Aweight":-1.2008954435010233,"Bweight":0.45921328891244567,"calc1":0.19719761059424568,"calc2":3.534939646456145,"calc3":-10.242108885252803,"ordA12":"<","ordA13":"<","ordA23":"=","ordB12":">","ordB13":"=","ordB23":"=","mychoice":1,"myA1":2.3238637070097665,"myA2":6.034195589771324,"myA3":7.5063362874256985,"myB1":10.620919108173965,"myB2":3.1295530822549766,"myB3":3.08882795634121,"simA1":3.44733079895377,"simA2":7.7077340404503,"simA3":9.79625159176067,"simB1":8.48892743932083,"simB2":5.46544744865969,"simB3":6.53410605853423}