{"ppntid":0,"trialid":9,"Aweight":-0.12844289747095639,"Bweight":0.8790337299505221,"calc1":5.312781383422545,"calc2":5.098373976014496,"calc3":7.023658387309811,"ordA12":">","ordA13":"=","ordA23":"=","ordB12":"<","ordB13":"=","ordB23":">","mychoice":2,"myA1":6.468799758081371,"myA2":1.99275589775463,"myA3":4.158583999079894,"myB1":3.700156101845252,"myB2":7.332169299110289,"myB3":3.146735255673412,"simA1":9.71080775139853,"simA2":8.27019854448736,"simA3":7.62946534901857,"simB1":5.61522312811576,"simB2":8.84890590445139,"simB3":4.25856868154369}