{"ppntid":0,"trialid":7,"Aweight":0.12870857098382882,"Bweight":1.3042320160706382,"calc1":16.299250248151864,"calc2":13.761651387355977,"calc3":10.40967805457582,"ordA12":"=","ordA13":">","ordA23":">","ordB12":"=","ordB13":"=","ordB23":"=","mychoice":2,"myA1":13.406087283413498,"myA2":13.483954770041498,"myA3":10.238095384072702,"myB1":4.304718054854342,"myB2":5.302323832398532,"myB3":4.418874362586534,"simA1":8.76104752765968,"simA2":8.04335406515747,"simA3":1.29715850343928,"simB1":10.3199929918628,"simB2":7.46865443419665,"simB3":7.64094397542067}