{"ppntid":0,"trialid":10,"Aweight":0.4068871991684074,"Bweight":1.2750474142627846,"calc1":-0.06766882300241672,"calc2":11.118791637682016,"calc3":6.1756917765396535,"ordA12":"=","ordA13":"<","ordA23":"<","ordB12":"=","ordB13":"=","ordB23":"=","mychoice":3,"myA1":5.791874279057975,"myA2":7.451278847950285,"myA3":11.416606280522325,"myB1":2.4068579222589728,"myB2":2.6437802769373544,"myB3":4.07571946057515,"simA1":2.26741205202416,"simA2":2.47803316218778,"simA3":8.28731167363003,"simB1":3.06291132001206,"simB2":3.33613052149303,"simB3":2.30878524016589}