{"ppntid":0,"trialid":8,"Aweight":-0.12844289747095639,"Bweight":0.8790337299505221,"calc1":4.29487863617282,"calc2":11.071501504392906,"calc3":9.748671372750332,"ordA12":">","ordA13":">","ordA23":"=","ordB12":"=","ordB13":"<","ordB23":"<","mychoice":3,"myA1":10.850395462611726,"myA2":6.281894388072481,"myA3":4.461956630850553,"myB1":3.886707395820499,"myB2":2.9111024309441627,"myB3":11.724928075519939,"simA1":7.14406876591966,"simA2":1.34849697118625,"simA3":0.0528800045140088,"simB1":8.53078398155048,"simB2":6.51239547645673,"simB3":12.1931532234885}