{"ppntid":0,"trialid":5,"Aweight":0.12870857098382882,"Bweight":1.3042320160706382,"calc1":7.4297412620777585,"calc2":9.50951208304257,"calc3":6.36158391961638,"ordA12":"=","ordA13":"=","ordA23":"=","ordB12":"<","ordB13":"=","ordB23":">","mychoice":2,"myA1":2.108847743582547,"myA2":1.7043582152213543,"myA3":3.5788261717967638,"myB1":6.539561453815016,"myB2":9.97945878871323,"myB3":4.821028778836366,"simA1":5.30289542162791,"simA2":7.26626883028075,"simA3":5.42650359449908,"simB1":2.16200830531307,"simB2":5.64728152588941,"simB3":2.46193274972029}