{"ppntid":0,"trialid":10,"Aweight":0.09149007061288919,"Bweight":0.6212505080590619,"calc1":-1.4631425049257656,"calc2":3.3189480484811167,"calc3":2.684032956541216,"ordA12":"<","ordA13":"<","ordA23":"<","ordB12":"=","ordB13":"=","ordB23":"=","mychoice":3,"myA1":1.234241004547516,"myA2":7.014993158136281,"myA3":14.85439225694604,"myB1":3.160450648798893,"myB2":1.7581344809509247,"myB3":3.275333138420089,"simA1":2.26741205202416,"simA2":2.47803316218778,"simA3":8.28731167363003,"simB1":3.06291132001206,"simB2":3.33613052149303,"simB3":2.30878524016589}