{"ppntid":0,"trialid":15,"Aweight":-0.12844289747095639,"Bweight":0.8790337299505221,"calc1":15.229148812952847,"calc2":9.628437864286594,"calc3":11.221924552561045,"ordA12":"=","ordA13":"=","ordA23":"=","ordB12":">","ordB13":"=","ordB23":"<","mychoice":3,"myA1":2.4716377810602355,"myA2":0.6570360038090484,"myA3":3.6128199786723236,"myB1":13.55344513352522,"myB2":8.690011125584583,"myB3":14.587194211516595,"simA1":7.24202439188957,"simA2":7.18859767541289,"simA3":9.53993134899065,"simB1":12.9172324854881,"simB2":7.64384718379006,"simB3":11.0533533047419}