{"ppntid":0,"trialid":16,"Aweight":-0.13837646375846002,"Bweight":1.7698012527941804,"calc1":4.4039139176287545,"calc2":16.09097890256059,"calc3":-2.260565653093693,"ordA12":">","ordA13":"=","ordA23":"<","ordB12":"=","ordB13":"=","ordB23":">","mychoice":2,"myA1":11.387159865882557,"myA2":6.320921456623617,"myA3":9.641174788490073,"myB1":6.688324206521022,"myB2":8.793936135665879,"myB3":2.8590497114445226,"simA1":8.7427697959356,"simA2":3.89542829245329,"simA3":7.91223292471841,"simB1":2.38451915793121,"simB2":8.48241655156016,"simB3":0.922219979111105}