{"ppntid":0,"trialid":2,"Aweight":-0.34967703775840536,"Bweight":0.11219062391216762,"calc1":-0.04073358390846982,"calc2":1.7336997646857424,"calc3":7.883997631967871,"ordA12":">","ordA13":">","ordA23":"=","ordB12":"=","ordB13":">","ordB23":">","mychoice":2,"myA1":14.740377725284779,"myA2":6.7291071361998265,"myA3":8.102742256281026,"myB1":8.83693571628708,"myB2":11.452888502095401,"myB3":1.205455234969558,"simA1":4.44091077893972,"simA2":2.09030646830797,"simA3":0.928282281383872,"simB1":6.10001093940809,"simB2":8.69291198789142,"simB3":0.26329378481023}