{"ppntid":0,"trialid":10,"Aweight":-0.13837646375846002,"Bweight":0.5775536223322254,"calc1":2.673880198692495,"calc2":8.490388253495492,"calc3":-4.106518443619544,"ordA12":"=","ordA13":"<","ordA23":"<","ordB12":"=","ordB13":"=","ordB23":"=","mychoice":1,"myA1":4.53618052018885,"myA2":3.1403046635569964,"myA3":11.932097892575264,"myB1":13.468045267289243,"myB2":12.95596683050753,"myB3":13.19267065840063,"simA1":2.26741205202416,"simA2":2.47803316218778,"simA3":8.28731167363003,"simB1":3.06291132001206,"simB2":3.33613052149303,"simB3":2.30878524016589}