{"ppntid":0,"trialid":3,"Aweight":-0.6156774042279985,"Bweight":2.0312401247034,"calc1":4.242479494028679,"calc2":10.950638206705417,"calc3":11.074237080818822,"ordA12":"=","ordA13":"=","ordA23":"=","ordB12":"<","ordB13":"<","ordB23":"=","mychoice":2,"myA1":12.176694597842019,"myA2":14.573357302069361,"myA3":13.996907926802171,"myB1":6.371648072729432,"myB2":11.629890271092837,"myB3":11.313327822657955,"simA1":3.41764160897583,"simA2":5.3128969646059,"simA3":4.62381788762286,"simB1":0.789628699421883,"simB2":7.38863933365792,"simB3":8.99294389877468}