{"ppntid":0,"trialid":6,"Aweight":-0.13837646375846002,"Bweight":1.7698012527941804,"calc1":8.46891367617244,"calc2":10.668140744719079,"calc3":-7.0665683517992814,"ordA12":"=","ordA13":"<","ordA23":"=","ordB12":"=","ordB13":">","ordB23":">","mychoice":1,"myA1":7.718785319197777,"myA2":9.326036951176738,"myA3":12.278299075145032,"myB1":7.290593018218851,"myB2":5.998556285198581,"myB3":0.35100860905697195,"simA1":4.8090137518011,"simA2":6.16455643437803,"simA3":8.31491193501279,"simB1":3.4268780623097,"simB2":3.61743570654653,"simB3":0.234661692520604}