{"ppntid":0,"trialid":3,"Aweight":-0.40039650521066616,"Bweight":1.4770436894679775,"calc1":-1.7705281848491237,"calc2":5.778322843848097,"calc3":3.3498848412923428,"ordA12":"=","ordA13":"=","ordA23":"=","ordB12":"<","ordB13":"<","ordB23":"=","mychoice":2,"myA1":5.932754734060058,"myA2":7.727659720961995,"myA3":5.279896981829361,"myB1":0.88362901462811,"myB2":11.57289806181241,"myB3":8.615198342003826,"simA1":3.41764160897583,"simA2":5.3128969646059,"simA3":4.62381788762286,"simB1":0.789628699421883,"simB2":7.38863933365792,"simB3":8.99294389877468}