{"ppntid":0,"trialid":16,"Aweight":0.09149007061288919,"Bweight":0.6212505080590619,"calc1":0.9534432825306451,"calc2":12.88818244713937,"calc3":-0.3180799115303852,"ordA12":">","ordA13":"=","ordA23":"<","ordB12":"<","ordB13":"<","ordB23":">","mychoice":2,"myA1":9.227862095005491,"myA2":2.7736221358073285,"myA3":8.60310669797258,"myB1":2.4100411834671807,"myB2":14.453467957099887,"myB3":7.337838963693901,"simA1":8.7427697959356,"simA2":3.89542829245329,"simA3":7.91223292471841,"simB1":2.38451915793121,"simB2":8.48241655156016,"simB3":0.922219979111105}