{"ppntid":0,"trialid":9,"Aweight":0.09149007061288919,"Bweight":0.6212505080590619,"calc1":6.184754856013129,"calc2":9.811156910928057,"calc3":13.22420472117392,"ordA12":"=","ordA13":">","ordA23":"=","ordB12":"<","ordB13":"=","ordB23":">","mychoice":2,"myA1":13.21836167537668,"myA2":10.799090151530823,"myA3":8.419820044008567,"myB1":1.4689368505122724,"myB2":5.969784034782945,"myB3":1.4068542132205697,"simA1":9.71080775139853,"simA2":8.27019854448736,"simA3":7.62946534901857,"simB1":5.61522312811576,"simB2":8.84890590445139,"simB3":4.25856868154369}