{"ppntid":0,"trialid":16,"Aweight":0.20893219353915968,"Bweight":1.3273905540281274,"calc1":4.917930055488958,"calc2":15.630956827097455,"calc3":4.013570779193954,"ordA12":">","ordA13":"=","ordA23":">","ordB12":"<","ordB13":"=","ordB23":">","mychoice":2,"myA1":14.176053654286765,"myA2":9.139528308573228,"myA3":0.42162170914408326,"myB1":0.3013695229447966,"myB2":8.985692413466577,"myB3":3.2757520924980756,"simA1":8.7427697959356,"simA2":3.89542829245329,"simA3":7.91223292471841,"simB1":2.38451915793121,"simB2":8.48241655156016,"simB3":0.922219979111105}