{"ppntid":0,"trialid":14,"Aweight":-0.13837646375846002,"Bweight":1.7698012527941804,"calc1":7.86356343854398,"calc2":23.522547996857227,"calc3":5.292791465760764,"ordA12":">","ordA13":"=","ordA23":"<","ordB12":"<","ordB13":">","ordB23":">","mychoice":2,"myA1":8.83900581631414,"myA2":3.307330786654666,"myA3":10.845374378793482,"myB1":4.8225190279995545,"myB2":12.25396046359892,"myB3":7.719705741971735,"simA1":8.69942399905995,"simA2":4.16681390954182,"simA3":9.1452954034321,"simB1":7.43841270916164,"simB2":11.8485353188589,"simB3":2.51956966007128}