{"ppntid":0,"trialid":15,"Aweight":0.20893219353915968,"Bweight":1.3273905540281274,"calc1":15.097281239622195,"calc2":12.168102466518826,"calc3":16.1638901494093,"ordA12":"=","ordA13":"=","ordA23":"=","ordB12":">","ordB13":"=","ordB23":"<","mychoice":1,"myA1":8.69511016143045,"myA2":6.353963281944001,"myA3":7.294771914705235,"myB1":9.335035716557488,"myB2":5.45490832935137,"myB3":9.508712695163876,"simA1":7.24202439188957,"simA2":7.18859767541289,"simA3":9.53993134899065,"simB1":12.9172324854881,"simB2":7.64384718379006,"simB3":11.0533533047419}