{"ppntid":0,"trialid":19,"Aweight":0.09149007061288919,"Bweight":0.6212505080590619,"calc1":7.893023330464465,"calc2":9.441877800285036,"calc3":6.641016921294986,"ordA12":">","ordA13":"=","ordA23":"<","ordB12":">","ordB13":">","ordB23":"<","mychoice":1,"myA1":6.23980745681053,"myA2":2.0134242607886286,"myA3":6.307509707113431,"myB1":11.322901551300832,"myB2":2.889809260295447,"myB3":7.355073429908543,"simA1":6.40436165267602,"simA2":2.57385758683085,"simA3":6.28043658332899,"simB1":14.6986505936366,"simB2":4.11223859991878,"simB3":1.65516423876397}