{"ppntid":0,"trialid":13,"Aweight":0.09604495885206168,"Bweight":1.3042320160706382,"calc1":8.099425858501638,"calc2":13.776565300783183,"calc3":-6.271303975907078,"ordA12":"=","ordA13":"=","ordA23":">","ordB12":"=","ordB13":">","ordB23":">","mychoice":2,"myA1":3.204995478120636,"myA2":3.32942322274452,"myA3":0.7934676756145509,"myB1":6.496762024005108,"myB2":8.405168647609631,"myB3":0.10533522274997376,"simA1":7.85691629629582,"simA2":9.20852395240217,"simA3":6.01537173381075,"simB1":6.60168767441064,"simB2":6.73819990362972,"simB3":0.327535861870274}