{"ppntid":0,"trialid":6,"Aweight":0.12870857098382882,"Bweight":1.3042320160706382,"calc1":-0.3542435379242139,"calc2":6.631232484981471,"calc3":3.454032046732292,"ordA12":"=","ordA13":"<","ordA23":"=","ordB12":">","ordB13":">","ordB23":">","mychoice":2,"myA1":4.229987476286341,"myA2":12.776552677545288,"myA3":13.880636450501225,"myB1":5.66368991405605,"myB2":11.736970444832266,"myB3":0.1379074012056325,"simA1":4.8090137518011,"simA2":6.16455643437803,"simA3":8.31491193501279,"simB1":3.4268780623097,"simB2":3.61743570654653,"simB3":0.234661692520604}