{"ppntid":0,"trialid":10,"Aweight":-0.4292962681151613,"Bweight":0.5201681219955832,"calc1":3.5774808547865895,"calc2":0.738263319390268,"calc3":0.8333720180288346,"ordA12":"=","ordA13":"<","ordA23":"<","ordB12":"=","ordB13":"=","ordB23":">","mychoice":2,"myA1":3.8292528896999087,"myA2":5.027638270811433,"myA3":13.97558045896523,"myB1":6.949390756852286,"myB2":9.684277645606345,"myB3":5.595422349383266,"simA1":2.26741205202416,"simA2":2.47803316218778,"simA3":8.28731167363003,"simB1":3.06291132001206,"simB2":3.33613052149303,"simB3":2.30878524016589}