{"ppntid":0,"trialid":3,"Aweight":-0.6564386494750417,"Bweight":1.365515195179555,"calc1":3.932853951606153,"calc2":8.891003915139184,"calc3":8.64818001850207,"ordA12":"=","ordA13":"=","ordA23":"=","ordB12":"<","ordB13":"<","ordB23":"=","mychoice":2,"myA1":7.878695573921849,"myA2":8.748012322416084,"myA3":10.703616497896443,"myB1":6.38688636409491,"myB2":13.119022462664352,"myB3":11.409889856285467,"simA1":3.41764160897583,"simA2":5.3128969646059,"simA3":4.62381788762286,"simB1":0.789628699421883,"simB2":7.38863933365792,"simB3":8.99294389877468}