{"ppntid":0,"trialid":1,"Aweight":0.0424523446143623,"Bweight":0.8277597186058371,"calc1":14.657268965625839,"calc2":7.606026146183931,"calc3":11.988393510820258,"ordA12":"<","ordA13":"<","ordA23":"=","ordB12":">","ordB13":"=","ordB23":"=","mychoice":3,"myA1":4.280130080935841,"myA2":12.642866462597164,"myA3":12.059688830789469,"myB1":6.034742611937405,"myB2":8.08843024245249,"myB3":8.583373788764005,"simA1":3.44733079895377,"simA2":7.7077340404503,"simA3":9.79625159176067,"simB1":8.48892743932083,"simB2":5.46544744865969,"simB3":6.53410605853423}