{"ppntid":0,"trialid":19,"Aweight":0.20893219353915968,"Bweight":1.3273905540281274,"calc1":9.698448552888436,"calc2":4.762079440101739,"calc3":5.462490873424284,"ordA12":"=","ordA13":"=","ordA23":"<","ordB12":"<","ordB13":">","ordB23":"=","mychoice":1,"myA1":11.419085187345146,"myA2":8.525124512700497,"myA3":14.739047309015973,"myB1":9.603685287446973,"myB2":3.227074124678999,"myB3":3.321451658307988,"simA1":6.40436165267602,"simA2":2.57385758683085,"simA3":6.28043658332899,"simB1":14.6986505936366,"simB2":4.11223859991878,"simB3":1.65516423876397}