{"ppntid":0,"trialid":21,"Aweight":-0.12844289747095639,"Bweight":0.8790337299505221,"calc1":2.0297621668921684,"calc2":10.41285005535055,"calc3":3.396702849845329,"ordA12":"=","ordA13":"<","ordA23":"<","ordB12":"<","ordB13":"=","ordB23":">","mychoice":2,"myA1":3.750019369658074,"myA2":6.276243382411789,"myA3":14.138955647544277,"myB1":3.876688118082714,"myB2":13.056564626711264,"myB3":4.348937369075631,"simA1":2.44017153279856,"simA2":0.805097871925682,"simA3":6.63595069432631,"simB1":4.18097089393996,"simB2":10.1647300017066,"simB3":4.60267660673708}