{"ppntid":0,"trialid":22,"Aweight":0.20893219353915968,"Bweight":1.3273905540281274,"calc1":7.097225858505934,"calc2":0.2623452720369146,"calc3":4.186003905575545,"ordA12":"=","ordA13":"=","ordA23":"=","ordB12":">","ordB13":"<","ordB23":"<","mychoice":3,"myA1":12.315061844590995,"myA2":11.698915657530195,"myA3":11.390040705210854,"myB1":3.6877839336785656,"myB2":0.5041201012894447,"myB3":6.793363636007813,"simA1":4.31712615070865,"simA2":2.75637958664447,"simA3":3.35699333576486,"simB1":6.79392632329836,"simB2":2.03099891776219,"simB3":9.98967714956962}