{"ppntid":0,"trialid":24,"Aweight":0.20893219353915968,"Bweight":1.3273905540281274,"calc1":18.146353371369845,"calc2":7.616513865932965,"calc3":15.861627113586017,"ordA12":">","ordA13":"=","ordA23":"<","ordB12":">","ordB13":">","ordB23":"=","mychoice":1,"myA1":6.9244211769839525,"myA2":1.737193027247308,"myA3":9.459109746687242,"myB1":10.21883376959552,"myB2":5.823341179387636,"myB3":6.795232194816768,"simA1":7.66387441661209,"simA2":0.759475242812186,"simA3":6.05261843418702,"simB1":12.7547739143483,"simB2":6.82763696182519,"simB3":5.61658349004574}