{"ppntid":0,"trialid":4,"Aweight":-0.4292962681151613,"Bweight":0.5201681219955832,"calc1":-1.1654061223780237,"calc2":6.691719765340661,"calc3":3.0062932390799353,"ordA12":"=","ordA13":">","ordA23":"=","ordB12":"=","ordB13":"<","ordB23":"<","mychoice":3,"myA1":6.098831374166967,"myA2":4.211350795512617,"myA3":2.488116686329774,"myB1":6.941388011079451,"myB2":6.904849631607728,"myB3":12.38659520253728,"simA1":5.05297244759277,"simA2":2.18807576224208,"simA3":0.105234072543681,"simB1":5.54594777408056,"simB2":7.68077528569847,"simB3":10.7649007102009}