{"ppntid":0,"trialid":6,"Aweight":0.20893219353915968,"Bweight":1.3273905540281274,"calc1":5.405889460805815,"calc2":7.408934723976887,"calc3":9.081851140798623,"ordA12":"=","ordA13":"<","ordA23":"=","ordB12":"=","ordB13":">","ordB23":">","mychoice":2,"myA1":1.8408633652599748,"myA2":6.543862820089631,"myA3":9.258773888476355,"myB1":9.14843273805208,"myB2":9.032112573313952,"myB3":5.561935820512373,"simA1":4.8090137518011,"simA2":6.16455643437803,"simA3":8.31491193501279,"simB1":3.4268780623097,"simB2":3.61743570654653,"simB3":0.234661692520604}