{"ppntid":0,"trialid":3,"Aweight":-0.09910536632612603,"Bweight":0.7832864281793963,"calc1":-4.310484301345654,"calc2":6.643202119705249,"calc3":9.12502894781932,"ordA12":"=","ordA13":"=","ordA23":"=","ordB12":"<","ordB13":"<","ordB23":"=","mychoice":3,"myA1":9.580923162127986,"myA2":7.587570849967983,"myA3":8.909857857629714,"myB1":1.615765378739702,"myB2":10.144993549209623,"myB3":10.898888503913245,"simA1":3.41764160897583,"simA2":5.3128969646059,"simA3":4.62381788762286,"simB1":0.789628699421883,"simB2":7.38863933365792,"simB3":8.99294389877468}