{"ppntid":0,"trialid":16,"Aweight":0.20893219353915968,"Bweight":1.3273905540281274,"calc1":4.4893354592026355,"calc2":11.321963897311162,"calc3":6.225726437864578,"ordA12":">","ordA13":"=","ordA23":"<","ordB12":"<","ordB13":"=","ordB23":">","mychoice":2,"myA1":10.392734848679972,"myA2":0.8042732509712114,"myA3":13.131472130239036,"myB1":0.12316476389691577,"myB2":3.976773817504938,"myB3":0.19861720146295947,"simA1":8.7427697959356,"simA2":3.89542829245329,"simA3":7.91223292471841,"simB1":2.38451915793121,"simB2":8.48241655156016,"simB3":0.922219979111105}