{"ppntid":0,"trialid":22,"Aweight":0.20893219353915968,"Bweight":1.3273905540281274,"calc1":11.044070127974047,"calc2":8.580972669130672,"calc3":8.445740560871872,"ordA12":"=","ordA13":"=","ordA23":"=","ordB12":">","ordB13":"<","ordB23":"<","mychoice":3,"myA1":3.733938827189678,"myA2":3.1382212564816534,"myA3":1.6081493310175543,"myB1":10.144998168684925,"myB2":6.329509611495738,"myB3":13.729246621404606,"simA1":4.31712615070865,"simA2":2.75637958664447,"simA3":3.35699333576486,"simB1":6.79392632329836,"simB2":2.03099891776219,"simB3":9.98967714956962}