{"ppntid":0,"trialid":3,"Aweight":-0.4033070847784399,"Bweight":0.874287856206485,"calc1":-3.1526581828788762,"calc2":3.8953891964499476,"calc3":3.424098518606057,"ordA12":"=","ordA13":"=","ordA23":"=","ordB12":"<","ordB13":"<","ordB23":"=","mychoice":2,"myA1":8.966643735506409,"myA2":9.215175752039446,"myA3":11.480695013226951,"myB1":3.064638602570956,"myB2":8.630614648262013,"myB3":6.631542405579307,"simA1":3.41764160897583,"simA2":5.3128969646059,"simA3":4.62381788762286,"simB1":0.789628699421883,"simB2":7.38863933365792,"simB3":8.99294389877468}