{"ppntid":0,"trialid":18,"Aweight":0.12870857098382882,"Bweight":1.3042320160706382,"calc1":19.037318350077022,"calc2":21.289024022420392,"calc3":11.253748541765725,"ordA12":"=","ordA13":">","ordA23":">","ordB12":"=","ordB13":"=","ordB23":"=","mychoice":2,"myA1":12.609444684158044,"myA2":11.113457767864846,"myA3":4.712413126079883,"myB1":13.12670166478982,"myB2":14.149004013098557,"myB3":14.206994650781326,"simA1":8.12859624158591,"simA2":7.37823180388659,"simA3":0.670850041788071,"simB1":9.75794079713523,"simB2":12.3898943373933,"simB3":12.0616282580886}