{"ppntid":0,"trialid":22,"Aweight":0.4068871991684074,"Bweight":1.2750474142627846,"calc1":6.045828695749985,"calc2":3.1856872516907377,"calc3":18.73602664843866,"ordA12":"=","ordA13":"=","ordA23":"=","ordB12":">","ordB13":"<","ordB23":"<","mychoice":3,"myA1":6.412869216866714,"myA2":6.457284013868848,"myA3":6.134241048703118,"myB1":6.250024683582746,"myB2":1.8249977074273804,"myB3":13.420116307956594,"simA1":4.31712615070865,"simA2":2.75637958664447,"simA3":3.35699333576486,"simB1":6.79392632329836,"simB2":2.03099891776219,"simB3":9.98967714956962}