{"ppntid":0,"trialid":16,"Aweight":0.20893219353915968,"Bweight":1.3273905540281274,"calc1":4.4893354592026355,"calc2":11.321963897311162,"calc3":6.225726437864578,"ordA12":">","ordA13":"=","ordA23":"<","ordB12":"<","ordB13":"=","ordB23":">","mychoice":2,"myA1":14.375450711895704,"myA2":4.656626983950955,"myA3":14.99935461236253,"myB1":5.599759243909576,"myB2":11.091966187254238,"myB3":5.092498885550666,"simA1":8.7427697959356,"simA2":3.89542829245329,"simA3":7.91223292471841,"simB1":2.38451915793121,"simB2":8.48241655156016,"simB3":0.922219979111105}