{"ppntid":0,"trialid":21,"Aweight":0.09149007061288919,"Bweight":0.6212505080590619,"calc1":3.809076947166449,"calc2":3.932413663808729,"calc3":1.1018612417365876,"ordA12":"=","ordA13":"<","ordA23":">","ordB12":"<","ordB13":">","ordB23":">","mychoice":2,"myA1":14.74926955164776,"myA2":12.395062802560206,"myA3":2.621713509854361,"myB1":5.994004556039172,"myB2":13.30998110876933,"myB3":1.9623086712206206,"simA1":2.44017153279856,"simA2":0.805097871925682,"simA3":6.63595069432631,"simB1":4.18097089393996,"simB2":10.1647300017066,"simB3":4.60267660673708}