{"ppntid":0,"trialid":11,"Aweight":0.4068871991684074,"Bweight":1.2750474142627846,"calc1":5.139402846507404,"calc2":18.77227215248642,"calc3":-1.1586390902965258,"ordA12":">","ordA13":">","ordA23":"<","ordB12":"<","ordB13":">","ordB23":">","mychoice":2,"myA1":13.997419839072196,"myA2":5.131792201487041,"myA3":10.795028473752842,"myB1":4.393486840284082,"myB2":8.509262386193814,"myB3":0.1560217979667311,"simA1":8.87625722680241,"simA2":4.16804329724982,"simA3":9.13220938993618,"simB1":4.43422937882133,"simB2":13.9203729538713,"simB3":0.650758871342987}