{"ppntid":0,"trialid":14,"Aweight":0.4068871991684074,"Bweight":1.2750474142627846,"calc1":16.97863471199637,"calc2":19.90801536176067,"calc3":5.685003285332365,"ordA12":">","ordA13":"=","ordA23":"<","ordB12":"<","ordB13":">","ordB23":">","mychoice":2,"myA1":14.93232238374388,"myA2":0.22927949473316223,"myA3":14.156901682656024,"myB1":8.82047108194882,"myB2":14.090770102476432,"myB3":4.079619877757325,"simA1":8.69942399905995,"simA2":4.16681390954182,"simA3":9.1452954034321,"simB1":7.43841270916164,"simB2":11.8485353188589,"simB3":2.51956966007128}