{"ppntid":0,"trialid":17,"Aweight":-0.12844289747095639,"Bweight":0.8790337299505221,"calc1":0.37266570398873855,"calc2":5.8743477422380925,"calc3":6.503184382363618,"ordA12":">","ordA13":">","ordA23":"=","ordB12":"<","ordB13":"<","ordB23":"=","mychoice":2,"myA1":12.888004524486352,"myA2":7.846180701382109,"myA3":5.8806025286902,"myB1":5.2317094674563,"myB2":12.463874573693541,"myB3":11.142359802564917,"simA1":9.21936804894358,"simA2":1.78829610114917,"simA3":0.849683994892985,"simB1":0.345301595516503,"simB2":14.4896775169764,"simB3":12.4136534216814}