{"ppntid":0,"trialid":14,"Aweight":0.20893219353915968,"Bweight":1.3273905540281274,"calc1":12.051654341398956,"calc2":14.297231576584107,"calc3":3.932882440453691,"ordA12":">","ordA13":"=","ordA23":"<","ordB12":"<","ordB13":">","ordB23":">","mychoice":2,"myA1":10.144462465707887,"myA2":1.1814914965456158,"myA3":7.928642907864622,"myB1":7.789605923566726,"myB2":13.623040073771124,"myB3":2.0163992589212154,"simA1":8.69942399905995,"simA2":4.16681390954182,"simA3":9.1452954034321,"simB1":7.43841270916164,"simB2":11.8485353188589,"simB3":2.51956966007128}