{"ppntid":0,"trialid":5,"Aweight":-0.17381720978461088,"Bweight":0.27515155000535146,"calc1":-1.4585203590751603,"calc2":-1.7683440211576844,"calc3":-0.8918809726266357,"ordA12":"=","ordA13":"=","ordA23":"=","ordB12":"<","ordB13":"=","ordB23":">","mychoice":2,"myA1":9.230112018563831,"myA2":11.630268669283346,"myA3":10.568318359295894,"myB1":5.764048354224393,"myB2":13.911057190063458,"myB3":4.574000823265262,"simA1":5.30289542162791,"simA2":7.26626883028075,"simA3":5.42650359449908,"simB1":2.16200830531307,"simB2":5.64728152588941,"simB3":2.46193274972029}