{"ppntid":0,"trialid":19,"Aweight":0.4068871991684074,"Bweight":1.2750474142627846,"calc1":13.034112795151634,"calc2":7.776947831610377,"calc3":12.577992865275752,"ordA12":">","ordA13":"=","ordA23":"<","ordB12":">","ordB13":"=","ordB23":"=","mychoice":1,"myA1":7.9028282240466545,"myA2":1.8545351763921014,"myA3":5.038894188631181,"myB1":12.876302858376143,"myB2":8.809514615535504,"myB3":10.817529578906296,"simA1":6.40436165267602,"simA2":2.57385758683085,"simA3":6.28043658332899,"simB1":14.6986505936366,"simB2":4.11223859991878,"simB3":1.65516423876397}