{"ppntid":0,"trialid":14,"Aweight":0.4068871991684074,"Bweight":1.2750474142627846,"calc1":14.649857185949553,"calc2":18.50310714795265,"calc3":9.439685614284596,"ordA12":">","ordA13":"=","ordA23":"<","ordB12":"<","ordB13":">","ordB23":">","mychoice":2,"myA1":10.883099915413567,"myA2":4.930460764653825,"myA3":9.288801314057642,"myB1":2.6610882041900554,"myB2":9.082546212316682,"myB3":3.9524991248576926,"simA1":8.69942399905995,"simA2":4.16681390954182,"simA3":9.1452954034321,"simB1":7.43841270916164,"simB2":11.8485353188589,"simB3":2.51956966007128}