{"ppntid":0,"trialid":17,"Aweight":-0.12844289747095639,"Bweight":0.8790337299505221,"calc1":1.6824970123988705,"calc2":14.592738242903375,"calc3":3.392210548873617,"ordA12":">","ordA13":">","ordA23":">","ordB12":"<","ordB13":"<","ordB23":"=","mychoice":2,"myA1":12.82777065325716,"myA2":8.874899832430106,"myA3":5.544534181988919,"myB1":1.5360484802936503,"myB2":11.439213135391363,"myB3":10.302834637140672,"simA1":9.21936804894358,"simA2":1.78829610114917,"simA3":0.849683994892985,"simB1":0.345301595516503,"simB2":14.4896775169764,"simB3":12.4136534216814}