{"ppntid":0,"trialid":8,"Aweight":0.4068871991684074,"Bweight":1.2750474142627846,"calc1":13.45585489974679,"calc2":3.2990312768345564,"calc3":17.777813747050015,"ordA12":">","ordA13":">","ordA23":"=","ordB12":"=","ordB13":"<","ordB23":"<","mychoice":3,"myA1":14.15246624161327,"myA2":4.864363638194387,"myA3":5.2087661222909665,"myB1":9.733806143662632,"myB2":7.75383948560772,"myB3":13.535864185426597,"simA1":7.14406876591966,"simA2":1.34849697118625,"simA3":0.0528800045140088,"simB1":8.53078398155048,"simB2":6.51239547645673,"simB3":12.1931532234885}