{"ppntid":0,"trialid":17,"Aweight":-0.12844289747095639,"Bweight":0.8790337299505221,"calc1":-1.407784679789798,"calc2":20.548759984974282,"calc3":10.042694369469427,"ordA12":">","ordA13":">","ordA23":"=","ordB12":"<","ordB13":"<","ordB23":"=","mychoice":2,"myA1":12.036570979913833,"myA2":2.1226252207050744,"myA3":0.6308043028198596,"myB1":0.6542440378429781,"myB2":12.348004180225324,"myB3":10.561619397758886,"simA1":9.21936804894358,"simA2":1.78829610114917,"simA3":0.849683994892985,"simB1":0.345301595516503,"simB2":14.4896775169764,"simB3":12.4136534216814}