{"ppntid":0,"trialid":17,"Aweight":-0.12844289747095639,"Bweight":0.8790337299505221,"calc1":1.91815109814242,"calc2":12.231510291712125,"calc3":9.45098115814062,"ordA12":">","ordA13":"=","ordA23":">","ordB12":"<","ordB13":"<","ordB23":"<","mychoice":3,"myA1":5.477632405837744,"myA2":7.9366284591388485,"myA3":4.92659144197344,"myB1":3.2390952787046654,"myB2":7.537502434450504,"myB3":12.884773668021142,"simA1":9.21936804894358,"simA2":1.78829610114917,"simA3":0.849683994892985,"simB1":0.345301595516503,"simB2":14.4896775169764,"simB3":12.4136534216814}