{"ppntid":0,"trialid":15,"Aweight":-0.12844289747095639,"Bweight":0.8790337299505221,"calc1":11.182503144764775,"calc2":5.113509582247676,"calc3":13.312159696341249,"ordA12":"=","ordA13":"=","ordA23":"=","ordB12":">","ordB13":"=","ordB23":"<","mychoice":1,"myA1":3.2548434576570995,"myA2":0.9582466399369416,"myA3":1.5588185913785602,"myB1":14.791229256289553,"myB2":6.062002065663958,"myB3":14.447871181736302,"simA1":7.24202439188957,"simA2":7.18859767541289,"simA3":9.53993134899065,"simB1":12.9172324854881,"simB2":7.64384718379006,"simB3":11.0533533047419}