{"ppntid":0,"trialid":6,"Aweight":0.12870857098382882,"Bweight":1.3042320160706382,"calc1":6.429438952489777,"calc2":7.122179482000977,"calc3":-6.1139961775059835,"ordA12":"=","ordA13":"<","ordA23":"=","ordB12":"=","ordB13":">","ordB23":">","mychoice":2,"myA1":3.7351518434917583,"myA2":2.4131656955894796,"myA3":7.4385856684565885,"myB1":7.7764611210867605,"myB2":9.841012602342161,"myB3":3.835751056496802,"simA1":4.8090137518011,"simA2":6.16455643437803,"simA3":8.31491193501279,"simB1":3.4268780623097,"simB2":3.61743570654653,"simB3":0.234661692520604}