{"ppntid":0,"trialid":19,"Aweight":0.20893219353915968,"Bweight":1.3273905540281274,"calc1":9.698448552888436,"calc2":4.762079440101739,"calc3":5.462490873424284,"ordA12":">","ordA13":"=","ordA23":"<","ordB12":"<","ordB13":">","ordB23":"=","mychoice":3,"myA1":9.056060439087766,"myA2":0.1839884447026907,"myA3":10.323812339113012,"myB1":0.6173239277843046,"myB2":11.441142300023767,"myB3":10.424773147615351,"simA1":6.40436165267602,"simA2":2.57385758683085,"simA3":6.28043658332899,"simB1":14.6986505936366,"simB2":4.11223859991878,"simB3":1.65516423876397}