{"ppntid":0,"trialid":14,"Aweight":0.014408936670871517,"Bweight":1.3042320160706382,"calc1":6.951204123348353,"calc2":17.628282437598813,"calc3":0.5188804934300317,"ordA12":">","ordA13":"=","ordA23":"<","ordB12":">","ordB13":">","ordB23":">","mychoice":1,"myA1":9.585710180207471,"myA2":0.8599977734635267,"myA3":9.83643988585701,"myB1":11.400943113727708,"myB2":7.771099553992773,"myB3":0.002104147041640525,"simA1":8.69942399905995,"simA2":4.16681390954182,"simA3":9.1452954034321,"simB1":7.43841270916164,"simB2":11.8485353188589,"simB3":2.51956966007128}