{"ppntid":0,"trialid":5,"Aweight":0.7630530937244366,"Bweight":2.506333204041536,"calc1":10.125107042703194,"calc2":25.371223590394237,"calc3":6.903946758653769,"ordA12":"=","ordA13":"=","ordA23":"=","ordB12":"<","ordB13":"=","ordB23":">","mychoice":2,"myA1":2.5601163025582316,"myA2":0.7473494271595682,"myA3":0.32594625522847753,"myB1":1.7687774390407796,"myB2":7.7057618607437695,"myB3":2.936052480267591,"simA1":5.30289542162791,"simA2":7.26626883028075,"simA3":5.42650359449908,"simB1":2.16200830531307,"simB2":5.64728152588941,"simB3":2.46193274972029}