{"ppntid":0,"trialid":4,"Aweight":0.20893219353915968,"Bweight":1.3273905540281274,"calc1":10.480025911582265,"calc2":2.534798727895776,"calc3":13.504546527893298,"ordA12":"=","ordA13":">","ordA23":"=","ordB12":"=","ordB13":">","ordB23":"<","mychoice":3,"myA1":4.512275532861776,"myA2":3.212768435928618,"myA3":4.644549151429091,"myB1":4.049168020087224,"myB2":2.9404626066400343,"myB3":6.560046293601182,"simA1":5.05297244759277,"simA2":2.18807576224208,"simA3":0.105234072543681,"simB1":5.54594777408056,"simB2":7.68077528569847,"simB3":10.7649007102009}