{"ppntid":0,"trialid":5,"Aweight":0.12870857098382882,"Bweight":1.3042320160706382,"calc1":7.4297412620777585,"calc2":5.104347710380791,"calc3":6.36158391961638,"ordA12":"=","ordA13":"=","ordA23":"=","ordB12":"<","ordB13":"=","ordB23":">","mychoice":2,"myA1":8.968930715280191,"myA2":9.443623814240755,"myA3":8.2047005452178,"myB1":3.765063449208146,"myB2":9.006293310609264,"myB3":2.7030845045972587,"simA1":5.30289542162791,"simA2":7.26626883028075,"simA3":5.42650359449908,"simB1":2.16200830531307,"simB2":5.64728152588941,"simB3":2.46193274972029}