{"ppntid":0,"trialid":4,"Aweight":0.4852442386800239,"Bweight":0.9880598566512765,"calc1":4.889702189807389,"calc2":10.952398782920827,"calc3":17.616612306933156,"ordA12":"=","ordA13":">","ordA23":"=","ordB12":"=","ordB13":"<","ordB23":"<","mychoice":3,"myA1":9.351027735738759,"myA2":7.4530553351060895,"myA3":4.812833524087128,"myB1":0.18468484878645386,"myB2":2.487692681658764,"myB3":10.299900848624954,"simA1":5.05297244759277,"simA2":2.18807576224208,"simA3":0.105234072543681,"simB1":5.54594777408056,"simB2":7.68077528569847,"simB3":10.7649007102009}