{"ppntid":0,"trialid":9,"Aweight":0.09149007061288919,"Bweight":0.6212505080590619,"calc1":6.184754856013129,"calc2":9.811156910928057,"calc3":13.22420472117392,"ordA12":"=","ordA13":">","ordA23":"=","ordB12":"<","ordB13":"=","ordB23":">","mychoice":2,"myA1":14.036159651683533,"myA2":13.046911194726311,"myA3":10.549129989837807,"myB1":7.157558405728888,"myB2":11.311628630709155,"myB3":9.60536406540149,"simA1":9.71080775139853,"simA2":8.27019854448736,"simA3":7.62946534901857,"simB1":5.61522312811576,"simB2":8.84890590445139,"simB3":4.25856868154369}