{"ppntid":0,"trialid":2,"Aweight":-0.17381720978461088,"Bweight":0.27515155000535146,"calc1":1.3090855927933773,"calc2":-4.876031184072424,"calc3":-5.167383819833859,"ordA12":"=","ordA13":">","ordA23":"=","ordB12":"=","ordB13":">","ordB23":">","mychoice":2,"myA1":10.957561539385432,"myA2":8.079423914305528,"myA3":6.5697978545411,"myB1":7.618460512070301,"myB2":10.560375266013097,"myB3":1.9702841247037506,"simA1":4.44091077893972,"simA2":2.09030646830797,"simA3":0.928282281383872,"simB1":6.10001093940809,"simB2":8.69291198789142,"simB3":0.26329378481023}