{"ppntid":0,"trialid":11,"Aweight":0.4068871991684074,"Bweight":1.2750474142627846,"calc1":11.941266496821378,"calc2":20.425175368523377,"calc3":3.8873810819757355,"ordA12":">","ordA13":">","ordA23":"<","ordB12":"<","ordB13":">","ordB23":">","mychoice":2,"myA1":7.269623938211712,"myA2":0.30531847944969215,"myA3":10.297833439998401,"myB1":6.026092134018727,"myB2":12.268666693502905,"myB3":0.8145292579081231,"simA1":8.87625722680241,"simA2":4.16804329724982,"simA3":9.13220938993618,"simB1":4.43422937882133,"simB2":13.9203729538713,"simB3":0.650758871342987}