{"ppntid":0,"trialid":17,"Aweight":0.014408936670871517,"Bweight":1.3042320160706382,"calc1":2.003334362286676,"calc2":17.152853372063756,"calc3":16.570720156060894,"ordA12":">","ordA13":">","ordA23":"=","ordB12":"<","ordB13":"<","ordB23":"=","mychoice":3,"myA1":14.647645487869408,"myA2":2.700522774160633,"myA3":0.40120943339268744,"myB1":2.5131166431407426,"myB2":7.0732768883288255,"myB3":7.657095319323833,"simA1":9.21936804894358,"simA2":1.78829610114917,"simA3":0.849683994892985,"simB1":0.345301595516503,"simB2":14.4896775169764,"simB3":12.4136534216814}