{"ppntid":0,"trialid":8,"Aweight":0.12870857098382882,"Bweight":1.3042320160706382,"calc1":16.539787771728804,"calc2":6.182874055281724,"calc3":17.166108914919832,"ordA12":">","ordA13":">","ordA23":"=","ordB12":"=","ordB13":"<","ordB23":"<","mychoice":3,"myA1":12.662543324505974,"myA2":6.621692846722561,"myA3":9.424328727729991,"myB1":9.697806061538424,"myB2":9.41402658232363,"myB3":14.961529302585856,"simA1":7.14406876591966,"simA2":1.34849697118625,"simA3":0.0528800045140088,"simB1":8.53078398155048,"simB2":6.51239547645673,"simB3":12.1931532234885}