{"ppntid":0,"trialid":4,"Aweight":0.4068871991684074,"Bweight":1.2750474142627846,"calc1":7.171712082217486,"calc2":1.1035011477910448,"calc3":2.1970862761331063,"ordA12":"=","ordA13":">","ordA23":"=","ordB12":"=","ordB13":"<","ordB23":"<","mychoice":3,"myA1":10.003238029847509,"myA2":3.2994287520411802,"myA3":3.3821454388379,"myB1":1.001488655570747,"myB2":0.5574561301921988,"myB3":8.610188999717241,"simA1":5.05297244759277,"simA2":2.18807576224208,"simA3":0.105234072543681,"simB1":5.54594777408056,"simB2":7.68077528569847,"simB3":10.7649007102009}