{"ppntid":0,"trialid":8,"Aweight":0.20893219353915968,"Bweight":1.3273905540281274,"calc1":12.868551349870113,"calc2":9.153890474129552,"calc3":22.06412331750299,"ordA12":">","ordA13":">","ordA23":"=","ordB12":"=","ordB13":"<","ordB23":"<","mychoice":3,"myA1":11.185776711072533,"myA2":3.991983540211761,"myA3":3.303873619503921,"myB1":8.478282847561594,"myB2":6.277562774592762,"myB3":13.583266532560925,"simA1":7.14406876591966,"simA2":1.34849697118625,"simA3":0.0528800045140088,"simB1":8.53078398155048,"simB2":6.51239547645673,"simB3":12.1931532234885}