{"ppntid":0,"trialid":15,"Aweight":0.4852442386800239,"Bweight":0.9880598566512765,"calc1":22.832366981710596,"calc2":7.962062061097445,"calc3":17.735278961403996,"ordA12":"=","ordA13":"=","ordA23":"=","ordB12":">","ordB13":"=","ordB23":"<","mychoice":3,"myA1":6.953934094584822,"myA2":8.641230139938074,"myA3":8.691215112194703,"myB1":12.050963630212097,"myB2":7.833409505904393,"myB3":11.936232891737074,"simA1":7.24202439188957,"simA2":7.18859767541289,"simA3":9.53993134899065,"simB1":12.9172324854881,"simB2":7.64384718379006,"simB3":11.0533533047419}