{"ppntid":0,"trialid":16,"Aweight":0.4068871991684074,"Bweight":1.2750474142627846,"calc1":2.9710737972386063,"calc2":9.982563020497556,"calc3":5.3606090632512435,"ordA12":">","ordA13":"=","ordA23":"<","ordB12":"<","ordB13":"=","ordB23":">","mychoice":2,"myA1":10.989388619609063,"myA2":0.019436913030029812,"myA3":9.830143819541648,"myB1":7.126425105705845,"myB2":13.333319075152493,"myB3":5.7612167698788515,"simA1":8.7427697959356,"simA2":3.89542829245329,"simA3":7.91223292471841,"simB1":2.38451915793121,"simB2":8.48241655156016,"simB3":0.922219979111105}