{"ppntid":9,"myBweight":0.46716836427311986,"simBweight":1,"simval1":10,"simval2":5,"myval1":10.967661183433107,"myval2":9.96111164345259,"mychoice":1,"simchoice":1,"oraclechoice":1,"myA1":9.981459830487541,"myA2":7.626285511787989,"myB1":2.111019127932654,"myB2":4.9978258594145615,"simA1":5,"simA2":5,"simB1":10,"simB2":5}