{"ppntid":9,"myBweight":0.13647765988594726,"simBweight":1,"simval1":10,"simval2":5,"myval1":6.620663207775786,"myval2":4.910911763454967,"mychoice":1,"simchoice":1,"oraclechoice":1,"myA1":5.898833135742006,"myA2":3.635676472364331,"myB1":5.28899801357237,"myB2":9.343912345480827,"simA1":5,"simA2":5,"simB1":10,"simB2":5}