{"ppntid":9,"myBweight":0.37072516984472453,"simBweight":1,"simval1":10,"simval2":5,"myval1":9.83862291442412,"myval2":5.448545631174895,"mychoice":1,"simchoice":1,"oraclechoice":1,"myA1":8.55677164848565,"myA2":2.878175626845665,"myB1":3.4576860979667567,"myB2":6.933357142720602,"simA1":5,"simA2":5,"simB1":10,"simB2":5}