{"ppntid":9,"myBweight":0.8856411844502586,"simBweight":1,"simval1":10,"simval2":5,"myval1":10.294330377545878,"myval2":10.129277057407627,"mychoice":1,"simchoice":1,"oraclechoice":1,"myA1":1.9780404695618992,"myA2":5.98394186927294,"myB1":9.390134575941298,"myB2":4.680603455346093,"simA1":5,"simA2":5,"simB1":10,"simB2":5}