{"ppntid":9,"myBweight":0.7076850787813426,"simBweight":1,"simval1":10,"simval2":5,"myval1":10.715378020172654,"myval2":7.794657088804611,"mychoice":1,"simchoice":1,"oraclechoice":1,"myA1":3.7532449416197133,"myA2":3.389022046473007,"myB1":9.837897233246697,"myB2":6.225417455343633,"simA1":5,"simA2":5,"simB1":10,"simB2":5}