{"ppntid":9,"myBweight":0.17959007609995456,"simBweight":1,"simval1":10,"simval2":5,"myval1":5.989583469379447,"myval2":7.50661414708929,"mychoice":2,"simchoice":1,"oraclechoice":1,"myA1":5.077981315191479,"myA2":6.869714986506949,"myB1":5.076016303264977,"myB2":3.5464050932739832,"simA1":5,"simA2":5,"simB1":10,"simB2":5}