{"ppntid":9,"myBweight":0.653514621943913,"simBweight":1,"simval1":8.88888888888889,"simval2":5,"myval1":12.938290204857953,"myval2":7.48802254175381,"mychoice":1,"simchoice":1,"oraclechoice":1,"myA1":7.789969068547222,"myA2":2.5261541868119908,"myB1":7.8778973927114055,"myB2":7.592589650377654,"simA1":5,"simA2":5,"simB1":8.88888888888889,"simB2":5}