{"ppntid":9,"myBweight":0.6033906976614943,"simBweight":1,"simval1":10,"simval2":5,"myval1":5.920354871069847,"myval2":9.272192388026085,"mychoice":2,"simchoice":1,"oraclechoice":1,"myA1":0.6359417065712392,"myA2":6.734724501197389,"myB1":8.757863163915056,"myB2":4.205348038448267,"simA1":5,"simA2":5,"simB1":10,"simB2":5}