{"ppntid":9,"myBweight":0.3838282902463846,"simBweight":1,"simval1":8.88888888888889,"simval2":5,"myval1":9.229182835270514,"myval2":6.951394644556826,"mychoice":1,"simchoice":1,"oraclechoice":1,"myA1":6.0738332082213535,"myA2":6.050021314040119,"myB1":8.220732309814107,"myB2":2.3483764835002208,"simA1":5,"simA2":5,"simB1":8.88888888888889,"simB2":5}