{"ppntid":9,"myBweight":0.3541244155738067,"simBweight":1,"simval1":10,"simval2":5,"myval1":9.855459968580288,"myval2":9.767720011949404,"mychoice":1,"simchoice":1,"oraclechoice":1,"myA1":9.684343200299974,"myA2":9.192529203103483,"myB1":0.4832108737914709,"myB2":1.6242619360596988,"simA1":5,"simA2":5,"simB1":10,"simB2":5}