{"ppntid":9,"myBweight":0.5670637523037172,"simBweight":1,"simval1":10,"simval2":5,"myval1":12.174687377864108,"myval2":6.471884069589445,"mychoice":1,"simchoice":1,"oraclechoice":1,"myA1":8.769702527095983,"myA2":3.0648486212182258,"myB1":6.004589143522663,"myB2":6.008205311184172,"simA1":5,"simA2":5,"simB1":10,"simB2":5}