{"ppntid":9,"myBweight":0.34932618840564045,"simBweight":1,"simval1":10,"simval2":5,"myval1":9.399192875405717,"myval2":5.608058003986047,"mychoice":1,"simchoice":1,"oraclechoice":1,"myA1":6.63800225202241,"myA2":3.0141484871305457,"myB1":7.904333299446158,"myB2":7.425465375769171,"simA1":5,"simA2":5,"simB1":10,"simB2":5}