{"ppntid":9,"myBweight":0.4073044539737823,"simBweight":1,"simval1":10,"simval2":5,"myval1":10.936370203387671,"myval2":10.42927882700219,"mychoice":1,"simchoice":1,"oraclechoice":1,"myA1":8.914491648635298,"myA2":8.315319185161908,"myB1":4.964047250223587,"myB2":5.190121593849193,"simA1":5,"simA2":5,"simB1":10,"simB2":5}