{"ppntid":9,"myBweight":0.130435712216635,"simBweight":1,"simval1":10,"simval2":5,"myval1":6.780150439727089,"myval2":6.752054356932955,"mychoice":2,"simchoice":1,"oraclechoice":1,"myA1":5.774666730559728,"myA2":5.912355349002539,"myB1":7.708653497420994,"myB2":6.437646513063823,"simA1":5,"simA2":5,"simB1":10,"simB2":5}