{"ppntid":9,"myBweight":0.48040876400097393,"simBweight":1,"simval1":10,"simval2":5,"myval1":8.738447360629072,"myval2":6.124531712816362,"mychoice":1,"simchoice":1,"oraclechoice":1,"myA1":3.9801045133821567,"myA2":2.636203636176482,"myB1":9.904779437448543,"myB2":7.261166610675753,"simA1":5,"simA2":5,"simB1":10,"simB2":5}