{"ppntid":9,"myBweight":0.21813024119954888,"simBweight":1,"simval1":10,"simval2":5,"myval1":5.738855650993472,"myval2":6.960572849951226,"mychoice":2,"simchoice":1,"oraclechoice":1,"myA1":5.463224504149542,"myA2":6.259374928911827,"myB1":1.2636081330500981,"myB2":3.214583714680499,"simA1":5,"simA2":5,"simB1":10,"simB2":5}