{"ppntid":9,"myBweight":0.3653460401539996,"simBweight":1,"simval1":10,"simval2":5,"myval1":11.236718870323148,"myval2":3.441387209415918,"mychoice":1,"simchoice":1,"oraclechoice":1,"myA1":9.843375002298894,"myA2":2.0587748903706893,"myB1":3.8137648007268288,"myB2":3.784391144522694,"simA1":5,"simA2":5,"simB1":10,"simB2":5}