{"ppntid":9,"myBweight":0.7510734658918989,"simBweight":1,"simval1":10,"simval2":5,"myval1":6.456752812627334,"myval2":7.322262642610649,"mychoice":2,"simchoice":1,"oraclechoice":1,"myA1":5.966930671055359,"myA2":5.685041542159965,"myB1":0.6521627561297372,"myB2":2.179841486620069,"simA1":5,"simA2":5,"simB1":10,"simB2":5}