{"ppntid":9,"myBweight":0.3308981273866259,"simBweight":1,"simval1":10,"simval2":5,"myval1":10.781725659510869,"myval2":10.687607429675621,"mychoice":2,"simchoice":1,"oraclechoice":1,"myA1":7.604869755236042,"myA2":8.844395380031644,"myB1":9.600706807757014,"myB2":5.570330857419277,"simA1":5,"simA2":5,"simB1":10,"simB2":5}