{"ppntid":9,"myBweight":0.7462186671252274,"simBweight":1,"simval1":6.66666666666667,"simval2":5,"myval1":7.465127788719294,"myval2":4.028814218688174,"mychoice":1,"simchoice":2,"oraclechoice":1,"myA1":0.5657010811149599,"myA2":3.4571540798242317,"myB1":9.245851131256275,"myB2":0.7660759024780717,"simA1":5,"simA2":5,"simB1":6.66666666666667,"simB2":5}