{"ppntid":9,"myBweight":0.5688573162564999,"simBweight":1,"simval1":10,"simval2":5,"myval1":12.945857953132847,"myval2":5.913645678692906,"mychoice":1,"simchoice":1,"oraclechoice":1,"myA1":7.9345318038607555,"myA2":1.1434343031736294,"myB1":8.809460660979642,"myB2":8.385602574140702,"simA1":5,"simA2":5,"simB1":10,"simB2":5}