{"ppntid":9,"myBweight":0.5662545630868402,"simBweight":1,"simval1":10,"simval2":5,"myval1":9.117118230866001,"myval2":8.725399555575153,"mychoice":1,"simchoice":1,"oraclechoice":1,"myA1":4.271875375802816,"myA2":5.750660794748887,"myB1":8.556651320653682,"myB2":5.253359451286334,"simA1":5,"simA2":5,"simB1":10,"simB2":5}