{"ppntid":9,"myBweight":0.4790402930555143,"simBweight":1,"simval1":10,"simval2":5,"myval1":11.136159289845189,"myval2":7.611986839214765,"mychoice":1,"simchoice":1,"oraclechoice":1,"myA1":7.253168547420397,"myA2":4.6548284097961545,"myB1":8.105770639161673,"myB2":6.173089137359716,"simA1":5,"simA2":5,"simB1":10,"simB2":5}