{"ppntid":9,"myBweight":0.1478581340355951,"simBweight":1,"simval1":10,"simval2":5,"myval1":6.078416657012313,"myval2":5.966703618052483,"mychoice":2,"simchoice":1,"oraclechoice":1,"myA1":5.920308608032507,"myA2":5.689326243801755,"myB1":1.069322631528291,"myB2":1.8759696655170321,"simA1":5,"simA2":5,"simB1":10,"simB2":5}