{"ppntid":9,"myBweight":0.4319177328184959,"simBweight":1,"simval1":8.88888888888889,"simval2":5,"myval1":10.19416392416813,"myval2":7.6773769592891625,"mychoice":1,"simchoice":1,"oraclechoice":1,"myA1":8.742493957763047,"myA2":6.726541836352508,"myB1":3.360987188305873,"myB2":2.2014264539034856,"simA1":5,"simA2":5,"simB1":8.88888888888889,"simB2":5}