{"ppntid":9,"myBweight":0.5268732920033479,"simBweight":1,"simval1":10,"simval2":5,"myval1":10.595389587400248,"myval2":8.963312771039863,"mychoice":1,"simchoice":1,"oraclechoice":1,"myA1":9.276361024621721,"myA2":8.000918531806489,"myB1":2.503502422305639,"myB2":1.8266142046677492,"simA1":5,"simA2":5,"simB1":10,"simB2":5}