{"ppntid":9,"myBweight":0.2652925268887719,"simBweight":1,"simval1":8.88888888888889,"simval2":5,"myval1":8.628131178140675,"myval2":7.1031845465087216,"mychoice":1,"simchoice":1,"oraclechoice":1,"myA1":7.929365025275019,"myA2":6.566687700857637,"myB1":2.6339458599172105,"myB2":2.022284049772798,"simA1":5,"simA2":5,"simB1":8.88888888888889,"simB2":5}