{"ppntid":9,"myBweight":0.2747209562274152,"simBweight":1,"simval1":10,"simval2":5,"myval1":8.973602202013488,"myval2":3.6464504305361083,"mychoice":1,"simchoice":1,"oraclechoice":1,"myA1":6.5147700655296585,"myA2":1.6165966936837983,"myB1":8.950289669377813,"myB2":7.388783748888774,"simA1":5,"simA2":5,"simB1":10,"simB2":5}