{"ppntid":9,"myBweight":0.42627526621641537,"simBweight":1,"simval1":8.88888888888889,"simval2":5,"myval1":11.364884496336122,"myval2":5.940294066581375,"mychoice":2,"simchoice":1,"oraclechoice":1,"myA1":9.366485418674937,"myA2":2.024620053173727,"myB1":4.688048395110542,"myB2":9.185787503372767,"simA1":5,"simA2":5,"simB1":8.88888888888889,"simB2":5}