{"ppntid":9,"myBweight":0.22512984377238443,"simBweight":1,"simval1":8.88888888888889,"simval2":5,"myval1":8.310118921816201,"myval2":7.877073124949684,"mychoice":1,"simchoice":1,"oraclechoice":1,"myA1":7.236410197211738,"myA2":6.772618424578147,"myB1":4.769286499794432,"myB2":4.90585646871494,"simA1":5,"simA2":5,"simB1":8.88888888888889,"simB2":5}