{"ppntid":9,"myBweight":0.3747554272415442,"simBweight":1,"simval1":10,"simval2":5,"myval1":9.916749460599043,"myval2":4.925322641904078,"mychoice":1,"simchoice":1,"oraclechoice":1,"myA1":8.126858820026808,"myA2":1.5827308360900982,"myB1":4.7761566890359735,"myB2":8.919395325153094,"simA1":5,"simA2":5,"simB1":10,"simB2":5}