{"ppntid":9,"myBweight":0.2810231209797027,"simBweight":1,"simval1":10,"simval2":5,"myval1":9.297146771070214,"myval2":5.736321546465555,"mychoice":1,"simchoice":1,"oraclechoice":1,"myA1":7.353051645293663,"myA2":3.889893582161883,"myB1":6.917918778351928,"myB2":6.5703774047724455,"simA1":5,"simA2":5,"simB1":10,"simB2":5}