{"ppntid":9,"myBweight":0.956173769704353,"simBweight":1,"simval1":8.88888888888889,"simval2":5,"myval1":11.88128956031764,"myval2":6.718013063418731,"mychoice":1,"simchoice":1,"oraclechoice":1,"myA1":2.5217227849035218,"myA2":1.7643667530950924,"myB1":9.788562573001848,"myB2":5.180696717768461,"simA1":5,"simA2":5,"simB1":8.88888888888889,"simB2":5}