{"ppntid":9,"myBweight":0.3278490364959563,"simBweight":1,"simval1":10,"simval2":5,"myval1":8.455129959602052,"myval2":5.412976232124122,"mychoice":1,"simchoice":1,"oraclechoice":1,"myA1":7.185057986021115,"myA2":2.822706026403179,"myB1":3.8739536560956234,"myB2":7.900801641528972,"simA1":5,"simA2":5,"simB1":10,"simB2":5}