{"ppntid":9,"myBweight":0.38459871377282095,"simBweight":1,"simval1":10,"simval2":5,"myval1":8.727847431125577,"myval2":5.643351506116092,"mychoice":2,"simchoice":1,"oraclechoice":1,"myA1":5.629334799103192,"myA2":4.08436628868448,"myB1":8.056482044952052,"myB2":4.053537262614173,"simA1":5,"simA2":5,"simB1":10,"simB2":5}