{"ppntid":9,"myBweight":0.8760630215090854,"simBweight":1,"simval1":8.88888888888889,"simval2":5,"myval1":14.41202969465564,"myval2":8.797445693445498,"mychoice":1,"simchoice":1,"oraclechoice":1,"myA1":7.510495101658339,"myA2":2.2588296484008974,"myB1":7.8778973927114055,"myB2":7.463636615755491,"simA1":5,"simA2":5,"simB1":8.88888888888889,"simB2":5}