{"ppntid":9,"myBweight":0.4118994948192681,"simBweight":1,"simval1":10,"simval2":5,"myval1":1.9923805000095707,"myval2":8.16560584264824,"mychoice":1,"simchoice":1,"oraclechoice":1,"myA1":0.3522558001943321,"myA2":7.549250696991749,"myB1":3.9818565461821875,"myB2":1.4963726671403998,"simA1":5,"simA2":5,"simB1":10,"simB2":5}