{"ppntid":9,"myBweight":0.5513745248612727,"simBweight":1,"simval1":8.88888888888889,"simval2":5,"myval1":9.395402447240347,"myval2":9.190568642068387,"mychoice":1,"simchoice":1,"oraclechoice":1,"myA1":6.845891930965786,"myA2":9.045412388064744,"myB1":4.623917865839058,"myB2":0.26326253292200175,"simA1":5,"simA2":5,"simB1":8.88888888888889,"simB2":5}