{"ppntid":9,"myBweight":0.2723864360784706,"simBweight":1,"simval1":10,"simval2":5,"myval1":9.589934601358586,"myval2":6.703579702297576,"mychoice":1,"simchoice":1,"oraclechoice":1,"myA1":7.894751686871095,"myA2":5.087278434071658,"myB1":6.223448343804949,"myB2":5.93385372449414,"simA1":5,"simA2":5,"simB1":10,"simB2":5}