{"ppntid":9,"myBweight":0.5691961728307561,"simBweight":1,"simval1":10,"simval2":5,"myval1":11.269803687908194,"myval2":10.071750159247465,"mychoice":1,"simchoice":1,"oraclechoice":1,"myA1":6.032510932478699,"myA2":5.973235094385632,"myB1":9.201208661300582,"myB2":7.200531662886778,"simA1":5,"simA2":5,"simB1":10,"simB2":5}