{"ppntid":9,"myBweight":0.21056081252966474,"simBweight":1,"simval1":10,"simval2":5,"myval1":6.24920495532978,"myval2":6.084331940854025,"mychoice":2,"simchoice":1,"oraclechoice":1,"myA1":5.920308608032507,"myA2":5.689326243801755,"myB1":1.5620017008195042,"myB2":1.8759696655170321,"simA1":5,"simA2":5,"simB1":10,"simB2":5}