{"ppntid":9,"myBweight":0.5362258950413683,"simBweight":1,"simval1":10,"simval2":5,"myval1":9.770087226806893,"myval2":8.095315658541775,"mychoice":1,"simchoice":1,"oraclechoice":1,"myA1":6.393170582100083,"myA2":6.691945801377703,"myB1":6.297563537930766,"myB2":2.6171243689300105,"simA1":5,"simA2":5,"simB1":10,"simB2":5}