{"ppntid":9,"myBweight":0.4695343589707291,"simBweight":1,"simval1":10,"simval2":5,"myval1":8.98337586143473,"myval2":6.489753047782884,"mychoice":1,"simchoice":1,"oraclechoice":1,"myA1":5.110388722467061,"myA2":4.63963367542819,"myB1":8.248570237666277,"myB2":3.940327980278928,"simA1":5,"simA2":5,"simB1":10,"simB2":5}