{"ppntid":9,"myBweight":0.8629155784174717,"simBweight":1,"simval1":8.88888888888889,"simval2":5,"myval1":15.273669578429155,"myval2":10.771872437199745,"mychoice":1,"simchoice":1,"oraclechoice":1,"myA1":9.99020270812952,"myA2":8.247252204112117,"myB1":6.12280853706356,"myB2":2.925686238875893,"simA1":5,"simA2":5,"simB1":8.88888888888889,"simB2":5}