{"ppntid":9,"myBweight":0.1124783228918669,"simBweight":1,"simval1":8.88888888888889,"simval2":5,"myval1":5.570210188931945,"myval2":5.217608176446702,"mychoice":1,"simchoice":1,"oraclechoice":1,"myA1":4.665955101990167,"myA2":4.365428354368852,"myB1":8.039372064705312,"myB2":7.576391611894038,"simA1":5,"simA2":5,"simB1":8.88888888888889,"simB2":5}