{"ppntid":9,"myBweight":0.6048286214217997,"simBweight":1,"simval1":10,"simval2":5,"myval1":14.56863092146697,"myval2":5.441075616832393,"mychoice":1,"simchoice":1,"oraclechoice":1,"myA1":8.906765145767082,"myA2":4.614057360772854,"myB1":9.361107552070315,"myB2":1.3673596565510193,"simA1":5,"simA2":5,"simB1":10,"simB2":5}