{"ppntid":9,"myBweight":0.6624185276827563,"simBweight":1,"simval1":8.88888888888889,"simval2":5,"myval1":8.024939321065506,"myval2":12.392532197238147,"mychoice":2,"simchoice":1,"oraclechoice":1,"myA1":3.806668761026457,"myA2":8.90601278252889,"myB1":6.367983961431785,"myB2":5.26331808215819,"simA1":5,"simA2":5,"simB1":8.88888888888889,"simB2":5}