{"ppntid":9,"myBweight":0.19181448785568297,"simBweight":1,"simval1":7.77777777777778,"simval2":5,"myval1":2.8972791904311594,"myval2":4.28062796971429,"mychoice":1,"simchoice":1,"oraclechoice":1,"myA1":1.5996368242236314,"myA2":2.8009582079508477,"myB1":6.76509048254919,"myB2":7.714066743888049,"simA1":5,"simA2":5,"simB1":7.77777777777778,"simB2":5}