{"ppntid":9,"myBweight":0.9328008666420727,"simBweight":1,"simval1":10,"simval2":5,"myval1":13.018771163497789,"myval2":14.040404831315426,"mychoice":1,"simchoice":1,"oraclechoice":1,"myA1":4.0632235328455995,"myA2":8.844395380031644,"myB1":9.600706807757014,"myB2":5.570330857419277,"simA1":5,"simA2":5,"simB1":10,"simB2":5}