{"ppntid":9,"myBweight":0.27092988913451804,"simBweight":1,"simval1":10,"simval2":5,"myval1":6.0959398966408695,"myval2":6.4870162777385465,"mychoice":1,"simchoice":1,"oraclechoice":1,"myA1":4.978938553985515,"myA2":5.166412229490847,"myB1":4.122842799750154,"myB2":4.8743387171727415,"simA1":5,"simA2":5,"simB1":10,"simB2":5}