{"ppntid":9,"myBweight":0.3197907356096307,"simBweight":1,"simval1":10,"simval2":5,"myval1":9.881784097326808,"myval2":5.633603880102851,"mychoice":1,"simchoice":1,"oraclechoice":1,"myA1":8.344823427282577,"myA2":5.417368470091368,"myB1":4.8061450783252235,"myB2":0.6761778436115851,"simA1":5,"simA2":5,"simB1":10,"simB2":5}