{"ppntid":9,"myBweight":0.7213883919650291,"simBweight":1,"simval1":10,"simval2":5,"myval1":14.852635076118393,"myval2":8.479940362751158,"mychoice":1,"simchoice":1,"oraclechoice":1,"myA1":8.16068526440782,"myA2":6.567340607275051,"myB1":9.27648668352149,"myB2":2.651276034905792,"simA1":5,"simA2":5,"simB1":10,"simB2":5}