{"ppntid":9,"myBweight":0.8856411844502586,"simBweight":1,"simval1":10,"simval2":5,"myval1":11.040636709519141,"myval2":5.734247002160895,"mychoice":2,"simchoice":1,"oraclechoice":1,"myA1":2.7243468015351624,"myA2":0.2797003627603667,"myB1":9.390134575941298,"myB2":6.158867423025627,"simA1":5,"simA2":5,"simB1":10,"simB2":5}