{"ppntid":9,"myBweight":0.41111263937486175,"simBweight":1,"simval1":10,"simval2":5,"myval1":9.926464999618991,"myval2":6.030633785291865,"mychoice":1,"simchoice":1,"oraclechoice":1,"myA1":6.514779341304189,"myA2":5.030095379351041,"myB1":8.298663995109987,"myB2":2.433733021349682,"simA1":5,"simA2":5,"simB1":10,"simB2":5}