{"ppntid":9,"myBweight":0.2990810583427045,"simBweight":1,"simval1":10,"simval2":5,"myval1":8.710450519378858,"myval2":5.914251249120111,"mychoice":1,"simchoice":1,"oraclechoice":1,"myA1":7.325109888649209,"myA2":3.8791065175307637,"myB1":4.631990532620911,"myB2":6.804659388550645,"simA1":5,"simA2":5,"simB1":10,"simB2":5}