{"ppntid":9,"myBweight":0.5333375230228156,"simBweight":1,"simval1":6.66666666666667,"simval2":5,"myval1":9.777120489477685,"myval2":7.342787704461271,"mychoice":1,"simchoice":2,"oraclechoice":1,"myA1":5.976098854355278,"myA2":5.139999506565753,"myB1":7.126859579613347,"myB2":4.130195425610969,"simA1":5,"simA2":5,"simB1":6.66666666666667,"simB2":5}