{"ppntid":9,"myBweight":0.2394033154257978,"simBweight":1,"simval1":10,"simval2":5,"myval1":6.298294365142114,"myval2":5.579550625973688,"mychoice":1,"simchoice":1,"oraclechoice":1,"myA1":4.434367793155727,"myA2":3.47813062489585,"myB1":7.785717456215034,"myB2":8.777739762460246,"simA1":5,"simA2":5,"simB1":10,"simB2":5}