{"ppntid":9,"myBweight":0.5727112068810033,"simBweight":1,"simval1":7.77777777777778,"simval2":5,"myval1":10.522346310178918,"myval2":6.255574167258651,"mychoice":1,"simchoice":1,"oraclechoice":1,"myA1":8.446810026047949,"myA2":5.446264681791146,"myB1":3.624053902200346,"myB2":1.4131196940863444,"simA1":5,"simA2":5,"simB1":7.77777777777778,"simB2":5}