{"ppntid":9,"myBweight":0.38901681423385587,"simBweight":1,"simval1":10,"simval2":5,"myval1":10.614531864208972,"myval2":6.4432615139491585,"mychoice":2,"simchoice":1,"oraclechoice":1,"myA1":9.314886299100184,"myA2":3.222819970671562,"myB1":3.340846764344514,"myB2":8.278412205960953,"simA1":5,"simA2":5,"simB1":10,"simB2":5}