{"ppntid":9,"myBweight":0.23689154572511828,"simBweight":1,"simval1":8.88888888888889,"simval2":5,"myval1":6.80551161804338,"myval2":5.503170555171299,"mychoice":2,"simchoice":1,"oraclechoice":1,"myA1":6.224351185391479,"myA2":5.318922107704829,"myB1":2.453276375368254,"myB2":0.7777755297365774,"simA1":5,"simA2":5,"simB1":8.88888888888889,"simB2":5}