{"ppntid":9,"myBweight":0.6835790151865947,"simBweight":1,"simval1":7.77777777777778,"simval2":5,"myval1":9.254081708806686,"myval2":9.979935684435011,"mychoice":1,"simchoice":1,"oraclechoice":1,"myA1":4.037816538024039,"myA2":8.245655613009422,"myB1":7.6308152457821965,"myB2":2.5370586763143788,"simA1":5,"simA2":5,"simB1":7.77777777777778,"simB2":5}