{"ppntid":9,"myBweight":0.5544981286120457,"simBweight":1,"simval1":8.88888888888889,"simval2":5,"myval1":11.160565229199404,"myval2":10.200923787459148,"mychoice":2,"simchoice":1,"oraclechoice":1,"myA1":6.191776623887852,"myA2":7.5913086176232625,"myB1":8.960875337395343,"myB2":4.706265062369042,"simA1":5,"simA2":5,"simB1":8.88888888888889,"simB2":5}