{"ppntid":9,"myBweight":0.485484730394521,"simBweight":1,"simval1":8.88888888888889,"simval2":5,"myval1":7.648183923377998,"myval2":7.435777952630157,"mychoice":2,"simchoice":1,"oraclechoice":1,"myA1":4.335131492916819,"myA2":4.436831828533969,"myB1":6.824215517074825,"myB2":6.177220283857629,"simA1":5,"simA2":5,"simB1":8.88888888888889,"simB2":5}