{"ppntid":9,"myBweight":0.2745924439058983,"simBweight":1,"simval1":8.88888888888889,"simval2":5,"myval1":9.178970899485645,"myval2":9.117702290368653,"mychoice":2,"simchoice":1,"oraclechoice":1,"myA1":8.331330376894858,"myA2":9.045412388064744,"myB1":3.0869040332416087,"myB2":0.26326253292200175,"simA1":5,"simA2":5,"simB1":8.88888888888889,"simB2":5}