{"ppntid":9,"myBweight":0.5841535598950197,"simBweight":1,"simval1":10,"simval2":5,"myval1":13.238915905457027,"myval2":8.924584386163673,"mychoice":1,"simchoice":1,"oraclechoice":1,"myA1":9.12534014576182,"myA2":4.211050592027039,"myB1":7.04194246532448,"myB2":8.06899780767187,"simA1":5,"simA2":5,"simB1":10,"simB2":5}