{"ppntid":9,"myBweight":0.4118994948192681,"simBweight":1,"simval1":10,"simval2":5,"myval1":10.976855279870778,"myval2":11.833754532270714,"mychoice":1,"simchoice":1,"oraclechoice":1,"myA1":9.336730580055539,"myA2":7.761739958212761,"myB1":3.9818565461821875,"myB2":9.885942141892306,"simA1":5,"simA2":5,"simB1":10,"simB2":5}