{"ppntid":9,"myBweight":0.5236188593738252,"simBweight":1,"simval1":10,"simval2":5,"myval1":9.81313757118143,"myval2":12.220499424226508,"mychoice":1,"simchoice":1,"oraclechoice":1,"myA1":6.009941656832353,"myA2":9.448977048426014,"myB1":7.263290552401351,"myB2":5.293014806828856,"simA1":5,"simA2":5,"simB1":10,"simB2":5}