{"ppntid":9,"myBweight":0.16833687367314143,"simBweight":1,"simval1":10,"simval2":5,"myval1":3.7756482731784637,"myval2":4.8102348305575235,"mychoice":1,"simchoice":1,"oraclechoice":1,"myA1":2.0963856229047306,"myA2":3.47813062489585,"myB1":9.975607920189525,"myB2":7.913323899837959,"simA1":5,"simA2":5,"simB1":10,"simB2":5}