{"ppntid":9,"myBweight":0.39113916839188567,"simBweight":1,"simval1":8.88888888888889,"simval2":5,"myval1":6.987166082316431,"myval2":7.214114223850763,"mychoice":2,"simchoice":1,"oraclechoice":1,"myA1":6.870611339613579,"myA2":4.898920905104324,"myB1":0.297987908452253,"myB2":5.919103750884971,"simA1":5,"simA2":5,"simB1":8.88888888888889,"simB2":5}