{"ppntid":9,"myBweight":0.8636100842453351,"simBweight":1,"simval1":8.88888888888889,"simval2":5,"myval1":15.556509814929086,"myval2":6.724732497433674,"mychoice":1,"simchoice":1,"oraclechoice":1,"myA1":7.38964785106808,"myA2":2.605614547978685,"myB1":9.456654238813817,"myB2":4.769650128685652,"simA1":5,"simA2":5,"simB1":8.88888888888889,"simB2":5}