{"ppntid":9,"myBweight":0.6028681122547743,"simBweight":1,"simval1":10,"simval2":5,"myval1":12.005480748216032,"myval2":10.618719295126755,"mychoice":1,"simchoice":1,"oraclechoice":1,"myA1":9.336730580055539,"myA2":9.972277388178792,"myB1":4.426756223976014,"myB2":1.0722774912247712,"simA1":5,"simA2":5,"simB1":10,"simB2":5}