{"ppntid":9,"myBweight":0.4371123954508297,"simBweight":1,"simval1":8.88888888888889,"simval2":5,"myval1":10.847011246447735,"myval2":8.005145222750649,"mychoice":1,"simchoice":1,"oraclechoice":1,"myA1":9.63440816804712,"myA2":7.017098962734365,"myB1":2.7741219215482515,"myB2":2.260394054936903,"simA1":5,"simA2":5,"simB1":8.88888888888889,"simB2":5}