{"ppntid":9,"myBweight":0.3444849049742771,"simBweight":1,"simval1":10,"simval2":5,"myval1":9.23532220043618,"myval2":8.819011479945132,"mychoice":2,"simchoice":1,"oraclechoice":1,"myA1":5.922078050756198,"myA2":8.504000928191989,"myB1":9.617966133893102,"myB2":0.9144393475721846,"simA1":5,"simA2":5,"simB1":10,"simB2":5}