{"ppntid":9,"myBweight":0.43981511276638185,"simBweight":1,"simval1":10,"simval2":5,"myval1":10.601979495149198,"myval2":6.8972605417914465,"mychoice":1,"simchoice":1,"oraclechoice":1,"myA1":7.885021911072013,"myA2":3.052577375359762,"myB1":6.177499374652826,"myB2":8.741589488021706,"simA1":5,"simA2":5,"simB1":10,"simB2":5}