{"ppntid":9,"myBweight":0.26748690560799815,"simBweight":1,"simval1":10,"simval2":5,"myval1":8.2862350082803,"myval2":4.8925909757653745,"mychoice":1,"simchoice":1,"oraclechoice":1,"myA1":7.991337065980579,"myA2":4.035709222210939,"myB1":1.102476181514076,"myB2":3.2034530871959577,"simA1":5,"simA2":5,"simB1":10,"simB2":5}