{"ppntid":9,"myBweight":0.8014739961167221,"simBweight":1,"simval1":8.88888888888889,"simval2":5,"myval1":14.706354497871864,"myval2":4.965994151715295,"mychoice":1,"simchoice":1,"oraclechoice":1,"myA1":8.246905298891534,"myA2":2.9682477994161283,"myB1":8.059461979150242,"myB2":2.492590354744617,"simA1":5,"simA2":5,"simB1":8.88888888888889,"simB2":5}