{"ppntid":9,"myBweight":0.4152273844229577,"simBweight":1,"simval1":10,"simval2":5,"myval1":9.244146217190671,"myval2":7.695054756015395,"mychoice":1,"simchoice":1,"oraclechoice":1,"myA1":5.525437253898426,"myA2":7.383133897621548,"myB1":8.955837458697824,"myB2":0.7512049303475599,"simA1":5,"simA2":5,"simB1":10,"simB2":5}