{"ppntid":9,"myBweight":0.5707274896620543,"simBweight":1,"simval1":10,"simval2":5,"myval1":9.54460092101151,"myval2":10.60807670774433,"mychoice":1,"simchoice":1,"oraclechoice":1,"myA1":4.7479814224336465,"myA2":9.485301253560808,"myB1":8.404395417186041,"myB2":1.9672706756220082,"simA1":5,"simA2":5,"simB1":10,"simB2":5}