{"ppntid":9,"myBweight":0.25527101572071126,"simBweight":1,"simval1":10,"simval2":5,"myval1":7.897444288526776,"myval2":5.401253864234673,"mychoice":1,"simchoice":1,"oraclechoice":1,"myA1":5.547967303709211,"myA2":3.3851641510679586,"myB1":9.203853317166637,"myB2":7.897840291325875,"simA1":5,"simA2":5,"simB1":10,"simB2":5}