{"ppntid":9,"myBweight":0.3278490364959563,"simBweight":1,"simval1":10,"simval2":5,"myval1":7.365674122291745,"myval2":6.152803490535811,"mychoice":2,"simchoice":1,"oraclechoice":1,"myA1":4.560277650128899,"myA2":3.242634289838915,"myB1":8.556976412518594,"myB2":8.876552549309658,"simA1":5,"simA2":5,"simB1":10,"simB2":5}