{"ppntid":9,"myBweight":0.3628310467280608,"simBweight":1,"simval1":7.77777777777778,"simval2":5,"myval1":8.293524320211208,"myval2":5.129090444608229,"mychoice":1,"simchoice":1,"oraclechoice":1,"myA1":5.247009289319768,"myA2":1.8941279701052638,"myB1":8.396511429670408,"myB2":8.915892131269423,"simA1":5,"simA2":5,"simB1":7.77777777777778,"simB2":5}