{"ppntid":9,"myBweight":0.2709731454984166,"simBweight":1,"simval1":10,"simval2":5,"myval1":8.620126522796848,"myval2":6.7173361218899,"mychoice":2,"simchoice":1,"oraclechoice":1,"myA1":7.831718987035603,"myA2":6.158204314509557,"myB1":2.90954121786158,"myB2":2.0634214743010793,"simA1":5,"simA2":5,"simB1":10,"simB2":5}