{"ppntid":9,"myBweight":0.45701373562456415,"simBweight":1,"simval1":10,"simval2":5,"myval1":10.685663538383544,"myval2":8.641463113316787,"mychoice":1,"simchoice":1,"oraclechoice":1,"myA1":7.193150233846364,"myA2":7.457502739218951,"myB1":7.642031370816989,"myB2":2.5906450546389204,"simA1":5,"simA2":5,"simB1":10,"simB2":5}