{"ppntid":9,"myBweight":0.5021693449261748,"simBweight":1,"simval1":8.88888888888889,"simval2":5,"myval1":11.509590593740874,"myval2":7.448901486281663,"mychoice":1,"simchoice":1,"oraclechoice":1,"myA1":8.627743138486153,"myA2":5.299159575771859,"myB1":5.738796054303932,"myB2":4.280910279033147,"simA1":5,"simA2":5,"simB1":8.88888888888889,"simB2":5}