{"ppntid":9,"myBweight":0.9216630561543457,"simBweight":1,"simval1":7.77777777777778,"simval2":5,"myval1":10.568736535007982,"myval2":14.607420564145642,"mychoice":1,"simchoice":1,"oraclechoice":1,"myA1":4.681874827512312,"myA2":9.847966226085063,"myB1":6.387216747146942,"myB2":5.163985153011861,"simA1":5,"simA2":5,"simB1":7.77777777777778,"simB2":5}