{"ppntid":9,"myBweight":0.13827426110570296,"simBweight":1,"simval1":10,"simval2":5,"myval1":5.606557838617103,"myval2":5.182548972231356,"mychoice":1,"simchoice":1,"oraclechoice":1,"myA1":4.302980619506109,"myA2":3.9945121656105687,"myB1":9.427475574174156,"myB2":8.591886856749129,"simA1":5,"simA2":5,"simB1":10,"simB2":5}