{"ppntid":9,"myBweight":0.24407054346519472,"simBweight":1,"simval1":8.88888888888889,"simval2":5,"myval1":11.809513139928487,"myval2":6.757027455245128,"mychoice":1,"simchoice":1,"oraclechoice":1,"myA1":9.488504540945407,"myA2":6.412164447557672,"myB1":9.509580984376614,"myB2":1.4129644765454241,"simA1":5,"simA2":5,"simB1":8.88888888888889,"simB2":5}