{"ppntid":9,"myBweight":0.6051842121227362,"simBweight":1,"simval1":10,"simval2":5,"myval1":13.253462732142083,"myval2":13.177348557498318,"mychoice":1,"simchoice":1,"oraclechoice":1,"myA1":7.227366398293135,"myA2":9.62320922009447,"myB1":9.957457932869549,"myB2":5.872822301390506,"simA1":5,"simA2":5,"simB1":10,"simB2":5}