{"ppntid":9,"myBweight":0.0970041410810642,"simBweight":1,"simval1":7.77777777777778,"simval2":5,"myval1":7.2023001978011365,"myval2":5.907920550482513,"mychoice":1,"simchoice":1,"oraclechoice":1,"myA1":7.187210860214508,"myA2":5.434073211094477,"myB1":0.1555535404825492,"myB2":4.884815577018022,"simA1":5,"simA2":5,"simB1":7.77777777777778,"simB2":5}