{"ppntid":9,"myBweight":0.6110709087115949,"simBweight":1,"simval1":8.88888888888889,"simval2":5,"myval1":8.567238505565449,"myval2":8.557374933542203,"mychoice":2,"simchoice":1,"oraclechoice":1,"myA1":2.5631796726758727,"myA2":5.425921391856563,"myB1":9.825469920583787,"myB2":5.1245338258502855,"simA1":5,"simA2":5,"simB1":8.88888888888889,"simB2":5}