{"ppntid":9,"myBweight":0.32100502896685834,"simBweight":1,"simval1":7.77777777777778,"simval2":5,"myval1":7.173515677455736,"myval2":6.614749274571137,"mychoice":1,"simchoice":1,"oraclechoice":1,"myA1":6.095695236188132,"myA2":3.525692761153183,"myB1":3.3576434759808116,"myB2":9.623078253197333,"simA1":5,"simA2":5,"simB1":7.77777777777778,"simB2":5}