{"ppntid":9,"myBweight":0.3774564322717229,"simBweight":1,"simval1":10,"simval2":5,"myval1":10.301567516753433,"myval2":6.0485146119219895,"mychoice":1,"simchoice":1,"oraclechoice":1,"myA1":6.902307833328464,"myA2":4.358042991226148,"myB1":9.005700771785797,"myB2":4.478587397548724,"simA1":5,"simA2":5,"simB1":10,"simB2":5}