{"A1":9.1047868761234,"A2":7.09167925873771,"A3":5.72026313049719,"B1":13.7545235501602,"B2":13.5286517324857,"B3":0.879329808522016,"calc1":3.3691611920457802,"calc2":8.398865277029408,"calc3":-6.1512647355761505,"ordA_12":"=","ordA_13":">","ordA_23":"=","ordB_12":"=","ordB_13":">","ordB_23":">","ppntid":2,"calcsd":5,"Aweight":-0.542492572263425,"Bweight":0.595980577187475,"tolA":3,"tolB":3,"score1":0.356,"score2":0.578,"score3":0.06599999999999999}