{"ppntid":4,"trialid":4,"Aweight":0.7557393459725257,"Bweight":-2.0013486882464826,"calc1":-9.952069280209805,"calc2":-16.634192664780535,"calc3":-14.170321726624096,"ordA12":"=","ordA13":">","ordA23":"=","ordB12":"=","ordB13":"<","ordB23":"<","mychoice":1,"myA1":5.450889043880251,"myA2":3.2490374999872405,"myA3":0.903871325168284,"myB1":6.2803224822307,"myB2":6.442190796668118,"myB3":10.408048286471917,"simA1":5.05297244759277,"simA2":2.18807576224208,"simA3":0.105234072543681,"simB1":5.54594777408056,"simB2":7.68077528569847,"simB3":10.7649007102009}