{"ppntid":4,"trialid":6,"Aweight":0.24938011846957697,"Bweight":-1.2398071713331293,"calc1":-7.4240674247340435,"calc2":6.370615674455255,"calc3":5.385448366236144,"ordA12":"=","ordA13":"<","ordA23":"=","ordB12":"=","ordB13":">","ordB23":">","mychoice":3,"myA1":6.22334866394073,"myA2":8.17085405457309,"myA3":7.903026364288374,"myB1":12.799710899987433,"myB2":14.441171489970776,"myB3":0.016858243467209322,"simA1":4.8090137518011,"simA2":6.16455643437803,"simA3":8.31491193501279,"simB1":3.4268780623097,"simB2":3.61743570654653,"simB3":0.234661692520604}