{"ppntid":4,"trialid":3,"Aweight":0.10315241722510196,"Bweight":-1.2422319728516575,"calc1":1.3946630172602321,"calc2":-9.34381939000433,"calc3":-13.662513519132407,"ordA12":"=","ordA13":"=","ordA23":"=","ordB12":"<","ordB13":"<","ordB23":"=","mychoice":1,"myA1":13.613857948253957,"myA2":11.75921567498323,"myA3":10.780702003208189,"myB1":3.172002784949688,"myB2":13.06286489544837,"myB3":10.832246502849346,"simA1":3.41764160897583,"simA2":5.3128969646059,"simA3":4.62381788762286,"simB1":0.789628699421883,"simB2":7.38863933365792,"simB3":8.99294389877468}