{"ppntid":4,"trialid":5,"Aweight":0.8044433660827303,"Bweight":-0.4666190613630142,"calc1":-1.6371519925630764,"calc2":-1.7837673722864227,"calc3":4.006302896908959,"ordA12":"=","ordA13":"=","ordA23":">","ordB12":"<","ordB13":"=","ordB23":">","mychoice":3,"myA1":3.899709956219847,"myA2":11.456141331357617,"myA3":6.446561285911549,"myB1":5.095675776885256,"myB2":14.87187471747325,"myB3":5.017888421688027,"simA1":5.30289542162791,"simA2":7.26626883028075,"simA3":5.42650359449908,"simB1":2.16200830531307,"simB2":5.64728152588941,"simB3":2.46193274972029}