{"ppntid":4,"trialid":7,"Aweight":1.4076361192988707,"Bweight":-0.9508901488512926,"calc1":-0.6193168701160365,"calc2":9.081698676231893,"calc3":-7.384187060143519,"ordA12":"=","ordA13":">","ordA23":">","ordB12":"=","ordB13":"=","ordB23":"=","mychoice":2,"myA1":13.208300409669665,"myA2":14.644346436748974,"myA3":0.621707298932721,"myB1":10.581037264236127,"myB2":11.15482506646895,"myB3":11.962011583255872,"simA1":8.76104752765968,"simA2":8.04335406515747,"simA3":1.29715850343928,"simB1":10.3199929918628,"simB2":7.46865443419665,"simB3":7.64094397542067}