{"ppntid":4,"trialid":1,"Aweight":-0.4681224839194107,"Bweight":-1.2290125671485979,"calc1":-10.23422910447696,"calc2":-9.34648035677695,"calc3":-18.19291025705409,"ordA12":"<","ordA13":"<","ordA23":"<","ordB12":">","ordB13":"=","ordB23":"=","mychoice":2,"myA1":3.080071108567025,"myA2":8.476300396825643,"myA3":13.506924588756782,"myB1":5.873248392697883,"myB2":2.364981566544607,"myB3":5.152483306638972,"simA1":3.44733079895377,"simA2":7.7077340404503,"simA3":9.79625159176067,"simB1":8.48892743932083,"simB2":5.46544744865969,"simB3":6.53410605853423}