{"ppntid":4,"trialid":6,"Aweight":1.017408543462803,"Bweight":-1.9890322883776146,"calc1":4.821165904522905,"calc2":0.12868846312190252,"calc3":5.970384173098966,"ordA12":"=","ordA13":"<","ordA23":"<","ordB12":"=","ordB13":">","ordB23":">","mychoice":3,"myA1":6.108405640159762,"myA2":5.820844734021361,"myA3":9.111170110380161,"myB1":8.143505437993491,"myB2":7.013513176865988,"myB3":0.6702865988431905,"simA1":4.8090137518011,"simA2":6.16455643437803,"simA3":8.31491193501279,"simB1":3.4268780623097,"simB2":3.61743570654653,"simB3":0.234661692520604}