{"ppntid":4,"trialid":3,"Aweight":1.017408543462803,"Bweight":-1.9890322883776146,"calc1":-1.2558968313262973,"calc2":-12.247762897513546,"calc3":-15.1163108259326,"ordA12":"=","ordA13":"=","ordA23":">","ordB12":"<","ordB13":"<","ordB23":"=","mychoice":1,"myA1":6.41804402525613,"myA2":5.462099625439443,"myA3":5.350351347898355,"myB1":4.907739962568854,"myB2":12.893850966194625,"myB3":13.598386610114144,"simA1":3.41764160897583,"simA2":5.3128969646059,"simA3":4.62381788762286,"simB1":0.789628699421883,"simB2":7.38863933365792,"simB3":8.99294389877468}