{"ppntid":4,"trialid":12,"Aweight":1.4916216689779078,"Bweight":-1.149257578128502,"calc1":-0.9694397130631756,"calc2":-7.82418264631753,"calc3":-2.419911430170277,"ordA12":"=","ordA13":"<","ordA23":"=","ordB12":"<","ordB13":"<","ordB23":">","mychoice":3,"myA1":2.048713264165485,"myA2":4.826101182813639,"myA3":5.449572229293445,"myB1":2.8071009423954463,"myB2":13.06574781152929,"myB3":7.107763881423682,"simA1":5.28062834171578,"simA2":3.06751366937533,"simA3":8.78854544134811,"simB1":6.01199498050846,"simB2":13.4708957537077,"simB3":10.3231809299905}