{"ppntid":4,"trialid":2,"Aweight":0.9096275407168805,"Bweight":-1.0605944990041527,"calc1":-5.535859387485531,"calc2":-9.143248057058713,"calc3":-4.6590911241889605,"ordA12":"=","ordA13":">","ordA23":"=","ordB12":"=","ordB13":">","ordB23":">","mychoice":3,"myA1":6.314211296226616,"myA2":3.327738540472641,"myA3":0.9849790608639131,"myB1":9.437133994778753,"myB2":11.423486435213334,"myB3":2.3564106528857964,"simA1":4.44091077893972,"simA2":2.09030646830797,"simA3":0.928282281383872,"simB1":6.10001093940809,"simB2":8.69291198789142,"simB3":0.26329378481023}