{"ppntid":4,"trialid":10,"Aweight":0.24938011846957697,"Bweight":-0.6446163693462669,"calc1":-3.9211932579471487,"calc2":0.11007246774815016,"calc3":1.0250884942054665,"ordA12":"=","ordA13":"<","ordA23":"<","ordB12":"=","ordB13":"=","ordB23":"=","mychoice":2,"myA1":2.519823012410761,"myA2":3.9866116716109357,"myA3":7.429453914392997,"myB1":2.8687469475319602,"myB2":2.800274640477678,"myB3":5.642647817010423,"simA1":2.26741205202416,"simA2":2.47803316218778,"simA3":8.28731167363003,"simB1":3.06291132001206,"simB2":3.33613052149303,"simB3":2.30878524016589}