{"ppntid":4,"trialid":9,"Aweight":0.5109919258005979,"Bweight":-1.004607378858071,"calc1":0.12253987225676366,"calc2":1.3829268909362549,"calc3":-2.9946453590886146,"ordA12":"=","ordA13":"=","ordA23":"=","ordB12":"<","ordB13":"=","ordB23":">","mychoice":1,"myA1":10.995355036784563,"myA2":11.035486509266763,"myA3":8.69868557613529,"myB1":3.9281531627749997,"myB2":9.182645724317018,"myB3":5.324069408849797,"simA1":9.71080775139853,"simA2":8.27019854448736,"simA3":7.62946534901857,"simB1":5.61522312811576,"simB2":8.84890590445139,"simB3":4.25856868154369}