{"ppntid":4,"trialid":9,"Aweight":0.07611427630855329,"Bweight":-0.7715102648421892,"calc1":-8.863835346400428,"calc2":-0.597108519558291,"calc3":-8.550983579133314,"ordA12":"=","ordA13":"=","ordA23":"=","ordB12":"<","ordB13":"<","ordB23":">","mychoice":1,"myA1":6.33925380833949,"myA2":8.13475118965112,"myA3":7.888442985674843,"myB1":2.7041964264129636,"myB2":12.989283245304946,"myB3":6.792980661187223,"simA1":9.71080775139853,"simA2":8.27019854448736,"simA3":7.62946534901857,"simB1":5.61522312811576,"simB2":8.84890590445139,"simB3":4.25856868154369}