{"ppntid":4,"trialid":4,"Aweight":0.8044433660827303,"Bweight":-0.4666190613630142,"calc1":1.9972083137321532,"calc2":2.248720319193931,"calc3":-4.826560309490792,"ordA12":"=","ordA13":">","ordA23":"=","ordB12":"=","ordB13":"<","ordB23":"<","mychoice":1,"myA1":11.465181796310292,"myA2":8.956276278915386,"myA3":6.397727866703074,"myB1":9.826304495154048,"myB2":7.096071063237998,"myB3":14.71521375554444,"simA1":5.05297244759277,"simA2":2.18807576224208,"simA3":0.105234072543681,"simB1":5.54594777408056,"simB2":7.68077528569847,"simB3":10.7649007102009}