{"ppntid":4,"trialid":1,"Aweight":0.23484501889533313,"Bweight":-1.0053991961171274,"calc1":-14.079253176424434,"calc2":-3.435777875268534,"calc3":0.9072408913469978,"ordA12":"<","ordA13":"<","ordA23":"=","ordB12":">","ordB13":"=","ordB23":"=","mychoice":3,"myA1":5.377078028743361,"myA2":11.266076352087062,"myA3":10.820026477483163,"myB1":6.847177254784013,"myB2":7.7214626173265986,"myB3":5.170063505066352,"simA1":3.44733079895377,"simA2":7.7077340404503,"simA3":9.79625159176067,"simB1":8.48892743932083,"simB2":5.46544744865969,"simB3":6.53410605853423}