{"ppntid":4,"trialid":5,"Aweight":-0.4577355426453525,"Bweight":-2.2048720239005872,"calc1":-6.592997066361503,"calc2":-14.925602838744462,"calc3":-7.012644306031966,"ordA12":"=","ordA13":"=","ordA23":"=","ordB12":"<","ordB13":"=","ordB23":">","mychoice":1,"myA1":7.318361214119712,"myA2":7.179260576707024,"myA3":5.550194936202201,"myB1":1.0728796277247044,"myB2":8.104244370533129,"myB3":2.7471859490223602,"simA1":5.30289542162791,"simA2":7.26626883028075,"simA3":5.42650359449908,"simB1":2.16200830531307,"simB2":5.64728152588941,"simB3":2.46193274972029}