{"ppntid":4,"trialid":10,"Aweight":0.062344581963687196,"Bweight":-0.13444250386912235,"calc1":-1.4829059815555803,"calc2":4.394035780143198,"calc3":-2.4491144965874563,"ordA12":"=","ordA13":"<","ordA23":"<","ordB12":"=","ordB13":"=","ordB23":"=","mychoice":3,"myA1":4.769779613866215,"myA2":6.349655226507844,"myA3":10.488956764990428,"myB1":8.637725708794616,"myB2":8.576281030149056,"myB3":10.117092589003086,"simA1":2.26741205202416,"simA2":2.47803316218778,"simA3":8.28731167363003,"simB1":3.06291132001206,"simB2":3.33613052149303,"simB3":2.30878524016589}