{"ppntid":4,"trialid":4,"Aweight":0.21943359695906584,"Bweight":-0.14076146430396588,"calc1":0.35949876964499694,"calc2":-11.77581684045031,"calc3":-18.991268139642248,"ordA12":"=","ordA13":">","ordA23":"=","ordB12":"=","ordB13":"<","ordB23":"<","mychoice":1,"myA1":11.00030287703935,"myA2":8.658300739343463,"myA3":6.365483421454322,"myB1":5.257685730307934,"myB2":3.0936099932119445,"myB3":11.693482583320353,"simA1":5.05297244759277,"simA2":2.18807576224208,"simA3":0.105234072543681,"simB1":5.54594777408056,"simB2":7.68077528569847,"simB3":10.7649007102009}