{"ppntid":4,"trialid":5,"Aweight":-0.4681224839194107,"Bweight":-1.069352334551888,"calc1":-2.791851747655377,"calc2":-11.20133845035509,"calc3":-17.974899094971907,"ordA12":"=","ordA13":"=","ordA23":"=","ordB12":"<","ordB13":"=","ordB23":">","mychoice":1,"myA1":14.007792991581242,"myA2":13.54863267240747,"myA3":14.453426984274921,"myB1":1.0743349776103617,"myB2":12.292364731350997,"myB3":6.035161857340795,"simA1":5.30289542162791,"simA2":7.26626883028075,"simA3":5.42650359449908,"simB1":2.16200830531307,"simB2":5.64728152588941,"simB3":2.46193274972029}