{"ppntid":4,"trialid":4,"Aweight":-0.2239496573627856,"Bweight":-0.47486528981958026,"calc1":-6.520164608636581,"calc2":-1.8395873006447747,"calc3":-1.5675998155125872,"ordA12":"=","ordA13":">","ordA23":"=","ordB12":"=","ordB13":"<","ordB23":"<","mychoice":2,"myA1":3.7713578104003167,"myA2":1.860303360917861,"myA3":0.6307290654751152,"myB1":2.6856043672412966,"myB2":0.16269276795613297,"myB3":14.225332296888425,"simA1":5.05297244759277,"simA2":2.18807576224208,"simA3":0.105234072543681,"simB1":5.54594777408056,"simB2":7.68077528569847,"simB3":10.7649007102009}