{"ppntid":4,"trialid":2,"Aweight":-0.2033635853178991,"Bweight":-2.021022038717325,"calc1":-6.861613395540441,"calc2":-23.898814948946903,"calc3":-6.250115467356149,"ordA12":"=","ordA13":">","ordA23":"=","ordB12":"=","ordB13":">","ordB23":">","mychoice":3,"myA1":13.455133914889192,"myA2":12.70045204536309,"myA3":9.998247494036576,"myB1":8.117541400154503,"myB2":8.4701074292662,"myB3":0.9137459203425757,"simA1":4.44091077893972,"simA2":2.09030646830797,"simA3":0.928282281383872,"simB1":6.10001093940809,"simB2":8.69291198789142,"simB3":0.26329378481023}