{"ppntid":4,"trialid":6,"Aweight":1.017408543462803,"Bweight":-1.9890322883776146,"calc1":-1.843573818358066,"calc2":-7.318956211770518,"calc3":7.537385917719053,"ordA12":"=","ordA13":"<","ordA23":"=","ordB12":"=","ordB13":">","ordB23":">","mychoice":3,"myA1":6.794470290410709,"myA2":9.666603241620201,"myA3":12.507392004863672,"myB1":8.388103188150746,"myB2":6.84305040905802,"myB3":3.586207306463823,"simA1":4.8090137518011,"simA2":6.16455643437803,"simA3":8.31491193501279,"simB1":3.4268780623097,"simB2":3.61743570654653,"simB3":0.234661692520604}