{"ppntid":4,"trialid":2,"Aweight":-1.2850987306679034,"Bweight":-1.2829434511386686,"calc1":-8.896407418435592,"calc2":-15.473814050733932,"calc3":-5.759723463245691,"ordA12":"=","ordA13":"<","ordA23":"=","ordB12":"=","ordB13":">","ordB23":">","mychoice":3,"myA1":2.9511011930385935,"myA2":4.339348454444167,"myA3":7.3137251137508175,"myB1":9.709742354408444,"myB2":10.185833546793889,"myB3":1.7472674154002477,"simA1":4.44091077893972,"simA2":2.09030646830797,"simA3":0.928282281383872,"simB1":6.10001093940809,"simB2":8.69291198789142,"simB3":0.26329378481023}