{"ppntid":4,"trialid":7,"Aweight":0.5020277700359104,"Bweight":-2.021022038717325,"calc1":-14.25781048407742,"calc2":-12.987753739836894,"calc3":-13.003678976997675,"ordA12":"=","ordA13":">","ordA23":">","ordB12":"<","ordB13":"=","ordB23":"=","mychoice":1,"myA1":4.9142440807111445,"myA2":4.236362200278773,"myA3":0.4170052797350299,"myB1":1.4017192531633638,"myB2":5.472269139027492,"myB3":4.071344879122055,"simA1":8.76104752765968,"simA2":8.04335406515747,"simA3":1.29715850343928,"simB1":10.3199929918628,"simB2":7.46865443419665,"simB3":7.64094397542067}