{"ppntid":4,"trialid":4,"Aweight":1.212575281024428,"Bweight":-0.608754437083003,"calc1":3.7708590765214396,"calc2":4.380701709657252,"calc3":-3.369856753982349,"ordA12":"=","ordA13":">","ordA23":"=","ordB12":"=","ordB13":"<","ordB23":"<","mychoice":1,"myA1":4.275689048652032,"myA2":2.326484345712554,"myA3":0.7776800085962798,"myB1":3.8756767311960405,"myB2":2.004693328852353,"myB3":11.420484054052013,"simA1":5.05297244759277,"simA2":2.18807576224208,"simA3":0.105234072543681,"simB1":5.54594777408056,"simB2":7.68077528569847,"simB3":10.7649007102009}