{"ppntid":4,"trialid":4,"Aweight":1.4076361192988707,"Bweight":-0.8740075070996718,"calc1":-7.24138465824533,"calc2":-9.48878589260067,"calc3":-9.257790642108574,"ordA12":"=","ordA13":">","ordA23":"=","ordB12":"=","ordB13":"<","ordB23":"<","mychoice":1,"myA1":13.562933050155642,"myA2":11.665339767318795,"myA3":10.254260653722035,"myB1":6.7216255379884675,"myB2":9.516199127615211,"myB3":13.245295320304232,"simA1":5.05297244759277,"simA2":2.18807576224208,"simA3":0.105234072543681,"simB1":5.54594777408056,"simB2":7.68077528569847,"simB3":10.7649007102009}