{"ppntid":4,"trialid":9,"Aweight":0.8514966526754357,"Bweight":-1.1517346810259506,"calc1":-0.39485715035184166,"calc2":-5.255085862366011,"calc3":-0.26835017744029854,"ordA12":"=","ordA13":"=","ordA23":"=","ordB12":"<","ordB13":"=","ordB23":">","mychoice":3,"myA1":8.669322796100523,"myA2":10.336506918909933,"myA3":10.670606762076277,"myB1":5.946849557464016,"myB2":9.111566919168512,"myB3":2.9877618330973843,"simA1":9.71080775139853,"simA2":8.27019854448736,"simA3":7.62946534901857,"simB1":5.61522312811576,"simB2":8.84890590445139,"simB3":4.25856868154369}