{"ppntid":4,"trialid":11,"Aweight":1.212575281024428,"Bweight":-0.608754437083003,"calc1":10.823769992313808,"calc2":-10.145165018549207,"calc3":6.4058961144327835,"ordA12":">","ordA13":"=","ordA23":"<","ordB12":"<","ordB13":">","ordB23":"<","mychoice":3,"myA1":6.8638300317230305,"myA2":0.12148259700593744,"myA3":9.03697159624864,"myB1":12.311049042412002,"myB2":0.07072712751583721,"myB3":5.5530818456982765,"simA1":8.87625722680241,"simA2":4.16804329724982,"simA3":9.13220938993618,"simB1":4.43422937882133,"simB2":13.9203729538713,"simB3":0.650758871342987}