{"ppntid":4,"trialid":10,"Aweight":0.8514966526754357,"Bweight":-1.1517346810259506,"calc1":-1.9978092324513494,"calc2":-3.6727519711976844,"calc3":-1.128779729536432,"ordA12":"=","ordA13":"<","ordA23":"<","ordB12":"=","ordB13":"=","ordB23":"=","mychoice":3,"myA1":2.4954162506272515,"myA2":1.5838636472100132,"myA3":9.26117639336961,"myB1":4.268999946397471,"myB2":4.094576537486304,"myB3":5.595483338755466,"simA1":2.26741205202416,"simA2":2.47803316218778,"simA3":8.28731167363003,"simB1":3.06291132001206,"simB2":3.33613052149303,"simB3":2.30878524016589}