{"ppntid":4,"trialid":1,"Aweight":-0.39100998407184717,"Bweight":-0.4582968091070813,"calc1":-7.768454116819482,"calc2":-12.619123652673602,"calc3":-3.717194290657422,"ordA12":"<","ordA13":"<","ordA23":"<","ordB12":">","ordB13":"=","ordB23":"=","mychoice":2,"myA1":5.102157875168849,"myA2":8.598105928425037,"myA3":14.710499189258528,"myB1":6.676242135195265,"myB2":3.5583514045150877,"myB3":6.247908625583525,"simA1":3.44733079895377,"simA2":7.7077340404503,"simA3":9.79625159176067,"simB1":8.48892743932083,"simB2":5.46544744865969,"simB3":6.53410605853423}