{"ppntid":4,"trialid":9,"Aweight":0.5819238786369645,"Bweight":-1.1877098073350756,"calc1":0.9733991199487599,"calc2":-8.44744915850893,"calc3":-6.853329795049536,"ordA12":"=","ordA13":"=","ordA23":"=","ordB12":"<","ordB13":"=","ordB23":"=","mychoice":1,"myA1":7.9162391544018,"myA2":7.9399718276243725,"myA3":6.210012899787064,"myB1":2.8881156636472785,"myB2":6.820433386374826,"myB3":4.861054042177827,"simA1":9.71080775139853,"simA2":8.27019854448736,"simA3":7.62946534901857,"simB1":5.61522312811576,"simB2":8.84890590445139,"simB3":4.25856868154369}