{"ppntid":4,"trialid":6,"Aweight":0.8044433660827303,"Bweight":-0.4666190613630142,"calc1":0.7333011259973683,"calc2":4.8850830508333765,"calc3":11.255785813271263,"ordA12":"=","ordA13":"<","ordA23":"=","ordB12":"=","ordB13":">","ordB23":">","mychoice":3,"myA1":3.4395459517636686,"myA2":4.2325468595805225,"myA3":4.836371778586487,"myB1":5.524659337734987,"myB2":6.241523873826181,"myB3":0.10922112415509444,"simA1":4.8090137518011,"simA2":6.16455643437803,"simA3":8.31491193501279,"simB1":3.4268780623097,"simB2":3.61743570654653,"simB3":0.234661692520604}