{"ppntid":4,"trialid":4,"Aweight":0.062344581963687196,"Bweight":-0.13444250386912235,"calc1":-3.222957051283582,"calc2":7.234651067589453,"calc3":2.100700548802413,"ordA12":"=","ordA13":">","ordA23":"=","ordB12":"=","ordB13":"<","ordB23":"<","mychoice":1,"myA1":14.641883171012175,"myA2":12.877958557572171,"myA3":11.45727054237511,"myB1":2.7476846665200263,"myB2":2.5325097911067393,"myB3":7.457763758774076,"simA1":5.05297244759277,"simA2":2.18807576224208,"simA3":0.105234072543681,"simB1":5.54594777408056,"simB2":7.68077528569847,"simB3":10.7649007102009}