{"ppntid":4,"trialid":8,"Aweight":0.8044433660827303,"Bweight":-0.4666190613630142,"calc1":0.1733418456946043,"calc2":3.0582117814413063,"calc3":-5.670150192677757,"ordA12":">","ordA13":">","ordA23":"=","ordB12":"=","ordB13":"<","ordB23":"<","mychoice":1,"myA1":10.921647144236632,"myA2":2.6668284246659124,"myA3":0.5746180274783974,"myB1":7.309404005878303,"myB2":8.460230589363114,"myB3":14.051046555966497,"simA1":7.14406876591966,"simA2":1.34849697118625,"simA3":0.0528800045140088,"simB1":8.53078398155048,"simB2":6.51239547645673,"simB3":12.1931532234885}