{"ppntid":4,"trialid":2,"Aweight":-0.8911364875911453,"Bweight":-1.2829434511386686,"calc1":-8.896407418435592,"calc2":-15.473814050733932,"calc3":-5.759723463245691,"ordA12":"=","ordA13":"<","ordA23":"=","ordB12":"=","ordB13":">","ordB23":">","mychoice":3,"myA1":2.2814620341992953,"myA2":5.118562261659524,"myA3":5.429671734382117,"myB1":6.074232754357844,"myB2":7.055638434045779,"myB3":0.21272389704971362,"simA1":4.44091077893972,"simA2":2.09030646830797,"simA3":0.928282281383872,"simB1":6.10001093940809,"simB2":8.69291198789142,"simB3":0.26329378481023}