{"ppntid":4,"trialid":7,"Aweight":1.4076361192988707,"Bweight":-0.9508901488512926,"calc1":-0.6193168701160365,"calc2":9.081698676231893,"calc3":-7.384187060143519,"ordA12":"=","ordA13":">","ordA23":">","ordB12":"=","ordB13":"=","ordB23":"=","mychoice":2,"myA1":9.759009625105824,"myA2":12.509590472653734,"myA3":2.996299395273393,"myB1":6.783832392881099,"myB2":7.43290837064595,"myB3":9.13093293707112,"simA1":8.76104752765968,"simA2":8.04335406515747,"simA3":1.29715850343928,"simB1":10.3199929918628,"simB2":7.46865443419665,"simB3":7.64094397542067}