{"ppntid":4,"trialid":10,"Aweight":0.062344581963687196,"Bweight":-0.13444250386912235,"calc1":4.435809604529271,"calc2":-1.6858427546911816,"calc3":7.656143376109546,"ordA12":">","ordA13":"<","ordA23":"<","ordB12":"=","ordB13":"=","ordB23":"=","mychoice":1,"myA1":8.430927649312537,"myA2":1.8018207563885913,"myA3":11.560466932845099,"myB1":4.888585187782299,"myB2":7.7358532545575995,"myB3":6.593929385914424,"simA1":2.26741205202416,"simA2":2.47803316218778,"simA3":8.28731167363003,"simB1":3.06291132001206,"simB2":3.33613052149303,"simB3":2.30878524016589}