{"ppntid":4,"trialid":12,"Aweight":1.0862563613130463,"Bweight":-1.004607378858071,"calc1":5.810821397687962,"calc2":-13.464655215376789,"calc3":-0.2376133408854767,"ordA12":"=","ordA13":"<","ordA23":"<","ordB12":"<","ordB13":"<","ordB23":">","mychoice":1,"myA1":6.074271343094944,"myA2":6.3949231748069915,"myA3":9.887405161745487,"myB1":2.5994627523941705,"myB2":14.925454220369822,"myB3":8.317102434717707,"simA1":5.28062834171578,"simA2":3.06751366937533,"simA3":8.78854544134811,"simB1":6.01199498050846,"simB2":13.4708957537077,"simB3":10.3231809299905}