{"ppntid":4,"trialid":10,"Aweight":0.062344581963687196,"Bweight":-0.13444250386912235,"calc1":5.178818833518194,"calc2":1.7109568564177304,"calc3":5.159501744588499,"ordA12":"=","ordA13":"<","ordA23":"<","ordB12":"=","ordB13":"=","ordB23":"=","mychoice":3,"myA1":3.9207946939700578,"myA2":4.005834615360562,"myA3":12.356459825953396,"myB1":6.761187427649379,"myB2":6.449838007829781,"myB3":7.8030246188894035,"simA1":2.26741205202416,"simA2":2.47803316218778,"simA3":8.28731167363003,"simB1":3.06291132001206,"simB2":3.33613052149303,"simB3":2.30878524016589}