{"ppntid":4,"trialid":6,"Aweight":0.07611427630855329,"Bweight":-0.7715102648421892,"calc1":1.7431392141601627,"calc2":-4.5129868233881085,"calc3":-0.47890014306049516,"ordA12":"=","ordA13":"<","ordA23":"=","ordB12":"=","ordB13":">","ordB23":">","mychoice":3,"myA1":2.828095477039806,"myA2":4.465929466935393,"myA3":12.596019707845137,"myB1":6.248761305637349,"myB2":6.692388199902206,"myB3":3.2176006421405665,"simA1":4.8090137518011,"simA2":6.16455643437803,"simA3":8.31491193501279,"simB1":3.4268780623097,"simB2":3.61743570654653,"simB3":0.234661692520604}