{"ppntid":4,"trialid":4,"Aweight":0.8514966526754357,"Bweight":-1.1517346810259506,"calc1":-5.6389899499315135,"calc2":-12.036866358237727,"calc3":-12.697614219702594,"ordA12":"=","ordA13":">","ordA23":"=","ordB12":"=","ordB13":"<","ordB23":"<","mychoice":1,"myA1":13.521184796516975,"myA2":11.407845718773714,"myA3":8.786079630546142,"myB1":4.362984838587503,"myB2":5.642373149016827,"myB3":13.283364201978259,"simA1":5.05297244759277,"simA2":2.18807576224208,"simA3":0.105234072543681,"simB1":5.54594777408056,"simB2":7.68077528569847,"simB3":10.7649007102009}