{"ppntid":4,"trialid":9,"Aweight":0.5990165307522867,"Bweight":-1.0053991961171274,"calc1":1.863347381855378,"calc2":-6.354638527181214,"calc3":-0.6654356660974817,"ordA12":"=","ordA13":"=","ordA23":"=","ordB12":"<","ordB13":"=","ordB23":">","mychoice":3,"myA1":3.2320505792876455,"myA2":1.7162621019703284,"myA3":2.5293067472841244,"myB1":1.313007987987307,"myB2":5.715425391107988,"myB3":0.05545870289036525,"simA1":9.71080775139853,"simA2":8.27019854448736,"simA3":7.62946534901857,"simB1":5.61522312811576,"simB2":8.84890590445139,"simB3":4.25856868154369}