{"ppntid":4,"trialid":6,"Aweight":1.017408543462803,"Bweight":-1.9890322883776146,"calc1":4.821165904522905,"calc2":0.12868846312190252,"calc3":9.510286128761008,"ordA12":"=","ordA13":"<","ordA23":"<","ordB12":"=","ordB13":">","ordB23":">","mychoice":3,"myA1":10.076410060149193,"myA2":9.823939913627273,"myA3":13.98208904375148,"myB1":10.524903608705683,"myB2":9.99027248485735,"myB3":3.9141857825480377,"simA1":4.8090137518011,"simA2":6.16455643437803,"simA3":8.31491193501279,"simB1":3.4268780623097,"simB2":3.61743570654653,"simB3":0.234661692520604}