{"ppntid":4,"trialid":8,"Aweight":0.7246225509844898,"Bweight":-1.0605944990041527,"calc1":1.6951315226313266,"calc2":-8.946827846498586,"calc3":-9.576120449609899,"ordA12":">","ordA13":">","ordA23":"=","ordB12":"=","ordB13":"<","ordB23":"<","mychoice":1,"myA1":7.779373816173462,"myA2":2.485826157133001,"myA3":1.8686184666056327,"myB1":3.1347419403287957,"myB2":0.7627975729884229,"myB3":10.750907818234221,"simA1":7.14406876591966,"simA2":1.34849697118625,"simA3":0.0528800045140088,"simB1":8.53078398155048,"simB2":6.51239547645673,"simB3":12.1931532234885}