{"ppntid":4,"trialid":1,"Aweight":1.3515964778293812,"Bweight":0.5854435647180433,"calc1":13.241908146431372,"calc2":8.906841438496825,"calc3":15.291823316372145,"ordA12":"<","ordA13":"<","ordA23":"=","ordB12":">","ordB13":"=","ordB23":"=","mychoice":3,"myA1":5.518293652598652,"myA2":10.563027292551673,"myA3":9.994796581460749,"myB1":11.706675914645707,"myB2":3.7943315881229314,"myB3":5.527002361246403,"simA1":3.44733079895377,"simA2":7.7077340404503,"simA3":9.79625159176067,"simB1":8.48892743932083,"simB2":5.46544744865969,"simB3":6.53410605853423}