{"ppntid":4,"trialid":7,"Aweight":1.166806695458875,"Bweight":-1.271782915849866,"calc1":-3.7857950352480567,"calc2":-1.861727296418625,"calc3":-4.210195612087386,"ordA12":"=","ordA13":">","ordA23":">","ordB12":"=","ordB13":"=","ordB23":"=","mychoice":2,"myA1":13.797875541735591,"myA2":11.95403018742676,"myA3":5.277169053044232,"myB1":10.797085119432282,"myB2":7.814681039259815,"myB3":8.05754755217343,"simA1":8.76104752765968,"simA2":8.04335406515747,"simA3":1.29715850343928,"simB1":10.3199929918628,"simB2":7.46865443419665,"simB3":7.64094397542067}