{"ppntid":4,"trialid":1,"Aweight":1.017408543462803,"Bweight":-1.9890322883776146,"calc1":-15.178293961688324,"calc2":-3.440631397376736,"calc3":-1.6244814645639627,"ordA12":"<","ordA13":"<","ordA23":"=","ordB12":">","ordB13":"<","ordB23":">","mychoice":2,"myA1":2.135194994144113,"myA2":5.815310228571883,"myA3":7.778770884732758,"myB1":6.842884556778177,"myB2":2.3576123978444885,"myB3":10.049092420414746,"simA1":3.44733079895377,"simA2":7.7077340404503,"simA3":9.79625159176067,"simB1":8.48892743932083,"simB2":5.46544744865969,"simB3":6.53410605853423}