{"ppntid":4,"trialid":10,"Aweight":0.8044433660827303,"Bweight":-0.4666190613630142,"calc1":-4.6449864010226705,"calc2":5.571448430465928,"calc3":-0.980626195130955,"ordA12":"=","ordA13":"<","ordA23":"<","ordB12":"=","ordB13":"=","ordB23":"=","mychoice":3,"myA1":3.5831604581067,"myA2":3.031040246551111,"myA3":8.6601301717192,"myB1":3.1613328370055815,"myB2":5.885362189125213,"myB3":5.388675621043294,"simA1":2.26741205202416,"simA2":2.47803316218778,"simA3":8.28731167363003,"simB1":3.06291132001206,"simB2":3.33613052149303,"simB3":2.30878524016589}