{"ppntid":4,"trialid":8,"Aweight":1.4916216689779078,"Bweight":-1.149257578128502,"calc1":-9.925876737960712,"calc2":-0.03527461951171773,"calc3":-15.644251924328962,"ordA12":">","ordA13":">","ordA23":"=","ordB12":"=","ordB13":"<","ordB23":"<","mychoice":1,"myA1":6.249166692756257,"myA2":2.7132059714671297,"myA3":2.956695254780458,"myB1":8.755225674207562,"myB2":8.378406260567584,"myB3":14.803546939511643,"simA1":7.14406876591966,"simA2":1.34849697118625,"simA3":0.0528800045140088,"simB1":8.53078398155048,"simB2":6.51239547645673,"simB3":12.1931532234885}