{"ppntid":4,"trialid":8,"Aweight":1.4076361192988707,"Bweight":-0.9508901488512926,"calc1":-1.4572406112923786,"calc2":-7.901797681391806,"calc3":-19.24199282817519,"ordA12":">","ordA13":">","ordA23":"=","ordB12":"=","ordB13":">","ordB23":"=","mychoice":1,"myA1":11.85206883393273,"myA2":1.1251168026240588,"myA3":3.8267077635550883,"myB1":13.989382790352828,"myB2":11.076775813606197,"myB3":9.43613056360174,"simA1":7.14406876591966,"simA2":1.34849697118625,"simA3":0.0528800045140088,"simB1":8.53078398155048,"simB2":6.51239547645673,"simB3":12.1931532234885}