{"ppntid":4,"trialid":8,"Aweight":0.7246225509844898,"Bweight":-1.0605944990041527,"calc1":0.8185762108422878,"calc2":-1.2307452981546962,"calc3":-18.97694815092553,"ordA12":">","ordA13":">","ordA23":"=","ordB12":"=","ordB13":"<","ordB23":"<","mychoice":1,"myA1":9.747850137577604,"myA2":3.61016759517974,"myA3":1.2931546477810318,"myB1":5.845088719970609,"myB2":5.9098616292794,"myB3":12.62031182308737,"simA1":7.14406876591966,"simA2":1.34849697118625,"simA3":0.0528800045140088,"simB1":8.53078398155048,"simB2":6.51239547645673,"simB3":12.1931532234885}