{"ppntid":4,"trialid":10,"Aweight":0.7246225509844898,"Bweight":-1.0605944990041527,"calc1":2.2243207964608107,"calc2":-2.936593938302556,"calc3":6.812336699629662,"ordA12":"=","ordA13":"<","ordA23":"<","ordB12":"=","ordB13":"=","ordB23":"=","mychoice":3,"myA1":2.235184113212653,"myA2":1.2990299803519145,"myA3":11.105808398087959,"myB1":9.687370902981367,"myB2":6.962098467913423,"myB3":7.452409126931881,"simA1":2.26741205202416,"simA2":2.47803316218778,"simA3":8.28731167363003,"simB1":3.06291132001206,"simB2":3.33613052149303,"simB3":2.30878524016589}