{"ppntid":4,"trialid":4,"Aweight":0.062344581963687196,"Bweight":-0.13444250386912235,"calc1":-1.6705477595026668,"calc2":-3.3295800760845315,"calc3":0.5175858320798103,"ordA12":"=","ordA13":">","ordA23":"=","ordB12":"=","ordB13":"<","ordB23":"<","mychoice":1,"myA1":13.779829231357109,"myA2":14.641463345568535,"myA3":4.140638214515656,"myB1":1.792184553875078,"myB2":2.6753330033915734,"myB3":11.189907481320542,"simA1":5.05297244759277,"simA2":2.18807576224208,"simA3":0.105234072543681,"simB1":5.54594777408056,"simB2":7.68077528569847,"simB3":10.7649007102009}