{"ppntid":4,"trialid":7,"Aweight":0.6031121776522499,"Bweight":-0.40408671439631133,"calc1":0.9217972667758837,"calc2":0.07899323641616052,"calc3":2.7408638608198856,"ordA12":"=","ordA13":">","ordA23":">","ordB12":"=","ordB13":"=","ordB23":"=","mychoice":2,"myA1":10.71299888152899,"myA2":12.972324892792596,"myA3":3.2629926384782615,"myB1":11.964108210547884,"myB2":9.377387062281699,"myB3":11.306509796002732,"simA1":8.76104752765968,"simA2":8.04335406515747,"simA3":1.29715850343928,"simB1":10.3199929918628,"simB2":7.46865443419665,"simB3":7.64094397542067}