{"ppntid":4,"trialid":9,"Aweight":0.8514966526754357,"Bweight":-1.1517346810259506,"calc1":5.457265654718929,"calc2":0.2667462327729626,"calc3":3.083463369611099,"ordA12":"=","ordA13":"=","ordA23":"=","ordB12":"<","ordB13":"=","ordB23":">","mychoice":3,"myA1":9.05310140618291,"myA2":6.9234656672540975,"myA3":8.368546614058184,"myB1":8.315370913790069,"myB2":11.773435839261067,"myB3":7.477118051063484,"simA1":9.71080775139853,"simA2":8.27019854448736,"simA3":7.62946534901857,"simB1":5.61522312811576,"simB2":8.84890590445139,"simB3":4.25856868154369}