{"ppntid":4,"trialid":4,"Aweight":1.017408543462803,"Bweight":-1.9890322883776146,"calc1":-12.599316664151646,"calc2":-16.103565624173605,"calc3":-24.74005968303852,"ordA12":"=","ordA13":">","ordA23":"=","ordB12":"=","ordB13":"<","ordB23":"<","mychoice":1,"myA1":0.02157131167818349,"myA2":1.7884996081948312,"myA3":4.6836485479648164,"myB1":4.560142884403993,"myB2":7.512637473937366,"myB3":14.430160329496836,"simA1":5.05297244759277,"simA2":2.18807576224208,"simA3":0.105234072543681,"simB1":5.54594777408056,"simB2":7.68077528569847,"simB3":10.7649007102009}