{"ppntid":4,"trialid":6,"Aweight":0.24938011846957697,"Bweight":-0.6446163693462669,"calc1":-3.123612385801523,"calc2":-0.15194755750160205,"calc3":-0.8287084324900305,"ordA12":"=","ordA13":"<","ordA23":"=","ordB12":"=","ordB13":">","ordB23":">","mychoice":3,"myA1":1.6065396475722682,"myA2":2.193620208393068,"myA3":4.949389938155236,"myB1":6.415322406465881,"myB2":4.929912589055784,"myB3":1.572726655405251,"simA1":4.8090137518011,"simA2":6.16455643437803,"simA3":8.31491193501279,"simB1":3.4268780623097,"simB2":3.61743570654653,"simB3":0.234661692520604}