{"ppntid":4,"trialid":4,"Aweight":0.14364294993919471,"Bweight":-2.2328946495908966,"calc1":-7.8000053984850695,"calc2":-16.99245266208983,"calc3":-27.457924421000087,"ordA12":"=","ordA13":">","ordA23":"=","ordB12":"=","ordB13":"<","ordB23":"<","mychoice":2,"myA1":13.628153088936395,"myA2":13.844937198765415,"myA3":14.663924599436797,"myB1":5.055048206899632,"myB2":4.437046121630296,"myB3":14.120183744213092,"simA1":5.05297244759277,"simA2":2.18807576224208,"simA3":0.105234072543681,"simB1":5.54594777408056,"simB2":7.68077528569847,"simB3":10.7649007102009}