{"ppntid":4,"trialid":3,"Aweight":0.07611427630855329,"Bweight":-0.7715102648421892,"calc1":-5.8745159073209745,"calc2":-6.54133166754339,"calc3":-6.198783631465035,"ordA12":"=","ordA13":"=","ordA23":"=","ordB12":"<","ordB13":"<","ordB23":"=","mychoice":1,"myA1":11.50877434662956,"myA2":10.26796795768525,"myA3":9.13241638996668,"myB1":2.3777195153241393,"myB2":7.9177772697288535,"myB3":10.076237880349204,"simA1":3.41764160897583,"simA2":5.3128969646059,"simA3":4.62381788762286,"simB1":0.789628699421883,"simB2":7.38863933365792,"simB3":8.99294389877468}