{"ppntid":4,"trialid":4,"Aweight":0.5819238786369645,"Bweight":-1.1877098073350756,"calc1":-0.8846813366385744,"calc2":-5.310054141702089,"calc3":-11.867728829962017,"ordA12":">","ordA13":">","ordA23":"=","ordB12":"=","ordB13":"<","ordB23":"<","mychoice":1,"myA1":8.325930557167874,"myA2":0.9258879702896328,"myA3":3.9038174431554484,"myB1":2.476472784139582,"myB2":3.0598073030490403,"myB3":9.877424318363017,"simA1":5.05297244759277,"simA2":2.18807576224208,"simA3":0.105234072543681,"simB1":5.54594777408056,"simB2":7.68077528569847,"simB3":10.7649007102009}