{"ppntid":4,"trialid":9,"Aweight":0.8514966526754357,"Bweight":-1.1517346810259506,"calc1":4.500972933847899,"calc2":-0.22646718651699294,"calc3":4.5337822342575205,"ordA12":"=","ordA13":"=","ordA23":"=","ordB12":"<","ordB13":"<","ordB23":">","mychoice":1,"myA1":12.747113881211186,"myA2":9.889707429687677,"myA3":12.533083111306718,"myB1":3.1287311893250855,"myB2":14.590632562108185,"myB3":7.293954688337914,"simA1":9.71080775139853,"simA2":8.27019854448736,"simA3":7.62946534901857,"simB1":5.61522312811576,"simB2":8.84890590445139,"simB3":4.25856868154369}