{"ppntid":4,"trialid":3,"Aweight":1.1492969214625803,"Bweight":-1.1877098073350756,"calc1":2.1020616226668336,"calc2":-3.5501206117594957,"calc3":-11.013547435466254,"ordA12":"=","ordA13":"=","ordA23":">","ordB12":"<","ordB13":"<","ordB23":"=","mychoice":1,"myA1":11.515325736770327,"myA2":14.376577052669933,"myA3":8.164433838347993,"myB1":7.1261205765934506,"myB2":13.399642399546938,"myB3":14.548482652727351,"simA1":3.41764160897583,"simA2":5.3128969646059,"simA3":4.62381788762286,"simB1":0.789628699421883,"simB2":7.38863933365792,"simB3":8.99294389877468}