{"ppntid":4,"trialid":4,"Aweight":0.5819238786369645,"Bweight":-1.1877098073350756,"calc1":-0.8846813366385744,"calc2":-5.310054141702089,"calc3":-11.867728829962017,"ordA12":">","ordA13":">","ordA23":"=","ordB12":"=","ordB13":"<","ordB23":"<","mychoice":1,"myA1":12.2288992839701,"myA2":3.961375301605247,"myA3":9.19960896898954,"myB1":7.524417531533695,"myB2":5.544891877808482,"myB3":14.257244626969939,"simA1":5.05297244759277,"simA2":2.18807576224208,"simA3":0.105234072543681,"simB1":5.54594777408056,"simB2":7.68077528569847,"simB3":10.7649007102009}