{"ppntid":4,"trialid":6,"Aweight":0.7246225509844898,"Bweight":-1.0605944990041527,"calc1":-4.790555022591392,"calc2":4.630698408397352,"calc3":-2.2164267448039663,"ordA12":"=","ordA13":"<","ordA23":"=","ordB12":"=","ordB13":">","ordB23":">","mychoice":3,"myA1":0.6269267467093975,"myA2":5.796318224190896,"myA3":4.017773580192374,"myB1":8.824771370241852,"myB2":8.78040903240185,"myB3":5.771780659729354,"simA1":4.8090137518011,"simA2":6.16455643437803,"simA3":8.31491193501279,"simB1":3.4268780623097,"simB2":3.61743570654653,"simB3":0.234661692520604}