{"ppntid":4,"trialid":8,"Aweight":0.21943359695906584,"Bweight":-1.2346940314220252,"calc1":-14.069963272752975,"calc2":-6.23074981897626,"calc3":-8.836708837849038,"ordA12":">","ordA13":">","ordA23":"=","ordB12":"=","ordB13":"<","ordB23":"<","mychoice":1,"myA1":11.757940931996853,"myA2":4.646915300906496,"myA3":5.724468319983636,"myB1":4.730164897598498,"myB2":4.755835980012031,"myB3":9.759142650750327,"simA1":7.14406876591966,"simA2":1.34849697118625,"simA3":0.0528800045140088,"simB1":8.53078398155048,"simB2":6.51239547645673,"simB3":12.1931532234885}