{"ppntid":4,"trialid":5,"Aweight":0.7246225509844898,"Bweight":-1.0605944990041527,"calc1":-5.053005455079356,"calc2":-1.8362779135063527,"calc3":1.990875518475645,"ordA12":"=","ordA13":"=","ordA23":"=","ordB12":"<","ordB13":"=","ordB23":">","mychoice":3,"myA1":13.090886744520615,"myA2":12.945169816602736,"myA3":13.299282390515835,"myB1":5.889815026633114,"myB2":11.43937876049126,"myB3":4.414868246273128,"simA1":5.30289542162791,"simA2":7.26626883028075,"simA3":5.42650359449908,"simB1":2.16200830531307,"simB2":5.64728152588941,"simB3":2.46193274972029}