{"ppntid":4,"trialid":8,"Aweight":0.7246225509844898,"Bweight":-1.188327823251974,"calc1":-3.014944214819929,"calc2":-14.106394316044387,"calc3":-11.714536399911003,"ordA12":">","ordA13":"<","ordA23":"=","ordB12":"=","ordB13":"<","ordB23":"<","mychoice":1,"myA1":12.493340736197057,"myA2":2.8491036510783396,"myA3":2.757722392912738,"myB1":11.37127642619408,"myB2":9.371328495327107,"myB3":14.178476605336018,"simA1":7.14406876591966,"simA2":1.34849697118625,"simA3":0.0528800045140088,"simB1":8.53078398155048,"simB2":6.51239547645673,"simB3":12.1931532234885}