{"ppntid":4,"trialid":5,"Aweight":0.7246225509844898,"Bweight":-1.0605944990041527,"calc1":-4.869066635412233,"calc2":-2.345543096593316,"calc3":2.738849961761474,"ordA12":"<","ordA13":"=","ordA23":"=","ordB12":"<","ordB13":"=","ordB23":">","mychoice":3,"myA1":0.46332268704550983,"myA2":5.346986270400307,"myA3":2.5585794443725183,"myB1":5.310580407667219,"myB2":12.596352013770307,"myB3":5.137738871061864,"simA1":5.30289542162791,"simA2":7.26626883028075,"simA3":5.42650359449908,"simB1":2.16200830531307,"simB2":5.64728152588941,"simB3":2.46193274972029}