{"row":79,"ppnt":8,"estA1":0.6754594459198415,"estA2":7.602971631567925,"estA3":9.467352323699743,"estB1":7.793121836148202,"estB2":2.582375085912645,"estB3":0.019223014824092388,"simA1":8.64696001401171,"simA2":1.83590342756361,"simA3":8.16387024242431,"simB1":0.785257942043245,"simB2":6.68203207897022,"simB3":0.307655027136207,"estBweight":8.719323209952563,"simBweight":4.74520110525191}