{"row":1039,"ppnt":8,"estA1":0.08035964565351605,"estA2":9.382216751109809,"estA3":0.5764922848902643,"estB1":6.462415668647736,"estB2":7.272859658114612,"estB3":0.3011009329929948,"simA1":2.97848203452304,"simA2":8.28257124172524,"simA3":9.00144500657916,"simB1":6.70026859967038,"simB2":1.49922813288867,"simB3":4.36126897344366,"estBweight":8.719323209952563,"simBweight":4.74520110525191}