{"row":1791,"ppnt":0,"estA1":2.7629857137799263,"estA2":7.218935235869139,"estA3":8.123998616356403,"estB1":6.477926673833281,"estB2":7.21642080694437,"estB3":2.3763480549678206,"simA1":5.39730557939038,"simA2":0.703729700762779,"simA3":9.47501090588048,"simB1":1.17823325563222,"simB2":4.7875600378029,"simB3":1.18643287569284,"estBweight":8.983466729987413,"simBweight":2.92900152504444}