{"row":1446,"ppnt":5,"estA1":3.129485212266445,"estA2":4.219183009117842,"estA3":0.42582521215081215,"estB1":6.896243921946734,"estB2":8.778322325088084,"estB3":3.3616846264339983,"simA1":6.18978374172002,"simA2":1.802522407379,"simA3":4.65180536266416,"simB1":9.24302076688036,"simB2":8.38929588440806,"simB3":1.38157444307581,"estBweight":6.995890932157636,"simBweight":1.30213885684498}