{"row":1145,"ppnt":4,"estA1":7.7766609960235655,"estA2":5.116738837677985,"estA3":6.7766031180508435,"estB1":3.159743738360703,"estB2":0.12761637102812529,"estB3":0.8388772723264992,"simA1":8.71727591846138,"simA2":1.66271592490375,"simA3":3.0203752964735,"simB1":2.99233384663239,"simB2":5.6012696842663,"simB3":0.709966530557722,"estBweight":5.1187998172827065,"simBweight":4.06787107465789}