{"row":758,"ppnt":7,"estA1":9.080295939929783,"estA2":6.565604426432401,"estA3":9.396348451264203,"estB1":5.467496761120856,"estB2":9.38716874923557,"estB3":0.09574522264301777,"simA1":5.03435348626226,"simA2":5.07812339114025,"simA3":5.99954755976796,"simB1":6.41211795853451,"simB2":9.6766665414907,"simB3":4.7056067478843,"estBweight":5.8496644254773855,"simBweight":4.53046075650491}