{"row":521,"ppnt":0,"estA1":2.298262098338455,"estA2":3.219406239222735,"estA3":4.158729983028024,"estB1":0.9912686981260777,"estB2":2.6774009643122554,"estB3":2.120309341698885,"simA1":6.50223640957847,"simA2":7.60664709378034,"simA3":5.89130987413228,"simB1":7.04891466069967,"simB2":0.858539305627346,"simB3":3.42634527012706,"estBweight":8.983466729987413,"simBweight":2.92900152504444}