{"row":491,"ppnt":0,"estA1":6.432624398730695,"estA2":0.011096636299043894,"estA3":9.85335488570854,"estB1":3.3873727545142174,"estB2":5.70428051520139,"estB3":7.533804560080171,"simA1":6.06046120868996,"simA2":9.82656880281866,"simA3":5.49981581047177,"simB1":2.96108903829008,"simB2":3.47365742083639,"simB3":9.47920203674585,"estBweight":8.983466729987413,"simBweight":2.92900152504444}