{"row":1245,"ppnt":4,"estA1":5.241987179033458,"estA2":1.2796479696407914,"estA3":2.66719413921237,"estB1":7.8719540988095105,"estB2":0.3098679706454277,"estB3":7.019834443926811,"simA1":6.82773442007601,"simA2":3.26140251709148,"simA3":2.64878659974784,"simB1":1.94501775316894,"simB2":1.92189296940342,"simB3":6.40914103714749,"estBweight":5.1187998172827065,"simBweight":4.06787107465789}