{"row":1064,"ppnt":3,"estA1":5.514529848005623,"estA2":8.42445666436106,"estA3":3.0423207697458565,"estB1":4.939149783458561,"estB2":3.1242807349190116,"estB3":1.3530804682523012,"simA1":6.87099226983264,"simA2":4.30209171259776,"simA3":0.548798895906657,"simB1":9.60769860306755,"simB2":4.04917003819719,"simB3":0.304525562096387,"estBweight":7.837534034624696,"simBweight":1.38687478960492}