{"row":1689,"ppnt":8,"estA1":8.066634708084166,"estA2":2.5775448069907725,"estA3":4.8083642474375665,"estB1":5.25262784678489,"estB2":4.492107247933745,"estB3":2.8346064896322787,"simA1":2.4975698068738,"simA2":7.97600825550035,"simA3":4.44521098397672,"simB1":6.33655356243253,"simB2":1.52663791319355,"simB3":6.64128803880885,"estBweight":8.719323209952563,"simBweight":4.74520110525191}