{"row":1491,"ppnt":0,"estA1":9.925688931252807,"estA2":8.176719606854022,"estA3":6.3726647780276835,"estB1":8.930765769910067,"estB2":1.6261567058973014,"estB3":1.565631900448352,"simA1":9.9012686079368,"simA2":2.00386757962406,"simA3":0.0310760806314647,"simB1":4.37538749305531,"simB2":9.44617163389921,"simB3":3.87213318608701,"estBweight":8.983466729987413,"simBweight":2.92900152504444}