{"row":871,"ppnt":0,"estA1":4.497386743314564,"estA2":9.600980211980641,"estA3":8.863921803422272,"estB1":1.5878654597327113,"estB2":9.724094797857106,"estB3":3.5888920072466135,"simA1":4.22419659560546,"simA2":8.66224790690467,"simA3":9.45497336331755,"simB1":1.15797338075936,"simB2":7.123642785009,"simB3":6.7278318037279,"estBweight":8.983466729987413,"simBweight":2.92900152504444}