{"row":1072,"ppnt":1,"estA1":3.8806862919591367,"estA2":9.626646235119551,"estA3":8.97991495905444,"estB1":8.394808184821159,"estB2":0.27081510052084923,"estB3":2.8668326907791197,"simA1":8.83973032003269,"simA2":8.19595051696524,"simA3":4.56228775903583,"simB1":4.21935562277213,"simB2":7.75120429228991,"simB3":0.483602033928037,"estBweight":4.223042468074709,"simBweight":0.0447289785370231}