{"row":762,"ppnt":1,"estA1":4.522523288615048,"estA2":1.3626290927641094,"estA3":9.100093992892653,"estB1":4.035051381215453,"estB2":4.169891197234392,"estB3":2.050392662640661,"simA1":3.48081805044785,"simA2":3.96221425151452,"simA3":6.98509787209332,"simB1":9.88136988133192,"simB2":5.88631947757676,"simB3":8.26625416753814,"estBweight":4.223042468074709,"simBweight":0.0447289785370231}