{"row":1646,"ppnt":5,"estA1":2.007699131499976,"estA2":9.288329223636538,"estA3":6.392417163588107,"estB1":6.887271711602807,"estB2":8.101494300644845,"estB3":9.215011096093804,"simA1":9.9313181033358,"simA2":2.19377591973171,"simA3":0.405011628754437,"simB1":8.7157239485532,"simB2":8.16571828676388,"simB3":1.48101322352886,"estBweight":6.995890932157636,"simBweight":1.30213885684498}