{"A1":7.14508535340428,"A2":9.96612856863067,"A3":5.06270894315094,"B1":7.34914857312106,"B2":9.73742052912712,"B3":12.4620961840264,"calc1":7.997011545505348,"calc2":9.788099401599045,"calc3":11.125799590136685,"ordA_12":"=","ordA_13":"=","ordA_23":">","ordB_12":"=","ordB_13":"<","ordB_23":"=","ppntid":1,"calcsd":1,"Aweight":0.216754862863576,"Bweight":0.891144645072327,"tolA":3,"tolB":3,"score1":0.010000000000000002,"score2":0.218,"score3":0.7720000000000001}