{"A1":5.39368811063468,"A2":2.72337059257552,"A3":3.53586649522185,"B1":1.26157285063528,"B2":11.481565637514,"B3":6.66728989686817,"calc1":-2.3391676828242742,"calc2":14.078199571308147,"calc3":-6.758898768972484,"ordA_12":"=","ordA_13":"=","ordA_23":"=","ordB_12":"<","ordB_13":"<","ordB_23":">","ppntid":2,"calcsd":5,"Aweight":-0.542492572263425,"Bweight":0.595980577187475,"tolA":3,"tolB":3,"score1":0.13399999999999998,"score2":0.8179999999999998,"score3":0.04799999999999999}