{"A1":9.1047868761234,"A2":7.09167925873771,"A3":5.72026313049719,"B1":13.7545235501602,"B2":13.5286517324857,"B3":0.879329808522016,"calc1":14.684841292620163,"calc2":13.40861145119703,"calc3":3.242820710761514,"ordA_12":"=","ordA_13":">","ordA_23":"=","ordB_12":"=","ordB_13":">","ordB_23":">","ppntid":1,"calcsd":1,"Aweight":0.216754862863576,"Bweight":0.891144645072327,"tolA":3,"tolB":3,"score1":0.732,"score2":0.268,"score3":0}