{"ppntid":5,"myBweight":0.5570385758245462,"simBweight":0.260427771368995,"simval1":8.42826245093175,"simval2":7.93129150742815,"simval3":7.41952566533329,"myval1":10.066349281620582,"myval2":12.892859235546869,"myval3":6.628554039467208,"mychoice":2,"simchoice":3,"oraclechoice":1,"myA1":6.063348236281046,"myA2":7.859318240940418,"myA3":3.875558667333807,"myB1":7.186218727157572,"myB2":9.036252089284202,"myB3":4.942198784093776,"simA1":6.32742163492367,"simA2":6.24415603699163,"simA3":7.2123027429916,"simB1":8.06688474491239,"simB2":6.47832395741716,"simB3":0.795702091418207}