{"ppntid":8,"myBweight":0.33878020231663103,"simBweight":0.949040221050382,"simval1":14.0935655079347,"simval2":1.81964386936594,"simval3":8.33248724877769,"myval1":7.6752143361830445,"myval2":1.947121273740932,"myval3":7.737033670627687,"mychoice":3,"simchoice":1,"oraclechoice":1,"myA1":6.4900436247678,"myA2":1.8814456156373183,"myA3":6.966268727651615,"myB1":3.498347020607655,"myB2":0.19385919736310875,"myB3":2.2751180196052267,"simA1":5.9566758479923,"simA2":0.710090156644583,"simA3":5.26116543915123,"simB1":8.57380907516927,"simB2":1.16913244361058,"simB3":3.23623987846076}