{"ppntid":7,"myBweight":0.6704426068341316,"simBweight":0.906092151300982,"simval1":13.6367625877384,"simval2":12.1141145283924,"simval3":7.93328216279941,"myval1":14.270318182104749,"myval2":4.910421080917146,"myval3":10.429049459903535,"mychoice":2,"simchoice":1,"oraclechoice":1,"myA1":8.124433341078937,"myA2":0.3036596630712385,"myA3":7.523338397949749,"myB1":9.166906724569658,"myB2":6.871224129980789,"myB3":4.334019097734137,"simA1":6.32742163492367,"simA2":6.24415603699163,"simA3":7.2123027429916,"simB1":8.06688474491239,"simB2":6.47832395741716,"simB3":0.795702091418207}