{"ppntid":0,"myBweight":0.7786946099046959,"simBweight":0.585800305008888,"simval1":11.0530051789649,"simval2":10.039160187193,"simval3":7.67842527084059,"myval1":8.943888540779376,"myval2":6.267843682235271,"myval3":4.342589888463028,"mychoice":1,"simchoice":1,"oraclechoice":1,"myA1":1.9020951755594506,"myA2":0.7765107174324593,"myA3":2.4032517270779663,"myB1":9.043074493711686,"myB2":7.05197248697393,"myB3":2.4904990181226716,"simA1":6.32742163492367,"simA2":6.24415603699163,"simA3":7.2123027429916,"simB1":8.06688474491239,"simB2":6.47832395741716,"simB3":0.795702091418207}