{"ppntid":8,"myBweight":0.5701259496080886,"simBweight":0.949040221050382,"simval1":14.0935655079347,"simval2":1.81964386936594,"simval3":8.33248724877769,"myval1":11.093855218010793,"myval2":4.226461013436921,"myval3":9.866020951097664,"mychoice":1,"simchoice":1,"oraclechoice":1,"myA1":7.120007997421496,"myA2":3.1799786410825504,"myA3":6.970665981187483,"myB1":6.970121642982514,"myB2":1.835528400476658,"myB3":5.078447967331572,"simA1":5.9566758479923,"simA2":0.710090156644583,"simA3":5.26116543915123,"simB1":8.57380907516927,"simB2":1.16913244361058,"simB3":3.23623987846076}