{"ppntid":9,"myBweight":0.35751683577176474,"simBweight":0.073144469410181,"simval1":2.4421152583252,"simval2":1.81155311912025,"simval3":2.96594449099526,"myval1":4.744676050887143,"myval2":5.856022160105756,"myval3":5.798086337601713,"mychoice":2,"simchoice":3,"oraclechoice":3,"myA1":4.092397231978033,"myA2":4.3022834958175356,"myA3":3.542672593917997,"myB1":1.82447021690894,"myB2":4.34591747528251,"myB3":6.308552543588604,"simA1":2.20709017245099,"simA2":1.57184537500143,"simA3":2.44585283799097,"simB1":3.21316276909783,"simB2":3.27718207612634,"simB3":7.11047133430839}