{"ppntid":9,"myBweight":0.539406461826013,"simBweight":0.073144469410181,"simval1":4.08257461268842,"simval2":0.957101686377563,"simval3":4.84667348742801,"myval1":10.05449679338543,"myval2":3.3383121706412453,"myval3":6.958140572770865,"mychoice":3,"simchoice":3,"oraclechoice":3,"myA1":5.099491477023339,"myA2":1.3167181982811593,"myA3":6.941757128925527,"myB1":9.18603255064516,"myB2":3.7478119292759904,"myB3":0.030373095253393156,"simA1":3.50641574244946,"simA2":0.692847419995815,"simA3":4.7204016125761,"simB1":7.87699842359871,"simB2":3.61277166288346,"simB3":1.72633523587137}