{"ppntid":6,"myBweight":0.5005825992497105,"simBweight":0.724405892658979,"simval1":12.171120479539,"simval2":10.9370920862985,"simval3":7.78871402681602,"myval1":5.359645277094417,"myval2":8.000713772211839,"myval3":6.492337498413194,"mychoice":1,"simchoice":1,"oraclechoice":1,"myA1":0.8917933687843527,"myA2":4.475225861113399,"myA3":4.275791282704631,"myB1":8.92530406571588,"myB2":7.042769597629954,"myB3":4.4279330105177355,"simA1":6.32742163492367,"simA2":6.24415603699163,"simA3":7.2123027429916,"simB1":8.06688474491239,"simB2":6.47832395741716,"simB3":0.795702091418207}