{"ppntid":2,"myBweight":0.8848210444582598,"simBweight":0.293739611981437,"simval1":4.62072941980805,"simval2":9.07371805963748,"simval3":1.73475793738178,"myval1":8.75409806900906,"myval2":12.379402494774931,"myval3":6.324122916578991,"mychoice":1,"simchoice":2,"oraclechoice":2,"myA1":1.8076426018696878,"myA2":8.78095713197682,"myA3":0.40624780289192586,"myB1":7.850689707987684,"myB2":4.06686231677649,"myB3":6.688216957260935,"simA1":2.85226068925112,"simA2":7.94943025801331,"simA3":1.36154596460983,"simB1":6.02053198963404,"simB2":3.8274980825372,"simB3":1.27055377466604}