{"ppntid":4,"myBweight":0.8207565886273899,"simBweight":0.813574214931577,"simval1":9.91493855094605,"simval2":3.63210528935328,"simval3":6.12490344680887,"myval1":12.687473693648386,"myval2":4.932947891525297,"myval3":9.41504039289657,"mychoice":3,"simchoice":1,"oraclechoice":1,"myA1":6.490494055056786,"myA2":0.9281941848622011,"myA3":7.624801012203182,"myB1":7.550325790202006,"myB2":4.879343964037539,"myB3":2.1812062254502673,"simA1":3.50641574244946,"simA2":0.692847419995815,"simA3":4.7204016125761,"simB1":7.87699842359871,"simB2":3.61277166288346,"simB3":1.72633523587137}