{"ppntid":8,"myBweight":0.4286445309563464,"simBweight":0.949040221050382,"simval1":12.0638099184515,"simval2":17.3476121600122,"simval3":6.85406398835167,"myval1":9.115973003330085,"myval2":13.52168105025111,"myval3":3.4035808435582213,"mychoice":2,"simchoice":2,"oraclechoice":2,"myA1":6.647493028128282,"myA2":9.64359524337892,"myA3":2.427845118174936,"myB1":5.75880431670128,"myB2":9.047323660516124,"myB3":2.276328414143829,"simA1":7.14630752336234,"simA2":8.22015926474705,"simA3":3.87473117792979,"simB1":5.1815532008186,"simB2":9.61756171425804,"simB3":3.13931142678484}