{"ppntid":0,"myBweight":0.9264360702891611,"simBweight":0.585800305008888,"simval1":9.37745850361782,"simval2":8.19410020231006,"simval3":6.02938432111528,"myval1":18.069107096322448,"myval2":15.959276781055474,"myval3":13.572415980560786,"mychoice":1,"simchoice":1,"oraclechoice":1,"myA1":9.982750568318846,"myA2":7.7122613143985514,"myA3":6.192672623793774,"myB1":8.728456055774762,"myB2":8.901872164889745,"myB3":7.965734057033888,"simA1":4.93442194536328,"simA2":3.72630221536383,"simA3":1.86676760902628,"simB1":7.58455828763545,"simB2":7.62682768981904,"simB3":7.10586299886927}