{"ppntid":3,"myBweight":0.5758296084760294,"simBweight":0.277374957920983,"simval1":7.03818848124541,"simval2":5.84179322489798,"simval3":3.83775605932992,"myval1":12.846145333231888,"myval2":10.237515612652228,"myval3":10.233979552018866,"mychoice":2,"simchoice":2,"oraclechoice":1,"myA1":8.567379344902502,"myA2":5.528974636139532,"myA3":5.114052353347461,"myB1":7.430611287344915,"myB2":8.176969206175691,"myB3":8.891392737205067,"simA1":4.93442194536328,"simA2":3.72630221536383,"simA3":1.86676760902628,"simB1":7.58455828763545,"simB2":7.62682768981904,"simB3":7.10586299886927}