{"ppntid":6,"myBweight":0.9194269452854241,"simBweight":0.724405892658979,"simval1":4.94785768961258,"simval2":7.18736479669364,"simval3":12.786990035245,"myval1":8.87248552297716,"myval2":9.990713215817447,"myval3":15.947015551196058,"mychoice":3,"simchoice":3,"oraclechoice":3,"myA1":1.7924337841079585,"myA2":4.740481961739049,"myA3":7.8915707436081295,"myB1":7.700504945144164,"myB2":5.710329984345339,"myB3":8.761375603460502,"simA1":1.02557973470539,"simA2":3.33464161725715,"simA3":6.13869413500652,"simB1":5.41447549592704,"simB2":5.31845919322222,"simB3":9.17758395895362}