{"ppntid":3,"myBweight":0.4879776384081199,"simBweight":0.277374957920983,"simval1":8.56497345159716,"simval2":8.04108087207871,"simval3":7.43301057711636,"myval1":10.844277503298226,"myval2":10.734016642847546,"myval3":9.405043952474092,"mychoice":1,"simchoice":1,"oraclechoice":1,"myA1":8.052375757298648,"myA2":8.83336726605145,"myA3":8.774162838170758,"myB1":5.721372305311605,"myB2":3.89495179122632,"myB3":1.2928484107620042,"simA1":6.32742163492367,"simA2":6.24415603699163,"simA3":7.2123027429916,"simB1":8.06688474491239,"simB2":6.47832395741716,"simB3":0.795702091418207}