{"ppntid":4,"myBweight":0.5559439923121479,"simBweight":0.813574214931577,"simval1":12.9321058352964,"simval2":1.6612661666061,"simval3":7.89408675760021,"myval1":13.943645203330082,"myval2":3.1888016419483316,"myval3":12.116663877094407,"mychoice":1,"simchoice":1,"oraclechoice":1,"myA1":9.561517485535902,"myA2":1.74858968915939,"myA3":9.201702650401884,"myB1":7.882318683882337,"myB2":2.590570224168014,"myB3":5.243264190281687,"simA1":5.9566758479923,"simA2":0.710090156644583,"simA3":5.26116543915123,"simB1":8.57380907516927,"simB2":1.16913244361058,"simB3":3.23623987846076}