{"ppntid":0,"myBweight":0.6163554912901571,"simBweight":0.585800305008888,"simval1":4.1973811316826,"simval2":6.45019663482405,"simval3":11.5149256174062,"myval1":2.990883154102989,"myval2":7.378055241616882,"myval3":13.420456819444123,"mychoice":3,"simchoice":3,"oraclechoice":3,"myA1":2.144029415155695,"myA2":6.723591240206462,"myA3":9.211914566592103,"myB1":1.3739696504928633,"myB2":1.0618287833219342,"myB3":6.828108635882659,"simA1":1.02557973470539,"simA2":3.33464161725715,"simA3":6.13869413500652,"simB1":5.41447549592704,"simB2":5.31845919322222,"simB3":9.17758395895362}