{"ppntid":0,"myBweight":0.7688694816941499,"simBweight":0.585800305008888,"simval1":4.1973811316826,"simval2":6.45019663482405,"simval3":11.5149256174062,"myval1":5.741481003993613,"myval2":10.351428966574817,"myval3":16.105105775698,"mychoice":3,"simchoice":3,"oraclechoice":3,"myA1":2.3037025692716218,"myA2":6.983156412929072,"myA3":9.118939742913652,"myB1":4.471211976247369,"myB2":4.3808118722881195,"myB3":9.086283431865215,"simA1":1.02557973470539,"simA2":3.33464161725715,"simA3":6.13869413500652,"simB1":5.41447549592704,"simB2":5.31845919322222,"simB3":9.17758395895362}