{"ppntid":9,"myBweight":0.8763067676107293,"simBweight":0.073144469410181,"simval1":1.4216186719894,"simval2":3.72365749302509,"simval3":6.80998364415157,"myval1":3.5349945688312827,"myval2":7.9959539336876055,"myval3":13.18998790201966,"mychoice":3,"simchoice":3,"oraclechoice":3,"myA1":0.4911582758699451,"myA2":4.466354514584976,"myA3":8.735846817944088,"myB1":3.473482581060543,"myB2":4.027812576098395,"myB3":5.082855968600917,"simA1":1.02557973470539,"simA2":3.33464161725715,"simA3":6.13869413500652,"simB1":5.41447549592704,"simB2":5.31845919322222,"simB3":9.17758395895362}