{"ppntid":7,"myBweight":0.7299007609488157,"simBweight":0.906092151300982,"simval1":8.30741747171501,"simval2":11.4174962297198,"simval3":2.51278476764057,"myval1":9.21763782335223,"myval2":13.698276928519633,"myval3":13.186299354664703,"mychoice":3,"simchoice":1,"oraclechoice":2,"myA1":2.1558330608267684,"myA2":7.84787904737744,"myA3":9.4331510548732,"myB1":9.675020414207612,"myB2":8.015333308513226,"myB3":5.141998064110378,"simA1":2.85226068925112,"simA2":7.94943025801331,"simA3":1.36154596460983,"simB1":6.02053198963404,"simB2":3.8274980825372,"simB3":1.27055377466604}