{"ppntid":1,"myBweight":0.604516435192739,"simBweight":0.00894579570740461,"simval1":7.19266063974391,"simval2":8.30619600704616,"simval3":3.90281481661573,"myval1":10.858034298761986,"myval2":14.899087548479551,"myval3":3.7784161041152107,"mychoice":2,"simchoice":2,"oraclechoice":2,"myA1":6.620554026742276,"myA2":9.928945645238638,"myA3":1.1346230152273296,"myB1":7.009702342780253,"myB2":8.221682015405047,"myB3":4.37340150734687,"simA1":7.14630752336234,"simA2":8.22015926474705,"simA3":3.87473117792979,"simB1":5.1815532008186,"simB2":9.61756171425804,"simB3":3.13931142678484}