{"ppntid":7,"myBweight":0.2524825748484184,"simBweight":0.906092151300982,"simval1":11.8412722101725,"simval2":16.9345564486891,"simval3":6.71923662222902,"myval1":9.455138833822618,"myval2":11.444881059558396,"myval3":4.9700655863512235,"mychoice":2,"simchoice":2,"oraclechoice":2,"myA1":8.14575376971954,"myA2":9.726688377253549,"myA3":4.904657790511835,"myB1":5.186041313501281,"myB2":6.805193124065649,"myB3":0.2590586533690775,"simA1":7.14630752336234,"simA2":8.22015926474705,"simA3":3.87473117792979,"simB1":5.1815532008186,"simB2":9.61756171425804,"simB3":3.13931142678484}