{"ppntid":8,"myBweight":0.4676348700075764,"simBweight":0.949040221050382,"simval1":14.0935655079347,"simval2":1.81964386936594,"simval3":8.33248724877769,"myval1":9.357765844480854,"myval2":1.6497193051323964,"myval3":4.47641425548424,"mychoice":1,"simchoice":1,"oraclechoice":1,"myA1":5.584080774510132,"myA2":1.0402551516131253,"myA3":2.1673239922098264,"myB1":8.069725574377255,"myB2":1.30329064962456,"myB3":4.937805992177193,"simA1":5.9566758479923,"simA2":0.710090156644583,"simA3":5.26116543915123,"simB1":8.57380907516927,"simB2":1.16913244361058,"simB3":3.23623987846076}