{"ppntid":0,"myBweight":0.3858794417826413,"simBweight":0.585800305008888,"simval1":4.0893619026317,"simval2":3.4916196347659,"simval3":6.61116911438578,"myval1":3.5368558424957977,"myval2":2.893932358057193,"myval3":6.0835528167726025,"mychoice":1,"simchoice":2,"oraclechoice":3,"myA1":2.2100285957413424,"myA2":1.779713501938014,"myA3":2.777761723320169,"myB1":3.4384502077253254,"myB2":2.8874791851357506,"myB3":8.566901305186722,"simA1":2.20709017245099,"simA2":1.57184537500143,"simA3":2.44585283799097,"simB1":3.21316276909783,"simB2":3.27718207612634,"simB3":7.11047133430839}