{"ppntid":2,"myBweight":0.6999068060321403,"simBweight":0.293739611981437,"simval1":4.62072941980805,"simval2":9.07371805963748,"simval3":1.73475793738178,"myval1":8.881416085761158,"myval2":14.185224346248127,"myval3":0.43523187612505587,"mychoice":2,"simchoice":2,"oraclechoice":2,"myA1":3.6496636971463747,"myA2":9.93659652094327,"myA3":0.18766411280567663,"myB1":7.474927152479407,"myB2":6.070276483509085,"myB3":0.3537153249342895,"simA1":2.85226068925112,"simA2":7.94943025801331,"simA3":1.36154596460983,"simB1":6.02053198963404,"simB2":3.8274980825372,"simB3":1.27055377466604}