{"ppntid":7,"myBweight":0.4283685001815855,"simBweight":0.906092151300982,"simval1":5.93159348497637,"simval2":8.15365574925036,"simval3":14.4544309281202,"myval1":1.8100147261963313,"myval2":9.227061884074269,"myval3":11.228046596278032,"mychoice":3,"simchoice":3,"oraclechoice":3,"myA1":1.2502271884201654,"myA2":9.006400604880788,"myA3":9.064877290593554,"myB1":1.3067896858402794,"myB2":0.5151202273275035,"myB3":5.049786118184485,"simA1":1.02557973470539,"simA2":3.33464161725715,"simA3":6.13869413500652,"simB1":5.41447549592704,"simB2":5.31845919322222,"simB3":9.17758395895362}