{"ppntid":8,"myBweight":0.2762195800011446,"simBweight":0.949040221050382,"simval1":8.56598769953431,"simval2":11.5818798843343,"simval3":2.56735259977529,"myval1":5.989033729648623,"myval2":10.178969417213038,"myval3":2.0194916432316,"mychoice":2,"simchoice":1,"oraclechoice":2,"myA1":3.923030594541692,"myA2":8.693893312178442,"myA3":0.805954221176608,"myB1":7.479568012877181,"myB2":5.37643314434278,"myB3":4.393379434035644,"simA1":2.85226068925112,"simA2":7.94943025801331,"simA3":1.36154596460983,"simB1":6.02053198963404,"simB2":3.8274980825372,"simB3":1.27055377466604}