{"ppntid":3,"myBweight":0.6645857078605958,"simBweight":0.277374957920983,"simval1":0.466096794852809,"simval2":10.9671380646308,"simval3":8.12232017911365,"myval1":2.6790642487353296,"myval2":12.960204739885892,"myval3":5.2090759537562565,"mychoice":2,"simchoice":3,"oraclechoice":2,"myA1":2.4240162808878374,"myA2":7.906273116453921,"myA3":4.862213094379227,"myB1":0.38376986569351734,"myB2":7.604634832881613,"myB3":0.5219234408359985,"simA1":0.0122929364442825,"simA2":8.57054706430063,"simA3":7.79470579931512,"simB1":1.63606643443927,"simB2":8.6402572831139,"simB3":1.1811245768331}