{"ppntid":3,"myBweight":0.3944266431768386,"simBweight":0.277374957920983,"simval1":3.09834106032277,"simval2":2.48085361546637,"simval3":4.41811952514312,"myval1":11.951223229414573,"myval2":5.964266220666464,"myval3":6.882046190978587,"mychoice":3,"simchoice":3,"oraclechoice":3,"myA1":9.847546165060649,"myA2":3.8153799162647606,"myA3":3.8419192969516236,"myB1":5.333506497964324,"myB2":5.448126645537645,"myB3":7.7077118055230915,"simA1":2.20709017245099,"simA2":1.57184537500143,"simA3":2.44585283799097,"simB1":3.21316276909783,"simB2":3.27718207612634,"simB3":7.11047133430839}