{"ppntid":5,"myBweight":0.7052618506830011,"simBweight":0.260427771368995,"simval1":5.55780488698436,"simval2":1.63371349262561,"simval3":5.16998725068985,"myval1":10.308005813326204,"myval2":2.5565220617870508,"myval3":9.946084209887424,"mychoice":1,"simchoice":1,"oraclechoice":1,"myA1":5.125879047444741,"myA2":0.41437916613853876,"myA3":6.870283009008822,"myB1":7.347805302190817,"myB2":3.037372422135103,"myB3":4.36121874152116,"simA1":3.50641574244946,"simA2":0.692847419995815,"simA3":4.7204016125761,"simB1":7.87699842359871,"simB2":3.61277166288346,"simB3":1.72633523587137}