{"ppntid":4,"myBweight":0.3335758210691492,"simBweight":0.813574214931577,"simval1":9.91493855094605,"simval2":3.63210528935328,"simval3":6.12490344680887,"myval1":9.148883755912692,"myval2":2.5075203734745735,"myval3":8.819601746355936,"mychoice":1,"simchoice":1,"oraclechoice":1,"myA1":6.490494055056786,"myA2":0.9281941848622011,"myA3":7.783050737844306,"myB1":7.969371677885579,"myB2":4.734534366281251,"myB3":3.107392511811451,"simA1":3.50641574244946,"simA2":0.692847419995815,"simA3":4.7204016125761,"simB1":7.87699842359871,"simB2":3.61277166288346,"simB3":1.72633523587137}