{"ppntid":2,"myBweight":0.5535041303730247,"simBweight":0.293739611981437,"simval1":8.6969852297932,"simval2":8.14709640253339,"simval3":7.4460319665776,"myval1":10.008261918003562,"myval2":10.016751556317455,"myval3":8.214047548802363,"mychoice":1,"simchoice":2,"oraclechoice":1,"myA1":6.416846988213014,"myA2":7.534121749255672,"myA3":7.448895804758358,"myB1":6.488506106305252,"myB2":4.485295900842974,"myB3":1.3823776590941494,"simA1":6.32742163492367,"simA2":6.24415603699163,"simA3":7.2123027429916,"simB1":8.06688474491239,"simB2":6.47832395741716,"simB3":0.795702091418207}