{"ppntid":5,"myBweight":0.7019237109648063,"simBweight":0.260427771368995,"simval1":6.90965155703043,"simval2":5.71253995323875,"simval3":3.71733167347521,"myval1":12.37158906302496,"myval2":10.864435009858187,"myval3":9.411587155515933,"mychoice":1,"simchoice":3,"oraclechoice":1,"myA1":9.898726379212412,"myA2":7.927675372211718,"myA3":6.325412646189883,"myB1":3.52297927137061,"myB2":4.183872964783941,"myB3":4.396737795171573,"simA1":4.93442194536328,"simA2":3.72630221536383,"simA3":1.86676760902628,"simB1":7.58455828763545,"simB2":7.62682768981904,"simB3":7.10586299886927}