{"ppntid":8,"myBweight":0.6397674745728158,"simBweight":0.949040221050382,"simval1":5.25651087710646,"simval2":4.68202297695072,"simval3":9.1939761248754,"myval1":2.865921838157131,"myval2":3.0905770247823923,"myval3":6.0291544832336905,"mychoice":3,"simchoice":2,"oraclechoice":3,"myA1":0.19427231573351467,"myA2":0.9839864563966083,"myA3":0.16622401231154882,"myB1":4.175969596152922,"myB2":3.2927440861109614,"myB3":9.164158391823413,"simA1":2.20709017245099,"simA2":1.57184537500143,"simA3":2.44585283799097,"simB1":3.21316276909783,"simB2":3.27718207612634,"simB3":7.11047133430839}