{"ppntid":4,"myBweight":0.49472729792793235,"simBweight":0.813574214931577,"simval1":5.43065738557049,"simval2":7.66160288002855,"simval3":13.6053397993808,"myval1":4.9544824140302035,"myval2":8.119245290750502,"myval3":9.565385448404578,"mychoice":3,"simchoice":3,"oraclechoice":3,"myA1":3.74542761444312,"myA2":7.153592232157175,"myA3":8.579872989148624,"myB1":2.4438813153245653,"myB2":1.951889581670092,"myB3":1.9920316978334918,"simA1":1.02557973470539,"simA2":3.33464161725715,"simA3":6.13869413500652,"simB1":5.41447549592704,"simB2":5.31845919322222,"simB3":9.17758395895362}