{"ppntid":4,"myBweight":0.5883613761896241,"simBweight":0.813574214931577,"simval1":4.82123654976713,"simval2":4.23807620977375,"simval3":8.2307489715944,"myval1":5.573696822821707,"myval2":5.650776659075724,"myval3":9.536347285154214,"mychoice":3,"simchoice":3,"oraclechoice":3,"myA1":4.991336947383016,"myA2":5.177185448608399,"myA3":5.801864384135332,"myB1":0.9897996350647609,"myB2":0.8049325289406672,"myB3":6.34726046295617,"simA1":2.20709017245099,"simA2":1.57184537500143,"simA3":2.44585283799097,"simB1":3.21316276909783,"simB2":3.27718207612634,"simB3":7.11047133430839}