{"ppntid":0,"myBweight":0.591290334511545,"simBweight":0.585800305008888,"simval1":6.37909016509451,"simval2":10.1915798021845,"simval3":2.10583675333939,"myval1":7.345303196667789,"myval2":6.816290964368088,"myval3":2.984879098831109,"mychoice":2,"simchoice":1,"oraclechoice":2,"myA1":4.153463458728774,"myA2":6.4033365017140635,"myA3":1.484011247809165,"myB1":5.398092192012134,"myB2":0.6983954219294985,"myB3":2.53829255007489,"simA1":2.85226068925112,"simA2":7.94943025801331,"simA3":1.36154596460983,"simB1":6.02053198963404,"simB2":3.8274980825372,"simB3":1.27055377466604}