{"ppntid":5,"myBweight":0.6967213923599781,"simBweight":0.260427771368995,"simval1":6.90965155703043,"simval2":5.71253995323875,"simval3":3.71733167347521,"myval1":12.36813349256635,"myval2":8.499201621420333,"myval3":5.515559958511104,"mychoice":1,"simchoice":3,"oraclechoice":1,"myA1":9.923514732529204,"myA2":5.853877220768098,"myA3":3.473975078092739,"myB1":3.508746518829544,"myB2":3.79681811073983,"myB3":2.9302744293568783,"simA1":4.93442194536328,"simA2":3.72630221536383,"simA3":1.86676760902628,"simB1":7.58455828763545,"simB2":7.62682768981904,"simB3":7.10586299886927}