{"ppntid":5,"myBweight":0.36252291693591654,"simBweight":0.260427771368995,"simval1":8.49572787568141,"simval2":10.7248394279951,"simval3":4.69229505644059,"myval1":7.775352250062944,"myval2":10.078069954137883,"myval3":4.445009035758451,"mychoice":2,"simchoice":2,"oraclechoice":2,"myA1":5.136771766205537,"myA2":6.948965614782489,"myA3":3.9885150114295143,"myB1":7.278382581048886,"myB2":8.631466296814905,"myB3":1.2592142537836626,"simA1":7.14630752336234,"simA2":8.22015926474705,"simA3":3.87473117792979,"simB1":5.1815532008186,"simB2":9.61756171425804,"simB3":3.13931142678484}