{"ppntid":4,"myBweight":0.23416386478899695,"simBweight":0.813574214931577,"simval1":4.82123654976713,"simval2":4.23807620977375,"simval3":8.2307489715944,"myval1":1.8802306506645883,"myval2":1.2968189486976665,"myval3":2.5673673458974653,"mychoice":1,"simchoice":3,"oraclechoice":3,"myA1":0.38376216235995964,"myA2":0.029550763480612474,"myA3":0.6890809512992213,"myB1":6.390689228045854,"myB2":5.411886186448871,"myB3":8.021247839801207,"simA1":2.20709017245099,"simA2":1.57184537500143,"simA3":2.44585283799097,"simB1":3.21316276909783,"simB2":3.27718207612634,"simB3":7.11047133430839}