{"ppntid":2,"myBweight":0.5492909575719335,"simBweight":0.293739611981437,"simval1":5.82020220297573,"simval2":1.75406156642873,"simval3":5.22749465491084,"myval1":5.390880328548936,"myval2":4.122906608838756,"myval3":8.22709863047751,"mychoice":3,"simchoice":1,"oraclechoice":1,"myA1":2.3945528730435073,"myA2":2.942774629010194,"myA3":7.950697100279518,"myB1":5.4549003842158434,"myB2":2.148464240236496,"myB3":0.5031969421448124,"simA1":3.50641574244946,"simA2":0.692847419995815,"simA3":4.7204016125761,"simB1":7.87699842359871,"simB2":3.61277166288346,"simB3":1.72633523587137}