{"ppntid":2,"myBweight":0.4722061427635765,"simBweight":0.293739611981437,"simval1":4.62072941980805,"simval2":9.07371805963748,"simval3":1.73475793738178,"myval1":7.9796029960321455,"myval2":10.058938269759281,"myval3":4.035686153906814,"mychoice":2,"simchoice":2,"oraclechoice":2,"myA1":5.074251274290509,"myA2":6.860388503288062,"myA3":3.9397805041715173,"myB1":6.152719032281384,"myB2":6.7736301517633235,"myB3":0.20310123280906645,"simA1":2.85226068925112,"simA2":7.94943025801331,"simA3":1.36154596460983,"simB1":6.02053198963404,"simB2":3.8274980825372,"simB3":1.27055377466604}