{"ppntid":5,"myBweight":0.5534354041629763,"simBweight":0.260427771368995,"simval1":6.90965155703043,"simval2":5.71253995323875,"simval3":3.71733167347521,"myval1":11.912502688957806,"myval2":8.548562223340358,"myval3":5.623583101964567,"mychoice":2,"simchoice":3,"oraclechoice":1,"myA1":9.970638141203942,"myA2":6.447268657689753,"myA3":3.473975078092739,"myB1":3.508746518829544,"myB2":3.79681811073983,"myB3":3.8841172930071677,"simA1":4.93442194536328,"simA2":3.72630221536383,"simA3":1.86676760902628,"simB1":7.58455828763545,"simB2":7.62682768981904,"simB3":7.10586299886927}