{"ppntid":4,"myBweight":0.47030550443768127,"simBweight":0.813574214931577,"simval1":11.3618856008445,"simval2":16.0447594859805,"simval3":6.428794007402,"myval1":4.619260359906276,"myval2":13.311093925173235,"myval3":7.598148550160806,"mychoice":2,"simchoice":2,"oraclechoice":2,"myA1":3.155949565125369,"myA2":9.936673727357157,"myA3":7.048369924075395,"myB1":3.1114047804533107,"myB2":7.174953654541401,"myB3":1.1689819083507258,"simA1":7.14630752336234,"simA2":8.22015926474705,"simA3":3.87473117792979,"simB1":5.1815532008186,"simB2":9.61756171425804,"simB3":3.13931142678484}