{"ppntid":9,"myBweight":0.7235298069034072,"simBweight":0.073144469410181,"simval1":7.52530948295684,"simval2":8.92363071335613,"simval3":4.10435444655529,"myval1":11.430536949521407,"myval2":14.623837325286653,"myval3":7.340403030537548,"mychoice":2,"simchoice":2,"oraclechoice":2,"myA1":7.643764547048695,"myA2":8.706216883115221,"myA3":5.1953220215053335,"myB1":5.233747616673177,"myB2":8.178820534703204,"myB3":2.964744490918516,"simA1":7.14630752336234,"simA2":8.22015926474705,"simA3":3.87473117792979,"simB1":5.1815532008186,"simB2":9.61756171425804,"simB3":3.13931142678484}