{"ppntid":4,"myBweight":0.5001346716224748,"simBweight":0.813574214931577,"simval1":7.7466327730578,"simval2":8.63122175143569,"simval3":10.388279620272,"myval1":6.39397306294018,"myval2":6.826390560740977,"myval3":7.65297460002487,"mychoice":3,"simchoice":1,"oraclechoice":3,"myA1":4.49541329071709,"myA2":6.482327291917089,"myA3":6.44741585290614,"myB1":3.796097091337456,"myB2":0.687941245320427,"myB3":2.4104682508969155,"simA1":1.06841044733301,"simA2":5.48331617377698,"simA3":5.79234702978283,"simB1":8.20849801180884,"simB2":3.86922977631912,"simB3":5.64906373154372}