{"ppntid":2,"myBweight":0.3544377979695109,"simBweight":0.293739611981437,"simval1":8.47514319893544,"simval2":1.05351066698566,"simval3":6.21177728532914,"myval1":9.315743551996409,"myval2":0.9787631819831601,"myval3":7.889670595509532,"mychoice":1,"simchoice":1,"oraclechoice":1,"myA1":6.630730543544205,"myA2":0.5709695628848133,"myA3":7.018430046677933,"myB1":7.575413863402831,"myB2":1.1505364874584445,"myB3":2.4580915292407512,"simA1":5.9566758479923,"simA2":0.710090156644583,"simA3":5.26116543915123,"simB1":8.57380907516927,"simB2":1.16913244361058,"simB3":3.23623987846076}