{"ppntid":6,"myBweight":0.6777649243365338,"simBweight":0.724405892658979,"simval1":10.8998551951613,"simval2":15.187177643567,"simval3":6.1488668743844,"myval1":11.338852483017174,"myval2":16.222190441655208,"myval3":3.4683869314088587,"mychoice":1,"simchoice":2,"oraclechoice":2,"myA1":6.857069552123973,"myA2":9.963669617916526,"myA3":1.07123617314286,"myB1":6.612592021164907,"myB2":9.2340582981115,"myB3":3.536846880373128,"simA1":7.14630752336234,"simA2":8.22015926474705,"simA3":3.87473117792979,"simB1":5.1815532008186,"simB2":9.61756171425804,"simB3":3.13931142678484}