{"ppntid":2,"myBweight":0.4677893510113916,"simBweight":0.293739611981437,"simval1":2.61602566596199,"simval2":4.89688375701335,"simval3":8.83451408603661,"myval1":2.9231768225262478,"myval2":4.673723731414502,"myval3":10.81755041282931,"mychoice":3,"simchoice":3,"oraclechoice":3,"myA1":0.3001432316323882,"myA2":2.294492863949036,"myA3":6.560377901910554,"myB1":5.607296500492556,"myB2":5.086115924446359,"myB3":9.100618690259765,"simA1":1.02557973470539,"simA2":3.33464161725715,"simA3":6.13869413500652,"simB1":5.41447549592704,"simB2":5.31845919322222,"simB3":9.17758395895362}