{"ppntid":9,"myBweight":0.5521981606224466,"simBweight":0.073144469410181,"simval1":3.29262930719993,"simval2":8.22939057442898,"simval3":1.45447994631488,"myval1":6.7306829248241415,"myval2":11.223955933085481,"myval3":10.065785342735838,"mychoice":2,"simchoice":2,"oraclechoice":2,"myA1":2.944487097051356,"myA2":8.425440574414358,"myA3":8.732443872986511,"myB1":6.856588988824093,"myB2":5.0679548724258545,"myB3":2.414606865488944,"simA1":2.85226068925112,"simA2":7.94943025801331,"simA3":1.36154596460983,"simB1":6.02053198963404,"simB2":3.8274980825372,"simB3":1.27055377466604}