{"ppntid":8,"myBweight":0.5787135467369968,"simBweight":0.949040221050382,"simval1":14.0935655079347,"simval2":1.81964386936594,"simval3":8.33248724877769,"myval1":10.997356917703835,"myval2":1.7507477479248714,"myval3":10.370379644880394,"mychoice":1,"simchoice":1,"oraclechoice":1,"myA1":6.742932061107785,"myA2":0.38220466238607864,"myA3":7.528826877200241,"myB1":7.351521111928494,"myB2":2.364802229453846,"myB3":4.910119667496793,"simA1":5.9566758479923,"simA2":0.710090156644583,"simA3":5.26116543915123,"simB1":8.57380907516927,"simB2":1.16913244361058,"simB3":3.23623987846076}