{"ppntid":6,"myBweight":0.5379598084909488,"simBweight":0.724405892658979,"simval1":4.5347242164579,"simval2":3.94585538226373,"simval3":7.59672017214672,"myval1":6.476411277874993,"myval2":2.0435253015732995,"myval3":7.715033496226622,"mychoice":3,"simchoice":1,"oraclechoice":3,"myA1":5.414537104808819,"myA2":0.5335762322147075,"myA3":4.50690742649281,"myB1":1.973891276459625,"myB2":2.8068064668143267,"myB3":5.963505115248379,"simA1":2.20709017245099,"simA2":1.57184537500143,"simA3":2.44585283799097,"simB1":3.21316276909783,"simB2":3.27718207612634,"simB3":7.11047133430839}