{"ppntid":5,"myBweight":0.13763518312065712,"simBweight":0.260427771368995,"simval1":8.49572787568141,"simval2":10.7248394279951,"simval3":4.69229505644059,"myval1":6.565655026045614,"myval2":10.547117765268649,"myval3":2.3836882764560445,"mychoice":2,"simchoice":2,"oraclechoice":2,"myA1":6.1519988633549065,"myA2":9.447743426579676,"myA3":2.1303251194530137,"myB1":3.005453644276972,"myB2":7.987596730446547,"myB3":1.8408313285776745,"simA1":7.14630752336234,"simA2":8.22015926474705,"simA3":3.87473117792979,"simB1":5.1815532008186,"simB2":9.61756171425804,"simB3":3.13931142678484}