{"ppntid":4,"myBweight":0.5405415502143774,"simBweight":0.813574214931577,"simval1":5.43065738557049,"simval2":7.66160288002855,"simval3":13.6053397993808,"myval1":5.7512722129556115,"myval2":6.176468883063916,"myval3":14.102196534070405,"mychoice":3,"simchoice":3,"oraclechoice":3,"myA1":3.294950237413783,"myA2":4.778309537394529,"myA3":9.251795538443615,"myB1":4.544187166680633,"myB2":2.5865899580057827,"myB3":8.973225080852957,"simA1":1.02557973470539,"simA2":3.33464161725715,"simA3":6.13869413500652,"simB1":5.41447549592704,"simB2":5.31845919322222,"simB3":9.17758395895362}