{"ppntid":2,"myBweight":0.7183373252344489,"simBweight":0.293739611981437,"simval1":5.82020220297573,"simval2":1.75406156642873,"simval3":5.22749465491084,"myval1":7.426877240127217,"myval2":0.3825258385103034,"myval3":9.998968920104758,"mychoice":1,"simchoice":1,"oraclechoice":1,"myA1":2.8649229237789564,"myA2":0.18781624386000395,"myA3":9.65878479475258,"myB1":6.350713176235612,"myB2":0.2710559340442886,"myB3":0.4735715567072196,"simA1":3.50641574244946,"simA2":0.692847419995815,"simA3":4.7204016125761,"simB1":7.87699842359871,"simB2":3.61277166288346,"simB3":1.72633523587137}