{"ppntid":4,"myBweight":0.5616229768036206,"simBweight":0.813574214931577,"simval1":12.8904310582093,"simval2":11.5147533647197,"simval3":7.85966544733658,"myval1":9.347897526941086,"myval2":7.946656382845623,"myval3":6.64593325894641,"mychoice":1,"simchoice":2,"oraclechoice":1,"myA1":4.5669991887252355,"myA2":4.692994888946453,"myA3":5.480527587722188,"myB1":8.512647337588465,"myB2":5.7933197683912745,"myB3":2.0750676510012567,"simA1":6.32742163492367,"simA2":6.24415603699163,"simA3":7.2123027429916,"simB1":8.06688474491239,"simB2":6.47832395741716,"simB3":0.795702091418207}