{"ppntid":4,"myBweight":0.4083155919476271,"simBweight":0.813574214931577,"simval1":11.1050229998291,"simval2":9.93129256552677,"simval3":7.64791451974269,"myval1":6.629571124330296,"myval2":8.868112526803971,"myval3":7.270985423649165,"mychoice":1,"simchoice":3,"oraclechoice":1,"myA1":5.079858189259896,"myA2":7.507234365148392,"myA3":5.791853004438503,"myB1":3.795380253980538,"myB2":3.3329076540141833,"myB3":3.6225225006846773,"simA1":4.93442194536328,"simA2":3.72630221536383,"simA3":1.86676760902628,"simB1":7.58455828763545,"simB2":7.62682768981904,"simB3":7.10586299886927}