{"ppntid":6,"myBweight":0.6836233528057696,"simBweight":0.724405892658979,"simval1":12.171120479539,"simval2":10.9370920862985,"simval3":7.78871402681602,"myval1":9.639175056739795,"myval2":8.962757918521833,"myval3":5.967742872254559,"mychoice":2,"simchoice":1,"oraclechoice":1,"myA1":3.036072899348383,"myA2":2.777123716253733,"myA3":2.7791436289718674,"myB1":9.65897687709255,"myB2":9.048307341872734,"myB3":4.664263194339169,"simA1":6.32742163492367,"simA2":6.24415603699163,"simA3":7.2123027429916,"simB1":8.06688474491239,"simB2":6.47832395741716,"simB3":0.795702091418207}