{"ppntid":7,"myBweight":0.6963173703652352,"simBweight":0.906092151300982,"simval1":5.11851173838307,"simval2":4.54127433256376,"simval3":8.88859510605842,"myval1":9.42530293028769,"myval2":8.286018800224092,"myval3":10.553732167965483,"mychoice":3,"simchoice":1,"oraclechoice":3,"myA1":8.66680704369941,"myA2":7.167206625343701,"myA3":7.6882175226493725,"myB1":1.0892962302382747,"myB2":1.6067560892435417,"myB3":4.115242226131857,"simA1":2.20709017245099,"simA2":1.57184537500143,"simA3":2.44585283799097,"simB1":3.21316276909783,"simB2":3.27718207612634,"simB3":7.11047133430839}