{"ppntid":7,"myBweight":0.2567037070596323,"simBweight":0.906092151300982,"simval1":10.6437021898825,"simval2":3.96635146817711,"simval3":6.28462042031348,"myval1":3.16746406022182,"myval2":7.308650590459773,"myval3":3.9240741969965782,"mychoice":1,"simchoice":1,"oraclechoice":1,"myA1":1.2511961930101712,"myA2":6.3500682493837495,"myA3":3.680401612270281,"myB1":7.4649014194660595,"myB2":3.734197499739824,"myB3":0.9492367193189466,"simA1":3.50641574244946,"simA2":0.692847419995815,"simA3":4.7204016125761,"simB1":7.87699842359871,"simB2":3.61277166288346,"simB3":1.72633523587137}