{"ppntid":2,"myBweight":0.40635122335768553,"simBweight":0.293739611981437,"simval1":2.61602566596199,"simval2":4.89688375701335,"simval3":8.83451408603661,"myval1":2.5247201633192202,"myval2":3.3738635225308182,"myval3":6.54151715619966,"mychoice":3,"simchoice":3,"oraclechoice":3,"myA1":0.36187817782598497,"myA2":1.5887290343577876,"myA3":5.741081665620649,"myB1":5.322592528752943,"myB2":4.393082598404505,"myB3":1.9698119374786227,"simA1":1.02557973470539,"simA2":3.33464161725715,"simA3":6.13869413500652,"simB1":5.41447549592704,"simB2":5.31845919322222,"simB3":9.17758395895362}