{"ppntid":8,"myBweight":0.5153546348296275,"simBweight":0.949040221050382,"simval1":5.25651087710646,"simval2":4.68202297695072,"simval3":9.1939761248754,"myval1":3.244400400234775,"myval2":3.4932306277460543,"myval3":4.670350040113869,"mychoice":3,"simchoice":2,"oraclechoice":3,"myA1":1.4503703850996263,"myA2":1.4718142654900679,"myA3":1.3239424159586677,"myB1":3.4811562638380877,"myB2":3.9223793202602164,"myB3":6.49340744798288,"simA1":2.20709017245099,"simA2":1.57184537500143,"simA3":2.44585283799097,"simB1":3.21316276909783,"simB2":3.27718207612634,"simB3":7.11047133430839}