{"ppntid":1,"myBweight":0.6672139660516383,"simBweight":0.00894579570740461,"simval1":5.00227185433537,"simval2":3.79453025777253,"simval3":1.93033520773897,"myval1":8.929714844614837,"myval2":7.646074371958879,"myval3":4.954002626545023,"mychoice":2,"simchoice":3,"oraclechoice":1,"myA1":6.914811443203996,"myA2":3.764264346152144,"myA3":0.8456001782147626,"myB1":3.0198759377511286,"myB2":5.817938807213617,"myB3":6.157548638621115,"simA1":4.93442194536328,"simA2":3.72630221536383,"simA3":1.86676760902628,"simB1":7.58455828763545,"simB2":7.62682768981904,"simB3":7.10586299886927}