{"ppntid":1,"myBweight":0.6340068338361876,"simBweight":0.00894579570740461,"simval1":7.19266063974391,"simval2":8.30619600704616,"simval3":3.90281481661573,"myval1":10.773174481228176,"myval2":12.774750563476413,"myval3":3.476865294550397,"mychoice":2,"simchoice":2,"oraclechoice":2,"myA1":5.401190739679855,"myA2":6.5205389239619755,"myA3":2.080489725092214,"myB1":8.473069145081668,"myB2":9.864580799030282,"myB3":2.202461385170138,"simA1":7.14630752336234,"simA2":8.22015926474705,"simA3":3.87473117792979,"simB1":5.1815532008186,"simB2":9.61756171425804,"simB3":3.13931142678484}