{"ppntid":7,"myBweight":0.42965700314570754,"simBweight":0.906092151300982,"simval1":8.50606606980271,"simval2":8.98919490567979,"simval3":10.9109193391336,"myval1":2.5079060847582486,"myval2":8.066200475934744,"myval3":9.88240856298747,"mychoice":3,"simchoice":1,"oraclechoice":3,"myA1":1.9203826113909317,"myA2":7.655673291043092,"myA3":7.201324365548003,"myB1":1.367424408460236,"myB2":0.9554765356691575,"myB3":6.240057017132439,"simA1":1.06841044733301,"simA2":5.48331617377698,"simA3":5.79234702978283,"simB1":8.20849801180884,"simB2":3.86922977631912,"simB3":5.64906373154372}