{"ppntid":5,"myBweight":0.26995246850644683,"simBweight":0.260427771368995,"simval1":8.49572787568141,"simval2":10.7248394279951,"simval3":4.69229505644059,"myval1":7.841394420125321,"myval2":11.915277401654267,"myval3":5.127941930510178,"mychoice":2,"simchoice":2,"oraclechoice":2,"myA1":6.205518372093861,"myA2":9.516956812792326,"myA3":5.126012372955526,"myB1":6.059866972442201,"myB2":8.884232850808937,"myB3":0.0071477677730724665,"simA1":7.14630752336234,"simA2":8.22015926474705,"simA3":3.87473117792979,"simB1":5.1815532008186,"simB2":9.61756171425804,"simB3":3.13931142678484}