{"ppntid":4,"myBweight":0.5396202959319085,"simBweight":0.813574214931577,"simval1":11.1050229998291,"simval2":9.93129256552677,"simval3":7.64791451974269,"myval1":9.10487594904935,"myval2":10.40675460133725,"myval3":3.7321766182254152,"mychoice":1,"simchoice":3,"oraclechoice":1,"myA1":7.681588425198678,"myA2":9.586859689947712,"myA3":1.8472370874668531,"myB1":2.6375722606813645,"myB2":1.5193922792944692,"myB3":3.493084943188296,"simA1":4.93442194536328,"simA2":3.72630221536383,"simA3":1.86676760902628,"simB1":7.58455828763545,"simB2":7.62682768981904,"simB3":7.10586299886927}