{"ppntid":1,"myBweight":0.5013276465712784,"simBweight":0.00894579570740461,"simval1":5.00227185433537,"simval2":3.79453025777253,"simval3":1.93033520773897,"myval1":6.271312523404005,"myval2":7.5151345259968485,"myval3":5.093802993423707,"mychoice":2,"simchoice":3,"oraclechoice":1,"myA1":3.957607196517956,"myA2":4.995556959029736,"myA3":2.7932919536252054,"myB1":4.615156061530088,"myB2":5.025810134747637,"myB3":4.588837371192966,"simA1":4.93442194536328,"simA2":3.72630221536383,"simA3":1.86676760902628,"simB1":7.58455828763545,"simB2":7.62682768981904,"simB3":7.10586299886927}