{"ppntid":6,"myBweight":0.5005825992497105,"simBweight":0.724405892658979,"simval1":12.171120479539,"simval2":10.9370920862985,"simval3":7.78871402681602,"myval1":9.763349648936064,"myval2":13.47385566219928,"myval3":7.675424741784779,"mychoice":3,"simchoice":1,"oraclechoice":1,"myA1":5.295497740626001,"myA2":9.94836775110084,"myA3":4.683556920729874,"myB1":8.92530406571588,"myB2":7.042769597629954,"myB3":5.976771516906929,"simA1":6.32742163492367,"simA2":6.24415603699163,"simA3":7.2123027429916,"simB1":8.06688474491239,"simB2":6.47832395741716,"simB3":0.795702091418207}