{"ppntid":1,"myBweight":0.6138981697770062,"simBweight":0.00894579570740461,"simval1":0.0269288525305181,"simval2":8.64784104081478,"simval3":7.80527189848447,"myval1":3.3178464856703607,"myval2":13.163866221861184,"myval3":7.951946979813925,"mychoice":2,"simchoice":2,"oraclechoice":2,"myA1":3.0455081261779915,"myA2":7.888286020387492,"myA3":7.555183950350546,"myB1":0.4436213901587194,"myB2":8.593575386272951,"myB3":0.6463010463241803,"simA1":0.0122929364442825,"simA2":8.57054706430063,"simA3":7.79470579931512,"simB1":1.63606643443927,"simB2":8.6402572831139,"simB3":1.1811245768331}