{"ppntid":8,"myBweight":0.49554545366906944,"simBweight":0.949040221050382,"simval1":6.16413475623186,"simval2":8.3820733056402,"simval3":14.8485904441203,"myval1":5.6509186007572225,"myval2":10.36725211540718,"myval3":10.317991353797135,"mychoice":3,"simchoice":3,"oraclechoice":3,"myA1":4.009424593044903,"myA2":5.94514247662238,"myA3":7.164379965515108,"myB1":3.3124993793375146,"myB2":8.923721539655032,"myB3":6.363919525307646,"simA1":1.02557973470539,"simA2":3.33464161725715,"simA3":6.13869413500652,"simB1":5.41447549592704,"simB2":5.31845919322222,"simB3":9.17758395895362}