{"ppntid":7,"myBweight":0.49391712542916566,"simBweight":0.906092151300982,"simval1":11.8067306808746,"simval2":10.6369109244339,"simval3":8.30533430052179,"myval1":8.994571735372528,"myval2":5.946705999635548,"myval3":4.866001197280429,"mychoice":1,"simchoice":3,"oraclechoice":1,"myA1":7.490455955373849,"myA2":4.684471005934736,"myA3":3.2092886059098658,"myB1":3.045279668510683,"myB2":2.555560292840735,"myB3":3.354231926927098,"simA1":4.93442194536328,"simA2":3.72630221536383,"simA3":1.86676760902628,"simB1":7.58455828763545,"simB2":7.62682768981904,"simB3":7.10586299886927}