{"ppntid":0,"myBweight":0.6052954020196292,"simBweight":0.585800305008888,"simval1":11.0530051789649,"simval2":10.039160187193,"simval3":7.67842527084059,"myval1":11.312364680458446,"myval2":5.8260126941732615,"myval3":5.61106733807204,"mychoice":1,"simchoice":1,"oraclechoice":1,"myA1":7.12980395143312,"myA2":4.037694019781501,"myA3":3.5926633787422335,"myB1":6.909949613147218,"myB2":2.9544560695899147,"myB3":3.334576725009306,"simA1":6.32742163492367,"simA2":6.24415603699163,"simA3":7.2123027429916,"simB1":8.06688474491239,"simB2":6.47832395741716,"simB3":0.795702091418207}