{"ppntid":6,"myBweight":0.9257696709531733,"simBweight":0.724405892658979,"simval1":10.4287206621419,"simval2":9.25122113616341,"simval3":7.01429663783458,"myval1":15.976617566941844,"myval2":12.23001352901047,"myval3":1.6546991697911129,"mychoice":1,"simchoice":1,"oraclechoice":1,"myA1":9.458879636468339,"myA2":6.483519876648076,"myA3":0.13126309083570042,"myB1":7.040345060951108,"myB2":6.207260653123146,"myB3":1.6455886671971887,"simA1":4.93442194536328,"simA2":3.72630221536383,"simA3":1.86676760902628,"simB1":7.58455828763545,"simB2":7.62682768981904,"simB3":7.10586299886927}