{"ppntid":0,"myBweight":0.3607838532230769,"simBweight":0.585800305008888,"simval1":10.1816629688217,"simval2":13.8541298504012,"simval3":5.71374076925824,"myval1":8.56645291505796,"myval2":12.336312179325503,"myval3":8.005796155746085,"mychoice":2,"simchoice":2,"oraclechoice":2,"myA1":7.581079298671584,"myA2":9.821892943987653,"myA3":6.293196856125389,"myB1":2.7312020967221806,"myB2":6.969323080495942,"myB3":4.746884552402002,"simA1":7.14630752336234,"simA2":8.22015926474705,"simA3":3.87473117792979,"simB1":5.1815532008186,"simB2":9.61756171425804,"simB3":3.13931142678484}