{"ppntid":9,"myBweight":0.801582072901828,"simBweight":0.073144469410181,"simval1":7.52530948295684,"simval2":8.92363071335613,"simval3":4.10435444655529,"myval1":8.857123677181306,"myval2":14.03498890978764,"myval3":2.3866284939740448,"mychoice":2,"simchoice":2,"oraclechoice":2,"myA1":3.6711827653977602,"myA2":7.7002025055869865,"myA3":0.6948828602494772,"myB1":6.469631853179784,"myB2":7.9028543905278825,"myB3":2.11050831962875,"simA1":7.14630752336234,"simA2":8.22015926474705,"simA3":3.87473117792979,"simB1":5.1815532008186,"simB2":9.61756171425804,"simB3":3.13931142678484}