{"ppntid":6,"myBweight":0.2872202181793352,"simBweight":0.724405892658979,"simval1":10.8998551951613,"simval2":15.187177643567,"simval3":6.1488668743844,"myval1":11.651288748952686,"myval2":7.350378777096093,"myval3":3.1389789945141042,"mychoice":2,"simchoice":2,"oraclechoice":2,"myA1":9.469822706823017,"myA2":5.14113600083514,"myA3":1.8731760218885163,"myB1":7.595099174973818,"myB2":7.691808014996846,"myB3":4.407081718165269,"simA1":7.14630752336234,"simA2":8.22015926474705,"simA3":3.87473117792979,"simB1":5.1815532008186,"simB2":9.61756171425804,"simB3":3.13931142678484}