{"ppntid":7,"myBweight":0.8570993968822326,"simBweight":0.906092151300982,"simval1":5.11851173838307,"simval2":4.54127433256376,"simval3":8.88859510605842,"myval1":14.831795517608995,"myval2":8.841562786920305,"myval3":11.927888218730587,"mychoice":3,"simchoice":1,"oraclechoice":3,"myA1":8.04225532867276,"myA2":7.563795877124422,"myA3":7.426008035446543,"myB1":7.921531870905207,"myB2":1.4908036505962574,"myB3":5.252459865985195,"simA1":2.20709017245099,"simA2":1.57184537500143,"simA3":2.44585283799097,"simB1":3.21316276909783,"simB2":3.27718207612634,"simB3":7.11047133430839}