{"ppntid":3,"myBweight":0.46951534367352726,"simBweight":0.277374957920983,"simval1":7.03818848124541,"simval2":5.84179322489798,"simval3":3.83775605932992,"myval1":8.014824456986052,"myval2":8.438366060938204,"myval3":4.744309486860324,"mychoice":2,"simchoice":2,"oraclechoice":1,"myA1":4.774404857543821,"myA2":4.753888526375092,"myA3":1.2576879761445992,"myB1":6.901626630748456,"myB2":7.847406020292016,"myB3":7.426001211027753,"simA1":4.93442194536328,"simA2":3.72630221536383,"simA3":1.86676760902628,"simB1":7.58455828763545,"simB2":7.62682768981904,"simB3":7.10586299886927}