{"ppntid":1,"myBweight":0.4259778049703161,"simBweight":0.00894579570740461,"simval1":1.14184199361129,"simval2":5.51792951290094,"simval3":5.84288239986333,"myval1":5.780280413110057,"myval2":6.752379764208138,"myval3":7.993922671967006,"mychoice":1,"simchoice":2,"oraclechoice":3,"myA1":2.82132103727595,"myA2":4.867102360535309,"myA3":5.5331126549735625,"myB1":6.946275935762191,"myB2":4.4257643982277495,"myB3":5.776850315393598,"simA1":1.06841044733301,"simA2":5.48331617377698,"simA3":5.79234702978283,"simB1":8.20849801180884,"simB2":3.86922977631912,"simB3":5.64906373154372}