{"ppntid":3,"myBweight":0.5649372674617029,"simBweight":0.277374957920983,"simval1":8.56497345159716,"simval2":8.04108087207871,"simval3":7.43301057711636,"myval1":11.18072018014259,"myval2":7.081771710518573,"myval3":8.190533218267577,"mychoice":1,"simchoice":1,"oraclechoice":1,"myA1":7.076050858283596,"myA2":6.227837227807937,"myA3":7.227035668287423,"myB1":7.265708173761521,"myB2":1.5115562946438543,"myB3":1.7054947610541005,"simA1":6.32742163492367,"simA2":6.24415603699163,"simA3":7.2123027429916,"simB1":8.06688474491239,"simB2":6.47832395741716,"simB3":0.795702091418207}