{"ppntid":1,"myBweight":0.27950007205938937,"simBweight":0.00894579570740461,"simval1":1.0740165263547,"simval2":3.38221946667788,"simval3":6.22079492619087,"myval1":4.209310698169993,"myval2":5.356566103033245,"myval3":8.668253872872416,"mychoice":3,"simchoice":3,"oraclechoice":3,"myA1":2.343102872110898,"myA2":3.463004541927641,"myA3":6.051217417484125,"myB1":6.676949355714495,"myB2":6.774816003279067,"myB3":9.363276496158516,"simA1":1.02557973470539,"simA2":3.33464161725715,"simA3":6.13869413500652,"simB1":5.41447549592704,"simB2":5.31845919322222,"simB3":9.17758395895362}