{"ppntid":0,"myBweight":0.7919853219060223,"simBweight":0.585800305008888,"simval1":9.37745850361782,"simval2":8.19410020231006,"simval3":6.02938432111528,"myval1":15.766402635588786,"myval2":11.006508064484724,"myval3":8.755148039509264,"mychoice":1,"simchoice":1,"oraclechoice":1,"myA1":8.853593556513442,"myA2":3.9563559724082586,"myA3":2.448185875219071,"myB1":8.728456055774762,"myB2":8.901872164889745,"myB3":7.963483652842978,"simA1":4.93442194536328,"simA2":3.72630221536383,"simA3":1.86676760902628,"simB1":7.58455828763545,"simB2":7.62682768981904,"simB3":7.10586299886927}