{"ppntid":3,"myBweight":0.7835340655604153,"simBweight":0.277374957920983,"simval1":0.466096794852809,"simval2":10.9671380646308,"simval3":8.12232017911365,"myval1":3.1341455573791395,"myval2":13.28772575379837,"myval3":6.894936334170083,"mychoice":2,"simchoice":3,"oraclechoice":2,"myA1":2.496306165337485,"myA2":6.423586246400259,"myA3":6.884732816971065,"myB1":0.8140544490371915,"myB2":8.760486377179529,"myB3":0.013022429588585016,"simA1":0.0122929364442825,"simA2":8.57054706430063,"simA3":7.79470579931512,"simB1":1.63606643443927,"simB2":8.6402572831139,"simB3":1.1811245768331}