{"ppntid":1,"myBweight":0.24479687888939694,"simBweight":0.00894579570740461,"simval1":3.57688176113452,"simval2":0.72516653722947,"simval3":4.7358450549187,"myval1":5.091040406520923,"myval2":2.865940986234464,"myval3":5.204349625900314,"mychoice":1,"simchoice":1,"oraclechoice":3,"myA1":2.8882942866384997,"myA2":1.2587565074842688,"myA3":4.080303849046121,"myB1":8.998260639089516,"myB2":6.56537977952058,"myB3":4.591748808047731,"simA1":3.50641574244946,"simA2":0.692847419995815,"simA3":4.7204016125761,"simB1":7.87699842359871,"simB2":3.61277166288346,"simB3":1.72633523587137}