{"ppntid":1,"myBweight":0.6582939006819252,"simBweight":0.00894579570740461,"simval1":6.03337539241306,"simval2":0.720548976640022,"simval3":5.29011617996409,"myval1":12.378300663003714,"myval2":6.521806937075184,"myval3":11.055457151295425,"mychoice":1,"simchoice":3,"oraclechoice":1,"myA1":8.421625601825156,"myA2":0.06292801482211896,"myA3":8.542908766651054,"myB1":6.010499348512644,"myB2":9.81154301378507,"myB3":3.816757806872624,"simA1":5.9566758479923,"simA2":0.710090156644583,"simA3":5.26116543915123,"simB1":8.57380907516927,"simB2":1.16913244361058,"simB3":3.23623987846076}