{"ppntid":4,"myBweight":0.4026353126546938,"simBweight":0.813574214931577,"simval1":12.8904310582093,"simval2":11.5147533647197,"simval3":7.85966544733658,"myval1":9.029271797903004,"myval2":8.688158270308348,"myval3":8.254529483084028,"mychoice":3,"simchoice":2,"oraclechoice":1,"myA1":6.282282816322851,"myA2":6.97142854516618,"myA3":5.364963749757081,"myB1":6.822523746038172,"myB2":4.263733634845042,"myB3":7.1766326561751,"simA1":6.32742163492367,"simA2":6.24415603699163,"simA3":7.2123027429916,"simB1":8.06688474491239,"simB2":6.47832395741716,"simB3":0.795702091418207}