{"ppntid":3,"myBweight":0.7263773982046406,"simBweight":0.277374957920983,"simval1":7.03818848124541,"simval2":5.84179322489798,"simval3":3.83775605932992,"myval1":12.875958510992081,"myval2":13.35349825362777,"myval3":6.411651535222634,"mychoice":2,"simchoice":2,"oraclechoice":1,"myA1":9.129307724775593,"myA2":9.428836331803582,"myA3":3.004726643241944,"myB1":5.157994722133347,"myB2":5.4030617300657,"myB3":4.6902958440081655,"simA1":4.93442194536328,"simA2":3.72630221536383,"simA3":1.86676760902628,"simB1":7.58455828763545,"simB2":7.62682768981904,"simB3":7.10586299886927}