{"ppntid":7,"myBweight":0.11561320058552053,"simBweight":0.906092151300982,"simval1":5.11851173838307,"simval2":4.54127433256376,"simval3":8.88859510605842,"myval1":1.652974787651035,"myval2":1.9641111929353903,"myval3":1.6113659734737853,"mychoice":2,"simchoice":1,"oraclechoice":3,"myA1":0.5368631188339212,"myA2":0.8844067671948208,"myA3":0.6220120464614043,"myB1":9.653842841168574,"myB2":9.338937251736219,"myB3":8.557447782794869,"simA1":2.20709017245099,"simA2":1.57184537500143,"simA3":2.44585283799097,"simB1":3.21316276909783,"simB2":3.27718207612634,"simB3":7.11047133430839}