{"ppntid":0,"myBweight":0.757524735503565,"simBweight":0.585800305008888,"simval1":6.37909016509451,"simval2":10.1915798021845,"simval3":2.10583675333939,"myval1":14.15822943874388,"myval2":10.658919387944653,"myval3":1.3521436355821512,"mychoice":3,"simchoice":1,"oraclechoice":2,"myA1":8.684774921912135,"myA2":7.059741394311909,"myA3":0.1990794669071283,"myB1":7.2254465897978415,"myB2":4.751234943160223,"myB3":1.5221472179499496,"simA1":2.85226068925112,"simA2":7.94943025801331,"simA3":1.36154596460983,"simB1":6.02053198963404,"simB2":3.8274980825372,"simB3":1.27055377466604}