{"ppntid":0,"myBweight":0.3211006468218919,"simBweight":0.585800305008888,"simval1":10.1816629688217,"simval2":13.8541298504012,"simval3":5.71374076925824,"myval1":7.550764988372634,"myval2":11.233084797083087,"myval3":5.095545081411968,"mychoice":2,"simchoice":2,"oraclechoice":2,"myA1":5.937170103226066,"myA2":8.661285725089744,"myA3":4.6995028951788225,"myB1":5.02519973446705,"myB2":8.009323859817288,"myB3":1.2333895622851943,"simA1":7.14630752336234,"simA2":8.22015926474705,"simA3":3.87473117792979,"simB1":5.1815532008186,"simB2":9.61756171425804,"simB3":3.13931142678484}