{"ppntid":3,"myBweight":0.5550065784637928,"simBweight":0.277374957920983,"simval1":8.58354062440473,"simval2":10.8878300405418,"simval3":4.7454975528351,"myval1":4.446184264810232,"myval2":13.825417549810155,"myval3":5.467685478661728,"mychoice":1,"simchoice":2,"oraclechoice":2,"myA1":0.11007238573519373,"myA2":8.61985278329872,"myA3":3.6457567483609243,"myB1":7.81272159165572,"myB2":9.379284802208938,"myB3":3.28271555869434,"simA1":7.14630752336234,"simA2":8.22015926474705,"simA3":3.87473117792979,"simB1":5.1815532008186,"simB2":9.61756171425804,"simB3":3.13931142678484}