{"ppntid":0,"myBweight":0.55530891012511,"simBweight":0.585800305008888,"simval1":9.37745850361782,"simval2":8.19410020231006,"simval3":6.02938432111528,"myval1":12.68633173761404,"myval2":8.404104065322239,"myval3":11.573313755672753,"mychoice":1,"simchoice":1,"oraclechoice":1,"myA1":9.635994926133185,"myA2":5.461724934174825,"myA3":8.990306170695948,"myB1":5.493044962656228,"myB2":5.298634827387339,"myB3":4.651478731711434,"simA1":4.93442194536328,"simA2":3.72630221536383,"simA3":1.86676760902628,"simB1":7.58455828763545,"simB2":7.62682768981904,"simB3":7.10586299886927}