{"ppntid":8,"myBweight":0.5024769302407325,"simBweight":0.949040221050382,"simval1":6.16413475623186,"simval2":8.3820733056402,"simval3":14.8485904441203,"myval1":3.2196530862289867,"myval2":6.16874959681007,"myval3":10.933214896001129,"mychoice":3,"simchoice":3,"oraclechoice":3,"myA1":1.2885021985004275,"myA2":3.946473673467028,"myA3":6.676068722412376,"myB1":3.843262787812689,"myB2":4.4226426918313795,"myB3":8.472321647780305,"simA1":1.02557973470539,"simA2":3.33464161725715,"simA3":6.13869413500652,"simB1":5.41447549592704,"simB2":5.31845919322222,"simB3":9.17758395895362}