{"ppntid":6,"myBweight":0.7611439216984555,"simBweight":0.724405892658979,"simval1":10.4287206621419,"simval2":9.25122113616341,"simval3":7.01429663783458,"myval1":14.84215861294046,"myval2":11.354986130876561,"myval3":7.5854771111591806,"mychoice":1,"simchoice":1,"oraclechoice":1,"myA1":9.171061519600968,"myA2":6.959012156936167,"myA3":2.7543876338600515,"myB1":7.45075527987495,"myB2":5.775483254377168,"myB3":6.347143213754882,"simA1":4.93442194536328,"simA2":3.72630221536383,"simA3":1.86676760902628,"simB1":7.58455828763545,"simB2":7.62682768981904,"simB3":7.10586299886927}