{"ppntid":0,"myBweight":0.5631714257251329,"simBweight":0.585800305008888,"simval1":11.0530051789649,"simval2":10.039160187193,"simval3":7.67842527084059,"myval1":7.383676251687028,"myval2":4.855943645593799,"myval3":5.16657175842175,"mychoice":1,"simchoice":1,"oraclechoice":1,"myA1":1.9020951755594506,"myA2":2.6759229251877104,"myA3":2.0205945492261512,"myB1":9.733414775207315,"myB2":3.8709718228319545,"myB3":5.586180451440475,"simA1":6.32742163492367,"simA2":6.24415603699163,"simA3":7.2123027429916,"simB1":8.06688474491239,"simB2":6.47832395741716,"simB3":0.795702091418207}