{"ppntid":3,"myBweight":0.5119269264603309,"simBweight":0.277374957920983,"simval1":8.56497345159716,"simval2":8.04108087207871,"simval3":7.43301057711636,"myval1":13.415899240147183,"myval2":11.427205744063146,"myval3":10.187158031253043,"mychoice":1,"simchoice":1,"oraclechoice":1,"myA1":9.422629794337427,"myA2":8.932821735010066,"myA3":9.75994336295696,"myB1":7.800467682801589,"myB2":4.872539185036146,"myB3":0.834522753569571,"simA1":6.32742163492367,"simA2":6.24415603699163,"simA3":7.2123027429916,"simB1":8.06688474491239,"simB2":6.47832395741716,"simB3":0.795702091418207}