{"ppntid":5,"myBweight":0.3768172363105357,"simBweight":0.260427771368995,"simval1":3.20613129083521,"simval2":6.49097106133833,"simval3":7.26352010771018,"myval1":6.417511902574972,"myval2":5.89896711960901,"myval3":7.7872727511366335,"mychoice":3,"simchoice":3,"oraclechoice":3,"myA1":3.5271055572501075,"myA2":4.787132147986252,"myA3":5.330249009905399,"myB1":7.67057890882379,"myB2":2.95059478305417,"myB3":6.520465372784585,"simA1":1.06841044733301,"simA2":5.48331617377698,"simA3":5.79234702978283,"simB1":8.20849801180884,"simB2":3.86922977631912,"simB3":5.64906373154372}