{"ppntid":7,"myBweight":0.29198532876096617,"simBweight":0.906092151300982,"simval1":8.50606606980271,"simval2":8.98919490567979,"simval3":10.9109193391336,"myval1":3.348588621639401,"myval2":2.385000384532733,"myval3":5.0379432193104225,"mychoice":1,"simchoice":1,"oraclechoice":3,"myA1":0.5301640199245194,"myA2":2.102758613160558,"myA3":2.7380154750979124,"myB1":9.652624033114298,"myB2":0.9666299761356578,"myB3":7.87686064218434,"simA1":1.06841044733301,"simA2":5.48331617377698,"simA3":5.79234702978283,"simB1":8.20849801180884,"simB2":3.86922977631912,"simB3":5.64906373154372}