{"ppntid":9,"myBweight":0.49442486947369857,"simBweight":0.073144469410181,"simval1":6.58380256361975,"simval2":0.795605728902707,"simval3":5.49787848794531,"myval1":9.075961915990744,"myval2":2.2105968026684093,"myval3":6.854708513045262,"mychoice":3,"simchoice":2,"oraclechoice":1,"myA1":5.0454699124145,"myA2":1.299712238976154,"myA3":4.898908444619636,"myB1":8.151879592680258,"myB2":1.842311380214079,"myB3":3.9557073059603987,"simA1":5.9566758479923,"simA2":0.710090156644583,"simA3":5.26116543915123,"simB1":8.57380907516927,"simB2":1.16913244361058,"simB3":3.23623987846076}