{"ppntid":7,"myBweight":0.4959071476417527,"simBweight":0.906092151300982,"simval1":5.93159348497637,"simval2":8.15365574925036,"simval3":14.4544309281202,"myval1":7.788774608662017,"myval2":6.879021555854219,"myval3":9.305913439568668,"mychoice":3,"simchoice":3,"oraclechoice":3,"myA1":7.6811000793346285,"myA2":6.573213164812066,"myA3":5.507235041145099,"myB1":0.2171263911791277,"myB2":0.6166646165444489,"myB3":7.660059784352542,"simA1":1.02557973470539,"simA2":3.33464161725715,"simA3":6.13869413500652,"simB1":5.41447549592704,"simB2":5.31845919322222,"simB3":9.17758395895362}