{"ppntid":9,"myBweight":0.27411082448360297,"simBweight":0.073144469410181,"simval1":7.52530948295684,"simval2":8.92363071335613,"simval3":4.10435444655529,"myval1":8.039535534611572,"myval2":11.017446495646633,"myval3":1.7603635991919784,"mychoice":2,"simchoice":2,"oraclechoice":2,"myA1":6.782940120460655,"myA2":9.041290474249799,"myA3":0.6144168474357148,"myB1":4.584260459316831,"myB2":7.209332302435383,"myB3":4.180596493827309,"simA1":7.14630752336234,"simA2":8.22015926474705,"simA3":3.87473117792979,"simB1":5.1815532008186,"simB2":9.61756171425804,"simB3":3.13931142678484}