{"ppntid":8,"myBweight":0.48226374398858907,"simBweight":0.949040221050382,"simval1":10.9820040675951,"simval2":4.12151303754329,"simval3":6.35876318643453,"myval1":8.470756705594459,"myval2":3.9313192996272353,"myval3":7.689036801133935,"mychoice":1,"simchoice":1,"oraclechoice":1,"myA1":4.115292428725121,"myA2":1.5907761825585576,"myA3":7.08689930552646,"myB1":9.031291137184041,"myB2":4.853242953142374,"myB3":1.2485647181922976,"simA1":3.50641574244946,"simA2":0.692847419995815,"simA3":4.7204016125761,"simB1":7.87699842359871,"simB2":3.61277166288346,"simB3":1.72633523587137}