{"ppntid":5,"myBweight":0.21791184291295765,"simBweight":0.260427771368995,"simval1":3.04388699145297,"simval2":2.42531459945743,"simval3":4.29761704096803,"myval1":3.607059912633786,"myval2":3.727341036114103,"myval3":5.035796892723585,"mychoice":3,"simchoice":1,"oraclechoice":3,"myA1":2.472944540640305,"myA2":3.0506101136678088,"myA3":3.3771493908017236,"myB1":5.204468728422851,"myB2":3.105526131118108,"myB3":7.611552817642819,"simA1":2.20709017245099,"simA2":1.57184537500143,"simA3":2.44585283799097,"simB1":3.21316276909783,"simB2":3.27718207612634,"simB3":7.11047133430839}