{"ppntid":7,"myBweight":0.19152508888473851,"simBweight":0.906092151300982,"simval1":8.30741747171501,"simval2":11.4174962297198,"simval3":2.51278476764057,"myval1":5.117322424335803,"myval2":6.759310023487702,"myval3":1.0764893076910205,"mychoice":2,"simchoice":1,"oraclechoice":2,"myA1":3.240017139610425,"myA2":5.160261972967833,"myA3":0.05289443021222251,"myB1":9.801876587850881,"myB2":8.349026541803045,"myB3":5.344442774778225,"simA1":2.85226068925112,"simA2":7.94943025801331,"simA3":1.36154596460983,"simB1":6.02053198963404,"simB2":3.8274980825372,"simB3":1.27055377466604}