{"ppntid":2,"myBweight":0.33745916035049955,"simBweight":0.293739611981437,"simval1":4.62072941980805,"simval2":9.07371805963748,"simval3":1.73475793738178,"myval1":6.844500408345652,"myval2":7.829455833915469,"myval3":0.9442866092395363,"mychoice":2,"simchoice":2,"oraclechoice":2,"myA1":4.705081607850219,"myA2":6.420604742928364,"myA3":0.1356080152207806,"myB1":6.339785822596551,"myB2":4.174878789847671,"myB3":2.396374699619437,"simA1":2.85226068925112,"simA2":7.94943025801331,"simA3":1.36154596460983,"simB1":6.02053198963404,"simB2":3.8274980825372,"simB3":1.27055377466604}