{"ppntid":3,"myBweight":0.26093752631264094,"simBweight":0.277374957920983,"simval1":7.03818848124541,"simval2":5.84179322489798,"simval3":3.83775605932992,"myval1":8.529381421049992,"myval2":7.362207832357746,"myval3":7.90584498506906,"mychoice":2,"simchoice":2,"oraclechoice":1,"myA1":7.3596872451852,"myA2":6.295333203699016,"myA3":6.642179038004645,"myB1":4.48265986266509,"myB2":4.088620919094861,"myB3":4.842791165078955,"simA1":4.93442194536328,"simA2":3.72630221536383,"simA3":1.86676760902628,"simB1":7.58455828763545,"simB2":7.62682768981904,"simB3":7.10586299886927}