{"ppntid":3,"myBweight":0.2894714599029211,"simBweight":0.277374957920983,"simval1":2.52741964755235,"simval2":4.80984901218163,"simval3":8.68432609943757,"myval1":2.658176429775984,"myval2":4.034742431941632,"myval3":7.507963268602147,"mychoice":3,"simchoice":3,"oraclechoice":3,"myA1":0.1492690503657057,"myA2":2.0147374820011787,"myA3":4.929248206039071,"myB1":8.66720118194616,"myB2":6.978252538671324,"myB3":8.908356849507337,"simA1":1.02557973470539,"simA2":3.33464161725715,"simA3":6.13869413500652,"simB1":5.41447549592704,"simB2":5.31845919322222,"simB3":9.17758395895362}