{"ppntid":4,"myBweight":0.30251055093736234,"simBweight":0.813574214931577,"simval1":7.7466327730578,"simval2":8.63122175143569,"simval3":10.388279620272,"myval1":6.734628961837812,"myval2":6.918462535138538,"myval3":8.127805213662784,"mychoice":1,"simchoice":1,"oraclechoice":3,"myA1":4.0626929659312205,"myA2":5.494062244348507,"myA3":5.8833376625345535,"myB1":8.83253819619614,"myB2":4.708597060090531,"myB3":7.419468657121215,"simA1":1.06841044733301,"simA2":5.48331617377698,"simA3":5.79234702978283,"simB1":8.20849801180884,"simB2":3.86922977631912,"simB3":5.64906373154372}