{"ppntid":7,"myBweight":0.31748411518813974,"simBweight":0.906092151300982,"simval1":8.30741747171501,"simval2":11.4174962297198,"simval3":2.51278476764057,"myval1":6.823118913840362,"myval2":8.429850620712843,"myval3":1.7190878613926004,"mychoice":2,"simchoice":1,"oraclechoice":2,"myA1":3.740296853841949,"myA2":6.808720127587977,"myA3":0.545473068625506,"myB1":9.710161587679892,"myB2":5.106178279704454,"myB3":3.6966094888609313,"simA1":2.85226068925112,"simA2":7.94943025801331,"simA3":1.36154596460983,"simB1":6.02053198963404,"simB2":3.8274980825372,"simB3":1.27055377466604}