{"ppntid":0,"myBweight":0.3673245153722792,"simBweight":0.585800305008888,"simval1":9.37745850361782,"simval2":8.19410020231006,"simval3":6.02938432111528,"myval1":9.711746600795461,"myval2":2.948586905455329,"myval3":7.779811581117307,"mychoice":1,"simchoice":1,"oraclechoice":1,"myA1":7.532015869571989,"myA2":1.0788458678550361,"myA3":5.61982362360814,"myB1":5.93407365967485,"myB2":5.090161313369819,"myB3":5.880326161514278,"simA1":4.93442194536328,"simA2":3.72630221536383,"simA3":1.86676760902628,"simB1":7.58455828763545,"simB2":7.62682768981904,"simB3":7.10586299886927}