{"ppntid":7,"myBweight":0.3558425594685725,"simBweight":0.906092151300982,"simval1":11.8067306808746,"simval2":10.6369109244339,"simval3":8.30533430052179,"myval1":10.468222705590284,"myval2":6.1363094811754095,"myval3":5.037152513670165,"mychoice":1,"simchoice":3,"oraclechoice":1,"myA1":8.229673902431072,"myA2":3.641644457408202,"myA3":2.767797433912609,"myB1":6.290840551794417,"myB2":7.010586444445616,"myB3":6.3774133233154835,"simA1":4.93442194536328,"simA2":3.72630221536383,"simA3":1.86676760902628,"simB1":7.58455828763545,"simB2":7.62682768981904,"simB3":7.10586299886927}