{"ppntid":0,"myBweight":0.3336111676364195,"simBweight":0.585800305008888,"simval1":9.37745850361782,"simval2":8.19410020231006,"simval3":6.02938432111528,"myval1":4.6412116164859,"myval2":8.666776968744468,"myval3":1.9771604666872622,"mychoice":2,"simchoice":1,"oraclechoice":1,"myA1":3.4451288502338873,"myA2":7.431870399565533,"myA3":0.7883892000843495,"myB1":3.585259974137147,"myB2":3.7016343845083077,"myB3":3.563343742432732,"simA1":4.93442194536328,"simA2":3.72630221536383,"simA3":1.86676760902628,"simB1":7.58455828763545,"simB2":7.62682768981904,"simB3":7.10586299886927}