{"ppntid":9,"myBweight":0.4104807568157187,"simBweight":0.073144469410181,"simval1":7.52530948295684,"simval2":8.92363071335613,"simval3":4.10435444655529,"myval1":6.306067064485131,"myval2":13.437003535336398,"myval3":5.0836676135558125,"mychoice":2,"simchoice":2,"oraclechoice":2,"myA1":3.127915103293135,"myA2":9.54834015551101,"myA3":1.5631496615083051,"myB1":7.742511453755663,"myB2":9.473436489426387,"myB3":8.576572454596231,"simA1":7.14630752336234,"simA2":8.22015926474705,"simA3":3.87473117792979,"simB1":5.1815532008186,"simB2":9.61756171425804,"simB3":3.13931142678484}