{"ppntid":3,"myBweight":0.4472504033726592,"simBweight":0.277374957920983,"simval1":3.34524223795296,"simval2":6.55654362017012,"simval3":7.35925584461272,"myval1":9.047321439351359,"myval2":8.566521562229827,"myval3":9.088053967985719,"mychoice":2,"simchoice":3,"oraclechoice":3,"myA1":6.253138786231909,"myA2":8.514018311879967,"myA3":8.523421605075157,"myB1":6.247468156649763,"myB2":0.11739117495241702,"myB3":1.2624524397356396,"simA1":1.06841044733301,"simA2":5.48331617377698,"simA3":5.79234702978283,"simB1":8.20849801180884,"simB2":3.86922977631912,"simB3":5.64906373154372}