{"ppntid":2,"myBweight":0.14058415383082554,"simBweight":0.293739611981437,"simval1":8.47514319893544,"simval2":1.05351066698566,"simval3":6.21177728532914,"myval1":7.930166872862296,"myval2":2.479107841152872,"myval3":7.128969945372331,"mychoice":1,"simchoice":1,"oraclechoice":1,"myA1":7.0822810092612,"myA2":2.2871543191054,"myA3":6.773498823237647,"myB1":6.03116240697664,"myB2":1.3653994196135555,"myB3":2.528529087015361,"simA1":5.9566758479923,"simA2":0.710090156644583,"simA3":5.26116543915123,"simB1":8.57380907516927,"simB2":1.16913244361058,"simB3":3.23623987846076}