{"ppntid":0,"myBweight":0.7126288471422313,"simBweight":0.585800305008888,"simval1":6.37909016509451,"simval2":10.1915798021845,"simval3":2.10583675333939,"myval1":10.952400146484173,"myval2":13.333347373644475,"myval3":2.410624832182726,"mychoice":1,"simchoice":1,"oraclechoice":2,"myA1":5.803338473108772,"myA2":9.947480293598321,"myA3":0.1990794669071283,"myB1":7.2254465897978415,"myB2":4.751234943160223,"myB3":3.103362113594319,"simA1":2.85226068925112,"simA2":7.94943025801331,"simA3":1.36154596460983,"simB1":6.02053198963404,"simB2":3.8274980825372,"simB3":1.27055377466604}