{"ppntid":0,"myBweight":0.15190193783258224,"simBweight":0.585800305008888,"simval1":8.12076382154812,"simval2":2.80921016204041,"simval3":5.73168932029714,"myval1":5.784902748703465,"myval2":3.4483464686389453,"myval3":7.487894732562848,"mychoice":1,"simchoice":1,"oraclechoice":1,"myA1":5.108904747048135,"myA2":1.9585144757183581,"myA3":7.435784558893506,"myB1":4.450226319037329,"myB2":9.80785376525345,"myB3":0.34305140811814683,"simA1":3.50641574244946,"simA2":0.692847419995815,"simA3":4.7204016125761,"simB1":7.87699842359871,"simB2":3.61277166288346,"simB3":1.72633523587137}