{"ppntid":4,"myBweight":0.25864375920047566,"simBweight":0.813574214931577,"simval1":12.8904310582093,"simval2":11.5147533647197,"simval3":7.85966544733658,"myval1":8.143449999106439,"myval2":8.287589573334072,"myval3":4.984405956246976,"mychoice":3,"simchoice":2,"oraclechoice":1,"myA1":6.282282816322851,"myA2":6.97142854516618,"myA3":4.886865172429511,"myB1":7.195871218918494,"myB2":5.088702051951433,"myB3":0.3771240571161849,"simA1":6.32742163492367,"simA2":6.24415603699163,"simA3":7.2123027429916,"simB1":8.06688474491239,"simB2":6.47832395741716,"simB3":0.795702091418207}