{"ppntid":0,"myBweight":0.27287849716198526,"simBweight":0.585800305008888,"simval1":4.1973811316826,"simval2":6.45019663482405,"simval3":11.5149256174062,"myval1":4.817957998997974,"myval2":8.411088740909033,"myval3":10.851927778448822,"mychoice":3,"simchoice":3,"oraclechoice":3,"myA1":3.5978603944269216,"myA2":6.983156412929072,"myA3":9.118939742913652,"myB1":4.471211976247369,"myB2":5.232850308217274,"myB3":6.3507680288433965,"simA1":1.02557973470539,"simA2":3.33464161725715,"simA3":6.13869413500652,"simB1":5.41447549592704,"simB2":5.31845919322222,"simB3":9.17758395895362}