{"ppntid":0,"myBweight":0.40725697612617434,"simBweight":0.585800305008888,"simval1":4.1973811316826,"simval2":6.45019663482405,"simval3":11.5149256174062,"myval1":1.8454814800578327,"myval2":8.439199582257713,"myval3":11.156718947124533,"mychoice":3,"simchoice":3,"oraclechoice":3,"myA1":0.048713508699422814,"myA2":6.983156412929072,"myA3":8.851312937051418,"myB1":4.411877700535065,"myB2":3.575244267583857,"myB3":5.660814044248235,"simA1":1.02557973470539,"simA2":3.33464161725715,"simA3":6.13869413500652,"simB1":5.41447549592704,"simB2":5.31845919322222,"simB3":9.17758395895362}