{"ppntid":5,"myBweight":0.7550257027816488,"simBweight":0.260427771368995,"simval1":4.42017441776726,"simval2":8.94621705356757,"simval3":1.69243345255057,"myval1":9.856418213072548,"myval2":10.33538004107093,"myval3":3.2629548698101782,"mychoice":2,"simchoice":1,"oraclechoice":2,"myA1":6.0690219498960385,"myA2":8.020787197331318,"myA3":0.8289305441490069,"myB1":5.016248121385893,"myB2":3.0655815228703354,"myB3":3.2237635310874757,"simA1":2.85226068925112,"simA2":7.94943025801331,"simA3":1.36154596460983,"simB1":6.02053198963404,"simB2":3.8274980825372,"simB3":1.27055377466604}