{"ppntid":7,"myBweight":0.5447734638148238,"simBweight":0.906092151300982,"simval1":5.93159348497637,"simval2":8.15365574925036,"simval3":14.4544309281202,"myval1":3.8576712405687417,"myval2":6.496909644118937,"myval3":11.691355023107295,"mychoice":3,"simchoice":3,"oraclechoice":3,"myA1":2.267424014398889,"myA2":5.024089789771978,"myA3":6.8186224021910435,"myB1":2.9190981789641657,"myB2":2.7035455141911835,"myB3":8.94451169995417,"simA1":1.02557973470539,"simA2":3.33464161725715,"simA3":6.13869413500652,"simB1":5.41447549592704,"simB2":5.31845919322222,"simB3":9.17758395895362}