{"ppntid":1,"myBweight":0.31124873787060253,"simBweight":0.00894579570740461,"simval1":7.19266063974391,"simval2":8.30619600704616,"simval3":3.90281481661573,"myval1":4.805179407585246,"myval2":8.471933126132875,"myval3":1.1743784838533784,"mychoice":2,"simchoice":2,"oraclechoice":2,"myA1":2.623418400546287,"myA2":5.912944975664622,"myA3":0.04131845995863692,"myB1":7.009702342780253,"myB2":8.221682015405047,"myB3":3.6403682522426672,"simA1":7.14630752336234,"simA2":8.22015926474705,"simA3":3.87473117792979,"simB1":5.1815532008186,"simB2":9.61756171425804,"simB3":3.13931142678484}