{"ppntid":2,"myBweight":0.391481898576257,"simBweight":0.293739611981437,"simval1":8.66833495003196,"simval2":11.0452181109007,"simval3":4.79687129832246,"myval1":5.257224587397866,"myval2":13.213453324519644,"myval3":3.081187926733654,"mychoice":2,"simchoice":2,"oraclechoice":2,"myA1":2.566349611668355,"myA2":9.635284436859216,"myA3":0.9655292275445637,"myB1":6.873561678115124,"myB2":9.14006216040519,"myB3":5.404231222141629,"simA1":7.14630752336234,"simA2":8.22015926474705,"simA3":3.87473117792979,"simB1":5.1815532008186,"simB2":9.61756171425804,"simB3":3.13931142678484}