{"ppntid":8,"myBweight":0.16061529906990843,"simBweight":0.949040221050382,"simval1":12.1324728192303,"simval2":10.9644684520229,"simval3":8.6105174002269,"myval1":4.039413321282181,"myval2":4.5081716894709905,"myval3":3.7925059027840327,"mychoice":1,"simchoice":2,"oraclechoice":1,"myA1":3.3318484998094533,"myA2":3.76286302210759,"myA3":2.9724251680155733,"myB1":4.405338878488514,"myB2":4.64033421273899,"myB3":5.1058693631141345,"simA1":4.93442194536328,"simA2":3.72630221536383,"simA3":1.86676760902628,"simB1":7.58455828763545,"simB2":7.62682768981904,"simB3":7.10586299886927}