{"ppntid":6,"myBweight":0.5857132233435532,"simBweight":0.724405892658979,"simval1":7.21356953948391,"simval2":10.7220924231442,"simval3":2.28194260591802,"myval1":9.195551458454197,"myval2":11.262485348935293,"myval3":5.527426455406591,"mychoice":2,"simchoice":1,"oraclechoice":2,"myA1":5.788329334671638,"myA2":8.965037263333853,"myA3":5.111751289002225,"myB1":5.817219055312391,"myB2":3.9224794558784604,"myB3":0.70969059573468,"simA1":2.85226068925112,"simA2":7.94943025801331,"simA3":1.36154596460983,"simB1":6.02053198963404,"simB2":3.8274980825372,"simB3":1.27055377466604}