{"ppntid":3,"myBweight":0.12425188751556239,"simBweight":0.277374957920983,"simval1":2.52741964755235,"simval2":4.80984901218163,"simval3":8.68432609943757,"myval1":2.7683887932587967,"myval2":5.141394868303293,"myval3":6.782973629660566,"mychoice":3,"simchoice":3,"oraclechoice":3,"myA1":2.0008875277882376,"myA2":4.379684098398191,"myA3":5.583552321296934,"myB1":6.1769787229544555,"myB2":6.1303758448715655,"myB3":9.653143564627182,"simA1":1.02557973470539,"simA2":3.33464161725715,"simA3":6.13869413500652,"simB1":5.41447549592704,"simB2":5.31845919322222,"simB3":9.17758395895362}