{"ppntid":7,"myBweight":0.6130425140416929,"simBweight":0.906092151300982,"simval1":11.8067306808746,"simval2":10.6369109244339,"simval3":8.30533430052179,"myval1":11.448681014820698,"myval2":2.3262674070620464,"myval3":2.70334426081403,"mychoice":1,"simchoice":3,"oraclechoice":1,"myA1":6.016472895016154,"myA2":0.2026908871517774,"myA3":0.5703346393785536,"myB1":8.861062643096073,"myB2":3.4639955162487235,"myB3":3.479382869179626,"simA1":4.93442194536328,"simA2":3.72630221536383,"simA3":1.86676760902628,"simB1":7.58455828763545,"simB2":7.62682768981904,"simB3":7.10586299886927}