{"ppntid":4,"myBweight":0.5821781353648273,"simBweight":0.813574214931577,"simval1":7.75041027618808,"simval2":11.0633840056656,"simval3":2.39523575436211,"myval1":9.737792655285393,"myval2":9.611942801666647,"myval3":1.5484581572620006,"mychoice":1,"simchoice":1,"oraclechoice":2,"myA1":6.377852049568464,"myA2":8.4107951996185,"myA3":1.1932806794752504,"myB1":5.771327368059591,"myB2":2.063196003222343,"myB3":0.6100838492743721,"simA1":2.85226068925112,"simA2":7.94943025801331,"simA3":1.36154596460983,"simB1":6.02053198963404,"simB2":3.8274980825372,"simB3":1.27055377466604}