{"ppntid":2,"myBweight":0.22131747198379773,"simBweight":0.293739611981437,"simval1":3.47957146827213,"simval2":6.61986222693998,"simval3":7.45170081834489,"myval1":3.0914554367227947,"myval2":5.812177745565249,"myval3":6.827312761728481,"mychoice":3,"simchoice":3,"oraclechoice":3,"myA1":1.8534811499418624,"myA2":5.64773769606264,"myA3":5.855215999370984,"myB1":5.593658176574339,"myB2":0.743005276667208,"myB3":4.392318209873023,"simA1":1.06841044733301,"simA2":5.48331617377698,"simA3":5.79234702978283,"simB1":8.20849801180884,"simB2":3.86922977631912,"simB3":5.64906373154372}