{"ppntid":0,"myBweight":0.8462824537979319,"simBweight":0.585800305008888,"simval1":6.37909016509451,"simval2":10.1915798021845,"simval3":2.10583675333939,"myval1":9.028140170034794,"myval2":11.943504721121226,"myval3":3.486047184617333,"mychoice":2,"simchoice":1,"oraclechoice":2,"myA1":3.2534603270797846,"myA2":7.797294134854136,"myA3":2.2286689296220508,"myB1":6.823584510159108,"myB2":4.89932240431052,"myB3":1.4857666602355302,"simA1":2.85226068925112,"simA2":7.94943025801331,"simA3":1.36154596460983,"simB1":6.02053198963404,"simB2":3.8274980825372,"simB3":1.27055377466604}