{"ppntid":1,"myBweight":0.5633971035011719,"simBweight":0.00894579570740461,"simval1":6.03337539241306,"simval2":0.720548976640022,"simval3":5.29011617996409,"myval1":13.109021818373073,"myval2":3.9000503517914624,"myval3":12.358333401943266,"mychoice":3,"simchoice":3,"oraclechoice":1,"myA1":8.825209946803598,"myA2":2.4172065798704834,"myA3":8.677009631890014,"myB1":7.603539040133818,"myB2":2.63196910794536,"myB3":6.534154590387587,"simA1":5.9566758479923,"simA2":0.710090156644583,"simA3":5.26116543915123,"simB1":8.57380907516927,"simB2":1.16913244361058,"simB3":3.23623987846076}