{"ppntid":7,"myBweight":0.7299851600583115,"simBweight":0.906092151300982,"simval1":5.11851173838307,"simval2":4.54127433256376,"simval3":8.88859510605842,"myval1":7.9429284484387335,"myval2":7.3302188055446535,"myval3":12.504729792149302,"mychoice":3,"simchoice":1,"oraclechoice":3,"myA1":7.263713411854262,"myA2":7.229528891624966,"myA3":6.834224975832179,"myB1":0.9304504718016671,"myB2":0.13793419295214715,"myB3":7.767972729560915,"simA1":2.20709017245099,"simA2":1.57184537500143,"simA3":2.44585283799097,"simB1":3.21316276909783,"simB2":3.27718207612634,"simB3":7.11047133430839}