{"ppntid":8,"myBweight":0.8664734177609961,"simBweight":0.949040221050382,"simval1":10.9820040675951,"simval2":4.12151303754329,"simval3":6.35876318643453,"myval1":13.784573237986024,"myval2":8.61027284110101,"myval3":12.540426522727977,"mychoice":1,"simchoice":1,"oraclechoice":1,"myA1":5.864613308897171,"myA2":3.4167609614816796,"myA3":9.364800809396424,"myB1":9.1404534365917,"myB2":5.993850213015863,"myB3":3.6650007354380287,"simA1":3.50641574244946,"simA2":0.692847419995815,"simA3":4.7204016125761,"simB1":7.87699842359871,"simB2":3.61277166288346,"simB3":1.72633523587137}