{"ppntid":1,"myBweight":0.2960045390659518,"simBweight":0.00894579570740461,"simval1":5.00227185433537,"simval2":3.79453025777253,"simval3":1.93033520773897,"myval1":7.652131233266759,"myval2":6.614406336167399,"myval3":2.729717175448336,"mychoice":1,"simchoice":3,"oraclechoice":1,"myA1":7.318738179722009,"myA2":6.164072822020497,"myA3":2.226266792186782,"myB1":1.1263106119817579,"myB2":1.5213736774710873,"myB3":1.70081980786579,"simA1":4.93442194536328,"simA2":3.72630221536383,"simA3":1.86676760902628,"simB1":7.58455828763545,"simB2":7.62682768981904,"simB3":7.10586299886927}