{"ppntid":6,"myBweight":0.7193621596291858,"simBweight":0.724405892658979,"simval1":7.01469477696684,"simval2":8.28620902379413,"simval3":9.88456208491922,"myval1":7.100263113226005,"myval2":7.5633115801337665,"myval3":9.199383131913562,"mychoice":1,"simchoice":3,"oraclechoice":3,"myA1":2.52695493607771,"myA2":6.508960724731054,"myA3":5.883487409273416,"myB1":6.357448909330632,"myB2":1.46567461366915,"myB3":4.60949422798304,"simA1":1.06841044733301,"simA2":5.48331617377698,"simA3":5.79234702978283,"simB1":8.20849801180884,"simB2":3.86922977631912,"simB3":5.64906373154372}