{"ppntid":4,"myBweight":0.6512011545819759,"simBweight":0.813574214931577,"simval1":7.75041027618808,"simval2":11.0633840056656,"simval3":2.39523575436211,"myval1":8.805040046203906,"myval2":12.066422432710764,"myval3":2.4366844135816397,"mychoice":1,"simchoice":1,"oraclechoice":2,"myA1":4.22074288227466,"myA2":8.760428521485512,"myA3":2.191861351401758,"myB1":7.039755890592721,"myB2":5.076762975562385,"myB3":0.3759561242440368,"simA1":2.85226068925112,"simA2":7.94943025801331,"simA3":1.36154596460983,"simB1":6.02053198963404,"simB2":3.8274980825372,"simB3":1.27055377466604}