{"ppntid":3,"myBweight":0.4150345325277532,"simBweight":0.277374957920983,"simval1":8.58354062440473,"simval2":10.8878300405418,"simval3":4.7454975528351,"myval1":5.59948226550319,"myval2":13.6670036806014,"myval3":4.091293052929915,"mychoice":2,"simchoice":2,"oraclechoice":2,"myA1":4.9747637016692625,"myA2":9.598991297522549,"myA3":2.851899707398704,"myB1":1.5052206861658024,"myB2":9.801623875253863,"myB3":2.986241501358282,"simA1":7.14630752336234,"simA2":8.22015926474705,"simA3":3.87473117792979,"simB1":5.1815532008186,"simB2":9.61756171425804,"simB3":3.13931142678484}