{"ppntid":3,"myBweight":0.47241632350621576,"simBweight":0.277374957920983,"simval1":7.03818848124541,"simval2":5.84179322489798,"simval3":3.83775605932992,"myval1":10.699231054260313,"myval2":7.915440642877415,"myval3":9.847842239929527,"mychoice":2,"simchoice":2,"oraclechoice":1,"myA1":9.856645567740664,"myA2":4.201093840073316,"myA3":5.8129322575717035,"myB1":1.7835655640899195,"myB2":7.862443819122664,"myB3":8.54100457920509,"simA1":4.93442194536328,"simA2":3.72630221536383,"simA3":1.86676760902628,"simB1":7.58455828763545,"simB2":7.62682768981904,"simB3":7.10586299886927}