{"ppntid":5,"myBweight":0.36336735572516005,"simBweight":0.260427771368995,"simval1":8.42826245093175,"simval2":7.93129150742815,"simval3":7.41952566533329,"myval1":8.671354483098172,"myval2":7.900529408013806,"myval3":7.250101922126557,"mychoice":1,"simchoice":3,"oraclechoice":1,"myA1":5.620547154092524,"myA2":5.644307532283759,"myA3":6.329284700291947,"myB1":8.395931227551399,"myB2":6.20920355167123,"myB3":2.5341220319501923,"simA1":6.32742163492367,"simA2":6.24415603699163,"simA3":7.2123027429916,"simB1":8.06688474491239,"simB2":6.47832395741716,"simB3":0.795702091418207}