{"ppntid":3,"myBweight":0.1864281215259394,"simBweight":0.277374957920983,"simval1":3.09834106032277,"simval2":2.48085361546637,"simval3":4.41811952514312,"myval1":6.0116358746784195,"myval2":5.516487226258182,"myval3":5.871986720241052,"mychoice":3,"simchoice":3,"oraclechoice":3,"myA1":5.108041826320133,"myA2":4.4522255851455705,"myA3":4.529409831672659,"myB1":4.846876324034415,"myB2":5.708696909036499,"myB3":7.201579233750895,"simA1":2.20709017245099,"simA2":1.57184537500143,"simA3":2.44585283799097,"simB1":3.21316276909783,"simB2":3.27718207612634,"simB3":7.11047133430839}