{"ppntid":0,"myBweight":0.5783819351258713,"simBweight":0.585800305008888,"simval1":8.12076382154812,"simval2":2.80921016204041,"simval3":5.73168932029714,"myval1":8.034384021655539,"myval2":2.6883313165342955,"myval3":10.467669519124637,"mychoice":1,"simchoice":1,"oraclechoice":1,"myA1":3.523641130763946,"myA2":0.18883940011140465,"myA3":9.776467366843198,"myB1":7.798900029458795,"myB2":4.3215248689932455,"myB3":1.1950617927425689,"simA1":3.50641574244946,"simA2":0.692847419995815,"simA3":4.7204016125761,"simB1":7.87699842359871,"simB2":3.61277166288346,"simB3":1.72633523587137}