{"ppntid":2,"myBweight":0.8525022847254142,"simBweight":0.293739611981437,"simval1":4.62072941980805,"simval2":9.07371805963748,"simval3":1.73475793738178,"myval1":14.396143087225404,"myval2":13.607870036142094,"myval3":2.9007034069514033,"mychoice":2,"simchoice":2,"oraclechoice":2,"myA1":8.194235238136212,"myA2":9.823833491868598,"myA3":1.237048343769085,"myB1":7.274945721801542,"myB2":4.438740648645078,"myB3":1.9514963103215277,"simA1":2.85226068925112,"simA2":7.94943025801331,"simA3":1.36154596460983,"simB1":6.02053198963404,"simB2":3.8274980825372,"simB3":1.27055377466604}