{"ppntid":5,"myBweight":0.6973451877133772,"simBweight":0.260427771368995,"simval1":8.42826245093175,"simval2":7.93129150742815,"simval3":7.41952566533329,"myval1":10.346170070235438,"myval2":5.256733863826367,"myval3":1.2880382406490187,"mychoice":1,"simchoice":3,"oraclechoice":1,"myA1":7.817866689080974,"myA2":1.2983379888647395,"myA3":0.5484504576813376,"myB1":3.625612430831957,"myB2":5.676379423999995,"myB3":1.0605763056784245,"simA1":6.32742163492367,"simA2":6.24415603699163,"simA3":7.2123027429916,"simB1":8.06688474491239,"simB2":6.47832395741716,"simB3":0.795702091418207}