{"ppntid":3,"myBweight":0.48116943923125177,"simBweight":0.277374957920983,"simval1":8.56497345159716,"simval2":8.04108087207871,"simval3":7.43301057711636,"myval1":10.652887549975864,"myval2":9.58494418139599,"myval3":5.339739039211055,"mychoice":1,"simchoice":1,"oraclechoice":1,"myA1":6.116085752633811,"myA2":6.227837227807937,"myA3":5.290025304255799,"myB1":9.428698972632901,"myB2":6.976974595376609,"myB3":0.10331856286359686,"simA1":6.32742163492367,"simA2":6.24415603699163,"simA3":7.2123027429916,"simB1":8.06688474491239,"simB2":6.47832395741716,"simB3":0.795702091418207}