{"ppntid":6,"myBweight":0.35871817955008617,"simBweight":0.724405892658979,"simval1":4.5347242164579,"simval2":3.94585538226373,"simval3":7.59672017214672,"myval1":5.659028119254948,"myval2":5.75514682551199,"myval3":7.997063337100732,"mychoice":3,"simchoice":1,"oraclechoice":3,"myA1":4.739443089129763,"myA2":4.828315311350462,"myA3":4.449159402270826,"myB1":2.563530600201398,"myB2":2.5837316506344488,"myB3":9.89050496208411,"simA1":2.20709017245099,"simA2":1.57184537500143,"simA3":2.44585283799097,"simB1":3.21316276909783,"simB2":3.27718207612634,"simB3":7.11047133430839}