{"ppntid":1,"myBweight":0.5641084957757317,"simBweight":0.00894579570740461,"simval1":1.14184199361129,"simval2":5.51792951290094,"simval3":5.84288239986333,"myval1":5.783189893821749,"myval2":9.839828072556365,"myval3":10.391530084808988,"mychoice":2,"simchoice":2,"oraclechoice":3,"myA1":1.5485738306708452,"myA2":7.506749280287743,"myA3":7.460173454123469,"myB1":7.506740449508187,"myB2":4.1358689148269185,"myB3":5.196441203485995,"simA1":1.06841044733301,"simA2":5.48331617377698,"simA3":5.79234702978283,"simB1":8.20849801180884,"simB2":3.86922977631912,"simB3":5.64906373154372}