{"ppntid":1,"myBweight":0.4116812363858746,"simBweight":0.00894579570740461,"simval1":1.14184199361129,"simval2":5.51792951290094,"simval3":5.84288239986333,"myval1":5.452189028385081,"myval2":6.9031445764738155,"myval3":8.34451591239705,"mychoice":3,"simchoice":2,"oraclechoice":3,"myA1":1.721264512662437,"myA2":5.2367530776265685,"myA3":5.7544097328898225,"myB1":9.062653786400883,"myB2":4.047771313252944,"myB3":6.291533231501189,"simA1":1.06841044733301,"simA2":5.48331617377698,"simA3":5.79234702978283,"simB1":8.20849801180884,"simB2":3.86922977631912,"simB3":5.64906373154372}