{"ppntid":1,"myBweight":0.685121585351447,"simBweight":0.00894579570740461,"simval1":6.03337539241306,"simval2":0.720548976640022,"simval3":5.29011617996409,"myval1":14.414804759287973,"myval2":8.407147032577324,"myval3":10.532639888669483,"mychoice":1,"simchoice":3,"oraclechoice":1,"myA1":7.789348659790669,"myA2":7.006659173164429,"myA3":7.299468236508153,"myB1":9.670482205138294,"myB2":2.044144994635493,"myB3":4.71912098712057,"simA1":5.9566758479923,"simA2":0.710090156644583,"simA3":5.26116543915123,"simB1":8.57380907516927,"simB2":1.16913244361058,"simB3":3.23623987846076}