{"ppntid":0,"myBweight":0.3763364493867941,"simBweight":0.585800305008888,"simval1":10.9792158193144,"simval2":1.39496829870745,"simval3":7.15695574703547,"myval1":10.420507847312182,"myval2":3.48355740885869,"myval3":10.358810144248956,"mychoice":1,"simchoice":1,"oraclechoice":1,"myA1":7.68063624846671,"myA2":2.110823425619608,"myA3":8.539668086715352,"myB1":7.280377979092492,"myB2":3.6476243145616816,"myB3":4.833818410355226,"simA1":5.9566758479923,"simA2":0.710090156644583,"simA3":5.26116543915123,"simB1":8.57380907516927,"simB2":1.16913244361058,"simB3":3.23623987846076}