{"ppntid":9,"myBweight":0.3072384263481154,"simBweight":0.073144469410181,"simval1":7.52530948295684,"simval2":8.92363071335613,"simval3":4.10435444655529,"myval1":9.30570640676164,"myval2":12.551912608139418,"myval3":2.725866150036725,"mychoice":2,"simchoice":2,"oraclechoice":2,"myA1":7.421328355782142,"myA2":9.919965379936759,"myA3":2.3677295665007314,"myB1":6.133275949162718,"myB2":8.566465007279206,"myB3":1.1656633832976615,"simA1":7.14630752336234,"simA2":8.22015926474705,"simA3":3.87473117792979,"simB1":5.1815532008186,"simB2":9.61756171425804,"simB3":3.13931142678484}