{"ppntid":9,"myBweight":0.34290748718438135,"simBweight":0.073144469410181,"simval1":2.4421152583252,"simval2":1.81155311912025,"simval3":2.96594449099526,"myval1":4.748135798350401,"myval2":4.219538237969437,"myval3":4.816964894511299,"mychoice":3,"simchoice":3,"oraclechoice":3,"myA1":4.092397231978033,"myA2":3.6720748556106586,"myA3":3.4763084757360985,"myB1":1.912290022468297,"myB2":1.5965337673260183,"myB3":3.909673800894087,"simA1":2.20709017245099,"simA2":1.57184537500143,"simA3":2.44585283799097,"simB1":3.21316276909783,"simB2":3.27718207612634,"simB3":7.11047133430839}