{"ppntid":3,"myBweight":0.5870330347812779,"simBweight":0.277374957920983,"simval1":8.58354062440473,"simval2":10.8878300405418,"simval3":4.7454975528351,"myval1":9.660941217032853,"myval2":14.451028682222091,"myval3":3.3845217180136036,"mychoice":2,"simchoice":2,"oraclechoice":2,"myA1":5.915281864906854,"myA2":9.727583029823633,"myA3":2.010155118079311,"myB1":6.380661956309819,"myB2":8.046302971958578,"myB3":2.341208277054403,"simA1":7.14630752336234,"simA2":8.22015926474705,"simA3":3.87473117792979,"simB1":5.1815532008186,"simB2":9.61756171425804,"simB3":3.13931142678484}