{"ppntid":1,"myBweight":0.2969032492281734,"simBweight":0.00894579570740461,"simval1":2.90611913848029,"simval2":7.98367027393017,"simval3":1.37291207911327,"myval1":5.266867640270289,"myval2":9.218392527885825,"myval3":1.9093993387017427,"mychoice":2,"simchoice":2,"oraclechoice":2,"myA1":4.131319802290863,"myA2":8.746404818320856,"myA3":1.7724866664704853,"myB1":3.8246393090388353,"myB2":1.5897020689128283,"myB3":0.46113564801723905,"simA1":2.85226068925112,"simA2":7.94943025801331,"simA3":1.36154596460983,"simB1":6.02053198963404,"simB2":3.8274980825372,"simB3":1.27055377466604}