{"ppntid":4,"myBweight":0.4392602980058546,"simBweight":0.813574214931577,"simval1":5.43065738557049,"simval2":7.66160288002855,"simval3":13.6053397993808,"myval1":2.171883129217714,"myval2":6.764352583890682,"myval3":13.473376377679331,"mychoice":3,"simchoice":3,"oraclechoice":3,"myA1":1.0636913955341676,"myA2":5.9422855339580565,"myA3":9.49403954474884,"myB1":2.522858857753578,"myB2":1.8714804266732732,"myB3":9.059177100675402,"simA1":1.02557973470539,"simA2":3.33464161725715,"simA3":6.13869413500652,"simB1":5.41447549592704,"simB2":5.31845919322222,"simB3":9.17758395895362}