{"ppntid":8,"myBweight":0.8306656776149921,"simBweight":0.949040221050382,"simval1":10.9820040675951,"simval2":4.12151303754329,"simval3":6.35876318643453,"myval1":11.78041360794735,"myval2":3.704190578191075,"myval3":9.242892479326443,"mychoice":1,"simchoice":1,"oraclechoice":1,"myA1":6.958672255460645,"myA2":1.8186249101493002,"myA3":8.556705302602099,"myB1":5.804671461003292,"myB2":2.269945320788518,"myB3":0.8260690133418347,"simA1":3.50641574244946,"simA2":0.692847419995815,"simA3":4.7204016125761,"simB1":7.87699842359871,"simB2":3.61277166288346,"simB3":1.72633523587137}