{"ppntid":1,"myBweight":0.09135565061577718,"simBweight":0.00894579570740461,"simval1":6.39958633784683,"simval2":6.30210979964107,"simval3":7.21942093134538,"myval1":7.566256114814221,"myval2":7.733765356868668,"myval3":6.699515145929326,"mychoice":3,"simchoice":1,"oraclechoice":3,"myA1":6.778226465333215,"myA2":7.287966914981288,"myA3":6.535849227074695,"myB1":8.62595410540389,"myB2":4.879812456947139,"myB3":1.7915248564423947,"simA1":6.32742163492367,"simA2":6.24415603699163,"simA3":7.2123027429916,"simB1":8.06688474491239,"simB2":6.47832395741716,"simB3":0.795702091418207}