{"ppntid":8,"myBweight":0.6548994263073842,"simBweight":0.949040221050382,"simval1":12.0638099184515,"simval2":17.3476121600122,"simval3":6.85406398835167,"myval1":11.679393366193612,"myval2":12.98759586446171,"myval3":4.514165428461059,"mychoice":2,"simchoice":2,"oraclechoice":2,"myA1":7.499713149871137,"myA2":9.579218882589133,"myA3":2.875259334367477,"myB1":6.38217113716129,"myB2":5.204428107519547,"myB3":2.5025309662194495,"simA1":7.14630752336234,"simA2":8.22015926474705,"simA3":3.87473117792979,"simB1":5.1815532008186,"simB2":9.61756171425804,"simB3":3.13931142678484}