{"ppntid":4,"myBweight":0.05102081561691503,"simBweight":0.813574214931577,"simval1":7.75041027618808,"simval2":11.0633840056656,"simval3":2.39523575436211,"myval1":4.409065203025853,"myval2":7.535951083260668,"myval3":0.9421321376386855,"mychoice":1,"simchoice":1,"oraclechoice":2,"myA1":3.9863630258552596,"myA2":7.215602662264963,"myA3":0.9417584028764381,"myB1":8.28489650860176,"myB2":6.27877890861273,"myB3":0.0073251428407883346,"simA1":2.85226068925112,"simA2":7.94943025801331,"simA3":1.36154596460983,"simB1":6.02053198963404,"simB2":3.8274980825372,"simB3":1.27055377466604}