{"ppntid":9,"myBweight":0.6278087115063103,"simBweight":0.073144469410181,"simval1":6.58380256361975,"simval2":0.795605728902707,"simval3":5.49787848794531,"myval1":12.595987429492334,"myval2":0.2949867865457052,"myval3":8.820345787854777,"mychoice":1,"simchoice":2,"oraclechoice":1,"myA1":8.237606281251878,"myA2":0.17721555585032522,"myA3":8.021504713885735,"myB1":6.942211964187834,"myB2":0.18759094695071976,"myB3":1.2724275075004488,"simA1":5.9566758479923,"simA2":0.710090156644583,"simA3":5.26116543915123,"simB1":8.57380907516927,"simB2":1.16913244361058,"simB3":3.23623987846076}