{"ppntid":2,"myBweight":0.13307557087907504,"simBweight":0.293739611981437,"simval1":0.492870456072327,"simval2":11.1085328860623,"simval3":8.14164887421582,"myval1":2.0766356086375493,"myval2":8.789948734877846,"myval3":7.753831597410639,"mychoice":2,"simchoice":2,"oraclechoice":2,"myA1":0.8146884510916141,"myA2":8.39118508560169,"myA3":7.6410117751377165,"myB1":9.48293626854067,"myB2":2.9965202977675864,"myB3":0.8477876256900796,"simA1":0.0122929364442825,"simA2":8.57054706430063,"simA3":7.79470579931512,"simB1":1.63606643443927,"simB2":8.6402572831139,"simB3":1.1811245768331}