{"ppntid":6,"myBweight":0.592855676065988,"simBweight":0.724405892658979,"simval1":9.21255981696985,"simval2":3.30996050141997,"simval3":5.97096903014615,"myval1":8.24430261781936,"myval2":3.0835969480621137,"myval3":9.956243836246767,"mychoice":1,"simchoice":2,"oraclechoice":1,"myA1":3.9812529970289323,"myA2":0.3117018957828077,"myA3":9.564444211489903,"myB1":7.190703897917858,"myB2":4.675497198024261,"myB3":0.660868471997651,"simA1":3.50641574244946,"simA2":0.692847419995815,"simA3":4.7204016125761,"simB1":7.87699842359871,"simB2":3.61277166288346,"simB3":1.72633523587137}