{"ppntid":5,"myBweight":0.30112838347863286,"simBweight":0.260427771368995,"simval1":3.04388699145297,"simval2":2.42531459945743,"simval3":4.29761704096803,"myval1":1.4089274971649517,"myval2":2.360005295625713,"myval3":4.315456060810593,"mychoice":3,"simchoice":1,"oraclechoice":3,"myA1":1.2415828303893095,"myA2":2.013029387611893,"myA3":1.4725817409773834,"myB1":0.5557253183591593,"myB2":1.1522524180735028,"myB3":9.440738488322978,"simA1":2.20709017245099,"simA2":1.57184537500143,"simA3":2.44585283799097,"simB1":3.21316276909783,"simB2":3.27718207612634,"simB3":7.11047133430839}