{"ppntid":9,"myBweight":0.3650501574395489,"simBweight":0.073144469410181,"simval1":4.08257461268842,"simval2":0.957101686377563,"simval3":4.84667348742801,"myval1":6.327939870328413,"myval2":3.4304959984732766,"myval3":8.267526122807267,"mychoice":3,"simchoice":3,"oraclechoice":3,"myA1":4.1403335227776195,"myA2":0.2749424872748474,"myA3":8.258662673696708,"myB1":5.992618556569322,"myB2":8.644164224805131,"myB3":0.024280085708567878,"simA1":3.50641574244946,"simA2":0.692847419995815,"simA3":4.7204016125761,"simB1":7.87699842359871,"simB2":3.61277166288346,"simB3":1.72633523587137}