{"ppntid":6,"myBweight":0.7977338327493102,"simBweight":0.724405892658979,"simval1":12.1675936645779,"simval2":1.55701658809488,"simval3":7.60551667716618,"myval1":14.445314268857306,"myval2":5.889243541243431,"myval3":11.567538719561956,"mychoice":1,"simchoice":1,"oraclechoice":1,"myA1":8.160724666278881,"myA2":4.153412364171903,"myA3":6.725049658632168,"myB1":7.878053236026372,"myB2":2.1759528125930916,"myB3":6.070306739079414,"simA1":5.9566758479923,"simA2":0.710090156644583,"simA3":5.26116543915123,"simB1":8.57380907516927,"simB2":1.16913244361058,"simB3":3.23623987846076}