{"ppntid":0,"myBweight":0.37561839427962607,"simBweight":0.585800305008888,"simval1":8.12076382154812,"simval2":2.80921016204041,"simval3":5.73168932029714,"myval1":6.437764088901961,"myval2":1.915144095468278,"myval3":6.18042870100222,"mychoice":1,"simchoice":1,"oraclechoice":1,"myA1":4.4131143073506625,"myA2":1.1761820131850143,"myA3":6.147718484924534,"myB1":5.390177404475203,"myB2":1.9673213387232291,"myB3":0.0870836374784556,"simA1":3.50641574244946,"simA2":0.692847419995815,"simA3":4.7204016125761,"simB1":7.87699842359871,"simB2":3.61277166288346,"simB3":1.72633523587137}