{"ppntid":9,"myBweight":0.7164161122592644,"simBweight":0.073144469410181,"simval1":2.4421152583252,"simval2":1.81155311912025,"simval3":2.96594449099526,"myval1":14.229946462910153,"myval2":10.748769366845698,"myval3":12.974480027667072,"mychoice":3,"simchoice":3,"oraclechoice":3,"myA1":9.72038070829316,"myA2":9.063485950758405,"myA3":9.016283161956867,"myB1":6.294617998464309,"myB2":2.3523806726968255,"myB3":5.5249969926385045,"simA1":2.20709017245099,"simA2":1.57184537500143,"simA3":2.44585283799097,"simB1":3.21316276909783,"simB2":3.27718207612634,"simB3":7.11047133430839}