{"ppntid":3,"myBweight":0.22322537862269065,"simBweight":0.277374957920983,"simval1":3.09834106032277,"simval2":2.48085361546637,"simval3":4.41811952514312,"myval1":2.5950768298690705,"myval2":2.0570532406970905,"myval3":2.9906924531685646,"mychoice":1,"simchoice":3,"oraclechoice":3,"myA1":2.107182507578911,"myA2":1.5475388318668104,"myA3":1.0990614302668855,"myB1":2.1856579449007407,"myB2":2.28251111936288,"myB3":8.474085852482888,"simA1":2.20709017245099,"simA2":1.57184537500143,"simA3":2.44585283799097,"simB1":3.21316276909783,"simB2":3.27718207612634,"simB3":7.11047133430839}