{"ppntid":6,"myBweight":0.09535563724933097,"simBweight":0.724405892658979,"simval1":10.4287206621419,"simval2":9.25122113616341,"simval3":7.01429663783458,"myval1":5.812493788370959,"myval2":8.504744110154032,"myval3":3.561529545128149,"mychoice":2,"simchoice":1,"oraclechoice":1,"myA1":5.08856917640613,"myA2":7.847898414292603,"myA3":2.8621887840793003,"myB1":7.591838645804945,"myB2":6.88837823131466,"myB3":7.334026400770086,"simA1":4.93442194536328,"simA2":3.72630221536383,"simA3":1.86676760902628,"simB1":7.58455828763545,"simB2":7.62682768981904,"simB3":7.10586299886927}