{"ppntid":1,"myBweight":0.28264492711579364,"simBweight":0.00894579570740461,"simval1":6.03337539241306,"simval2":0.720548976640022,"simval3":5.29011617996409,"myval1":9.846371236452578,"myval2":1.592322459714004,"myval3":9.019905516674514,"mychoice":1,"simchoice":3,"oraclechoice":1,"myA1":7.957262194491534,"myA2":0.26653217118559835,"myA3":8.089368422170422,"myB1":6.683682814470313,"myB2":4.690656584773083,"myB3":3.292247640881494,"simA1":5.9566758479923,"simA2":0.710090156644583,"simA3":5.26116543915123,"simB1":8.57380907516927,"simB2":1.16913244361058,"simB3":3.23623987846076}