{"ppntid":4,"myBweight":0.47473544801499656,"simBweight":0.813574214931577,"simval1":12.9321058352964,"simval2":1.6612661666061,"simval3":7.89408675760021,"myval1":7.165313766169492,"myval2":1.8850615486294453,"myval3":5.105833529723079,"mychoice":3,"simchoice":1,"oraclechoice":1,"myA1":3.3318732341329382,"myA2":1.5982145799855974,"myA3":3.7622416567673533,"myB1":8.074898447262058,"myB2":0.6042248790210136,"myB3":2.830190748497219,"simA1":5.9566758479923,"simA2":0.710090156644583,"simA3":5.26116543915123,"simB1":8.57380907516927,"simB2":1.16913244361058,"simB3":3.23623987846076}