{"ppntid":5,"myBweight":0.18629881636049977,"simBweight":0.260427771368995,"simval1":3.20613129083521,"simval2":6.49097106133833,"simval3":7.26352010771018,"myval1":3.1577511485552794,"myval2":3.70435312441573,"myval3":3.2337815560300305,"mychoice":3,"simchoice":3,"oraclechoice":3,"myA1":1.3212683822348725,"myA2":3.4423203688242165,"myA3":1.8280193729423244,"myB1":9.857726432178177,"myB2":1.4065186280328468,"myB3":7.545738671615974,"simA1":1.06841044733301,"simA2":5.48331617377698,"simA3":5.79234702978283,"simB1":8.20849801180884,"simB2":3.86922977631912,"simB3":5.64906373154372}