{"ppntid":2,"myBweight":0.5386365771257204,"simBweight":0.293739611981437,"simval1":8.47514319893544,"simval2":1.05351066698566,"simval3":6.21177728532914,"myval1":11.972492050266565,"myval2":1.9801081958110118,"myval3":11.553271735895411,"mychoice":3,"simchoice":1,"oraclechoice":1,"myA1":8.482509849356658,"myA2":1.244654126020921,"myA3":9.022279472621797,"myB1":6.4792892817142045,"myB2":1.3653994196135555,"myB3":4.698886727632809,"simA1":5.9566758479923,"simA2":0.710090156644583,"simA3":5.26116543915123,"simB1":8.57380907516927,"simB2":1.16913244361058,"simB3":3.23623987846076}