{"ppntid":7,"myBweight":0.7407373515564313,"simBweight":0.906092151300982,"simval1":11.8412722101725,"simval2":16.9345564486891,"simval3":6.71923662222902,"myval1":9.148635910391471,"myval2":7.754723905248542,"myval3":7.226960600958183,"mychoice":2,"simchoice":2,"oraclechoice":2,"myA1":3.778750716714676,"myA2":0.5486049870360254,"myA3":5.468729796903091,"myB1":7.249378180260029,"myB2":9.728305050462325,"myB3":2.373622445743706,"simA1":7.14630752336234,"simA2":8.22015926474705,"simA3":3.87473117792979,"simB1":5.1815532008186,"simB2":9.61756171425804,"simB3":3.13931142678484}