{"ppntid":1,"myBweight":0.48206149907264917,"simBweight":0.00894579570740461,"simval1":2.90611913848029,"simval2":7.98367027393017,"simval3":1.37291207911327,"myval1":4.136649192485382,"myval2":8.143409224009396,"myval3":3.4151408401338026,"mychoice":2,"simchoice":2,"oraclechoice":2,"myA1":1.053986370657769,"myA2":6.943029930676035,"myA3":2.7336680013156123,"myB1":6.3947501050338795,"myB2":2.490095756750026,"myB3":1.4136636925561419,"simA1":2.85226068925112,"simA2":7.94943025801331,"simA3":1.36154596460983,"simB1":6.02053198963404,"simB2":3.8274980825372,"simB3":1.27055377466604}