{"ppntid":9,"myBweight":0.07887334993680904,"simBweight":0.073144469410181,"simval1":4.08257461268842,"simval2":0.957101686377563,"simval3":4.84667348742801,"myval1":4.135760447122566,"myval2":1.6746272398696818,"myval3":6.944152756696112,"mychoice":3,"simchoice":3,"oraclechoice":3,"myA1":3.411227287224612,"myA2":1.3167181982811593,"myA3":6.941757128925527,"myB1":9.18603255064516,"myB2":4.537768991367406,"myB3":0.030373095253393156,"simA1":3.50641574244946,"simA2":0.692847419995815,"simA3":4.7204016125761,"simB1":7.87699842359871,"simB2":3.61277166288346,"simB3":1.72633523587137}