{"ppntid":7,"myBweight":0.3889390408944587,"simBweight":0.906092151300982,"simval1":10.6437021898825,"simval2":3.96635146817711,"simval3":6.28462042031348,"myval1":5.867141933295836,"myval2":2.066309198762155,"myval3":6.487340594206099,"mychoice":3,"simchoice":1,"oraclechoice":1,"myA1":2.988986965863334,"myA2":0.2977277976762238,"myA3":6.041451504457083,"myB1":7.400015593223797,"myB2":4.547194329010155,"myB3":1.146424099580201,"simA1":3.50641574244946,"simA2":0.692847419995815,"simA3":4.7204016125761,"simB1":7.87699842359871,"simB2":3.61277166288346,"simB3":1.72633523587137}