{"ppntid":4,"myBweight":0.5118262857081476,"simBweight":0.813574214931577,"simval1":7.75041027618808,"simval2":11.0633840056656,"simval3":2.39523575436211,"myval1":8.107247217169636,"myval2":5.333322807108782,"myval3":3.511094469803856,"mychoice":2,"simchoice":1,"oraclechoice":2,"myA1":5.7674902900528995,"myA2":3.607293297860279,"myA3":2.527407385664271,"myB1":4.571388755228776,"myB2":3.3722955569982505,"myB3":1.9219159148471343,"simA1":2.85226068925112,"simA2":7.94943025801331,"simA3":1.36154596460983,"simB1":6.02053198963404,"simB2":3.8274980825372,"simB3":1.27055377466604}