{"ppntid":3,"myBweight":0.2971201630169588,"simBweight":0.277374957920983,"simval1":8.56497345159716,"simval2":8.04108087207871,"simval3":7.43301057711636,"myval1":8.897446858152705,"myval2":7.836412850710103,"myval3":1.399975253997435,"mychoice":1,"simchoice":1,"oraclechoice":1,"myA1":5.95884841468032,"myA2":6.227837227807937,"myA3":0.45219716052856906,"myB1":9.890269356457837,"myB2":5.413889136868686,"myB3":3.1898814400380138,"simA1":6.32742163492367,"simA2":6.24415603699163,"simA3":7.2123027429916,"simB1":8.06688474491239,"simB2":6.47832395741716,"simB3":0.795702091418207}