{"ppntid":7,"myBweight":0.584806798788914,"simBweight":0.906092151300982,"simval1":8.30741747171501,"simval2":11.4174962297198,"simval3":2.51278476764057,"myval1":7.999472133384717,"myval2":12.337383721451856,"myval3":2.4169820213160667,"mychoice":2,"simchoice":1,"oraclechoice":2,"myA1":2.2672680639196408,"myA2":7.702710784452194,"myA3":0.05289443021222251,"myB1":9.801876587850881,"myB2":7.925135184128644,"myB3":4.042510442764469,"simA1":2.85226068925112,"simA2":7.94943025801331,"simA3":1.36154596460983,"simB1":6.02053198963404,"simB2":3.8274980825372,"simB3":1.27055377466604}