{"ppntid":1,"myBweight":0.6018951690020122,"simBweight":0.00894579570740461,"simval1":7.19266063974391,"simval2":8.30619600704616,"simval3":3.90281481661573,"myval1":10.232268202434383,"myval2":10.540216906398651,"myval3":4.79861050316087,"mychoice":2,"simchoice":2,"oraclechoice":2,"myA1":5.401190739679855,"myA2":7.7161607734822475,"myA3":3.472959635513484,"myB1":8.026443326941504,"myB2":4.6919401888519925,"myB3":2.202461385170138,"simA1":7.14630752336234,"simA2":8.22015926474705,"simA3":3.87473117792979,"simB1":5.1815532008186,"simB2":9.61756171425804,"simB3":3.13931142678484}