{"ppntid":3,"myBweight":0.26093752631264094,"simBweight":0.277374957920983,"simval1":7.03818848124541,"simval2":5.84179322489798,"simval3":3.83775605932992,"myval1":9.891214798508967,"myval2":7.323211866681469,"myval3":4.726804673779913,"mychoice":1,"simchoice":2,"oraclechoice":1,"myA1":8.786904461495375,"myA2":6.2563372380227396,"myA3":3.463138726715498,"myB1":4.232087092335153,"myB2":4.088620919094861,"myB3":4.842791165078955,"simA1":4.93442194536328,"simA2":3.72630221536383,"simA3":1.86676760902628,"simB1":7.58455828763545,"simB2":7.62682768981904,"simB3":7.10586299886927}