{"ppntid":1,"myBweight":0.5827583009948557,"simBweight":0.00894579570740461,"simval1":6.03337539241306,"simval2":0.720548976640022,"simval3":5.29011617996409,"myval1":13.070527516881079,"myval2":1.817662587673867,"myval3":11.143220904178554,"mychoice":1,"simchoice":3,"oraclechoice":1,"myA1":7.716892324999627,"myA2":0.1680073196286025,"myA3":8.148421306011702,"myB1":9.186716315738437,"myB2":2.8307709477995524,"myB3":5.139008046825381,"simA1":5.9566758479923,"simA2":0.710090156644583,"simA3":5.26116543915123,"simB1":8.57380907516927,"simB2":1.16913244361058,"simB3":3.23623987846076}