{"ppntid":0,"myBweight":0.4188224227617871,"simBweight":0.585800305008888,"simval1":6.37909016509451,"simval2":10.1915798021845,"simval3":2.10583675333939,"myval1":5.481260201406165,"myval2":10.422228769057448,"myval3":2.344261741638868,"mychoice":2,"simchoice":1,"oraclechoice":2,"myA1":2.8708649964540323,"myA2":8.547125904724098,"myA3":1.1050827284356068,"myB1":6.232701648920176,"myB2":4.477083275457412,"myB3":2.9587217537969956,"simA1":2.85226068925112,"simA2":7.94943025801331,"simA3":1.36154596460983,"simB1":6.02053198963404,"simB2":3.8274980825372,"simB3":1.27055377466604}