{"ppntid":9,"myBweight":0.664793209950641,"simBweight":0.073144469410181,"simval1":3.29262930719993,"simval2":8.22939057442898,"simval3":1.45447994631488,"myval1":10.246463103678867,"myval2":10.698294427506859,"myval3":4.193636337827521,"mychoice":2,"simchoice":2,"oraclechoice":2,"myA1":5.436436026469103,"myA2":7.513047840144786,"myA3":3.614464142178553,"myB1":7.235373354019206,"myB2":4.791334417507917,"myB3":0.871206545102905,"simA1":2.85226068925112,"simA2":7.94943025801331,"simA3":1.36154596460983,"simB1":6.02053198963404,"simB2":3.8274980825372,"simB3":1.27055377466604}