{"ppntid":5,"myBweight":0.6059933514504818,"simBweight":0.260427771368995,"simval1":8.42826245093175,"simval2":7.93129150742815,"simval3":7.41952566533329,"myval1":5.783957655274213,"myval2":9.962898437447222,"myval3":1.191152647628377,"mychoice":1,"simchoice":3,"oraclechoice":1,"myA1":0.9154500267244425,"myA2":6.836903849893234,"myA3":0.5484504576813376,"myB1":8.03392911307806,"myB2":5.15846350470963,"myB3":1.0605763056784245,"simA1":6.32742163492367,"simA2":6.24415603699163,"simA3":7.2123027429916,"simB1":8.06688474491239,"simB2":6.47832395741716,"simB3":0.795702091418207}