{"ppntid":4,"myBweight":0.36916957801124556,"simBweight":0.813574214931577,"simval1":12.8904310582093,"simval2":11.5147533647197,"simval3":7.85966544733658,"myval1":7.974349236450716,"myval2":5.192470976776889,"myval3":7.266027017194961,"mychoice":2,"simchoice":2,"oraclechoice":1,"myA1":4.363578131214392,"myA2":5.066685513174319,"myA3":5.053341118911645,"myB1":9.780792677142898,"myB2":0.34072543106121955,"myB3":5.993684285155032,"simA1":6.32742163492367,"simA2":6.24415603699163,"simA3":7.2123027429916,"simB1":8.06688474491239,"simB2":6.47832395741716,"simB3":0.795702091418207}