{"ppntid":2,"myBweight":0.7323876777255147,"simBweight":0.293739611981437,"simval1":5.82020220297573,"simval2":1.75406156642873,"simval3":5.22749465491084,"myval1":10.980247368471472,"myval2":2.284917523435751,"myval3":8.676087456523037,"mychoice":1,"simchoice":1,"oraclechoice":1,"myA1":4.633340603859796,"myA2":0.2533819163713513,"myA3":8.468027427766884,"myB1":8.666047992946133,"myB2":2.773852795248395,"myB3":0.284084556695845,"simA1":3.50641574244946,"simA2":0.692847419995815,"simA3":4.7204016125761,"simB1":7.87699842359871,"simB2":3.61277166288346,"simB3":1.72633523587137}