{"ppntid":5,"myBweight":0.498323611663572,"simBweight":0.260427771368995,"simval1":0.438370071776921,"simval2":10.8207100125967,"simval3":8.10230344056892,"myval1":2.1392843692488146,"myval2":11.136247882322564,"myval3":8.655644153519892,"mychoice":2,"simchoice":2,"oraclechoice":2,"myA1":1.0188747907750972,"myA2":6.581732359399135,"myA3":7.222808541169123,"myB1":2.2483573971809467,"myB2":9.139674332747195,"myB3":2.875311502032747,"simA1":0.0122929364442825,"simA2":8.57054706430063,"simA3":7.79470579931512,"simB1":1.63606643443927,"simB2":8.6402572831139,"simB3":1.1811245768331}