{"ppntid":8,"myBweight":0.18110003312379921,"simBweight":0.949040221050382,"simval1":8.56598769953431,"simval2":11.5818798843343,"simval3":2.56735259977529,"myval1":4.8430567717499216,"myval2":3.9297518934266282,"myval3":2.6278126838465834,"mychoice":1,"simchoice":1,"oraclechoice":2,"myA1":4.095769847650626,"myA2":2.753910994154074,"myA3":1.7635586308781503,"myB1":4.126376518045434,"myB2":6.492770205451892,"myB3":4.772246796761392,"simA1":2.85226068925112,"simA2":7.94943025801331,"simA3":1.36154596460983,"simB1":6.02053198963404,"simB2":3.8274980825372,"simB3":1.27055377466604}