{"ppntid":8,"myBweight":0.9202034953489391,"simBweight":0.949040221050382,"simval1":5.25651087710646,"simval2":4.68202297695072,"simval3":9.1939761248754,"myval1":6.019329066898107,"myval2":6.300666147658676,"myval3":8.720098382086663,"mychoice":3,"simchoice":2,"oraclechoice":3,"myA1":1.322583286516792,"myA2":1.7539809082152291,"myA3":2.1434431006784016,"myB1":5.104029493607085,"myB2":4.940956280240334,"myB3":7.1469575095608695,"simA1":2.20709017245099,"simA2":1.57184537500143,"simA3":2.44585283799097,"simB1":3.21316276909783,"simB2":3.27718207612634,"simB3":7.11047133430839}