{"ppntid":7,"myBweight":0.5989785951899389,"simBweight":0.906092151300982,"simval1":10.6437021898825,"simval2":3.96635146817711,"simval3":6.28462042031348,"myval1":8.88505896414462,"myval2":6.605905690844448,"myval3":7.571023657604567,"mychoice":1,"simchoice":1,"oraclechoice":1,"myA1":5.282285841403516,"myA2":1.589740030716651,"myA3":7.154253215084536,"myB1":6.014861218202043,"myB2":8.37453241302746,"myB3":0.6958018965400115,"simA1":3.50641574244946,"simA2":0.692847419995815,"simA3":4.7204016125761,"simB1":7.87699842359871,"simB2":3.61277166288346,"simB3":1.72633523587137}