{"ppntid":0,"myBweight":0.3153375233748151,"simBweight":0.585800305008888,"simval1":11.0530051789649,"simval2":10.039160187193,"simval3":7.67842527084059,"myval1":5.65795281854848,"myval2":4.58708626376029,"myval3":3.036900278184928,"mychoice":1,"simchoice":1,"oraclechoice":1,"myA1":2.7186723734846585,"myA2":2.396644390553444,"myA3":2.779917407262915,"myB1":9.32106148867716,"myB2":6.9463407011136225,"myB3":0.8149454215651941,"simA1":6.32742163492367,"simA2":6.24415603699163,"simA3":7.2123027429916,"simB1":8.06688474491239,"simB2":6.47832395741716,"simB3":0.795702091418207}