{"ppntid":4,"myBweight":0.9387465405872667,"simBweight":0.813574214931577,"simval1":1.34335440141912,"simval2":15.6000376002169,"simval3":8.7556382996485,"myval1":7.9115004976668315,"myval2":12.627706998706152,"myval3":10.155492058632174,"mychoice":2,"simchoice":2,"oraclechoice":2,"myA1":5.013234179529819,"myA2":7.50555537552091,"myA3":8.10204472949729,"myB1":3.0873789599521695,"myB2":5.456373367811185,"myB3":2.187435309056134,"simA1":0.0122929364442825,"simA2":8.57054706430063,"simA3":7.79470579931512,"simB1":1.63606643443927,"simB2":8.6402572831139,"simB3":1.1811245768331}