{"ppntid":3,"myBweight":0.5868643211972162,"simBweight":0.277374957920983,"simval1":0.466096794852809,"simval2":10.9671380646308,"simval3":8.12232017911365,"myval1":1.3019152513882277,"myval2":9.206135035102546,"myval3":7.842399613237916,"mychoice":2,"simchoice":3,"oraclechoice":2,"myA1":1.0785420004134694,"myA2":6.668082768567474,"myA3":7.215594530232856,"myB1":0.38062162395402055,"myB2":4.324768391708307,"myB3":1.0680579145216451,"simA1":0.0122929364442825,"simA2":8.57054706430063,"simA3":7.79470579931512,"simB1":1.63606643443927,"simB2":8.6402572831139,"simB3":1.1811245768331}