{"ppntid":1,"myBweight":0.5883522165116022,"simBweight":0.00894579570740461,"simval1":7.19266063974391,"simval2":8.30619600704616,"simval3":3.90281481661573,"myval1":9.163736209176152,"myval2":12.41535646373044,"myval3":2.7851118269222233,"mychoice":1,"simchoice":2,"oraclechoice":2,"myA1":6.42404041462044,"myA2":8.885878499741473,"myA3":1.4991513627124031,"myB1":4.656557275843434,"myB2":5.998920145003595,"myB3":2.1856983421162335,"simA1":7.14630752336234,"simA2":8.22015926474705,"simA3":3.87473117792979,"simB1":5.1815532008186,"simB2":9.61756171425804,"simB3":3.13931142678484}