{"ppntid":7,"myBweight":0.5340212939050194,"simBweight":0.906092151300982,"simval1":13.6367625877384,"simval2":12.1141145283924,"simval3":7.93328216279941,"myval1":8.62022064774625,"myval2":7.016329517654888,"myval3":5.293569619761719,"mychoice":1,"simchoice":1,"oraclechoice":1,"myA1":3.3073081545917815,"myA2":3.583838308190672,"myA3":3.7795266124645654,"myB1":9.948877608051745,"myB2":6.42762985042075,"myB3":2.8351734744990154,"simA1":6.32742163492367,"simA2":6.24415603699163,"simA3":7.2123027429916,"simB1":8.06688474491239,"simB2":6.47832395741716,"simB3":0.795702091418207}