{"ppntid":0,"myBweight":0.3540836146008151,"simBweight":0.585800305008888,"simval1":5.87695108631548,"simval2":7.7499121568942,"simval3":9.10157028673579,"myval1":6.132735931699057,"myval2":8.7938473933682,"myval3":10.680416284681275,"mychoice":3,"simchoice":3,"oraclechoice":3,"myA1":2.6385499707675564,"myA2":8.175621168848497,"myA3":8.988421195453526,"myB1":9.868250935222623,"myB2":1.7459893624749467,"myB3":4.77851846133931,"simA1":1.06841044733301,"simA2":5.48331617377698,"simA3":5.79234702978283,"simB1":8.20849801180884,"simB2":3.86922977631912,"simB3":5.64906373154372}