{"ppntid":5,"myBweight":0.5768147756122711,"simBweight":0.260427771368995,"simval1":4.42017441776726,"simval2":8.94621705356757,"simval3":1.69243345255057,"myval1":10.376534745640855,"myval2":10.79066400114475,"myval3":4.503096849099868,"mychoice":1,"simchoice":1,"oraclechoice":2,"myA1":6.814182133261932,"myA2":9.384317435738245,"myA3":4.150155777205491,"myB1":6.175903882832396,"myB2":2.4381250704157353,"myB3":0.6118793880058648,"simA1":2.85226068925112,"simA2":7.94943025801331,"simA3":1.36154596460983,"simB1":6.02053198963404,"simB2":3.8274980825372,"simB3":1.27055377466604}