{"ppntid":1,"myBweight":0.3873440989739048,"simBweight":0.00894579570740461,"simval1":0.0269288525305181,"simval2":8.64784104081478,"simval3":7.80527189848447,"myval1":2.5765821834216687,"myval2":11.518589806408995,"myval3":8.528126526726439,"mychoice":2,"simchoice":2,"oraclechoice":2,"myA1":1.4582211180170312,"myA2":8.3883434496518,"myA3":8.198812139688613,"myB1":2.8872546874142024,"myB2":8.081306427668281,"myB3":0.8501856305806554,"simA1":0.0122929364442825,"simA2":8.57054706430063,"simA3":7.79470579931512,"simB1":1.63606643443927,"simB2":8.6402572831139,"simB3":1.1811245768331}