{"ppntid":7,"myBweight":0.3968280838757613,"simBweight":0.906092151300982,"simval1":11.8067306808746,"simval2":10.6369109244339,"simval3":8.30533430052179,"myval1":7.286261336412449,"myval2":6.057118253155982,"myval3":1.9870520289585452,"mychoice":1,"simchoice":3,"oraclechoice":1,"myA1":4.705035499500168,"myA2":3.5608700003892357,"myA3":0.5947607524795506,"myB1":6.504645063680547,"myB2":6.2905030016682755,"myB3":3.5085502590459106,"simA1":4.93442194536328,"simA2":3.72630221536383,"simA3":1.86676760902628,"simB1":7.58455828763545,"simB2":7.62682768981904,"simB3":7.10586299886927}