{"ppntid":5,"myBweight":0.8248135537408522,"simBweight":0.260427771368995,"simval1":8.1895338375819,"simval2":1.01456471336927,"simval3":6.10397217831423,"myval1":15.885457696041453,"myval2":7.957665876091721,"myval3":12.372374735580918,"mychoice":1,"simchoice":1,"oraclechoice":1,"myA1":9.514355089194407,"myA2":6.868029779582043,"myA3":8.723703988374778,"myB1":7.724294269840259,"myB2":1.3210695818076124,"myB3":4.423630929266366,"simA1":5.9566758479923,"simA2":0.710090156644583,"simA3":5.26116543915123,"simB1":8.57380907516927,"simB2":1.16913244361058,"simB3":3.23623987846076}