{"ppntid":9,"myBweight":0.6796255459076491,"simBweight":0.073144469410181,"simval1":7.52530948295684,"simval2":8.92363071335613,"simval3":4.10435444655529,"myval1":7.379318651296296,"myval2":11.243571480394277,"myval3":4.8798736240677325,"mychoice":1,"simchoice":2,"oraclechoice":2,"myA1":3.1835054476321467,"myA2":4.600310102515119,"myA3":0.9168699564463956,"myB1":6.17371319976,"myB2":9.774884740400672,"myB3":5.831157600658892,"simA1":7.14630752336234,"simA2":8.22015926474705,"simA3":3.87473117792979,"simB1":5.1815532008186,"simB2":9.61756171425804,"simB3":3.13931142678484}