{"ppntid":5,"myBweight":0.19284881714190188,"simBweight":0.260427771368995,"simval1":3.04388699145297,"simval2":2.42531459945743,"simval3":4.29761704096803,"myval1":3.214299805887007,"myval2":3.5027116766659137,"myval3":4.453428330444101,"mychoice":3,"simchoice":1,"oraclechoice":3,"myA1":2.4837257817491776,"myA2":2.765062283618991,"myA3":2.681493545712501,"myB1":3.788325150059173,"myB2":3.825013831970492,"myB3":9.188206653234365,"simA1":2.20709017245099,"simA2":1.57184537500143,"simA3":2.44585283799097,"simB1":3.21316276909783,"simB2":3.27718207612634,"simB3":7.11047133430839}