{"ppntid":3,"myBweight":0.45306225381350024,"simBweight":0.277374957920983,"simval1":8.58354062440473,"simval2":10.8878300405418,"simval3":4.7454975528351,"myval1":9.064842523883687,"myval2":11.509685911254607,"myval3":2.474916728638226,"mychoice":2,"simchoice":2,"oraclechoice":2,"myA1":6.210642378531435,"myA2":7.27264474023065,"myA3":1.4991018785540544,"myB1":6.299796818931562,"myB2":9.35200656280694,"myB3":2.1538206766742896,"simA1":7.14630752336234,"simA2":8.22015926474705,"simA3":3.87473117792979,"simB1":5.1815532008186,"simB2":9.61756171425804,"simB3":3.13931142678484}