{"ppntid":0,"myBweight":0.4199165302987837,"simBweight":0.585800305008888,"simval1":5.87695108631548,"simval2":7.7499121568942,"simval3":9.10157028673579,"myval1":6.618790313114385,"myval2":8.691037934070044,"myval3":11.366161101451986,"mychoice":3,"simchoice":3,"oraclechoice":3,"myA1":3.027049172722447,"myA2":7.806845627885572,"myA3":8.628399697239056,"myB1":8.553464513140987,"myB2":2.1056382456659706,"myB3":6.519775256918148,"simA1":1.06841044733301,"simA2":5.48331617377698,"simA3":5.79234702978283,"simB1":8.20849801180884,"simB2":3.86922977631912,"simB3":5.64906373154372}