{"ppntid":7,"myBweight":0.435229467572485,"simBweight":0.906092151300982,"simval1":11.8067306808746,"simval2":10.6369109244339,"simval3":8.30533430052179,"myval1":12.103963249255631,"myval2":6.298699359391512,"myval3":3.0274948783290334,"mychoice":1,"simchoice":3,"oraclechoice":1,"myA1":9.548310930301845,"myA2":3.6375778656264934,"myA3":0.05709907126961067,"myB1":5.871965272039301,"myB2":6.11429531324605,"myB3":6.824895896013108,"simA1":4.93442194536328,"simA2":3.72630221536383,"simA3":1.86676760902628,"simB1":7.58455828763545,"simB2":7.62682768981904,"simB3":7.10586299886927}