{"ppntid":5,"myBweight":0.7874168117837443,"simBweight":0.260427771368995,"simval1":4.42017441776726,"simval2":8.94621705356757,"simval3":1.69243345255057,"myval1":10.336657721004755,"myval2":9.879785209467798,"myval3":3.6993870174481343,"mychoice":1,"simchoice":1,"oraclechoice":2,"myA1":7.082871773994473,"myA2":8.369462944700977,"myA3":3.2154308938854204,"myB1":4.132228190098511,"myB2":1.9180721597059502,"myB3":0.6146123835817052,"simA1":2.85226068925112,"simA2":7.94943025801331,"simA3":1.36154596460983,"simB1":6.02053198963404,"simB2":3.8274980825372,"simB3":1.27055377466604}