{"ppntid":2,"myBweight":0.7745358734864304,"simBweight":0.293739611981437,"simval1":2.61602566596199,"simval2":4.89688375701335,"simval3":8.83451408603661,"myval1":7.639576791128944,"myval2":11.850592127806088,"myval3":15.924654629015702,"mychoice":3,"simchoice":3,"oraclechoice":3,"myA1":2.2630765390243446,"myA2":6.676178958356276,"myA3":8.270374355806965,"myB1":6.941576802509191,"myB2":6.680663022305405,"myB3":9.88240898223914,"simA1":1.02557973470539,"simA2":3.33464161725715,"simA3":6.13869413500652,"simB1":5.41447549592704,"simB2":5.31845919322222,"simB3":9.17758395895362}