{"ppntid":7,"myBweight":0.7689838150693424,"simBweight":0.906092151300982,"simval1":8.50606606980271,"simval2":8.98919490567979,"simval3":10.9109193391336,"myval1":13.341844725113262,"myval2":5.484072972068727,"myval3":12.33574347159945,"mychoice":1,"simchoice":1,"oraclechoice":3,"myA1":7.986632042595425,"myA2":3.680608317449152,"myA3":5.962357506738383,"myB1":6.964012216609444,"myB2":2.3452569732653594,"myB3":8.28806255731969,"simA1":1.06841044733301,"simA2":5.48331617377698,"simA3":5.79234702978283,"simB1":8.20849801180884,"simB2":3.86922977631912,"simB3":5.64906373154372}