{"ppntid":3,"myBweight":0.3789638423062872,"simBweight":0.277374957920983,"simval1":8.33483577943992,"simval2":1.03437821899512,"simval3":6.15881733926149,"myval1":9.295612045793735,"myval2":0.780901197713878,"myval3":8.355701818528681,"mychoice":1,"simchoice":1,"oraclechoice":1,"myA1":6.041489857929479,"myA2":0.447012513392655,"myA3":5.614983648527955,"myB1":8.58689358874032,"myB2":0.881056837215004,"myB3":7.232136325516814,"simA1":5.9566758479923,"simA2":0.710090156644583,"simA3":5.26116543915123,"simB1":8.57380907516927,"simB2":1.16913244361058,"simB3":3.23623987846076}