{"ppntid":2,"myBweight":0.2604087815702954,"simBweight":0.293739611981437,"simval1":0.492870456072327,"simval2":11.1085328860623,"simval3":8.14164887421582,"myval1":1.4412914319042311,"myval2":10.598139839944334,"myval3":5.351956410418492,"mychoice":2,"simchoice":2,"oraclechoice":2,"myA1":0.9225349578004471,"myA2":9.429092844536074,"myA3":4.710087554187794,"myB1":1.9920851784476001,"myB2":4.489276392135359,"myB3":2.4648510405837842,"simA1":0.0122929364442825,"simA2":8.57054706430063,"simA3":7.79470579931512,"simB1":1.63606643443927,"simB2":8.6402572831139,"simB3":1.1811245768331}