{"ppntid":0,"myBweight":0.14696437979965216,"simBweight":0.585800305008888,"simval1":4.0893619026317,"simval2":3.4916196347659,"simval3":6.61116911438578,"myval1":4.3624116898364,"myval2":9.443523740362952,"myval3":11.171576566390156,"mychoice":3,"simchoice":2,"oraclechoice":3,"myA1":3.9230907779675284,"myA2":9.389706866839802,"myA3":9.938848530120998,"myB1":2.9893019823427425,"myB2":0.3661899134777813,"myB3":8.387937525743745,"simA1":2.20709017245099,"simA2":1.57184537500143,"simA3":2.44585283799097,"simB1":3.21316276909783,"simB2":3.27718207612634,"simB3":7.11047133430839}