{"ppntid":8,"myBweight":0.5545145095246159,"simBweight":0.949040221050382,"simval1":12.0638099184515,"simval2":17.3476121600122,"simval3":6.85406398835167,"myval1":9.57492815699036,"myval2":12.824302754980886,"myval3":3.228869486983341,"mychoice":2,"simchoice":2,"oraclechoice":2,"myA1":4.83509842906696,"myA2":9.579218882589133,"myA3":2.4832356617059226,"myB1":8.547710919209033,"myB2":5.852117152306359,"myB3":1.344660621985616,"simA1":7.14630752336234,"simA2":8.22015926474705,"simA3":3.87473117792979,"simB1":5.1815532008186,"simB2":9.61756171425804,"simB3":3.13931142678484}