{"ppntid":4,"myBweight":0.45769227418102715,"simBweight":0.813574214931577,"simval1":11.1050229998291,"simval2":9.93129256552677,"simval3":7.64791451974269,"myval1":11.408964957899483,"myval2":9.017573909064618,"myval3":3.950790345552238,"mychoice":2,"simchoice":3,"oraclechoice":1,"myA1":9.620960522511002,"myA2":6.990831222362715,"myA3":1.7312249947209057,"myB1":3.906564598644038,"myB2":4.428177622898398,"myB3":4.849470869489587,"simA1":4.93442194536328,"simA2":3.72630221536383,"simA3":1.86676760902628,"simB1":7.58455828763545,"simB2":7.62682768981904,"simB3":7.10586299886927}