{"ppntid":6,"myBweight":0.6216058835943894,"simBweight":0.724405892658979,"simval1":12.171120479539,"simval2":10.9370920862985,"simval3":7.78871402681602,"myval1":8.653102250688509,"myval2":8.502206724630057,"myval3":4.219730098146702,"mychoice":2,"simchoice":1,"oraclechoice":1,"myA1":3.036072899348383,"myA2":3.569391277550107,"myA3":2.7791436289718674,"myB1":9.036319474423369,"myB2":7.93559967379381,"myB3":2.317523863906743,"simA1":6.32742163492367,"simA2":6.24415603699163,"simA3":7.2123027429916,"simB1":8.06688474491239,"simB2":6.47832395741716,"simB3":0.795702091418207}