{"ppntid":7,"myBweight":0.7790081241399729,"simBweight":0.906092151300982,"simval1":11.8067306808746,"simval2":10.6369109244339,"simval3":8.30533430052179,"myval1":10.585573892738562,"myval2":8.070495112441812,"myval3":6.145113286501963,"mychoice":2,"simchoice":3,"oraclechoice":1,"myA1":6.057235925350575,"myA2":3.271645752068828,"myA3":1.3996388565653861,"myB1":5.812953455892755,"myB2":6.1602045109233305,"myB3":6.091687984866132,"simA1":4.93442194536328,"simA2":3.72630221536383,"simA3":1.86676760902628,"simB1":7.58455828763545,"simB2":7.62682768981904,"simB3":7.10586299886927}