{"ppntid":0,"myBweight":0.8093605635227363,"simBweight":0.585800305008888,"simval1":10.9792158193144,"simval2":1.39496829870745,"simval3":7.15695574703547,"myval1":10.239639506024172,"myval2":2.9090038755530037,"myval3":10.365205148527824,"mychoice":1,"simchoice":1,"oraclechoice":1,"myA1":2.934637901049111,"myA2":1.9491591224756344,"myA3":8.589907011383765,"myB1":9.025645595060984,"myB2":1.185929728154349,"myB3":2.193457671593344,"simA1":5.9566758479923,"simA2":0.710090156644583,"simA3":5.26116543915123,"simB1":8.57380907516927,"simB2":1.16913244361058,"simB3":3.23623987846076}