{"ppntid":3,"myBweight":0.09172432868845326,"simBweight":0.277374957920983,"simval1":3.09834106032277,"simval2":2.48085361546637,"simval3":4.41811952514312,"myval1":4.4274143157253745,"myval2":4.994772428559286,"myval3":3.2348539686249724,"mychoice":3,"simchoice":3,"oraclechoice":3,"myA1":3.7563757063624226,"myA2":4.320409703408363,"myA3":2.318323449882207,"myB1":7.315819248371625,"myB2":7.352059533097628,"myB3":9.992229235667798,"simA1":2.20709017245099,"simA2":1.57184537500143,"simA3":2.44585283799097,"simB1":3.21316276909783,"simB2":3.27718207612634,"simB3":7.11047133430839}