{"ppntid":0,"myBweight":0.9340268423211978,"simBweight":0.585800305008888,"simval1":9.37745850361782,"simval2":8.19410020231006,"simval3":6.02938432111528,"myval1":14.296858627000514,"myval2":10.994414149435912,"myval3":10.504484821228292,"mychoice":3,"simchoice":1,"oraclechoice":1,"myA1":7.224822324012205,"myA2":3.224938438127032,"myA3":1.5202940550974375,"myB1":7.571555743958312,"myB2":8.318257419669608,"myB3":9.618771494621914,"simA1":4.93442194536328,"simA2":3.72630221536383,"simA3":1.86676760902628,"simB1":7.58455828763545,"simB2":7.62682768981904,"simB3":7.10586299886927}