{"ppntid":5,"myBweight":0.6813757864503486,"simBweight":0.260427771368995,"simval1":4.42017441776726,"simval2":8.94621705356757,"simval3":1.69243345255057,"myval1":3.9032712158638923,"myval2":6.895642107183292,"myval3":1.1710267784170647,"mychoice":1,"simchoice":1,"oraclechoice":2,"myA1":0.7057445699853249,"myA2":4.49672671816881,"myA3":0.358788729755084,"myB1":4.692750622290522,"myB2":3.5206936270977818,"myB3":1.192055932737739,"simA1":2.85226068925112,"simA2":7.94943025801331,"simA3":1.36154596460983,"simB1":6.02053198963404,"simB2":3.8274980825372,"simB3":1.27055377466604}