{"ppntid":3,"myBweight":0.45403585193951096,"simBweight":0.277374957920983,"simval1":7.03818848124541,"simval2":5.84179322489798,"simval3":3.83775605932992,"myval1":12.653377897045411,"myval2":7.247426759958363,"myval3":5.333114505220635,"mychoice":1,"simchoice":2,"oraclechoice":1,"myA1":8.887229893724438,"myA2":3.6179561331168397,"myA3":1.548933333704563,"myB1":8.29482514923231,"myB2":7.993797431056304,"myB3":8.33454264757097,"simA1":4.93442194536328,"simA2":3.72630221536383,"simA3":1.86676760902628,"simB1":7.58455828763545,"simB2":7.62682768981904,"simB3":7.10586299886927}