{"ppntid":0,"myBweight":0.778122701649201,"simBweight":0.585800305008888,"simval1":9.37745850361782,"simval2":8.19410020231006,"simval3":6.02938432111528,"myval1":14.983493111552434,"myval2":13.723702665106124,"myval3":11.083749686254777,"mychoice":3,"simchoice":1,"oraclechoice":1,"myA1":8.667400655699973,"myA2":7.012646853847288,"myA3":5.572533284096773,"myB1":8.11709058541249,"myB2":8.624675513302737,"myB3":7.0827086659689975,"simA1":4.93442194536328,"simA2":3.72630221536383,"simA3":1.86676760902628,"simB1":7.58455828763545,"simB2":7.62682768981904,"simB3":7.10586299886927}