{"ppntid":6,"myBweight":0.8028073835074269,"simBweight":0.724405892658979,"simval1":10.8998551951613,"simval2":15.187177643567,"simval3":6.1488668743844,"myval1":12.16570725083746,"myval2":10.154269575919638,"myval3":5.758569955450021,"mychoice":1,"simchoice":2,"oraclechoice":2,"myA1":6.857069552123973,"myA2":9.963669617916526,"myA3":2.6787834700574598,"myB1":6.612592021164907,"myB2":0.2374167975017749,"myB3":3.836270752689297,"simA1":7.14630752336234,"simA2":8.22015926474705,"simA3":3.87473117792979,"simB1":5.1815532008186,"simB2":9.61756171425804,"simB3":3.13931142678484}