{"ppntid":3,"myBweight":0.45211729452112254,"simBweight":0.277374957920983,"simval1":7.03818848124541,"simval2":5.84179322489798,"simval3":3.83775605932992,"myval1":10.88422403602512,"myval2":8.195223112857764,"myval3":8.291929287506328,"mychoice":1,"simchoice":2,"oraclechoice":1,"myA1":8.91328019524493,"myA2":6.184324007326714,"myA3":6.171365420009691,"myB1":4.359363962990601,"myB2":4.447737633352363,"myB3":4.6902958440081655,"simA1":4.93442194536328,"simA2":3.72630221536383,"simA3":1.86676760902628,"simB1":7.58455828763545,"simB2":7.62682768981904,"simB3":7.10586299886927}