{"ppntid":4,"myBweight":0.38743288673420195,"simBweight":0.813574214931577,"simval1":7.75041027618808,"simval2":11.0633840056656,"simval3":2.39523575436211,"myval1":7.758534140404933,"myval2":4.651159396722543,"myval3":2.948845148674226,"mychoice":2,"simchoice":1,"oraclechoice":2,"myA1":5.7674902900528995,"myA2":3.3446211941537873,"myA3":2.2042317177245963,"myB1":5.13906774186154,"myB2":3.3722955569982505,"myB3":1.9219159148471343,"simA1":2.85226068925112,"simA2":7.94943025801331,"simA3":1.36154596460983,"simB1":6.02053198963404,"simB2":3.8274980825372,"simB3":1.27055377466604}