{"ppntid":1,"myBweight":0.49240400757435787,"simBweight":0.00894579570740461,"simval1":5.00227185433537,"simval2":3.79453025777253,"simval3":1.93033520773897,"myval1":10.585976814879404,"myval2":7.424811775281791,"myval3":5.999011068869496,"mychoice":2,"simchoice":3,"oraclechoice":1,"myA1":9.757981495692052,"myA2":4.783308932834562,"myA3":3.4279740340568576,"myB1":1.6815365156472994,"myB2":5.364503135259993,"myB3":5.2213974607515485,"simA1":4.93442194536328,"simA2":3.72630221536383,"simA3":1.86676760902628,"simB1":7.58455828763545,"simB2":7.62682768981904,"simB3":7.10586299886927}