{"ppntid":3,"myBweight":0.48982062561414924,"simBweight":0.277374957920983,"simval1":0.466096794852809,"simval2":10.9671380646308,"simval3":8.12232017911365,"myval1":8.334285055990389,"myval2":9.79479256393958,"myval3":7.4078896128542,"mychoice":2,"simchoice":3,"oraclechoice":2,"myA1":3.961864155113488,"myA2":6.990206773229275,"myA3":6.884732816971065,"myB1":8.926575714108916,"myB2":5.725740493663054,"myB3":1.0680579145216451,"simA1":0.0122929364442825,"simA2":8.57054706430063,"simA3":7.79470579931512,"simB1":1.63606643443927,"simB2":8.6402572831139,"simB3":1.1811245768331}