{"ppntid":4,"myBweight":0.6582572065747638,"simBweight":0.813574214931577,"simval1":11.1050229998291,"simval2":9.93129256552677,"simval3":7.64791451974269,"myval1":12.052009374758896,"myval2":10.492354836125097,"myval3":7.225497368631425,"mychoice":1,"simchoice":3,"oraclechoice":1,"myA1":6.520199249906222,"myA2":5.143299468389442,"myA3":1.3073130058167393,"myB1":8.403721325950087,"myB2":8.126087058840453,"myB3":8.990686776693128,"simA1":4.93442194536328,"simA2":3.72630221536383,"simA3":1.86676760902628,"simB1":7.58455828763545,"simB2":7.62682768981904,"simB3":7.10586299886927}