{"ppntid":1,"myBweight":0.14802932083999093,"simBweight":0.00894579570740461,"simval1":5.00227185433537,"simval2":3.79453025777253,"simval3":1.93033520773897,"myval1":3.438920686339706,"myval2":5.908190810140342,"myval3":2.6848861391626064,"mychoice":2,"simchoice":3,"oraclechoice":1,"myA1":2.151722450269129,"myA2":4.652966347905068,"myA3":1.5086147435242592,"myB1":8.695562668033489,"myB2":8.47956644746132,"myB3":7.946205447431676,"simA1":4.93442194536328,"simA2":3.72630221536383,"simA3":1.86676760902628,"simB1":7.58455828763545,"simB2":7.62682768981904,"simB3":7.10586299886927}