{"ppntid":4,"myBweight":0.3832928567180013,"simBweight":0.813574214931577,"simval1":11.1050229998291,"simval2":9.93129256552677,"simval3":7.64791451974269,"myval1":7.056570882744994,"myval2":5.83664171864369,"myval3":4.753379024312207,"mychoice":2,"simchoice":3,"oraclechoice":1,"myA1":3.9125103580929887,"myA2":2.4108404038998033,"myA3":1.3073130058167393,"myB1":8.202763160194177,"myB2":8.937816749515735,"myB3":8.990686776693128,"simA1":4.93442194536328,"simA2":3.72630221536383,"simA3":1.86676760902628,"simB1":7.58455828763545,"simB2":7.62682768981904,"simB3":7.10586299886927}