{"ppntid":1,"myBweight":0.2743117493254066,"simBweight":0.00894579570740461,"simval1":7.19266063974391,"simval2":8.30619600704616,"simval3":3.90281481661573,"myval1":6.9730286825108605,"myval2":9.797949864595664,"myval3":2.633327210258203,"mychoice":2,"simchoice":2,"oraclechoice":2,"myA1":5.695680310340299,"myA2":7.499065389751632,"myA3":1.4991513627124031,"myB1":4.656557275843434,"myB2":8.380554170565054,"myB3":4.134623654783251,"simA1":7.14630752336234,"simA2":8.22015926474705,"simA3":3.87473117792979,"simB1":5.1815532008186,"simB2":9.61756171425804,"simB3":3.13931142678484}