{"ppntid":9,"myBweight":0.5097342834583836,"simBweight":0.073144469410181,"simval1":1.66881667906129,"simval2":5.76632893279192,"simval3":6.20554479909089,"myval1":5.452558849046941,"myval2":9.174556584103577,"myval3":7.628269522103169,"mychoice":1,"simchoice":2,"oraclechoice":3,"myA1":0.6429526875477554,"myA2":4.925394329127664,"myA3":4.976998010810389,"myB1":9.435516341705627,"myB2":8.336033876604711,"myB3":5.201281525160038,"simA1":1.06841044733301,"simA2":5.48331617377698,"simA3":5.79234702978283,"simB1":8.20849801180884,"simB2":3.86922977631912,"simB3":5.64906373154372}