{"ppntid":2,"myBweight":0.3137786019120085,"simBweight":0.293739611981437,"simval1":7.16230715382391,"simval2":5.96660362162055,"simval3":3.95404104910739,"myval1":2.948788252582469,"myval2":7.337511946941651,"myval3":3.121408827182868,"mychoice":2,"simchoice":1,"oraclechoice":1,"myA1":2.0194355209640036,"myA2":6.34751452251092,"myA3":2.5000246137276982,"myB1":2.961810416502142,"myB2":3.1550826550892452,"myB3":1.9803269237250976,"simA1":4.93442194536328,"simA2":3.72630221536383,"simA3":1.86676760902628,"simB1":7.58455828763545,"simB2":7.62682768981904,"simB3":7.10586299886927}