{"ppntid":1,"myBweight":0.4935235555043709,"simBweight":0.00894579570740461,"simval1":2.90611913848029,"simval2":7.98367027393017,"simval3":1.37291207911327,"myval1":6.771120091814552,"myval2":12.87115853515185,"myval3":2.6938804379823256,"mychoice":2,"simchoice":2,"oraclechoice":2,"myA1":3.972527452441419,"myA2":9.850900832368797,"myA3":2.4228118250779307,"myB1":5.670636402578655,"myB2":6.119784292152806,"myB3":0.5492516210849718,"simA1":2.85226068925112,"simA2":7.94943025801331,"simA3":1.36154596460983,"simB1":6.02053198963404,"simB2":3.8274980825372,"simB3":1.27055377466604}