{"ppntid":8,"myBweight":0.5048711914049124,"simBweight":0.949040221050382,"simval1":12.0638099184515,"simval2":17.3476121600122,"simval3":6.85406398835167,"myval1":5.8780550844772375,"myval2":12.845247232660562,"myval3":3.2970974318328317,"mychoice":2,"simchoice":2,"oraclechoice":2,"myA1":4.508491214068919,"myA2":8.512507539078682,"myA3":0.9966923140444073,"myB1":2.7126995830307,"myB2":8.581871509691616,"myB3":4.556419849164008,"simA1":7.14630752336234,"simA2":8.22015926474705,"simA3":3.87473117792979,"simB1":5.1815532008186,"simB2":9.61756171425804,"simB3":3.13931142678484}