{"ppntid":8,"myBweight":0.33329057412411656,"simBweight":0.949040221050382,"simval1":8.56598769953431,"simval2":11.5818798843343,"simval3":2.56735259977529,"myval1":11.322111493273749,"myval2":9.294844143426666,"myval3":1.5613736140044288,"mychoice":2,"simchoice":1,"oraclechoice":2,"myA1":8.16486562132715,"myA2":6.551186201676891,"myA3":0.016960595428596736,"myB1":9.472952783749735,"myB2":8.232029810504164,"myB3":4.633833472892325,"simA1":2.85226068925112,"simA2":7.94943025801331,"simA3":1.36154596460983,"simB1":6.02053198963404,"simB2":3.8274980825372,"simB3":1.27055377466604}