{"ppntid":0,"myBweight":0.2856219997075081,"simBweight":0.585800305008888,"simval1":6.37909016509451,"simval2":10.1915798021845,"simval3":2.10583675333939,"myval1":6.478624825776718,"myval2":8.458017863083708,"myval3":2.7065625713779338,"mychoice":2,"simchoice":1,"oraclechoice":2,"myA1":3.6443831407012106,"myA2":6.818308633123817,"myA3":2.1799881881854444,"myB1":9.92305105341297,"myB2":5.740836600958743,"myB3":1.843605827743413,"simA1":2.85226068925112,"simA2":7.94943025801331,"simA3":1.36154596460983,"simB1":6.02053198963404,"simB2":3.8274980825372,"simB3":1.27055377466604}