{"ppntid":2,"myBweight":0.4977723912709304,"simBweight":0.293739611981437,"simval1":3.47957146827213,"simval2":6.61986222693998,"simval3":7.45170081834489,"myval1":6.553777260695537,"myval2":5.319450260372666,"myval3":7.125521511842461,"mychoice":2,"simchoice":3,"oraclechoice":3,"myA1":1.9577613371964642,"myA2":5.01636614028839,"myA3":5.109651820605596,"myB1":9.233167616557358,"myB2":0.6088809371496695,"myB3":4.049782042129482,"simA1":1.06841044733301,"simA2":5.48331617377698,"simA3":5.79234702978283,"simB1":8.20849801180884,"simB2":3.86922977631912,"simB3":5.64906373154372}