{"ppntid":1,"myBweight":0.3277561299424907,"simBweight":0.00894579570740461,"simval1":1.0740165263547,"simval2":3.38221946667788,"simval3":6.22079492619087,"myval1":2.8337921486991515,"myval2":5.716736945917761,"myval3":9.289045023473305,"mychoice":3,"simchoice":3,"oraclechoice":3,"myA1":1.8978601800047001,"myA2":4.616510247030307,"myA3":6.011624294989508,"myB1":2.855574261444549,"myB2":3.356845527436827,"myB3":9.99957111117606,"simA1":1.02557973470539,"simA2":3.33464161725715,"simA3":6.13869413500652,"simB1":5.41447549592704,"simB2":5.31845919322222,"simB3":9.17758395895362}