{"ppntid":8,"myBweight":0.39100347971091465,"simBweight":0.949040221050382,"simval1":13.9832197164233,"simval2":12.3923460375748,"simval3":7.96745603172138,"myval1":8.117365897230906,"myval2":7.874753433278278,"myval3":5.6668035078562005,"mychoice":2,"simchoice":1,"oraclechoice":1,"myA1":4.9051410880525825,"myA2":5.378510105720951,"myA3":4.683136363174494,"myB1":8.215335606612138,"myB2":6.384197218405589,"myB3":2.515750359584965,"simA1":6.32742163492367,"simA2":6.24415603699163,"simA3":7.2123027429916,"simB1":8.06688474491239,"simB2":6.47832395741716,"simB3":0.795702091418207}