{"ppntid":8,"myBweight":0.2374636746620991,"simBweight":0.949040221050382,"simval1":12.0638099184515,"simval2":17.3476121600122,"simval3":6.85406398835167,"myval1":9.021613957841298,"myval2":11.346991801408107,"myval3":2.398352783194641,"mychoice":2,"simchoice":2,"oraclechoice":2,"myA1":7.849799199924156,"myA2":9.049097009794435,"myA3":2.2601916734219207,"myB1":4.93471163361969,"myB2":9.676826549928029,"myB3":0.5818199771789012,"simA1":7.14630752336234,"simA2":8.22015926474705,"simA3":3.87473117792979,"simB1":5.1815532008186,"simB2":9.61756171425804,"simB3":3.13931142678484}