{"ppntid":0,"myBweight":0.8612566250153318,"simBweight":0.585800305008888,"simval1":5.87695108631548,"simval2":7.7499121568942,"simval3":9.10157028673579,"myval1":8.946549565389587,"myval2":8.647023827308942,"myval3":5.771849551728824,"mychoice":1,"simchoice":3,"oraclechoice":3,"myA1":1.5296185651022576,"myA2":4.113849379232426,"myA3":4.426801202087452,"myB1":8.611754946042122,"myB2":5.263442180193179,"myB3":1.5617277250174166,"simA1":1.06841044733301,"simA2":5.48331617377698,"simA3":5.79234702978283,"simB1":8.20849801180884,"simB2":3.86922977631912,"simB3":5.64906373154372}