{"ppntid":3,"myBweight":0.4768291883304883,"simBweight":0.277374957920983,"simval1":3.09834106032277,"simval2":2.48085361546637,"simval3":4.41811952514312,"myval1":7.425426595425879,"myval2":7.030957588163539,"myval3":7.844896465610212,"mychoice":3,"simchoice":3,"oraclechoice":3,"myA1":4.768594443264642,"myA2":4.308884274602898,"myA3":4.529409831672659,"myB1":5.57187399006245,"myB2":5.708696909036499,"myB3":6.9531956412861256,"simA1":2.20709017245099,"simA2":1.57184537500143,"simA3":2.44585283799097,"simB1":3.21316276909783,"simB2":3.27718207612634,"simB3":7.11047133430839}