{"ppntid":3,"myBweight":0.65747232863718,"simBweight":0.277374957920983,"simval1":3.09834106032277,"simval2":2.48085361546637,"simval3":4.41811952514312,"myval1":7.659853349780398,"myval2":7.123859175170065,"myval3":10.125769344052884,"mychoice":3,"simchoice":3,"oraclechoice":3,"myA1":5.0842611314645865,"myA2":4.238746892953378,"myA3":4.771662050503309,"myB1":3.9174153894119668,"myB2":4.388188151122645,"myB3":8.143471687466544,"simA1":2.20709017245099,"simA2":1.57184537500143,"simA3":2.44585283799097,"simB1":3.21316276909783,"simB2":3.27718207612634,"simB3":7.11047133430839}