{"ppntid":2,"myBweight":0.24993507823775812,"simBweight":0.293739611981437,"simval1":8.66833495003196,"simval2":11.0452181109007,"simval3":4.79687129832246,"myval1":8.410503227079792,"myval2":10.322398742041598,"myval3":5.427903962370998,"mychoice":2,"simchoice":2,"oraclechoice":2,"myA1":6.696714910736203,"myA2":8.350543569799845,"myA3":4.676543459546558,"myB1":6.856933922309607,"myB2":7.889469482014713,"myB3":3.0062226883962473,"simA1":7.14630752336234,"simA2":8.22015926474705,"simA3":3.87473117792979,"simB1":5.1815532008186,"simB2":9.61756171425804,"simB3":3.13931142678484}