{"ppntid":5,"myBweight":0.6240208362634795,"simBweight":0.260427771368995,"simval1":6.90965155703043,"simval2":5.71253995323875,"simval3":3.71733167347521,"myval1":13.43074087618878,"myval2":4.828044484209562,"myval3":6.708937050169145,"mychoice":1,"simchoice":3,"oraclechoice":1,"myA1":9.780326185439543,"myA2":2.2172205779049237,"myA3":6.572770710908928,"myB1":5.8498282086336095,"myB2":4.183872964783941,"myB3":0.218208000994895,"simA1":4.93442194536328,"simA2":3.72630221536383,"simA3":1.86676760902628,"simB1":7.58455828763545,"simB2":7.62682768981904,"simB3":7.10586299886927}