{"ppntid":1,"myBweight":0.14336437719438153,"simBweight":0.00894579570740461,"simval1":5.00227185433537,"simval2":3.79453025777253,"simval3":1.93033520773897,"myval1":7.182281222942233,"myval2":5.7799036955416785,"myval3":4.232916588303355,"mychoice":1,"simchoice":3,"oraclechoice":1,"myA1":6.012043097980562,"myA2":4.652966347905068,"myA3":3.1168811950563713,"myB1":8.162684119047208,"myB2":7.860651088440513,"myB3":7.7846074114617725,"simA1":4.93442194536328,"simA2":3.72630221536383,"simA3":1.86676760902628,"simB1":7.58455828763545,"simB2":7.62682768981904,"simB3":7.10586299886927}