{"ppntid":9,"myBweight":0.3369064306550482,"simBweight":0.073144469410181,"simval1":1.4216186719894,"simval2":3.72365749302509,"simval3":6.80998364415157,"myval1":9.488587633488144,"myval2":5.246977716889309,"myval3":10.2446930607496,"mychoice":3,"simchoice":3,"oraclechoice":3,"myA1":8.612328250960417,"myA2":4.466354514584976,"myA3":7.549550805814079,"myB1":2.6008983587045664,"myB2":2.3170326573659183,"myB3":7.999675903173915,"simA1":1.02557973470539,"simA2":3.33464161725715,"simA3":6.13869413500652,"simB1":5.41447549592704,"simB2":5.31845919322222,"simB3":9.17758395895362}