{"ppntid":6,"myBweight":0.7320882329256863,"simBweight":0.724405892658979,"simval1":10.4287206621419,"simval2":9.25122113616341,"simval3":7.01429663783458,"myval1":7.692509141969552,"myval2":10.143835991897951,"myval3":6.75398903819516,"mychoice":1,"simchoice":1,"oraclechoice":1,"myA1":6.897221852157442,"myA2":3.557521558404244,"myA3":0.12578316989990013,"myB1":1.0863271038162403,"myB2":8.996612890733731,"myB3":9.053834729465027,"simA1":4.93442194536328,"simA2":3.72630221536383,"simA3":1.86676760902628,"simB1":7.58455828763545,"simB2":7.62682768981904,"simB3":7.10586299886927}