{"ppntid":9,"myBweight":0.6643283583012908,"simBweight":0.073144469410181,"simval1":1.66881667906129,"simval2":5.76632893279192,"simval3":6.20554479909089,"myval1":13.66221617505634,"myval2":9.765250427415719,"myval3":12.94873378652219,"mychoice":1,"simchoice":2,"oraclechoice":3,"myA1":7.314213775448007,"myA2":9.750507322893881,"myA3":9.593796374913545,"myB1":9.55551922522227,"myB2":0.022192496131785422,"myB3":5.050119221445444,"simA1":1.06841044733301,"simA2":5.48331617377698,"simA3":5.79234702978283,"simB1":8.20849801180884,"simB2":3.86922977631912,"simB3":5.64906373154372}