{"ppntid":0,"myBweight":0.5874751165687679,"simBweight":0.585800305008888,"simval1":4.0893619026317,"simval2":3.4916196347659,"simval3":6.61116911438578,"myval1":4.89871256227098,"myval2":5.380722899594688,"myval3":5.822326572782826,"mychoice":3,"simchoice":2,"oraclechoice":3,"myA1":2.678504895220073,"myA2":3.684400728717172,"myA3":2.777761723320169,"myB1":3.7792369488232036,"myB2":2.8874791851357506,"myB3":5.1824575434698765,"simA1":2.20709017245099,"simA2":1.57184537500143,"simA3":2.44585283799097,"simB1":3.21316276909783,"simB2":3.27718207612634,"simB3":7.11047133430839}