{"ppntid":8,"myBweight":0.587988007173349,"simBweight":0.949040221050382,"simval1":14.0935655079347,"simval2":1.81964386936594,"simval3":8.33248724877769,"myval1":9.72298169314497,"myval2":1.8218846753443159,"myval3":8.536152835197434,"mychoice":1,"simchoice":1,"oraclechoice":1,"myA1":6.4900436247678,"myA2":1.7078977922145566,"myA3":7.19841072476558,"myB1":5.498306137091065,"myB2":0.19385919736310875,"myB3":2.2751180196052267,"simA1":5.9566758479923,"simA2":0.710090156644583,"simA3":5.26116543915123,"simB1":8.57380907516927,"simB2":1.16913244361058,"simB3":3.23623987846076}