{"ppntid":9,"myBweight":0.08058637127631006,"simBweight":0.073144469410181,"simval1":1.4216186719894,"simval2":3.72365749302509,"simval3":6.80998364415157,"myval1":2.259103392426419,"myval2":3.4546080803355395,"myval3":5.607187457870422,"mychoice":3,"simchoice":3,"oraclechoice":3,"myA1":1.9298233295221645,"myA2":3.2564706641957786,"myA3":5.086739917856784,"myB1":4.086051495919049,"myB2":2.45869634035758,"myB3":6.458257541205774,"simA1":1.02557973470539,"simA2":3.33464161725715,"simA3":6.13869413500652,"simB1":5.41447549592704,"simB2":5.31845919322222,"simB3":9.17758395895362}