{"ppntid":8,"myBweight":0.6333117944937043,"simBweight":0.949040221050382,"simval1":5.25651087710646,"simval2":4.68202297695072,"simval3":9.1939761248754,"myval1":3.912707430588838,"myval2":11.285741272736892,"myval3":7.188025531154537,"mychoice":3,"simchoice":2,"oraclechoice":3,"myA1":1.4503703850996263,"myA2":8.801652186737899,"myA3":0.8731314455011652,"myB1":3.888032825060057,"myB2":3.9223793202602164,"myB3":9.97122450672462,"simA1":2.20709017245099,"simA2":1.57184537500143,"simA3":2.44585283799097,"simB1":3.21316276909783,"simB2":3.27718207612634,"simB3":7.11047133430839}