{"ppntid":9,"myBweight":0.7781052096513859,"simBweight":0.073144469410181,"simval1":7.52530948295684,"simval2":8.92363071335613,"simval3":4.10435444655529,"myval1":7.885367490490038,"myval2":11.943564747449471,"myval3":9.503298735384258,"mychoice":2,"simchoice":2,"oraclechoice":2,"myA1":3.362956900041356,"myA2":4.963612371797918,"myA3":7.226854112579339,"myB1":5.812081109796008,"myB2":8.970448069328283,"myB3":2.9256257310304257,"simA1":7.14630752336234,"simA2":8.22015926474705,"simA3":3.87473117792979,"simB1":5.1815532008186,"simB2":9.61756171425804,"simB3":3.13931142678484}