{"ppntid":3,"myBweight":0.7413890763444206,"simBweight":0.277374957920983,"simval1":7.03818848124541,"simval2":5.84179322489798,"simval3":3.83775605932992,"myval1":15.775075364606229,"myval2":10.361222799644597,"myval3":4.484250398292843,"mychoice":1,"simchoice":2,"oraclechoice":1,"myA1":9.818011589735764,"myA2":3.866145999879218,"myA3":0.5490526635646908,"myB1":8.035003434691886,"myB2":8.76068586253086,"myB3":5.307871211336829,"simA1":4.93442194536328,"simA2":3.72630221536383,"simA3":1.86676760902628,"simB1":7.58455828763545,"simB2":7.62682768981904,"simB3":7.10586299886927}