{"ppntid":6,"myBweight":0.9607937062481966,"simBweight":0.724405892658979,"simval1":4.5347242164579,"simval2":3.94585538226373,"simval3":7.59672017214672,"myval1":9.898523356072891,"myval2":7.190338890165991,"myval3":12.627121673913885,"mychoice":3,"simchoice":1,"oraclechoice":3,"myA1":5.405048930311896,"myA2":4.6529951965338245,"myA3":5.411910671179578,"myB1":4.676835824942655,"myB2":2.6408829253682775,"myB3":7.509635997626363,"simA1":2.20709017245099,"simA2":1.57184537500143,"simA3":2.44585283799097,"simB1":3.21316276909783,"simB2":3.27718207612634,"simB3":7.11047133430839}