{"ppntid":0,"myBweight":0.3664296293175233,"simBweight":0.585800305008888,"simval1":10.9792158193144,"simval2":1.39496829870745,"simval3":7.15695574703547,"myval1":10.063244828974973,"myval2":1.5881024482334574,"myval3":6.734003714860664,"mychoice":1,"simchoice":1,"oraclechoice":1,"myA1":7.629934295269463,"myA2":1.2065195248797234,"myA3":4.924727104919146,"myB1":6.640594370705122,"myB2":1.0413538994224725,"myB3":4.937582731263581,"simA1":5.9566758479923,"simA2":0.710090156644583,"simA3":5.26116543915123,"simB1":8.57380907516927,"simB2":1.16913244361058,"simB3":3.23623987846076}