{"ppntid":7,"myBweight":0.6045739300549073,"simBweight":0.906092151300982,"simval1":11.8412722101725,"simval2":16.9345564486891,"simval3":6.71923662222902,"myval1":9.630874461994237,"myval2":14.878939287828716,"myval3":5.486115361248757,"mychoice":2,"simchoice":2,"oraclechoice":2,"myA1":5.213807258585477,"myA2":9.533556843632896,"myA3":3.493630302371935,"myB1":7.306082819362725,"myB2":8.841569539246182,"myB3":3.2956847125311284,"simA1":7.14630752336234,"simA2":8.22015926474705,"simA3":3.87473117792979,"simB1":5.1815532008186,"simB2":9.61756171425804,"simB3":3.13931142678484}