{"ppntid":3,"myBweight":0.659121499662751,"simBweight":0.277374957920983,"simval1":4.5222054965378,"simval2":9.01108237759971,"simval3":1.71396576439417,"myval1":11.38697165238234,"myval2":15.493470781661593,"myval3":2.270467971865944,"mychoice":2,"simchoice":2,"oraclechoice":2,"myA1":8.367725472259067,"myA2":9.209929428420224,"myA3":0.28725368046293553,"myB1":4.580712632903207,"myB2":9.53320648235027,"myB3":3.008875135187896,"simA1":2.85226068925112,"simA2":7.94943025801331,"simA3":1.36154596460983,"simB1":6.02053198963404,"simB2":3.8274980825372,"simB3":1.27055377466604}