{"ppntid":8,"myBweight":0.6149372100394411,"simBweight":0.949040221050382,"simval1":8.56598769953431,"simval2":11.5818798843343,"simval3":2.56735259977529,"myval1":6.726675039476131,"myval2":9.556038116964833,"myval3":1.2482660083416068,"mychoice":2,"simchoice":1,"oraclechoice":2,"myA1":1.331543694182471,"myA2":6.924585351146126,"myA3":0.016960595428596736,"myB1":8.77346704218407,"myB2":4.2792218829137525,"myB3":2.0023270552029793,"simA1":2.85226068925112,"simA2":7.94943025801331,"simA3":1.36154596460983,"simB1":6.02053198963404,"simB2":3.8274980825372,"simB3":1.27055377466604}