{"ppntid":9,"myBweight":0.4119024282474335,"simBweight":0.073144469410181,"simval1":3.29262930719993,"simval2":8.22939057442898,"simval3":1.45447994631488,"myval1":6.335887358507694,"myval2":8.698915019792695,"myval3":2.243408395956311,"mychoice":2,"simchoice":2,"oraclechoice":2,"myA1":2.944487097051356,"myA2":6.321610265209041,"myA3":1.565430955557301,"myB1":8.233503929282723,"myB2":5.771524010427989,"myB3":1.6459661169847317,"simA1":2.85226068925112,"simA2":7.94943025801331,"simA3":1.36154596460983,"simB1":6.02053198963404,"simB2":3.8274980825372,"simB3":1.27055377466604}