{"ppntid":4,"myBweight":0.29020389555197895,"simBweight":0.813574214931577,"simval1":7.7466327730578,"simval2":8.63122175143569,"simval3":10.388279620272,"myval1":4.918127009745156,"myval2":8.575584388792011,"myval3":7.705135205932313,"mychoice":2,"simchoice":1,"oraclechoice":3,"myA1":2.3548900175973864,"myA2":6.787946779189939,"myA3":5.8833376625345535,"myB1":8.83253819619614,"myB2":6.159936641105097,"myB3":6.277646755680626,"simA1":1.06841044733301,"simA2":5.48331617377698,"simA3":5.79234702978283,"simB1":8.20849801180884,"simB2":3.86922977631912,"simB3":5.64906373154372}