{"ppntid":5,"myBweight":0.5283434309458096,"simBweight":0.260427771368995,"simval1":8.42826245093175,"simval2":7.93129150742815,"simval3":7.41952566533329,"myval1":9.33567647054183,"myval2":9.561257429150075,"myval3":9.70517530715495,"mychoice":1,"simchoice":3,"oraclechoice":1,"myA1":5.3307047058772605,"myA2":6.280665521219191,"myA3":6.329284700291947,"myB1":7.580243322974798,"myB2":6.20920355167123,"myB3":6.389576190660078,"simA1":6.32742163492367,"simA2":6.24415603699163,"simA3":7.2123027429916,"simB1":8.06688474491239,"simB2":6.47832395741716,"simB3":0.795702091418207}