{"ppntid":5,"myBweight":0.48536466983508114,"simBweight":0.260427771368995,"simval1":3.20613129083521,"simval2":6.49097106133833,"simval3":7.26352010771018,"myval1":5.984272841651974,"myval2":7.5924660846527114,"myval3":7.267689410466541,"mychoice":1,"simchoice":3,"oraclechoice":3,"myA1":3.5271055572501075,"myA2":6.160351621958511,"myA3":5.330249009905399,"myB1":5.0625178079747135,"myB2":2.95059478305417,"myB3":3.9917211139810638,"simA1":1.06841044733301,"simA2":5.48331617377698,"simA3":5.79234702978283,"simB1":8.20849801180884,"simB2":3.86922977631912,"simB3":5.64906373154372}