{"ppntid":8,"myBweight":0.5551491721600733,"simBweight":0.949040221050382,"simval1":10.9820040675951,"simval2":4.12151303754329,"simval3":6.35876318643453,"myval1":7.455346031194732,"myval2":2.1988117193990044,"myval3":5.738624503495796,"mychoice":1,"simchoice":1,"oraclechoice":1,"myA1":1.9047599648750202,"myA2":0.6122638841552019,"myA3":5.342529318074671,"myB1":9.99836862716106,"myB2":2.857876611921404,"myB3":0.7134932470130995,"simA1":3.50641574244946,"simA2":0.692847419995815,"simA3":4.7204016125761,"simB1":7.87699842359871,"simB2":3.61277166288346,"simB3":1.72633523587137}