{"ppntid":1,"myBweight":0.08346414326145857,"simBweight":0.00894579570740461,"simval1":3.57688176113452,"simval2":0.72516653722947,"simval3":4.7358450549187,"myval1":2.4091884962725922,"myval2":1.208653095025976,"myval3":5.794353524616773,"mychoice":3,"simchoice":1,"oraclechoice":3,"myA1":1.5758244569952007,"myA2":0.5382959508001806,"myA3":5.454632341626757,"myB1":9.984695304027833,"myB2":8.031678251651662,"myB3":4.070265022978912,"simA1":3.50641574244946,"simA2":0.692847419995815,"simA3":4.7204016125761,"simB1":7.87699842359871,"simB2":3.61277166288346,"simB3":1.72633523587137}