{"ppntid":4,"myBweight":0.3335758210691492,"simBweight":0.813574214931577,"simval1":9.91493855094605,"simval2":3.63210528935328,"simval3":6.12490344680887,"myval1":9.148883755912692,"myval2":3.4429601492360673,"myval3":5.532112111489109,"mychoice":3,"simchoice":1,"oraclechoice":1,"myA1":6.490494055056786,"myA2":1.777779454282311,"myA3":4.308335332911888,"myB1":7.969371677885579,"myB2":4.991910653525964,"myB3":3.6686615194556826,"simA1":3.50641574244946,"simA2":0.692847419995815,"simA3":4.7204016125761,"simB1":7.87699842359871,"simB2":3.61277166288346,"simB3":1.72633523587137}