{"ppntid":5,"myBweight":0.5348977940432743,"simBweight":0.260427771368995,"simval1":8.49572787568141,"simval2":10.7248394279951,"simval3":4.69229505644059,"myval1":8.890905767255877,"myval2":13.227915521826384,"myval3":3.89991559600686,"mychoice":2,"simchoice":2,"oraclechoice":2,"myA1":5.8970560496751006,"myA2":9.39598064761822,"myA3":2.096991537120112,"myB1":5.5970500363263165,"myB2":7.1638636705578795,"myB3":3.3705954276956462,"simA1":7.14630752336234,"simA2":8.22015926474705,"simA3":3.87473117792979,"simB1":5.1815532008186,"simB2":9.61756171425804,"simB3":3.13931142678484}