{"ppntid":1,"Bweight":1.2736383235827187,"mychoice":3,"myA1":0.8516584704599128,"myA2":0.2702912782771749,"myA3":0.7419166352750328,"myB1":3.9590882043155973,"myB2":4.5394877880369595,"myB3":5.088253894501358,"simA1":3.67379971314222,"simA2":2.96635989332572,"simA3":2.25443732691929,"simB1":2.00263310456648,"simB2":4.88128123106435,"simB3":7.29017229517922}