{"ppntid":4,"Bweight":0.9491094750175944,"mychoice":3,"myA1":2.4820675245144685,"myA2":4.131970282996766,"myA3":6.538896908476374,"myB1":2.360430870021606,"myB2":5.197664494392824,"myB3":7.121844022112795,"simA1":4.51467339182273,"simA2":5.48836145317182,"simA3":8.37309282738715,"simB1":5.08784332778305,"simB2":2.23295776639134,"simB3":0.359112627338618}