{"ppntid":9,"Bweight":1.9001832300116361,"mychoice":3,"myA1":2.0253371289699484,"myA2":7.830149747785711,"myA3":6.693075872264993,"myB1":1.1313864125264672,"myB2":4.677174973631574,"myB3":9.697985126317208,"simA1":2.37154772970825,"simA2":7.2398704639636,"simA3":9.46149006485939,"simB1":4.32796909473836,"simB2":2.97014408512041,"simB3":5.05007167113945}