{"ppntid":8,"Bweight":1.525864233942914,"mychoice":2,"myA1":0.6494770143158712,"myA2":4.975580870663121,"myA3":5.3656677663720975,"myB1":1.988643153392189,"myB2":5.270554460662725,"myB3":4.442825793739407,"simA1":2.37154772970825,"simA2":7.2398704639636,"simA3":9.46149006485939,"simB1":4.32796909473836,"simB2":2.97014408512041,"simB3":5.05007167113945}