{"ppntid":9,"Bweight":2.711943775033375,"mychoice":2,"myA1":1.2948052526136067,"myA2":6.2562706129359436,"myA3":1.6389074118705649,"myB1":4.851909491405508,"myB2":9.516628821923437,"myB3":6.4406725452403535,"simA1":3.71603635838255,"simA2":9.79696976253763,"simA3":5.12477620737627,"simB1":7.65577855985612,"simB2":4.01422860566527,"simB3":8.65366162965074}