{"ppntid":4,"Bweight":2.1872513155564164,"mychoice":2,"myA1":4.672886643953129,"myA2":8.470500861707325,"myA3":4.419300040155923,"myB1":5.921623670135916,"myB2":9.133931249935456,"myB3":4.415169913238211,"simA1":3.71603635838255,"simA2":9.79696976253763,"simA3":5.12477620737627,"simB1":7.65577855985612,"simB2":4.01422860566527,"simB3":8.65366162965074}