{"ppntid":5,"Bweight":1.6785114110298949,"mychoice":3,"myA1":4.707595972317426,"myA2":3.2837791751674117,"myA3":5.133821985231775,"myB1":6.189320547589389,"myB2":4.705786010197204,"myB3":7.587449906666266,"simA1":2.91122147580609,"simA2":2.93499771505594,"simA3":1.23898578574881,"simB1":4.70522804185748,"simB2":0.172186829149723,"simB3":9.04782252851874}