{"ppntid":6,"Bweight":0.9756302175590248,"mychoice":2,"myA1":7.365653672806167,"myA2":8.82528574773036,"myA3":8.967957046918409,"myB1":3.403726587316507,"myB2":3.2945485582151335,"myB3":1.2403642640285084,"simA1":4.32029129238799,"simA2":1.53823893284425,"simA3":3.49515116773546,"simB1":1.77112437551841,"simB2":9.71220241626725,"simB3":8.82223333464935}