{"ppntid":2,"Bweight":2.5947190619353977,"mychoice":3,"myA1":1.1718122092831673,"myA2":5.842329104599166,"myA3":7.938558194053438,"myB1":3.2241683888470107,"myB2":6.4074385505627784,"myB3":6.708403867407071,"simA1":2.37154772970825,"simA2":7.2398704639636,"simA3":9.46149006485939,"simB1":4.32796909473836,"simB2":2.97014408512041,"simB3":5.05007167113945}