{"ppntid":0,"Bweight":3.033363825462759,"mychoice":2,"myA1":4.589141216683224,"myA2":7.827989541923022,"myA3":4.347778793448072,"myB1":5.308312730578846,"myB2":9.600337071500444,"myB3":3.9043403766729856,"simA1":3.71603635838255,"simA2":9.79696976253763,"simA3":5.12477620737627,"simB1":7.65577855985612,"simB2":4.01422860566527,"simB3":8.65366162965074}