{"ppntid":5,"Bweight":2.919761884215423,"mychoice":3,"myA1":5.099121167841378,"myA2":6.745564112653295,"myA3":5.132180796133992,"myB1":6.273324304851544,"myB2":4.8909581839434075,"myB3":8.285639204954204,"simA1":4.32029129238799,"simA2":1.53823893284425,"simA3":3.49515116773546,"simB1":1.77112437551841,"simB2":9.71220241626725,"simB3":8.82223333464935}