{"ppntid":1,"Bweight":1.3303181879036363,"mychoice":3,"myA1":6.563476300053157,"myA2":7.274184716667486,"myA3":6.210782536233128,"myB1":7.144121961638616,"myB2":6.600110274554092,"myB3":7.757068091650352,"simA1":2.91122147580609,"simA2":2.93499771505594,"simA3":1.23898578574881,"simB1":4.70522804185748,"simB2":0.172186829149723,"simB3":9.04782252851874}