{"ppntid":8,"Bweight":1.419022485782554,"mychoice":2,"myA1":3.0820291819963552,"myA2":2.3597821018271703,"myA3":4.588577061389314,"myB1":0.32988713628260946,"myB2":5.421053908621623,"myB3":1.7490792982513015,"simA1":0.195899927057326,"simA2":4.98272687429562,"simA3":0.87622441817075,"simB1":1.18261997355148,"simB2":2.5177992740646,"simB3":7.13118431391194}