{"ppntid":9,"Bweight":0.9812691366865889,"mychoice":3,"myA1":1.2141595365030233,"myA2":0.913363329603134,"myA3":7.577856253287005,"myB1":1.1548820023059214,"myB2":3.705895700823625,"myB3":8.94527065612471,"simA1":0.765141036827117,"simA2":1.26688185613602,"simA3":4.58259324543178,"simB1":6.34286859771237,"simB2":3.13183395890519,"simB3":7.37623665714636}