{"ppntid":5,"Bweight":1.0270335106603379,"mychoice":2,"myA1":4.590384144706765,"myA2":8.417943995889692,"myA3":6.649379070986718,"myB1":5.7194598674296415,"myB2":9.5441911793134,"myB3":6.570505722283371,"simA1":4.80207568733022,"simA2":9.74695997312665,"simA3":7.12853846373037,"simB1":1.80112784495577,"simB2":1.52530480641872,"simB3":4.3367622490041}