{"ppntid":8,"Bweight":1.5406587833942764,"mychoice":2,"myA1":0.4351840194663792,"myA2":7.128508983302037,"myA3":2.526805566830679,"myB1":2.9289148308855673,"myB2":6.515827366860405,"myB3":2.470412604429184,"simA1":0.195899927057326,"simA2":4.98272687429562,"simA3":0.87622441817075,"simB1":1.18261997355148,"simB2":2.5177992740646,"simB3":7.13118431391194}