{"ppntid":4,"Bweight":1.1763177049360973,"mychoice":3,"myA1":3.0724170643579307,"myA2":3.047592285126106,"myA3":4.855855021787649,"myB1":4.589000531883016,"myB2":3.8344438075868803,"myB3":6.479814424521344,"simA1":4.32029129238799,"simA2":1.53823893284425,"simA3":3.49515116773546,"simB1":1.77112437551841,"simB2":9.71220241626725,"simB3":8.82223333464935}