{"ppntid":4,"Bweight":1.184346265873768,"mychoice":1,"myA1":3.707522914099597,"myA2":6.880884329967154,"myA3":5.985449013823478,"myB1":9.671917326742495,"myB2":6.427357092975978,"myB3":6.902158380657353,"simA1":4.80207568733022,"simA2":9.74695997312665,"simA3":7.12853846373037,"simB1":1.80112784495577,"simB2":1.52530480641872,"simB3":4.3367622490041}