{"ppntid":7,"Bweight":1.3286469937914236,"mychoice":3,"myA1":2.0945277793952632,"myA2":6.954458811422075,"myA3":7.594354598983868,"myB1":2.301472710369501,"myB2":5.325622523673799,"myB3":7.88587300657186,"simA1":2.37154772970825,"simA2":7.2398704639636,"simA3":9.46149006485939,"simB1":4.32796909473836,"simB2":2.97014408512041,"simB3":5.05007167113945}