{"ppntid":6,"Bweight":2.0035091509518255,"mychoice":1,"myA1":8.696513738972829,"myA2":5.7286988537034444,"myA3":4.84289713942953,"myB1":2.402250753296833,"myB2":0.4336061203219521,"myB3":1.8223296030654224,"simA1":4.54180638305843,"simA2":2.16205808101222,"simA3":0.625319329556078,"simB1":5.18409546697512,"simB2":2.58191620465368,"simB3":3.6804819596}