{"ppntid":9,"Bweight":4.041731736143376,"mychoice":3,"myA1":4.234106091651619,"myA2":6.568248022031071,"myA3":9.559082955892062,"myB1":2.7223084521560126,"myB2":2.8486799590164202,"myB3":4.461463425511618,"simA1":4.32029129238799,"simA2":1.53823893284425,"simA3":3.49515116773546,"simB1":1.77112437551841,"simB2":9.71220241626725,"simB3":8.82223333464935}