{"ppntid":1,"Bweight":3.2246303810165635,"mychoice":2,"myA1":5.365327163077844,"myA2":8.598841005940798,"myA3":8.063402066137204,"myB1":0.8837077036713326,"myB2":9.342150813280703,"myB3":4.379558897188803,"simA1":3.71603635838255,"simA2":9.79696976253763,"simA3":5.12477620737627,"simB1":7.65577855985612,"simB2":4.01422860566527,"simB3":8.65366162965074}