{"ppntid":1,"Bweight":2.761876549705684,"mychoice":1,"myA1":9.719300219070739,"myA2":8.133797766785843,"myA3":9.425792473212764,"myB1":2.9849236414124003,"myB2":0.18920389294420525,"myB3":2.0691286199799652,"simA1":2.91122147580609,"simA2":2.93499771505594,"simA3":1.23898578574881,"simB1":4.70522804185748,"simB2":0.172186829149723,"simB3":9.04782252851874}