{"ppntid":9,"Bweight":0.9693707775661142,"mychoice":2,"myA1":7.002255582692478,"myA2":8.776507384900018,"myA3":6.210782536233128,"myB1":3.91401302166845,"myB2":2.3147673643374156,"myB3":2.448010985003206,"simA1":2.91122147580609,"simA2":2.93499771505594,"simA3":1.23898578574881,"simB1":4.70522804185748,"simB2":0.172186829149723,"simB3":9.04782252851874}