{"ppntid":6,"Bweight":0.30825819776060137,"mychoice":3,"myA1":0.9269000566954788,"myA2":7.5089474643867105,"myA3":9.346557749792792,"myB1":0.29219161517941794,"myB2":8.400313400469182,"myB3":4.44739786533405,"simA1":2.37154772970825,"simA2":7.2398704639636,"simA3":9.46149006485939,"simB1":4.32796909473836,"simB2":2.97014408512041,"simB3":5.05007167113945}