{"ppntid":5,"Bweight":1.2587280669589385,"mychoice":2,"myA1":5.1231664073794985,"myA2":3.0069665969505754,"myA3":2.557114912864542,"myB1":4.466597278739601,"myB2":6.436924455494564,"myB3":3.1823207936813214,"simA1":4.32029129238799,"simA2":1.53823893284425,"simA3":3.49515116773546,"simB1":1.77112437551841,"simB2":9.71220241626725,"simB3":8.82223333464935}