{"ppntid":5,"Bweight":2.2434184799373402,"mychoice":3,"myA1":0.9747446151198069,"myA2":6.253946001123483,"myA3":7.017235948540894,"myB1":4.575342646299596,"myB2":5.705006923182426,"myB3":8.556499621825646,"simA1":2.37154772970825,"simA2":7.2398704639636,"simA3":9.46149006485939,"simB1":4.32796909473836,"simB2":2.97014408512041,"simB3":5.05007167113945}