{"ppntid":7,"Bweight":2.580806060318835,"mychoice":3,"myA1":1.8985983316739197,"myA2":3.28768507045345,"myA3":5.862586514121661,"myB1":6.654004779062184,"myB2":5.700330862527312,"myB3":5.437204175390063,"simA1":2.91122147580609,"simA2":2.93499771505594,"simA3":1.23898578574881,"simB1":4.70522804185748,"simB2":0.172186829149723,"simB3":9.04782252851874}