{"ppntid":3,"Bweight":2.240230455963108,"mychoice":2,"myA1":0.808747623348216,"myA2":5.8402203536227,"myA3":7.687052280919541,"myB1":0.5936464182074941,"myB2":4.046985461658301,"myB3":1.9735686102899797,"simA1":2.37154772970825,"simA2":7.2398704639636,"simA3":9.46149006485939,"simB1":4.32796909473836,"simB2":2.97014408512041,"simB3":5.05007167113945}