{"ppntid":6,"Bweight":1.6262470786210126,"mychoice":1,"myA1":9.845026955118339,"myA2":6.999151938869459,"myA3":2.2852699674891364,"myB1":8.972824390404668,"myB2":8.293537934083759,"myB3":9.041714122439814,"simA1":4.51467339182273,"simA2":5.48836145317182,"simA3":8.37309282738715,"simB1":5.08784332778305,"simB2":2.23295776639134,"simB3":0.359112627338618}