{"ppntid":8,"Bweight":3.679386472521775,"mychoice":3,"myA1":4.9093004236544635,"myA2":0.1627590677902302,"myA3":9.95552894525909,"myB1":1.482567553460512,"myB2":1.7852906693862303,"myB3":4.798908742200627,"simA1":2.96013603452593,"simA2":0.620652548968792,"simA3":8.72101176530123,"simB1":3.37059060111642,"simB2":3.99953549727798,"simB3":3.24040857842192}