{"ppntid":3,"Bweight":0.17320591851585632,"mychoice":1,"myA1":2.8731821210947817,"myA2":2.5234856450500964,"myA3":1.0409811922547352,"myB1":4.537481324495134,"myB2":2.8756483384468834,"myB3":4.407573413279813,"simA1":2.91122147580609,"simA2":2.93499771505594,"simA3":1.23898578574881,"simB1":4.70522804185748,"simB2":0.172186829149723,"simB3":9.04782252851874}