{"ppntid":1,"Bweight":1.7332517308833073,"mychoice":2,"myA1":6.268435612427448,"myA2":8.64668138013064,"myA3":6.396305691523134,"myB1":5.545253554159439,"myB2":5.997895108830697,"myB3":3.7706199700431853,"simA1":2.42332010762766,"simA2":3.03216766100377,"simA3":0.630926417652518,"simB1":2.96833007829264,"simB2":7.55062303738669,"simB3":3.78760563675314}