{"ppntid":7,"Bweight":1.2536663507285095,"mychoice":2,"myA1":9.393560111833663,"myA2":7.63191268902863,"myA3":7.764215166866693,"myB1":2.559192008411053,"myB2":3.9864700214272575,"myB3":3.305085282729212,"simA1":4.32029129238799,"simA2":1.53823893284425,"simA3":3.49515116773546,"simB1":1.77112437551841,"simB2":9.71220241626725,"simB3":8.82223333464935}