{"ppntid":6,"Bweight":2.4187889313634257,"mychoice":3,"myA1":4.457970362060197,"myA2":7.774214235646086,"myA3":8.524635102790645,"myB1":0.15116494942497782,"myB2":3.5053385028288653,"myB3":7.635374287381886,"simA1":2.37154772970825,"simA2":7.2398704639636,"simA3":9.46149006485939,"simB1":4.32796909473836,"simB2":2.97014408512041,"simB3":5.05007167113945}