{"ppntid":6,"Bweight":1.646084615859642,"mychoice":2,"myA1":4.248654153708253,"myA2":8.505422791885621,"myA3":5.743496344923738,"myB1":4.6628515779787305,"myB2":8.35298615478964,"myB3":6.874919208531347,"simA1":4.80207568733022,"simA2":9.74695997312665,"simA3":7.12853846373037,"simB1":1.80112784495577,"simB2":1.52530480641872,"simB3":4.3367622490041}