{"ppntid":3,"Bweight":3.8314034872203786,"mychoice":3,"myA1":7.839646750963847,"myA2":6.082075357100008,"myA3":7.085676501352838,"myB1":2.428447189464802,"myB2":2.43548784594551,"myB3":3.63538176708456,"simA1":3.67379971314222,"simA2":2.96635989332572,"simA3":2.25443732691929,"simB1":2.00263310456648,"simB2":4.88128123106435,"simB3":7.29017229517922}