{"ppntid":7,"Bweight":1.3709139841086526,"mychoice":2,"myA1":7.484753283018158,"myA2":5.752025793675115,"myA3":6.454048735321461,"myB1":2.495109842800556,"myB2":4.837917493996713,"myB3":3.7533045917269114,"simA1":4.32029129238799,"simA2":1.53823893284425,"simA3":3.49515116773546,"simB1":1.77112437551841,"simB2":9.71220241626725,"simB3":8.82223333464935}