{"ppntid":1,"Bweight":1.9596287074436325,"mychoice":2,"myA1":0.6261253984489068,"myA2":3.4621476070679202,"myA3":3.232253643605467,"myB1":6.786874119083974,"myB2":6.1645753211211325,"myB3":4.937296976092598,"simA1":2.42332010762766,"simA2":3.03216766100377,"simA3":0.630926417652518,"simB1":2.96833007829264,"simB2":7.55062303738669,"simB3":3.78760563675314}