{"ppntid":0,"Bweight":3.1181074606929915,"mychoice":2,"myA1":6.886674002991455,"myA2":5.713802868267239,"myA3":1.0481831379697426,"myB1":8.893564787209073,"myB2":9.368804398394321,"myB3":3.7538375979130922,"simA1":7.49075360363349,"simA2":8.34970372263342,"simA3":0.681783282198012,"simB1":5.88041773764417,"simB2":7.52243234310299,"simB3":3.17027122946456}