{"ppntid":6,"Bweight":0.22020065127334454,"mychoice":3,"myA1":1.7180150476827416,"myA2":8.741829199069436,"myA3":8.793044668913927,"myB1":5.704371885250607,"myB2":8.741397984883468,"myB3":9.278173225224949,"simA1":2.37154772970825,"simA2":7.2398704639636,"simA3":9.46149006485939,"simB1":4.32796909473836,"simB2":2.97014408512041,"simB3":5.05007167113945}