{"ppntid":1,"Bweight":1.7063651940650004,"mychoice":2,"myA1":8.920316523339569,"myA2":9.625579740029039,"myA3":8.649009594683918,"myB1":2.690278250792606,"myB2":4.789709235369772,"myB3":5.175204138386336,"simA1":4.32029129238799,"simA2":1.53823893284425,"simA3":3.49515116773546,"simB1":1.77112437551841,"simB2":9.71220241626725,"simB3":8.82223333464935}