{"ppntid":5,"Bweight":2.693053250924039,"mychoice":2,"myA1":1.4554677621527423,"myA2":3.9949138914941607,"myA3":3.480701173768488,"myB1":6.335143820097935,"myB2":7.274184716667486,"myB3":5.06181701378657,"simA1":2.42332010762766,"simA2":3.03216766100377,"simA3":0.630926417652518,"simB1":2.96833007829264,"simB2":7.55062303738669,"simB3":3.78760563675314}