{"ppntid":0,"Bweight":2.1577958177762104,"mychoice":2,"myA1":3.9085934530446043,"myA2":9.15093650052139,"myA3":3.390912206565815,"myB1":1.686273777627867,"myB2":5.666593608487531,"myB3":0.5466986915658123,"simA1":3.63090072991326,"simA2":9.16425657225773,"simA3":5.10237921960652,"simB1":5.38326209876686,"simB2":3.32310018828139,"simB3":2.30925092939287}