{"ppntid":4,"Bweight":0.07018779205898218,"mychoice":2,"myA1":3.212861671657876,"myA2":8.911233752999902,"myA3":3.743781382403031,"myB1":3.400800528110306,"myB2":8.132806297416806,"myB3":3.471755770298668,"simA1":3.63090072991326,"simA2":9.16425657225773,"simA3":5.10237921960652,"simB1":5.38326209876686,"simB2":3.32310018828139,"simB3":2.30925092939287}