{"ppntid":0,"Bweight":1.7586065540981244,"mychoice":2,"myA1":5.598806055268439,"myA2":9.003028167108312,"myA3":6.382590776958286,"myB1":1.813580590863464,"myB2":5.910621746323967,"myB3":3.897926021411491,"simA1":4.80207568733022,"simA2":9.74695997312665,"simA3":7.12853846373037,"simB1":1.80112784495577,"simB2":1.52530480641872,"simB3":4.3367622490041}