{"ppntid":2,"Bweight":2.395091242168589,"mychoice":2,"myA1":3.0422360337104637,"myA2":1.1949445598134822,"myA3":1.2309309148156289,"myB1":3.8611037785702074,"myB2":8.346602910793944,"myB3":6.658877066348876,"simA1":3.67379971314222,"simA2":2.96635989332572,"simA3":2.25443732691929,"simB1":2.00263310456648,"simB2":4.88128123106435,"simB3":7.29017229517922}