{"ppntid":2,"Bweight":1.521608692843236,"mychoice":3,"myA1":8.28478368805099,"myA2":4.635337352874651,"myA3":7.5722045550796535,"myB1":4.338125485899118,"myB2":7.371830089264102,"myB3":6.929126653111846,"simA1":4.80207568733022,"simA2":9.74695997312665,"simA3":7.12853846373037,"simB1":1.80112784495577,"simB2":1.52530480641872,"simB3":4.3367622490041}