{"ppntid":7,"Bweight":0.41288193020353026,"mychoice":3,"myA1":3.2335960550889764,"myA2":2.4215474573752105,"myA3":8.18218745850099,"myB1":4.790053950738741,"myB2":0.6071954631231025,"myB3":9.33523553413061,"simA1":4.7013964317739,"simA2":1.5995579212904,"simA3":9.40290921367705,"simB1":2.04010848188773,"simB2":9.24196011386812,"simB3":3.83662213338539}