{"ppntid":3,"Bweight":1.1337825605906948,"mychoice":3,"myA1":1.4382281165438404,"myA2":2.5938714476876434,"myA3":4.05414136123391,"myB1":7.466527823429116,"myB2":6.542433462042327,"myB3":9.416884993753955,"simA1":4.32029129238799,"simA2":1.53823893284425,"simA3":3.49515116773546,"simB1":1.77112437551841,"simB2":9.71220241626725,"simB3":8.82223333464935}