{"ppntid":5,"Bweight":0.4453001295724024,"mychoice":1,"myA1":2.4161980869189725,"myA2":0.015724184908036953,"myA3":1.478044843101034,"myB1":8.307320289653502,"myB2":8.804516053776085,"myB3":8.389625136539795,"simA1":3.67379971314222,"simA2":2.96635989332572,"simA3":2.25443732691929,"simB1":2.00263310456648,"simB2":4.88128123106435,"simB3":7.29017229517922}