{"ppntid":5,"Bweight":2.3824535187898634,"mychoice":3,"myA1":4.888287416424724,"myA2":9.966871817625965,"myA3":6.764658696795395,"myB1":3.3868268023869175,"myB2":2.459856064913324,"myB3":6.699815180645685,"simA1":3.71603635838255,"simA2":9.79696976253763,"simA3":5.12477620737627,"simB1":7.65577855985612,"simB2":4.01422860566527,"simB3":8.65366162965074}