{"ppntid":7,"Bweight":2.994762281641299,"mychoice":1,"myA1":7.194310325617241,"myA2":3.8365136776645037,"myA3":3.568909074314477,"myB1":6.45300860160016,"myB2":5.261775229577184,"myB3":2.4119651257948638,"simA1":6.59848347539082,"simA2":3.2037310814485,"simA3":1.20643929112703,"simB1":6.15231747506186,"simB2":8.22033943841234,"simB3":2.70335558336228}