{"ppntid":9,"Bweight":0.40783990678370796,"mychoice":1,"myA1":5.44824190969849,"myA2":3.7699304590322713,"myA3":1.1474832652312883,"myB1":1.361655738079055,"myB2":3.6330190691296016,"myB3":5.778197508739926,"simA1":4.54180638305843,"simA2":2.16205808101222,"simA3":0.625319329556078,"simB1":5.18409546697512,"simB2":2.58191620465368,"simB3":3.6804819596}