{"ppntid":9,"Bweight":4.7645117285502705,"mychoice":2,"myA1":6.345097261719892,"myA2":9.456235575596093,"myA3":5.244779214052633,"myB1":5.832781145144352,"myB2":9.201506315612498,"myB3":4.9526199603886205,"simA1":3.71603635838255,"simA2":9.79696976253763,"simA3":5.12477620737627,"simB1":7.65577855985612,"simB2":4.01422860566527,"simB3":8.65366162965074}