{"ppntid":6,"Bweight":0.37301512525464653,"mychoice":2,"myA1":2.9414725122990415,"myA2":8.974195401393303,"myA3":4.876730937637561,"myB1":0.2784665900653338,"myB2":7.43164702470928,"myB3":0.6796932884930951,"simA1":3.63090072991326,"simA2":9.16425657225773,"simA3":5.10237921960652,"simB1":5.38326209876686,"simB2":3.32310018828139,"simB3":2.30925092939287}