{"ppntid":5,"Bweight":3.4513102841089993,"mychoice":2,"myA1":5.491806265523871,"myA2":9.985009841442714,"myA3":8.466335509636684,"myB1":1.750170980528165,"myB2":7.846194086577234,"myB3":0.8847397272484026,"simA1":3.63090072991326,"simA2":9.16425657225773,"simA3":5.10237921960652,"simB1":5.38326209876686,"simB2":3.32310018828139,"simB3":2.30925092939287}