{"ppntid":4,"Bweight":1.187991919947553,"mychoice":1,"myA1":7.483416463043437,"myA2":8.1462052613944,"myA3":9.629339339273557,"myB1":5.342711964409297,"myB2":2.6676736931425316,"myB3":3.47404450687129,"simA1":4.32029129238799,"simA2":1.53823893284425,"simA3":3.49515116773546,"simB1":1.77112437551841,"simB2":9.71220241626725,"simB3":8.82223333464935}