{"ppntid":9,"Bweight":0.3349631858858504,"mychoice":3,"myA1":4.016295850366653,"myA2":5.421148469723731,"myA3":7.773944722316517,"myB1":4.559016846792947,"myB2":7.395145378163872,"myB3":8.016309974421574,"simA1":4.51467339182273,"simA2":5.48836145317182,"simA3":8.37309282738715,"simB1":5.08784332778305,"simB2":2.23295776639134,"simB3":0.359112627338618}