{"ppntid":4,"Bweight":2.5104349872265352,"mychoice":3,"myA1":4.985258421990395,"myA2":7.614361402103871,"myA3":6.491942727550253,"myB1":1.3732834505901836,"myB2":1.608922190850266,"myB3":3.7683200701732567,"simA1":3.67379971314222,"simA2":2.96635989332572,"simA3":2.25443732691929,"simB1":2.00263310456648,"simB2":4.88128123106435,"simB3":7.29017229517922}