{"ppntid":0,"Bweight":0.15043959238161708,"mychoice":2,"myA1":4.010907537960615,"myA2":9.91655928509475,"myA3":4.5108281438451865,"myB1":3.3520011280387485,"myB2":8.0764316069237,"myB3":2.7175473353154,"simA1":3.63090072991326,"simA2":9.16425657225773,"simA3":5.10237921960652,"simB1":5.38326209876686,"simB2":3.32310018828139,"simB3":2.30925092939287}