{"ppntid":0,"Bweight":2.8897940567819536,"mychoice":2,"myA1":1.7198461056236747,"myA2":7.269674109609568,"myA3":3.9618693674592986,"myB1":1.5363937470429212,"myB2":6.359122621745805,"myB3":3.2472034791987214,"simA1":0.195899927057326,"simA2":4.98272687429562,"simA3":0.87622441817075,"simB1":1.18261997355148,"simB2":2.5177992740646,"simB3":7.13118431391194}