{"ppntid":5,"Bweight":0.08281562425861866,"mychoice":1,"myA1":2.0521412024883556,"myA2":1.838578070555914,"myA3":1.8026673870278453,"myB1":6.654004779062184,"myB2":5.700330862527312,"myB3":5.437204175390063,"simA1":3.67379971314222,"simA2":2.96635989332572,"simA3":2.25443732691929,"simB1":2.00263310456648,"simB2":4.88128123106435,"simB3":7.29017229517922}