{"ppntid":7,"Bweight":2.9777652333391313,"mychoice":1,"myA1":7.335450996509203,"myA2":4.865418068524486,"myA3":4.281936174868104,"myB1":7.619391309220425,"myB2":4.980991850143126,"myB3":2.17307757489001,"simA1":4.54180638305843,"simA2":2.16205808101222,"simA3":0.625319329556078,"simB1":5.18409546697512,"simB2":2.58191620465368,"simB3":3.6804819596}