{"ppntid":1,"Bweight":4.38103065094557,"mychoice":2,"myA1":0.9670982234353565,"myA2":7.6207253688220415,"myA3":4.204036669225473,"myB1":6.146122400296143,"myB2":9.562240869164992,"myB3":6.340230316843039,"simA1":3.71603635838255,"simA2":9.79696976253763,"simA3":5.12477620737627,"simB1":7.65577855985612,"simB2":4.01422860566527,"simB3":8.65366162965074}