{"ppntid":8,"Bweight":3.097510304583712,"mychoice":3,"myA1":3.4059897662657357,"myA2":6.724257230171866,"myA3":7.388013516322982,"myB1":1.202823907735382,"myB2":6.184178175002719,"myB3":6.664876181951371,"simA1":2.37154772970825,"simA2":7.2398704639636,"simA3":9.46149006485939,"simB1":4.32796909473836,"simB2":2.97014408512041,"simB3":5.05007167113945}