{"ppntid":8,"Bweight":1.8931588186688986,"mychoice":1,"myA1":8.126287267849758,"myA2":5.302134938428886,"myA3":3.006504010542377,"myB1":4.27974633561087,"myB2":3.189819768336122,"myB3":0.46241000224452433,"simA1":4.54180638305843,"simA2":2.16205808101222,"simA3":0.625319329556078,"simB1":5.18409546697512,"simB2":2.58191620465368,"simB3":3.6804819596}