{"ppntid":7,"Bweight":4.912678401598467,"mychoice":2,"myA1":7.779690753189497,"myA2":1.130083689865713,"myA3":9.69846278725739,"myB1":5.022371276253244,"myB2":9.180547569536106,"myB3":5.922883880871352,"simA1":3.71603635838255,"simA2":9.79696976253763,"simA3":5.12477620737627,"simB1":7.65577855985612,"simB2":4.01422860566527,"simB3":8.65366162965074}