{"ppntid":1,"Bweight":0.9784675716295677,"mychoice":2,"myA1":5.807336740545043,"myA2":8.847179418906453,"myA3":7.171223226666299,"myB1":1.0933983703728134,"myB2":5.677014413866372,"myB3":4.055668709730053,"simA1":4.80207568733022,"simA2":9.74695997312665,"simA3":7.12853846373037,"simB1":1.80112784495577,"simB2":1.52530480641872,"simB3":4.3367622490041}