{"ppntid":4,"Bweight":2.5735759387543022,"mychoice":2,"myA1":9.815506732851864,"myA2":8.834067693220407,"myA3":7.948451132317,"myB1":3.116021367524522,"myB2":5.852085771496267,"myB3":5.500449550261379,"simA1":4.32029129238799,"simA2":1.53823893284425,"simA3":3.49515116773546,"simB1":1.77112437551841,"simB2":9.71220241626725,"simB3":8.82223333464935}