{"ppntid":9,"Bweight":2.652956650021391,"mychoice":1,"myA1":6.141539159666625,"myA2":7.089817822683456,"myA3":9.409183881295508,"myB1":3.7804204607787395,"myB2":1.8287259835720104,"myB3":2.194211998299085,"simA1":4.51467339182273,"simA2":5.48836145317182,"simA3":8.37309282738715,"simB1":5.08784332778305,"simB2":2.23295776639134,"simB3":0.359112627338618}