{"ppntid":1,"Bweight":0.048596324063922,"mychoice":2,"myA1":3.3510132104289725,"myA2":7.60399381424816,"myA3":4.197588956153542,"myB1":4.416617584879042,"myB2":7.211438214499061,"myB3":9.730024913903229,"simA1":4.32029129238799,"simA2":1.53823893284425,"simA3":3.49515116773546,"simB1":1.77112437551841,"simB2":9.71220241626725,"simB3":8.82223333464935}