{"ppntid":0,"Bweight":3.772777796428597,"mychoice":3,"myA1":0.09137332968377931,"myA2":1.4982578658093315,"myA3":2.764872348744538,"myB1":9.699606330273609,"myB2":6.698885141710116,"myB3":9.326988333583206,"simA1":4.32029129238799,"simA2":1.53823893284425,"simA3":3.49515116773546,"simB1":1.77112437551841,"simB2":9.71220241626725,"simB3":8.82223333464935}