{"ppntid":9,"Bweight":1.3533281544171405,"mychoice":2,"myA1":3.669718314349355,"myA2":7.967001729508785,"myA3":4.268803704752171,"myB1":4.336593960265949,"myB2":8.02508974229248,"myB3":2.9812175714526745,"simA1":3.63090072991326,"simA2":9.16425657225773,"simA3":5.10237921960652,"simB1":5.38326209876686,"simB2":3.32310018828139,"simB3":2.30925092939287}