{"ppntid":3,"Bweight":1.800949599691739,"mychoice":2,"myA1":0.8575136738136879,"myA2":6.240544285265727,"myA3":0.8235175972041953,"myB1":1.929623214785412,"myB2":7.372798794886188,"myB3":3.1201988486346544,"simA1":3.63090072991326,"simA2":9.16425657225773,"simA3":5.10237921960652,"simB1":5.38326209876686,"simB2":3.32310018828139,"simB3":2.30925092939287}