{"ppntid":6,"Bweight":1.7065683054029124,"mychoice":2,"myA1":0.6261253984489068,"myA2":3.4621476070679202,"myA3":3.232253643605467,"myB1":5.879309515829463,"myB2":4.91547131194152,"myB3":3.8618223788724193,"simA1":2.91122147580609,"simA2":2.93499771505594,"simA3":1.23898578574881,"simB1":4.70522804185748,"simB2":0.172186829149723,"simB3":9.04782252851874}