{"ppntid":4,"Bweight":2.406787853711594,"mychoice":2,"myA1":1.3769435602312674,"myA2":5.61120754559719,"myA3":4.200504584654219,"myB1":3.7252502556039135,"myB2":6.808928379457749,"myB3":4.675803466669866,"simA1":4.80207568733022,"simA2":9.74695997312665,"simA3":7.12853846373037,"simB1":1.80112784495577,"simB2":1.52530480641872,"simB3":4.3367622490041}