{"ppntid":8,"Bweight":2.1541734986891092,"mychoice":3,"myA1":0.8391817904889498,"myA2":0.5892007741266014,"myA3":2.180968660811622,"myB1":4.512978481940754,"myB2":4.879444202484702,"myB3":5.380217417672171,"simA1":2.91122147580609,"simA2":2.93499771505594,"simA3":1.23898578574881,"simB1":4.70522804185748,"simB2":0.172186829149723,"simB3":9.04782252851874}