{"ppntid":2,"Bweight":3.1174799492825453,"mychoice":2,"myA1":4.831362080400776,"myA2":2.480583663186242,"myA3":3.2655568148309966,"myB1":4.653296053292298,"myB2":7.06358135847541,"myB3":2.556215799070418,"simA1":4.32029129238799,"simA2":1.53823893284425,"simA3":3.49515116773546,"simB1":1.77112437551841,"simB2":9.71220241626725,"simB3":8.82223333464935}