{"ppntid":4,"Bweight":1.4541501721942607,"mychoice":2,"myA1":4.637773160930085,"myA2":0.1524914801753452,"myA3":2.3552051447591626,"myB1":3.2424450625267887,"myB2":7.945347253996628,"myB3":5.267369446586365,"simA1":4.32029129238799,"simA2":1.53823893284425,"simA3":3.49515116773546,"simB1":1.77112437551841,"simB2":9.71220241626725,"simB3":8.82223333464935}