{"ppntid":4,"Bweight":4.94560640390098,"mychoice":1,"myA1":7.117073473644959,"myA2":9.217518684073703,"myA3":9.272042468879953,"myB1":3.1483738091320657,"myB2":1.666115397133654,"myB3":1.6145970561944223,"simA1":2.91122147580609,"simA2":2.93499771505594,"simA3":1.23898578574881,"simB1":4.70522804185748,"simB2":0.172186829149723,"simB3":9.04782252851874}