{"ppntid":3,"Bweight":0.3020388756630443,"mychoice":3,"myA1":1.4227206870583298,"myA2":1.2030062166509747,"myA3":7.687532061770053,"myB1":4.648792094309089,"myB2":2.373629034540372,"myB3":8.24997449442915,"simA1":0.765141036827117,"simA2":1.26688185613602,"simA3":4.58259324543178,"simB1":6.34286859771237,"simB2":3.13183395890519,"simB3":7.37623665714636}