{"ppntid":4,"Bweight":2.410961292495959,"mychoice":3,"myA1":0.05260768687759709,"myA2":1.5249715202566905,"myA3":0.7773793239725713,"myB1":3.229905800075965,"myB2":3.776171814862306,"myB3":5.956548895988716,"simA1":4.32029129238799,"simA2":1.53823893284425,"simA3":3.49515116773546,"simB1":1.77112437551841,"simB2":9.71220241626725,"simB3":8.82223333464935}