{"ppntid":2,"Bweight":0.01224563446214022,"mychoice":2,"myA1":1.1451218405270924,"myA2":8.879944140760646,"myA3":2.275725870634935,"myB1":2.5279376820634547,"myB2":8.244382701438905,"myB3":1.1236860822714978,"simA1":0.195899927057326,"simA2":4.98272687429562,"simA3":0.87622441817075,"simB1":1.18261997355148,"simB2":2.5177992740646,"simB3":7.13118431391194}