{"ppntid":6,"Bweight":0.34647977483300507,"mychoice":3,"myA1":3.548134101115734,"myA2":1.2707215662374893,"myA3":3.8819779139751653,"myB1":2.5735966675637933,"myB2":5.6021064196229675,"myB3":2.910574553399179,"simA1":2.91122147580609,"simA2":2.93499771505594,"simA3":1.23898578574881,"simB1":4.70522804185748,"simB2":0.172186829149723,"simB3":9.04782252851874}