{"ppntid":5,"Bweight":2.9047969212304023,"mychoice":2,"myA1":2.4380206190230536,"myA2":4.9742384977403376,"myA3":5.507317721817762,"myB1":6.382361365073541,"myB2":8.926568488027058,"myB3":6.308514340296554,"simA1":4.32029129238799,"simA2":1.53823893284425,"simA3":3.49515116773546,"simB1":1.77112437551841,"simB2":9.71220241626725,"simB3":8.82223333464935}