{"ppntid":1,"Bweight":0.7698800807606065,"mychoice":1,"myA1":6.916407337151402,"myA2":4.312047186259522,"myA3":4.898774415272376,"myB1":2.776134522375806,"myB2":2.4898424275921394,"myB3":5.12313671510499,"simA1":4.32029129238799,"simA2":1.53823893284425,"simA3":3.49515116773546,"simB1":1.77112437551841,"simB2":9.71220241626725,"simB3":8.82223333464935}