{"ppntid":4,"Bweight":0.12818924907881057,"mychoice":3,"myA1":2.317169394770573,"myA2":7.423054226704564,"myA3":7.271708684824265,"myB1":9.80389445353007,"myB2":4.671753967730092,"myB3":7.313409401709028,"simA1":4.80207568733022,"simA2":9.74695997312665,"simA3":7.12853846373037,"simB1":1.80112784495577,"simB2":1.52530480641872,"simB3":4.3367622490041}