{"ppntid":8,"Bweight":1.8441839727119214,"mychoice":3,"myA1":0.7312027609446425,"myA2":2.8283108714306926,"myA3":5.81028646038283,"myB1":5.560459366192971,"myB2":8.029505799832135,"myB3":9.69104987878361,"simA1":4.51467339182273,"simA2":5.48836145317182,"simA3":8.37309282738715,"simB1":5.08784332778305,"simB2":2.23295776639134,"simB3":0.359112627338618}