{"ppntid":4,"Bweight":4.73960589353419,"mychoice":1,"myA1":2.279674585585929,"myA2":3.4472190794761004,"myA3":4.521278519080676,"myB1":3.5785797890477022,"myB2":3.0751892216625154,"myB3":2.6441751019851,"simA1":2.91122147580609,"simA2":2.93499771505594,"simA3":1.23898578574881,"simB1":4.70522804185748,"simB2":0.172186829149723,"simB3":9.04782252851874}