{"ppntid":8,"Bweight":3.3724890314916345,"mychoice":2,"myA1":6.130185304203708,"myA2":6.171221312902109,"myA3":7.849770018022031,"myB1":0.15962159505406692,"myB2":2.1921230088698196,"myB3":1.0916462204993493,"simA1":4.32029129238799,"simA2":1.53823893284425,"simA3":3.49515116773546,"simB1":1.77112437551841,"simB2":9.71220241626725,"simB3":8.82223333464935}