{"ppntid":4,"Bweight":4.558641528295086,"mychoice":2,"myA1":4.253567598274815,"myA2":5.593113394706551,"myA3":2.003132032769539,"myB1":6.050972515339305,"myB2":9.057943399889822,"myB3":5.625454414187581,"simA1":3.71603635838255,"simA2":9.79696976253763,"simA3":5.12477620737627,"simB1":7.65577855985612,"simB2":4.01422860566527,"simB3":8.65366162965074}