{"ppntid":8,"Bweight":2.4075393897857533,"mychoice":1,"myA1":6.1858084191983504,"myA2":4.569613893759817,"myA3":3.2198042938257943,"myB1":3.605156570984216,"myB2":3.826492292974799,"myB3":4.564878676684163,"simA1":2.91122147580609,"simA2":2.93499771505594,"simA3":1.23898578574881,"simB1":4.70522804185748,"simB2":0.172186829149723,"simB3":9.04782252851874}