{"ppntid":8,"Bweight":1.345332519318988,"mychoice":3,"myA1":1.3604846969682582,"myA2":6.00558494060595,"myA3":5.986039938065999,"myB1":1.5504440230060124,"myB2":5.3197319296000405,"myB3":5.6403494901475515,"simA1":2.37154772970825,"simA2":7.2398704639636,"simA3":9.46149006485939,"simB1":4.32796909473836,"simB2":2.97014408512041,"simB3":5.05007167113945}