{"ppntid":2,"Bweight":1.5268629711666992,"mychoice":3,"myA1":6.250283443498194,"myA2":3.0309754824654367,"myA3":9.884880621998231,"myB1":5.729028151216857,"myB2":2.0200726014985615,"myB3":9.869240015470865,"simA1":4.7013964317739,"simA2":1.5995579212904,"simA3":9.40290921367705,"simB1":2.04010848188773,"simB2":9.24196011386812,"simB3":3.83662213338539}