{"ppntid":4,"Bweight":2.397245643484921,"mychoice":2,"myA1":2.7281575408816483,"myA2":4.470339250176323,"myA3":4.695882269028065,"myB1":4.197652016456694,"myB2":9.793564101286247,"myB3":7.00314861586601,"simA1":4.80207568733022,"simA2":9.74695997312665,"simA3":7.12853846373037,"simB1":1.80112784495577,"simB2":1.52530480641872,"simB3":4.3367622490041}