{"ppntid":1,"Bweight":0.5420216696718505,"mychoice":3,"myA1":6.111627880165173,"myA2":4.0962179737657545,"myA3":7.400178827116582,"myB1":6.570742280591424,"myB2":8.473135849670694,"myB3":4.92270659942132,"simA1":4.32029129238799,"simA2":1.53823893284425,"simA3":3.49515116773546,"simB1":1.77112437551841,"simB2":9.71220241626725,"simB3":8.82223333464935}