{"ppntid":6,"Bweight":1.7057664123591787,"mychoice":1,"myA1":7.034667855795931,"myA2":4.124683991799123,"myA3":5.099253717827201,"myB1":1.8400378542974338,"myB2":2.65740784985689,"myB3":2.9011202018027182,"simA1":2.55039691226557,"simA2":1.33218363858759,"simA3":1.95220165187493,"simB1":5.44961695093662,"simB2":1.80845108116046,"simB3":5.56226909160614}