{"ppntid":5,"Bweight":2.5611424679891783,"mychoice":2,"myA1":3.693595889759407,"myA2":2.7595043332081004,"myA3":3.830801992098012,"myB1":7.6479922316890665,"myB2":8.327898527590271,"myB3":7.505267444134325,"simA1":2.42332010762766,"simA2":3.03216766100377,"simA3":0.630926417652518,"simB1":2.96833007829264,"simB2":7.55062303738669,"simB3":3.78760563675314}