{"ppntid":8,"Bweight":1.3855448233472722,"mychoice":2,"myA1":3.7724639333669474,"myA2":9.003198353979428,"myA3":6.010704674198704,"myB1":8.77808556031182,"myB2":7.68997409397651,"myB3":7.670126082800954,"simA1":4.32029129238799,"simA2":1.53823893284425,"simA3":3.49515116773546,"simB1":1.77112437551841,"simB2":9.71220241626725,"simB3":8.82223333464935}