{"ppntid":4,"Bweight":0.8107394441514149,"mychoice":1,"myA1":6.4718500949105735,"myA2":0.6522018246330474,"myA3":2.534807605799285,"myB1":3.37941467301875,"myB2":5.837832635904652,"myB3":6.755237106680703,"simA1":6.59848347539082,"simA2":3.2037310814485,"simA3":1.20643929112703,"simB1":6.15231747506186,"simB2":8.22033943841234,"simB3":2.70335558336228}