{"ppntid":7,"Bweight":4.210995277666058,"mychoice":2,"myA1":0.16414320802209614,"myA2":6.169905113806093,"myA3":6.725754835963464,"myB1":5.598806055268439,"myB2":9.003028167108312,"myB3":6.382590776958286,"simA1":4.80207568733022,"simA2":9.74695997312665,"simA3":7.12853846373037,"simB1":1.80112784495577,"simB2":1.52530480641872,"simB3":4.3367622490041}