{"ppntid":2,"Bweight":0.8571584054835946,"mychoice":2,"myA1":3.3083940660129563,"myA2":7.709655769088113,"myA3":2.8561363498432546,"myB1":4.461343812835674,"myB2":9.238710662909018,"myB3":2.382204868430695,"simA1":3.63090072991326,"simA2":9.16425657225773,"simA3":5.10237921960652,"simB1":5.38326209876686,"simB2":3.32310018828139,"simB3":2.30925092939287}