{"ppntid":9,"Bweight":3.300363734919131,"mychoice":1,"myA1":9.783966995644708,"myA2":9.970333505639218,"myA3":8.781202621979165,"myB1":3.4919010962514174,"myB2":1.4107032588483515,"myB3":2.442148885376332,"simA1":4.32029129238799,"simA2":1.53823893284425,"simA3":3.49515116773546,"simB1":1.77112437551841,"simB2":9.71220241626725,"simB3":8.82223333464935}