{"ppntid":4,"Bweight":1.623102143752655,"mychoice":3,"myA1":1.139237193574807,"myA2":2.108589314268785,"myA3":4.429589278609436,"myB1":8.28399804905156,"myB2":6.303039763531951,"myB3":7.296589419232983,"simA1":4.51467339182273,"simA2":5.48836145317182,"simA3":8.37309282738715,"simB1":5.08784332778305,"simB2":2.23295776639134,"simB3":0.359112627338618}