{"ppntid":4,"Bweight":2.05889225156899,"mychoice":1,"myA1":7.730715172664137,"myA2":7.322475254150436,"myA3":5.669288523076275,"myB1":5.827003864023242,"myB2":3.4967453820191086,"myB3":5.961994693229007,"simA1":2.91122147580609,"simA2":2.93499771505594,"simA3":1.23898578574881,"simB1":4.70522804185748,"simB2":0.172186829149723,"simB3":9.04782252851874}