{"ppntid":6,"Bweight":0.5398325087697797,"mychoice":1,"myA1":1.017784713396459,"myA2":0.11365024341878138,"myA3":0.2728256400629747,"myB1":9.783966995644708,"myB2":9.970333505639218,"myB3":8.781202621979165,"simA1":3.67379971314222,"simA2":2.96635989332572,"simA3":2.25443732691929,"simB1":2.00263310456648,"simB2":4.88128123106435,"simB3":7.29017229517922}