{"ppntid":9,"Bweight":1.8544050258404832,"mychoice":3,"myA1":6.4837087545035255,"myA2":6.683082605751636,"myA3":9.134872547044587,"myB1":2.6443320138542536,"myB2":2.3049537792236907,"myB3":5.17497197088884,"simA1":2.91122147580609,"simA2":2.93499771505594,"simA3":1.23898578574881,"simB1":4.70522804185748,"simB2":0.172186829149723,"simB3":9.04782252851874}