{"ppntid":4,"Bweight":3.804632382510035,"mychoice":2,"myA1":6.54319387760963,"myA2":0.263159371892121,"myA3":8.557193134182201,"myB1":6.700927407775799,"myB2":9.975918923140393,"myB3":5.906095033453516,"simA1":3.71603635838255,"simA2":9.79696976253763,"simA3":5.12477620737627,"simB1":7.65577855985612,"simB2":4.01422860566527,"simB3":8.65366162965074}