{"ppntid":4,"Bweight":0.27463862021767094,"mychoice":2,"myA1":1.8756661757602422,"myA2":6.717475763887705,"myA3":6.757715601203209,"myB1":3.552998216855938,"myB2":9.204299112700784,"myB3":8.67812237208961,"simA1":2.37154772970825,"simA2":7.2398704639636,"simA3":9.46149006485939,"simB1":4.32796909473836,"simB2":2.97014408512041,"simB3":5.05007167113945}