{"ppntid":2,"Bweight":0.06771187060345962,"mychoice":1,"myA1":6.520422028687207,"myA2":3.752181668029533,"myA3":1.8187873149662726,"myB1":4.009752799285047,"myB2":9.70973960006784,"myB3":5.010857369072042,"simA1":4.54180638305843,"simA2":2.16205808101222,"simA3":0.625319329556078,"simB1":5.18409546697512,"simB2":2.58191620465368,"simB3":3.6804819596}