{"ppntid":6,"Bweight":0.18847617696378216,"mychoice":3,"myA1":5.279669052962326,"myA2":7.680649287085364,"myA3":9.751623820733412,"myB1":4.3144348923273235,"myB2":6.6031747545379975,"myB3":8.135607843169266,"simA1":4.51467339182273,"simA2":5.48836145317182,"simA3":8.37309282738715,"simB1":5.08784332778305,"simB2":2.23295776639134,"simB3":0.359112627338618}