{"ppntid":8,"Bweight":4.326320410924273,"mychoice":3,"myA1":9.639654123001588,"myA2":8.53669481795253,"myA3":7.283112271766532,"myB1":4.243743089419468,"myB2":3.1046302834181017,"myB3":6.20731076306811,"simA1":4.32029129238799,"simA2":1.53823893284425,"simA3":3.49515116773546,"simB1":1.77112437551841,"simB2":9.71220241626725,"simB3":8.82223333464935}