{"ppntid":0,"Bweight":3.5412595182346673,"mychoice":2,"myA1":3.237829307547655,"myA2":6.985050414814864,"myA3":5.048288547961333,"myB1":1.8249604943699316,"myB2":3.5100561763774674,"myB3":2.95113856697224,"simA1":2.42332010762766,"simA2":3.03216766100377,"simA3":0.630926417652518,"simB1":2.96833007829264,"simB2":7.55062303738669,"simB3":3.78760563675314}