{"ppntid":7,"Bweight":2.0393927504706832,"mychoice":2,"myA1":3.9647160298098028,"myA2":8.283877398495264,"myA3":2.2764766627319633,"myB1":2.916949689285686,"myB2":7.147433274367925,"myB3":2.327453449239689,"simA1":3.63090072991326,"simA2":9.16425657225773,"simA3":5.10237921960652,"simB1":5.38326209876686,"simB2":3.32310018828139,"simB3":2.30925092939287}