{"ppntid":4,"Bweight":1.2697149167775634,"mychoice":3,"myA1":4.276913928518489,"myA2":3.290596225847684,"myA3":1.9036666347246767,"myB1":0.9229569332645782,"myB2":2.544996961641317,"myB3":3.718445650596849,"simA1":2.91122147580609,"simA2":2.93499771505594,"simA3":1.23898578574881,"simB1":4.70522804185748,"simB2":0.172186829149723,"simB3":9.04782252851874}