{"ppntid":5,"Bweight":2.43913722477183,"mychoice":3,"myA1":2.7855309062619082,"myA2":4.987399257020863,"myA3":6.556084942435829,"myB1":2.930283561188045,"myB2":5.832817989190298,"myB3":6.556084942435829,"simA1":4.51467339182273,"simA2":5.48836145317182,"simA3":8.37309282738715,"simB1":5.08784332778305,"simB2":2.23295776639134,"simB3":0.359112627338618}