{"ppntid":4,"Bweight":2.701721186853938,"mychoice":2,"myA1":4.617022984407595,"myA2":3.9857226866378737,"myA3":1.9959547556561352,"myB1":6.291155542513871,"myB2":7.693788244222846,"myB3":5.312666389208731,"simA1":4.32029129238799,"simA2":1.53823893284425,"simA3":3.49515116773546,"simB1":1.77112437551841,"simB2":9.71220241626725,"simB3":8.82223333464935}