{"ppntid":0,"Bweight":0.931056050817185,"mychoice":3,"myA1":8.732711032468723,"myA2":2.2119453409145096,"myA3":8.144701285618579,"myB1":1.2195632969826642,"myB2":4.341940330945786,"myB3":2.1232486744086354,"simA1":4.80207568733022,"simA2":9.74695997312665,"simA3":7.12853846373037,"simB1":1.80112784495577,"simB2":1.52530480641872,"simB3":4.3367622490041}