{"ppntid":7,"Bweight":0.5118888478023875,"mychoice":3,"myA1":2.2739590762330786,"myA2":5.860168825486132,"myA3":8.144574640257582,"myB1":2.0616962009749606,"myB2":5.959303561938983,"myB3":5.850172239705076,"simA1":2.37154772970825,"simA2":7.2398704639636,"simA3":9.46149006485939,"simB1":4.32796909473836,"simB2":2.97014408512041,"simB3":5.05007167113945}