{"ppntid":2,"Bweight":3.9024345337573774,"mychoice":2,"myA1":3.637026235454175,"myA2":0.8768897581182156,"myA3":2.6296355076444256,"myB1":2.3191389177252097,"myB2":5.742037117446084,"myB3":4.460224055002804,"simA1":2.55039691226557,"simA2":1.33218363858759,"simA3":1.95220165187493,"simB1":5.44961695093662,"simB2":1.80845108116046,"simB3":5.56226909160614}