{"ppntid":9,"Bweight":3.2695360523142103,"mychoice":1,"myA1":6.756229299744609,"myA2":0.5171201308505724,"myA3":7.801280633345369,"myB1":5.1231664073794985,"myB2":3.0069665969505754,"myB3":2.557114912864542,"simA1":4.32029129238799,"simA2":1.53823893284425,"simA3":3.49515116773546,"simB1":1.77112437551841,"simB2":9.71220241626725,"simB3":8.82223333464935}