{"ppntid":1,"Bweight":0.5743607529683337,"mychoice":3,"myA1":2.1961587727507714,"myA2":3.8600440862326346,"myA3":4.377055123344924,"myB1":5.119802076580056,"myB2":6.382075458429723,"myB3":8.074740539402402,"simA1":4.32029129238799,"simA2":1.53823893284425,"simA3":3.49515116773546,"simB1":1.77112437551841,"simB2":9.71220241626725,"simB3":8.82223333464935}