{"ppntid":5,"Bweight":2.1471089817091715,"mychoice":1,"myA1":8.626266823913554,"myA2":5.400613391011804,"myA3":5.559203316241663,"myB1":9.877738054684391,"myB2":5.852768031062292,"myB3":2.0224832966378825,"simA1":6.59848347539082,"simA2":3.2037310814485,"simA3":1.20643929112703,"simB1":6.15231747506186,"simB2":8.22033943841234,"simB3":2.70335558336228}