{"ppntid":3,"Bweight":2.6024954965886127,"mychoice":3,"myA1":4.124190727799806,"myA2":3.316675947866552,"myA3":3.7955314664759854,"myB1":4.532654564545917,"myB2":6.246331835715018,"myB3":8.038731379653672,"simA1":4.32029129238799,"simA2":1.53823893284425,"simA3":3.49515116773546,"simB1":1.77112437551841,"simB2":9.71220241626725,"simB3":8.82223333464935}