{"ppntid":0,"Bweight":0.054342899881117956,"mychoice":2,"myA1":7.430631630434455,"myA2":9.35493827589573,"myA3":0.9746582876047571,"myB1":7.844378984630966,"myB2":5.95084915863394,"myB3":1.5965023989599447,"simA1":7.49075360363349,"simA2":8.34970372263342,"simA3":0.681783282198012,"simB1":5.88041773764417,"simB2":7.52243234310299,"simB3":3.17027122946456}