{"ppntid":9,"Bweight":3.523208361994196,"mychoice":2,"myA1":6.677822694824624,"myA2":9.68043398014303,"myA3":7.3867350612597065,"myB1":0.7261370941990042,"myB2":3.1822229036040395,"myB3":2.692962961642249,"simA1":4.80207568733022,"simA2":9.74695997312665,"simA3":7.12853846373037,"simB1":1.80112784495577,"simB2":1.52530480641872,"simB3":4.3367622490041}