{"ppntid":0,"Bweight":2.042642561770658,"mychoice":1,"myA1":2.790915940864307,"myA2":6.033632122016705,"myA3":3.2173602685289326,"myB1":8.696513738972829,"myB2":5.7286988537034444,"myB3":4.84289713942953,"simA1":4.32029129238799,"simA2":1.53823893284425,"simA3":3.49515116773546,"simB1":1.77112437551841,"simB2":9.71220241626725,"simB3":8.82223333464935}