{"ppntid":4,"Bweight":2.8798837329760154,"mychoice":3,"myA1":6.0107543402188846,"myA2":1.05202117116445,"myA3":0.7170745604348383,"myB1":1.4302637442020472,"myB2":4.996478774307724,"myB3":8.49013548404053,"simA1":2.37154772970825,"simA2":7.2398704639636,"simA3":9.46149006485939,"simB1":4.32796909473836,"simB2":2.97014408512041,"simB3":5.05007167113945}