{"ppntid":4,"Bweight":1.518307807260313,"mychoice":3,"myA1":7.143131666321018,"myA2":4.669962955685416,"myA3":6.5697284025797975,"myB1":8.13025877753369,"myB2":6.264583188446831,"myB3":8.749460215592437,"simA1":6.42703449586406,"simA2":5.70645416853949,"simA3":7.91313496185467,"simB1":1.76812876947224,"simB2":3.26391996350139,"simB3":9.63438343955204}