{"ppntid":4,"Bweight":0.9711224563548582,"mychoice":3,"myA1":3.8744245612370776,"myA2":4.624071865716923,"myA3":6.640702267284437,"myB1":1.3381945602467438,"myB2":1.7201342976454659,"myB3":0.38316658717130636,"simA1":4.32029129238799,"simA2":1.53823893284425,"simA3":3.49515116773546,"simB1":1.77112437551841,"simB2":9.71220241626725,"simB3":8.82223333464935}