{"ppntid":4,"Bweight":0.1339273061116486,"mychoice":2,"myA1":2.621566149513057,"myA2":7.827989541923022,"myA3":2.3495231524888927,"myB1":4.988312993946529,"myB2":9.966871817625965,"myB3":2.2425009230422788,"simA1":3.71603635838255,"simA2":9.79696976253763,"simA3":5.12477620737627,"simB1":7.65577855985612,"simB2":4.01422860566527,"simB3":8.65366162965074}