{"ppntid":5,"Bweight":1.8247840595570042,"mychoice":3,"myA1":2.0268732749250185,"myA2":1.7013905056959655,"myA3":9.623822972422602,"myB1":3.5183437257544914,"myB2":2.411318461747758,"myB3":8.163098636095738,"simA1":0.765141036827117,"simA2":1.26688185613602,"simA3":4.58259324543178,"simB1":6.34286859771237,"simB2":3.13183395890519,"simB3":7.37623665714636}