{"ppntid":1,"Bweight":1.976404880321948,"mychoice":1,"myA1":8.613074057098062,"myA2":4.281742902063446,"myA3":3.3795522951653956,"myB1":7.713991617330089,"myB2":4.007271818095697,"myB3":4.649657004202059,"simA1":6.59848347539082,"simA2":3.2037310814485,"simA3":1.20643929112703,"simB1":6.15231747506186,"simB2":8.22033943841234,"simB3":2.70335558336228}