{"ppntid":1,"Bweight":0.8610042622882197,"mychoice":2,"myA1":6.748404488666651,"myA2":9.553831744992088,"myA3":8.604236737978157,"myB1":2.1081761206034333,"myB2":3.9934904298711915,"myB3":1.8457360841495274,"simA1":4.32029129238799,"simA2":1.53823893284425,"simA3":3.49515116773546,"simB1":1.77112437551841,"simB2":9.71220241626725,"simB3":8.82223333464935}