{"ppntid":3,"Bweight":4.26814246703758,"mychoice":3,"myA1":1.4815755962557242,"myA2":1.778840796704988,"myA3":0.44703165700088476,"myB1":6.374112779415915,"myB2":8.121632255040172,"myB3":9.151084317182764,"simA1":4.32029129238799,"simA2":1.53823893284425,"simA3":3.49515116773546,"simB1":1.77112437551841,"simB2":9.71220241626725,"simB3":8.82223333464935}