{"ppntid":7,"Bweight":4.986977217982198,"mychoice":3,"myA1":1.0208621899329517,"myA2":6.598149655259937,"myA3":7.344226311349782,"myB1":2.3676528724643364,"myB2":5.615171931267195,"myB3":6.284330847322785,"simA1":2.37154772970825,"simA2":7.2398704639636,"simA3":9.46149006485939,"simB1":4.32796909473836,"simB2":2.97014408512041,"simB3":5.05007167113945}