{"ppntid":3,"Bweight":0.8803638588402674,"mychoice":2,"myA1":4.789501370171645,"myA2":9.567426754828078,"myA3":5.067926244262029,"myB1":2.315560762534661,"myB2":6.336371980126931,"myB3":1.0599217183010246,"simA1":3.63090072991326,"simA2":9.16425657225773,"simA3":5.10237921960652,"simB1":5.38326209876686,"simB2":3.32310018828139,"simB3":2.30925092939287}