{"ppntid":6,"Bweight":0.7243695538692085,"mychoice":2,"myA1":4.148357864027137,"myA2":8.798631391875482,"myA3":5.169232236175616,"myB1":0.5715814512368689,"myB2":7.159356476977656,"myB3":0.5233891033160432,"simA1":3.71603635838255,"simA2":9.79696976253763,"simA3":5.12477620737627,"simB1":7.65577855985612,"simB2":4.01422860566527,"simB3":8.65366162965074}