{"ppntid":3,"Bweight":1.7427351397501778,"mychoice":2,"myA1":5.659677081548502,"myA2":9.38890011943376,"myA3":4.77725334750059,"myB1":3.8687498630035555,"myB2":9.490075160315712,"myB3":5.42525066732402,"simA1":3.71603635838255,"simA2":9.79696976253763,"simA3":5.12477620737627,"simB1":7.65577855985612,"simB2":4.01422860566527,"simB3":8.65366162965074}