{"ppntid":8,"Bweight":0.6363278810615625,"mychoice":3,"myA1":2.3444192628288296,"myA2":4.336433018346173,"myA3":6.670744119945702,"myB1":4.582589486957305,"myB2":6.006136174331653,"myB3":8.173103324803535,"simA1":4.51467339182273,"simA2":5.48836145317182,"simA3":8.37309282738715,"simB1":5.08784332778305,"simB2":2.23295776639134,"simB3":0.359112627338618}