{"ppntid":4,"Bweight":2.4313305368482774,"mychoice":3,"myA1":1.9186928852374718,"myA2":0.9623296886525612,"myA3":3.5983057575011035,"myB1":4.807777628044089,"myB2":4.390231730879119,"myB3":7.085676501352838,"simA1":2.91122147580609,"simA2":2.93499771505594,"simA3":1.23898578574881,"simB1":4.70522804185748,"simB2":0.172186829149723,"simB3":9.04782252851874}