{"ppntid":3,"Bweight":1.1264765021615664,"mychoice":3,"myA1":3.868379064901215,"myA2":6.368843732252336,"myA3":8.99708796999347,"myB1":6.17315705150337,"myB2":8.77191252876366,"myB3":9.262235623011739,"simA1":4.51467339182273,"simA2":5.48836145317182,"simA3":8.37309282738715,"simB1":5.08784332778305,"simB2":2.23295776639134,"simB3":0.359112627338618}