{"ppntid":1,"Bweight":1.5610396080812072,"mychoice":2,"myA1":1.7940773989887715,"myA2":5.890305657869548,"myA3":3.0139387242489235,"myB1":1.180818943498454,"myB2":6.620074039236199,"myB3":4.372133569204553,"simA1":4.80207568733022,"simA2":9.74695997312665,"simA3":7.12853846373037,"simB1":1.80112784495577,"simB2":1.52530480641872,"simB3":4.3367622490041}