{"ppntid":0,"Bweight":3.557873584116875,"mychoice":3,"myA1":5.391492741163737,"myA2":3.1322416039492684,"myA3":6.20731076306811,"myB1":2.8792837751090694,"myB2":4.2211955895850295,"myB3":4.069819857210215,"simA1":4.32029129238799,"simA2":1.53823893284425,"simA3":3.49515116773546,"simB1":1.77112437551841,"simB2":9.71220241626725,"simB3":8.82223333464935}