{"ppntid":0,"Bweight":3.8652937861005157,"mychoice":3,"myA1":1.361655738079055,"myA2":2.7740426347447578,"myA3":5.639886546041293,"myB1":4.424766508961849,"myB2":3.1120085270810405,"myB3":4.862978128200219,"simA1":4.32029129238799,"simA2":1.53823893284425,"simA3":3.49515116773546,"simB1":1.77112437551841,"simB2":9.71220241626725,"simB3":8.82223333464935}