{"ppntid":6,"Bweight":3.907135264312964,"mychoice":2,"myA1":3.8982728281649326,"myA2":9.604561891002206,"myA3":1.4706097734501333,"myB1":5.045040104997655,"myB2":9.361765548936486,"myB3":7.897948385157312,"simA1":3.71603635838255,"simA2":9.79696976253763,"simA3":5.12477620737627,"simB1":7.65577855985612,"simB2":4.01422860566527,"simB3":8.65366162965074}