{"ppntid":2,"Bweight":1.4152559329300607,"mychoice":3,"myA1":3.134617853789219,"myA2":3.354397460183145,"myA3":9.472392144272337,"myB1":3.466554169260463,"myB2":2.7121794684939715,"myB3":8.31341577534989,"simA1":0.765141036827117,"simA2":1.26688185613602,"simA3":4.58259324543178,"simB1":6.34286859771237,"simB2":3.13183395890519,"simB3":7.37623665714636}