{"ppntid":4,"Bweight":0.822245806155083,"mychoice":2,"myA1":1.0088697235403665,"myA2":1.1268685473446416,"myA3":2.681919933524184,"myB1":4.671097608063681,"myB2":7.149666509567805,"myB3":4.530652447212655,"simA1":4.32029129238799,"simA2":1.53823893284425,"simA3":3.49515116773546,"simB1":1.77112437551841,"simB2":9.71220241626725,"simB3":8.82223333464935}