{"ppntid":5,"Bweight":4.27496772235764,"mychoice":2,"myA1":4.066526397580188,"myA2":3.396173600499972,"myA3":0.9521303179458451,"myB1":4.505261505225302,"myB2":8.604479253877335,"myB3":6.917318252780687,"simA1":4.32029129238799,"simA2":1.53823893284425,"simA3":3.49515116773546,"simB1":1.77112437551841,"simB2":9.71220241626725,"simB3":8.82223333464935}