{"ppntid":2,"Bweight":3.3013604104553043,"mychoice":3,"myA1":6.882209949718046,"myA2":4.793696487573731,"myA3":6.704411745256984,"myB1":4.159933257799446,"myB2":3.5257337934079525,"myB3":7.051804682428227,"simA1":4.32029129238799,"simA2":1.53823893284425,"simA3":3.49515116773546,"simB1":1.77112437551841,"simB2":9.71220241626725,"simB3":8.82223333464935}