{"ppntid":1,"Bweight":0.8576549912398557,"mychoice":3,"myA1":2.930283561188045,"myA2":5.502922152455083,"myA3":6.556084942435829,"myB1":6.141539159666625,"myB2":7.089817822683456,"myB3":9.157648210802332,"simA1":4.51467339182273,"simA2":5.48836145317182,"simA3":8.37309282738715,"simB1":5.08784332778305,"simB2":2.23295776639134,"simB3":0.359112627338618}