{"ppntid":8,"Bweight":2.3521642694064426,"mychoice":3,"myA1":0.628632349154501,"myA2":3.6322806327966295,"myA3":3.9615442263182055,"myB1":1.5483054904174232,"myB2":7.211532711323388,"myB3":7.866857123269333,"simA1":2.37154772970825,"simA2":7.2398704639636,"simA3":9.46149006485939,"simB1":4.32796909473836,"simB2":2.97014408512041,"simB3":5.05007167113945}