{"ppntid":4,"Bweight":1.5804058126943676,"mychoice":2,"myA1":2.3750800780492587,"myA2":2.3873634074524452,"myA3":1.3264890299316434,"myB1":3.8419726361344075,"myB2":4.474388593455901,"myB3":4.934688762373163,"simA1":3.67379971314222,"simA2":2.96635989332572,"simA3":2.25443732691929,"simB1":2.00263310456648,"simB2":4.88128123106435,"simB3":7.29017229517922}