{"ppntid":2,"Bweight":1.0916044469308894,"mychoice":2,"myA1":4.258609993975271,"myA2":4.691972455480952,"myA3":4.371639434086909,"myB1":2.789344202572326,"myB2":5.390700591421693,"myB3":0.842502287451472,"simA1":2.91122147580609,"simA2":2.93499771505594,"simA3":1.23898578574881,"simB1":4.70522804185748,"simB2":0.172186829149723,"simB3":9.04782252851874}