{"ppntid":6,"Bweight":0.8770238143836684,"mychoice":2,"myA1":1.5268933232115645,"myA2":7.5683529341935,"myA3":8.839934433422858,"myB1":0.28163814238265195,"myB2":9.603006248081112,"myB3":6.338881941569516,"simA1":2.37154772970825,"simA2":7.2398704639636,"simA3":9.46149006485939,"simB1":4.32796909473836,"simB2":2.97014408512041,"simB3":5.05007167113945}