{"ppntid":3,"Bweight":0.8942284516221832,"mychoice":2,"myA1":5.365327163077844,"myA2":8.598841005940798,"myA3":6.958735032278041,"myB1":0.7019171526198709,"myB2":4.678504138817288,"myB3":1.9735686102899797,"simA1":4.80207568733022,"simA2":9.74695997312665,"simA3":7.12853846373037,"simB1":1.80112784495577,"simB2":1.52530480641872,"simB3":4.3367622490041}