{"ppntid":2,"Bweight":1.1791764919357994,"mychoice":3,"myA1":2.0101011839501037,"myA2":3.327203272708157,"myA3":0.4179715456262012,"myB1":0.5494704305779097,"myB2":3.470523604444946,"myB3":6.007374954967062,"simA1":2.42332010762766,"simA2":3.03216766100377,"simA3":0.630926417652518,"simB1":2.96833007829264,"simB2":7.55062303738669,"simB3":3.78760563675314}