{"ppntid":3,"Bweight":3.530249699025866,"mychoice":3,"myA1":7.4021766622220575,"myA2":2.410286805049342,"myA3":5.171681361866947,"myB1":2.107660987947697,"myB2":2.1090147314396512,"myB3":4.7038736372889955,"simA1":4.80207568733022,"simA2":9.74695997312665,"simA3":7.12853846373037,"simB1":1.80112784495577,"simB2":1.52530480641872,"simB3":4.3367622490041}