{"ppntid":9,"Bweight":4.192293273213688,"mychoice":3,"myA1":0.9205154367444379,"myA2":2.1140568331609133,"myA3":3.3507450597595168,"myB1":4.743745101560288,"myB2":4.26831546741921,"myB3":6.835343012262422,"simA1":2.91122147580609,"simA2":2.93499771505594,"simA3":1.23898578574881,"simB1":4.70522804185748,"simB2":0.172186829149723,"simB3":9.04782252851874}