{"ppntid":6,"Bweight":2.51397164965369,"mychoice":1,"myA1":5.596575799187306,"myA2":9.267925236531502,"myA3":7.454375689095524,"myB1":5.883001089044524,"myB2":1.9829934652674774,"myB3":4.673283438604859,"simA1":4.80207568733022,"simA2":9.74695997312665,"simA3":7.12853846373037,"simB1":1.80112784495577,"simB2":1.52530480641872,"simB3":4.3367622490041}