{"ppntid":4,"Bweight":0.5353339446625249,"mychoice":2,"myA1":1.7940773989887715,"myA2":5.890305657869548,"myA3":3.530451173428666,"myB1":0.7103789229279278,"myB2":7.000855665346474,"myB3":0.8928043852954493,"simA1":4.80207568733022,"simA2":9.74695997312665,"simA3":7.12853846373037,"simB1":1.80112784495577,"simB2":1.52530480641872,"simB3":4.3367622490041}