{"ppntid":6,"Bweight":4.113842133126427,"mychoice":2,"myA1":1.5311475988715517,"myA2":5.61120754559719,"myA3":4.200504584654219,"myB1":2.6108734229859576,"myB2":9.648697310152537,"myB3":1.8028535154789704,"simA1":4.80207568733022,"simA2":9.74695997312665,"simA3":7.12853846373037,"simB1":1.80112784495577,"simB2":1.52530480641872,"simB3":4.3367622490041}