{"ppntid":4,"Bweight":3.643107971544406,"mychoice":3,"myA1":8.637189862251953,"myA2":9.905557776473042,"myA3":7.622597159835058,"myB1":4.784347608304493,"myB2":3.655208976226698,"myB3":5.939314272453203,"simA1":2.91122147580609,"simA2":2.93499771505594,"simA3":1.23898578574881,"simB1":4.70522804185748,"simB2":0.172186829149723,"simB3":9.04782252851874}