{"ppntid":1,"Bweight":0.19753186143241952,"mychoice":2,"myA1":1.2465817905717547,"myA2":9.665260516495044,"myA3":3.2493268501791883,"myB1":4.636323760570045,"myB2":9.495885253247708,"myB3":5.730312622451961,"simA1":3.71603635838255,"simA2":9.79696976253763,"simA3":5.12477620737627,"simB1":7.65577855985612,"simB2":4.01422860566527,"simB3":8.65366162965074}