{"ppntid":2,"Bweight":4.363154301470056,"mychoice":2,"myA1":7.2429672304171655,"myA2":1.3644831822376746,"myA3":3.8058049918664127,"myB1":4.754491044829614,"myB2":9.07786816709101,"myB3":1.6724878738274374,"simA1":6.59848347539082,"simA2":3.2037310814485,"simA3":1.20643929112703,"simB1":6.15231747506186,"simB2":8.22033943841234,"simB3":2.70335558336228}