{"ppntid":9,"Bweight":1.067416516501275,"mychoice":3,"myA1":2.219888120009439,"myA2":4.040172774316069,"myA3":5.4072892342518,"myB1":2.170987959641948,"myB2":3.195210537753681,"myB3":5.639886546041293,"simA1":4.51467339182273,"simA2":5.48836145317182,"simA3":8.37309282738715,"simB1":5.08784332778305,"simB2":2.23295776639134,"simB3":0.359112627338618}