{"ppntid":9,"Bweight":1.88650029356063,"mychoice":2,"myA1":3.6166579568452395,"myA2":3.589910970535315,"myA3":6.189285280181545,"myB1":8.235927604614293,"myB2":9.321924420551166,"myB3":6.214249263528737,"simA1":4.32029129238799,"simA2":1.53823893284425,"simA3":3.49515116773546,"simB1":1.77112437551841,"simB2":9.71220241626725,"simB3":8.82223333464935}