{"ppntid":0,"Bweight":4.736003492217906,"mychoice":1,"myA1":8.415220872987295,"myA2":1.0349750413564163,"myA3":2.174600217744882,"myB1":6.93757976682523,"myB2":2.0124386252715842,"myB3":3.769567824049751,"simA1":8.85337949730456,"simA2":3.42958739725873,"simA3":3.85683926055208,"simB1":5.34130225656554,"simB2":1.97592205833644,"simB3":4.42636803491041}