{"ppntid":4,"Bweight":1.6657077997768233,"mychoice":2,"myA1":0.8496434282076271,"myA2":9.16739892740755,"myA3":3.2850941743072792,"myB1":2.550344984256445,"myB2":7.704670605739077,"myB3":4.596893403458799,"simA1":3.71603635838255,"simA2":9.79696976253763,"simA3":5.12477620737627,"simB1":7.65577855985612,"simB2":4.01422860566527,"simB3":8.65366162965074}