{"ppntid":7,"Bweight":4.33629889522405,"mychoice":3,"myA1":2.091356595919045,"myA2":2.393872095307117,"myA3":7.274087900838023,"myB1":5.136499863923907,"myB2":2.472426751300598,"myB3":8.22712340936765,"simA1":0.765141036827117,"simA2":1.26688185613602,"simA3":4.58259324543178,"simB1":6.34286859771237,"simB2":3.13183395890519,"simB3":7.37623665714636}