{"ppntid":6,"Bweight":2.413891659286087,"mychoice":3,"myA1":6.814867028098639,"myA2":6.6344452436896155,"myA3":8.681152253697338,"myB1":5.9702134281781705,"myB2":5.34259715514215,"myB3":7.337313793282285,"simA1":4.32029129238799,"simA2":1.53823893284425,"simA3":3.49515116773546,"simB1":1.77112437551841,"simB2":9.71220241626725,"simB3":8.82223333464935}