{"ppntid":5,"Bweight":3.5112177263443014,"mychoice":3,"myA1":0.7367021651698757,"myA2":6.4188047286212235,"myA3":8.356618756544066,"myB1":2.455413771576722,"myB2":6.06199411832587,"myB3":6.058567835537052,"simA1":2.37154772970825,"simA2":7.2398704639636,"simA3":9.46149006485939,"simB1":4.32796909473836,"simB2":2.97014408512041,"simB3":5.05007167113945}