{"ppntid":5,"Bweight":1.41658880991693,"mychoice":2,"myA1":4.308405457618032,"myA2":7.816747993996486,"myA3":6.596322679656823,"myB1":2.5735966675637933,"myB2":5.6021064196229675,"myB3":4.773621649444008,"simA1":4.80207568733022,"simA2":9.74695997312665,"simA3":7.12853846373037,"simB1":1.80112784495577,"simB2":1.52530480641872,"simB3":4.3367622490041}