{"ppntid":1,"Bweight":1.9809898820168736,"mychoice":3,"myA1":9.975046141780709,"myA2":6.146740717172516,"myA3":8.675293051219326,"myB1":2.519355201266935,"myB2":4.280963532109836,"myB3":5.304448436287171,"simA1":4.32029129238799,"simA2":1.53823893284425,"simA3":3.49515116773546,"simB1":1.77112437551841,"simB2":9.71220241626725,"simB3":8.82223333464935}