{"ppntid":4,"Bweight":1.8506578134906904,"mychoice":2,"myA1":5.560000543821557,"myA2":9.029276923430853,"myA3":3.9338163167744944,"myB1":5.966296756951621,"myB2":9.627637112061542,"myB3":4.152395873097266,"simA1":3.71603635838255,"simA2":9.79696976253763,"simA3":5.12477620737627,"simB1":7.65577855985612,"simB2":4.01422860566527,"simB3":8.65366162965074}