{"ppntid":9,"Bweight":2.6680254190130572,"mychoice":1,"myA1":7.587512014191164,"myA2":5.1578006672967325,"myA3":3.301885362174397,"myB1":6.33825975127057,"myB2":4.333947030727696,"myB3":2.888967960216151,"simA1":4.54180638305843,"simA2":2.16205808101222,"simA3":0.625319329556078,"simB1":5.18409546697512,"simB2":2.58191620465368,"simB3":3.6804819596}