{"ppntid":4,"Bweight":0.36190698132735455,"mychoice":1,"myA1":6.036520551700198,"myA2":5.935833122046182,"myA3":3.8346162532724515,"myB1":9.505581563904412,"myB2":5.7941195886548,"myB3":7.349520820760778,"simA1":4.32029129238799,"simA2":1.53823893284425,"simA3":3.49515116773546,"simB1":1.77112437551841,"simB2":9.71220241626725,"simB3":8.82223333464935}