{"ppntid":2,"Bweight":1.1686196573325103,"mychoice":1,"myA1":6.694049838357465,"myA2":5.660714847648953,"myA3":3.220835626115901,"myB1":4.366784088121998,"myB2":4.90601011961985,"myB3":4.509127050606452,"simA1":2.91122147580609,"simA2":2.93499771505594,"simA3":1.23898578574881,"simB1":4.70522804185748,"simB2":0.172186829149723,"simB3":9.04782252851874}