{"ppntid":2,"Bweight":3.4100632409759237,"mychoice":3,"myA1":1.2304919015447835,"myA2":4.273103667306466,"myA3":7.6092204267367585,"myB1":3.3846824207880744,"myB2":2.564331794880692,"myB3":2.051449486314594,"simA1":4.51467339182273,"simA2":5.48836145317182,"simA3":8.37309282738715,"simB1":5.08784332778305,"simB2":2.23295776639134,"simB3":0.359112627338618}