{"ppntid":2,"Bweight":3.7437404226493576,"mychoice":3,"myA1":4.984196571543351,"myA2":8.002573243370794,"myA3":8.734172963064491,"myB1":1.5141592350349042,"myB2":5.324936160929427,"myB3":7.968333484304855,"simA1":2.37154772970825,"simA2":7.2398704639636,"simA3":9.46149006485939,"simB1":4.32796909473836,"simB2":2.97014408512041,"simB3":5.05007167113945}