{"ppntid":7,"Bweight":1.1552284698470205,"mychoice":2,"myA1":6.1963084952172265,"myA2":8.334407525708379,"myA3":3.9073384962716773,"myB1":1.1861187447489119,"myB2":7.873702527934572,"myB3":1.8488971456519177,"simA1":3.63090072991326,"simA2":9.16425657225773,"simA3":5.10237921960652,"simB1":5.38326209876686,"simB2":3.32310018828139,"simB3":2.30925092939287}