{"ppntid":2,"Bweight":3.925015359704486,"mychoice":1,"myA1":4.334942545355958,"myA2":0.6743017499662707,"myA3":2.9447391678451362,"myB1":9.343717653464108,"myB2":3.7837224411259207,"myB3":6.577427251926435,"simA1":9.27360753528774,"simA2":5.70048430701718,"simA3":6.62493635434657,"simB1":8.27336052898318,"simB2":0.704001160338521,"simB3":5.54484809981659}