{"ppntid":6,"Bweight":3.6027582769890953,"mychoice":3,"myA1":4.318061147049496,"myA2":5.164600079470995,"myA3":5.26715242281205,"myB1":2.927894148580692,"myB2":0.11457887229943564,"myB3":5.7705657390573695,"simA1":2.91122147580609,"simA2":2.93499771505594,"simA3":1.23898578574881,"simB1":4.70522804185748,"simB2":0.172186829149723,"simB3":9.04782252851874}