{"ppntid":3,"Bweight":2.5108752144226942,"mychoice":3,"myA1":1.5367621920829966,"myA2":6.4851330087675745,"myA3":4.087382232844082,"myB1":6.116905214306723,"myB2":3.1685192415766883,"myB3":5.106210855642159,"simA1":2.55039691226557,"simA2":1.33218363858759,"simA3":1.95220165187493,"simB1":5.44961695093662,"simB2":1.80845108116046,"simB3":5.56226909160614}