{"ppntid":4,"Bweight":1.9894854844987253,"mychoice":3,"myA1":8.972824390404668,"myA2":8.293537934083759,"myA3":9.121427449939091,"myB1":3.0047106117860833,"myB2":1.605363280053027,"myB3":4.178969067467094,"simA1":3.67379971314222,"simA2":2.96635989332572,"simA3":2.25443732691929,"simB1":2.00263310456648,"simB2":4.88128123106435,"simB3":7.29017229517922}