{"ppntid":2,"Bweight":0.4745277185787422,"mychoice":2,"myA1":1.9754628865185175,"myA2":7.582725055223261,"myA3":5.697369341852292,"myB1":1.434391266594719,"myB2":7.952461402666309,"myB3":9.831342300183097,"simA1":2.37154772970825,"simA2":7.2398704639636,"simA3":9.46149006485939,"simB1":4.32796909473836,"simB2":2.97014408512041,"simB3":5.05007167113945}