{"ppntid":5,"Bweight":3.6067983225594427,"mychoice":2,"myA1":7.430631630434455,"myA2":9.35493827589573,"myA3":0.9746582876047571,"myB1":6.354622115395316,"myB2":8.66800702457641,"myB3":2.919911674498661,"simA1":7.49075360363349,"simA2":8.34970372263342,"simA3":0.681783282198012,"simB1":5.88041773764417,"simB2":7.52243234310299,"simB3":3.17027122946456}