{"ppntid":6,"Bweight":0.10427525684037486,"mychoice":2,"myA1":4.382105933932976,"myA2":7.837135161948363,"myA3":4.6307598359092905,"myB1":4.953377943536344,"myB2":9.2520699181303,"myB3":3.574745518610203,"simA1":3.63090072991326,"simA2":9.16425657225773,"simA3":5.10237921960652,"simB1":5.38326209876686,"simB2":3.32310018828139,"simB3":2.30925092939287}