{"ppntid":6,"Bweight":1.979934064876433,"mychoice":2,"myA1":5.712536691645038,"myA2":9.201506315612498,"myA3":5.112341759772317,"myB1":2.8919483237617993,"myB2":8.567161897426171,"myB3":4.024838932735097,"simA1":3.71603635838255,"simA2":9.79696976253763,"simA3":5.12477620737627,"simB1":7.65577855985612,"simB2":4.01422860566527,"simB3":8.65366162965074}