{"ppntid":0,"Bweight":1.6177157372740303,"mychoice":2,"myA1":3.3041828617221025,"myA2":8.798631391875482,"myA3":5.169232236175616,"myB1":6.1414469766568125,"myB2":7.837064562353049,"myB3":4.515327366855528,"simA1":3.71603635838255,"simA2":9.79696976253763,"simA3":5.12477620737627,"simB1":7.65577855985612,"simB2":4.01422860566527,"simB3":8.65366162965074}