{"ppntid":8,"Bweight":1.5470163544136728,"mychoice":1,"myA1":2.229784998079567,"myA2":4.45598696092625,"myA3":3.592659844969288,"myB1":8.32001114261133,"myB2":5.388682071225568,"myB3":5.11381475516149,"simA1":2.91122147580609,"simA2":2.93499771505594,"simA3":1.23898578574881,"simB1":4.70522804185748,"simB2":0.172186829149723,"simB3":9.04782252851874}