{"ppntid":4,"Bweight":2.6833874164491256,"mychoice":3,"myA1":4.8448079654506415,"myA2":4.564834380688296,"myA3":5.62651159494806,"myB1":0.7700297890812458,"myB2":3.3442626144514165,"myB3":3.114220079786141,"simA1":4.32029129238799,"simA2":1.53823893284425,"simA3":3.49515116773546,"simB1":1.77112437551841,"simB2":9.71220241626725,"simB3":8.82223333464935}