{"ppntid":6,"Bweight":1.9494074578953957,"mychoice":3,"myA1":1.9567025680043049,"myA2":3.6581649483303513,"myA3":4.609826534232266,"myB1":8.228320559299323,"myB2":4.976024029291777,"myB3":7.6547435534612385,"simA1":4.32029129238799,"simA2":1.53823893284425,"simA3":3.49515116773546,"simB1":1.77112437551841,"simB2":9.71220241626725,"simB3":8.82223333464935}