{"ppntid":7,"Bweight":2.4356046474723048,"mychoice":2,"myA1":7.326866016781772,"myA2":5.70565899821903,"myA3":6.031286458842486,"myB1":3.116021367524522,"myB2":6.101559524636038,"myB3":5.500449550261379,"simA1":4.32029129238799,"simA2":1.53823893284425,"simA3":3.49515116773546,"simB1":1.77112437551841,"simB2":9.71220241626725,"simB3":8.82223333464935}