{"ppntid":1,"Bweight":0.012779896386270195,"mychoice":2,"myA1":3.6101656488499834,"myA2":9.230327847932802,"myA3":5.266198685917529,"myB1":1.3532509582119734,"myB2":4.78889116180008,"myB3":1.5624057063100172,"simA1":3.63090072991326,"simA2":9.16425657225773,"simA3":5.10237921960652,"simB1":5.38326209876686,"simB2":3.32310018828139,"simB3":2.30925092939287}