{"ppntid":5,"Bweight":4.321268846806805,"mychoice":3,"myA1":1.5693005463415965,"myA2":0.49765338120476565,"myA3":1.3782229832848558,"myB1":5.400409719665584,"myB2":7.05839941175438,"myB3":6.856141671497051,"simA1":4.32029129238799,"simA2":1.53823893284425,"simA3":3.49515116773546,"simB1":1.77112437551841,"simB2":9.71220241626725,"simB3":8.82223333464935}