{"ppntid":4,"Bweight":2.688217126159149,"mychoice":3,"myA1":4.079674092207394,"myA2":3.60697889652279,"myA3":3.2192254400741405,"myB1":4.482516750096632,"myB2":3.8477796380533102,"myB3":5.324941094540881,"simA1":2.91122147580609,"simA2":2.93499771505594,"simA3":1.23898578574881,"simB1":4.70522804185748,"simB2":0.172186829149723,"simB3":9.04782252851874}