{"ppntid":4,"Bweight":0.7794330894924817,"mychoice":2,"myA1":6.841556998794934,"myA2":5.398178986489002,"myA3":4.475999400726705,"myB1":3.693595889759407,"myB2":6.2918206855375525,"myB3":5.005772177438319,"simA1":3.67379971314222,"simA2":2.96635989332572,"simA3":2.25443732691929,"simB1":2.00263310456648,"simB2":4.88128123106435,"simB3":7.29017229517922}