{"ppntid":9,"Bweight":4.736271646904258,"mychoice":2,"myA1":0.8516584704599128,"myA2":0.2702912782771749,"myA3":2.9468140586861002,"myB1":3.546456081834206,"myB2":6.052976574902593,"myB3":5.287697401501196,"simA1":3.67379971314222,"simA2":2.96635989332572,"simA3":2.25443732691929,"simB1":2.00263310456648,"simB2":4.88128123106435,"simB3":7.29017229517922}