{"ppntid":4,"Bweight":0.13085729482818942,"mychoice":3,"myA1":6.523888239948768,"myA2":8.575865724331702,"myA3":9.996707011769391,"myB1":0.7044592173131914,"myB2":0.16075431727403888,"myB3":4.575634658427621,"simA1":4.51467339182273,"simA2":5.48836145317182,"simA3":8.37309282738715,"simB1":5.08784332778305,"simB2":2.23295776639134,"simB3":0.359112627338618}