{"ppntid":7,"Bweight":1.0328220401948762,"mychoice":3,"myA1":2.3444192628288296,"myA2":4.936696260620323,"myA3":5.793007970820982,"myB1":0.5448975476406015,"myB2":3.6121205503235654,"myB3":6.208756803586444,"simA1":2.37154772970825,"simA2":7.2398704639636,"simA3":9.46149006485939,"simB1":4.32796909473836,"simB2":2.97014408512041,"simB3":5.05007167113945}