{"ppntid":4,"Bweight":3.250813768529177,"mychoice":3,"myA1":8.128214059516843,"myA2":6.78450985155756,"myA3":9.679251152831883,"myB1":3.272360036054769,"myB2":2.70491879720246,"myB3":3.3544403384141708,"simA1":2.91122147580609,"simA2":2.93499771505594,"simA3":1.23898578574881,"simB1":4.70522804185748,"simB2":0.172186829149723,"simB3":9.04782252851874}