{"ppntid":5,"Bweight":4.440069034092142,"mychoice":2,"myA1":3.4034675274737958,"myA2":8.9731296746366,"myA3":8.305342333409397,"myB1":3.5210383445674687,"myB2":9.69570584427932,"myB3":6.697678693919111,"simA1":2.37154772970825,"simA2":7.2398704639636,"simA3":9.46149006485939,"simB1":4.32796909473836,"simB2":2.97014408512041,"simB3":5.05007167113945}