{"ppntid":3,"Bweight":0.8200430481295173,"mychoice":2,"myA1":3.9182467928676235,"myA2":7.797381368185645,"myA3":6.467577931436763,"myB1":1.3609997228250625,"myB2":5.872447754644201,"myB3":6.984627962555132,"simA1":4.80207568733022,"simA2":9.74695997312665,"simA3":7.12853846373037,"simB1":1.80112784495577,"simB2":1.52530480641872,"simB3":4.3367622490041}