{"ppntid":9,"Bweight":0.5209093734912806,"mychoice":1,"myA1":2.351497438333172,"myA2":2.1909389387735145,"myA3":0.8021285232368203,"myB1":8.798306843154231,"myB2":6.279500213766617,"myB3":3.788252360669102,"simA1":4.54180638305843,"simA2":2.16205808101222,"simA3":0.625319329556078,"simB1":5.18409546697512,"simB2":2.58191620465368,"simB3":3.6804819596}