{"ppntid":0,"Bweight":4.630764607229202,"mychoice":2,"myA1":3.5708501463880005,"myA2":8.157200523934566,"myA3":1.9565511609025155,"myB1":3.8346764539139633,"myB2":9.261859524045617,"myB3":1.6128607459518762,"simA1":3.63090072991326,"simA2":9.16425657225773,"simA3":5.10237921960652,"simB1":5.38326209876686,"simB2":3.32310018828139,"simB3":2.30925092939287}