{"ppntid":7,"Bweight":3.9906253932751525,"mychoice":2,"myA1":4.318061147049496,"myA2":5.164600079470995,"myA3":2.8564646426900464,"myB1":3.8744245612370776,"myB2":4.624071865716923,"myB3":1.6767402767558615,"simA1":3.17165492102504,"simA2":2.90712584508583,"simA3":0.226559836883098,"simB1":2.72369736107066,"simB2":7.31084587983787,"simB3":0.611501156818122}