{"ppntid":9,"Bweight":1.4923566331492266,"mychoice":1,"myA1":9.126268922585052,"myA2":6.403644251446272,"myA3":7.4138610675791305,"myB1":7.008645725570184,"myB2":4.616996433623539,"myB3":6.007288320641944,"simA1":4.4292361382395,"simA2":5.33951839897782,"simA3":4.67120578279719,"simB1":8.93315338063985,"simB2":6.53978186193854,"simB3":9.20320985140279}