{"ppntid":8,"Bweight":0.040080957262207395,"mychoice":2,"myA1":5.0747685670731,"myA2":9.054529300211021,"myA3":7.4511558029149505,"myB1":1.5444498374437488,"myB2":5.967101921027997,"myB3":4.252308933366164,"simA1":4.80207568733022,"simA2":9.74695997312665,"simA3":7.12853846373037,"simB1":1.80112784495577,"simB2":1.52530480641872,"simB3":4.3367622490041}