{"ppntid":1,"Bweight":4.42189364591112,"mychoice":3,"myA1":2.4820675245144685,"myA2":4.337466801165448,"myA3":6.500360290274044,"myB1":4.926261731518357,"myB2":3.934293040626966,"myB3":6.370905887432534,"simA1":4.51467339182273,"simA2":5.48836145317182,"simA3":8.37309282738715,"simB1":5.08784332778305,"simB2":2.23295776639134,"simB3":0.359112627338618}