{"ppntid":9,"Bweight":2.735076813051578,"mychoice":3,"myA1":2.573305833103412,"myA2":2.0226558403916606,"myA3":0.0007806110441466174,"myB1":6.374112779415915,"myB2":8.121632255040172,"myB3":9.151084317182764,"simA1":4.32029129238799,"simA2":1.53823893284425,"simA3":3.49515116773546,"simB1":1.77112437551841,"simB2":9.71220241626725,"simB3":8.82223333464935}