{"ppntid":8,"Bweight":0.07944658779376113,"mychoice":1,"myA1":1.4265358628844371,"myA2":0.9236393942973242,"myA3":0.3683603353270959,"myB1":0.5607902357231676,"myB2":0.14876038690696314,"myB3":2.6785253905093787,"simA1":2.91122147580609,"simA2":2.93499771505594,"simA3":1.23898578574881,"simB1":4.70522804185748,"simB2":0.172186829149723,"simB3":9.04782252851874}