{"ppntid":8,"Bweight":0.08399882554100291,"mychoice":2,"myA1":4.590384144706765,"myA2":8.673675435120867,"myA3":6.04845513584217,"myB1":2.5058686355995663,"myB2":6.786594944207696,"myB3":6.825956497098096,"simA1":4.80207568733022,"simA2":9.74695997312665,"simA3":7.12853846373037,"simB1":1.80112784495577,"simB2":1.52530480641872,"simB3":4.3367622490041}