{"ppntid":1,"Bweight":2.0971963575502928,"mychoice":2,"myA1":3.9840360410080145,"myA2":4.550827874338392,"myA3":6.290228744566411,"myB1":4.373188459417808,"myB2":5.755643208408355,"myB3":3.592659844969288,"simA1":4.32029129238799,"simA2":1.53823893284425,"simA3":3.49515116773546,"simB1":1.77112437551841,"simB2":9.71220241626725,"simB3":8.82223333464935}