{"ppntid":4,"Bweight":4.850683623401437,"mychoice":2,"myA1":5.109771639044118,"myA2":7.300929559619416,"myA3":5.239577627699534,"myB1":3.4120268641322915,"myB2":5.826876878615527,"myB3":3.729743952677498,"simA1":2.42332010762766,"simA2":3.03216766100377,"simA3":0.630926417652518,"simB1":2.96833007829264,"simB2":7.55062303738669,"simB3":3.78760563675314}