{"ppntid":7,"Bweight":0.7850027146291838,"mychoice":2,"myA1":3.5708501463880005,"myA2":8.157200523934566,"myA3":1.9565511609025155,"myB1":3.4686270860673685,"myB2":9.180547569536106,"myB3":5.5656348021121005,"simA1":3.63090072991326,"simA2":9.16425657225773,"simA3":5.10237921960652,"simB1":5.38326209876686,"simB2":3.32310018828139,"simB3":2.30925092939287}