{"ppntid":7,"Bweight":1.103717731622168,"mychoice":3,"myA1":2.9312091700865173,"myA2":4.608719688770901,"myA3":6.556084942435829,"myB1":1.5492719924917209,"myB2":1.5973326487212591,"myB3":0.5892682782478698,"simA1":4.51467339182273,"simA2":5.48836145317182,"simA3":8.37309282738715,"simB1":5.08784332778305,"simB2":2.23295776639134,"simB3":0.359112627338618}