{"ppntid":8,"Bweight":0.03859476079840385,"mychoice":2,"myA1":5.528833665240535,"myA2":7.7326652185922455,"myA3":4.455464671981046,"myB1":8.225102922071834,"myB2":5.420368566880789,"myB3":4.585158858296321,"simA1":4.4292361382395,"simA2":5.33951839897782,"simA3":4.67120578279719,"simB1":8.93315338063985,"simB2":6.53978186193854,"simB3":9.20320985140279}