{"ppntid":5,"Bweight":2.010056552000515,"mychoice":2,"myA1":2.4022374878790242,"myA2":3.7662126854548172,"myA3":4.5536411548214195,"myB1":6.882209949718046,"myB2":8.478571226575621,"myB3":6.704411745256984,"simA1":4.32029129238799,"simA2":1.53823893284425,"simA3":3.49515116773546,"simB1":1.77112437551841,"simB2":9.71220241626725,"simB3":8.82223333464935}