{"ppntid":1,"Bweight":1.3001397626238476,"mychoice":1,"myA1":2.1162226360385805,"myA2":0.731612218639941,"myA3":0.938430434632811,"myB1":7.455799028142982,"myB2":5.407109716727446,"myB3":8.120177776507433,"simA1":2.91122147580609,"simA2":2.93499771505594,"simA3":1.23898578574881,"simB1":4.70522804185748,"simB2":0.172186829149723,"simB3":9.04782252851874}