{"ppntid":4,"Bweight":0.787183475208526,"mychoice":3,"myA1":1.6742304796210328,"myA2":0.8863274144104416,"myA3":9.966219387871952,"myB1":4.661844680730276,"myB2":1.818476100890587,"myB3":8.223214366365887,"simA1":0.765141036827117,"simA2":1.26688185613602,"simA3":4.58259324543178,"simB1":6.34286859771237,"simB2":3.13183395890519,"simB3":7.37623665714636}