{"ppntid":5,"Bweight":1.541361259495676,"mychoice":2,"myA1":2.6872592237407966,"myA2":7.634988357052077,"myA3":2.6988857200105265,"myB1":2.6965895816978214,"myB2":9.075073253425149,"myB3":5.467450620701708,"simA1":3.71603635838255,"simA2":9.79696976253763,"simA3":5.12477620737627,"simB1":7.65577855985612,"simB2":4.01422860566527,"simB3":8.65366162965074}