{"ppntid":2,"Bweight":1.1556096535770488,"mychoice":3,"myA1":0.9400261019623413,"myA2":1.5928928784939855,"myA3":3.7533045917269114,"myB1":8.007933269675505,"myB2":7.689835157688167,"myB3":6.940920800926165,"simA1":2.91122147580609,"simA2":2.93499771505594,"simA3":1.23898578574881,"simB1":4.70522804185748,"simB2":0.172186829149723,"simB3":9.04782252851874}