{"ppntid":3,"Bweight":0.0024324140194709187,"mychoice":3,"myA1":1.238110372714123,"myA2":3.693483539467728,"myA3":6.486885478849915,"myB1":1.175002523940194,"myB2":3.327732691676304,"myB3":4.407329222965586,"simA1":4.51467339182273,"simA2":5.48836145317182,"simA3":8.37309282738715,"simB1":5.08784332778305,"simB2":2.23295776639134,"simB3":0.359112627338618}