{"ppntid":8,"Bweight":3.109470140104867,"mychoice":2,"myA1":4.2961312410815955,"myA2":7.837135161948363,"myA3":4.6307598359092905,"myB1":6.101789015860222,"myB2":9.86934100593727,"myB3":6.373744039439866,"simA1":3.71603635838255,"simA2":9.79696976253763,"simA3":5.12477620737627,"simB1":7.65577855985612,"simB2":4.01422860566527,"simB3":8.65366162965074}