{"ppntid":9,"Bweight":1.9467370775909831,"mychoice":1,"myA1":2.4434419221089265,"myA2":4.956179951820934,"myA3":7.695056120673152,"myB1":5.830222374155607,"myB2":4.169981176568125,"myB3":0.06375241440899515,"simA1":4.51467339182273,"simA2":5.48836145317182,"simA3":8.37309282738715,"simB1":5.08784332778305,"simB2":2.23295776639134,"simB3":0.359112627338618}