{"ppntid":5,"Bweight":2.681770292821093,"mychoice":1,"myA1":6.921475911617387,"myA2":7.814094429973364,"myA3":1.5914866656640925,"myB1":8.74190154326553,"myB2":6.302294271353337,"myB3":3.1600851748881076,"simA1":7.49075360363349,"simA2":8.34970372263342,"simA3":0.681783282198012,"simB1":5.88041773764417,"simB2":7.52243234310299,"simB3":3.17027122946456}