{"ppntid":9,"Bweight":3.523397529431287,"mychoice":3,"myA1":1.8880272934098796,"myA2":3.7714130693998715,"myA3":2.583592959239085,"myB1":5.616558403686911,"myB2":6.98316593844125,"myB3":8.024262402111841,"simA1":6.42703449586406,"simA2":5.70645416853949,"simA3":7.91313496185467,"simB1":1.76812876947224,"simB2":3.26391996350139,"simB3":9.63438343955204}