{"ppntid":4,"Bweight":4.011290206621547,"mychoice":2,"myA1":1.97209024133155,"myA2":2.1788005901555274,"myA3":4.187745312310927,"myB1":6.8235897870190705,"myB2":8.169114281894448,"myB3":4.430438094854862,"simA1":4.32029129238799,"simA2":1.53823893284425,"simA3":3.49515116773546,"simB1":1.77112437551841,"simB2":9.71220241626725,"simB3":8.82223333464935}