{"ppntid":2,"Bweight":4.695549433547027,"mychoice":1,"myA1":4.43721246900383,"myA2":7.05839941175438,"myA3":6.856141671497051,"myB1":9.294124674603063,"myB2":7.387933824255921,"myB3":7.100393439508594,"simA1":4.4292361382395,"simA2":5.33951839897782,"simA3":4.67120578279719,"simB1":8.93315338063985,"simB2":6.53978186193854,"simB3":9.20320985140279}