{"ppntid":3,"Bweight":2.1702947739027554,"mychoice":2,"myA1":0.16352688319040798,"myA2":4.544738887818854,"myA3":6.931227935347579,"myB1":3.3591234430635097,"myB2":7.6710347091971265,"myB3":5.167902298495353,"simA1":2.37154772970825,"simA2":7.2398704639636,"simA3":9.46149006485939,"simB1":4.32796909473836,"simB2":2.97014408512041,"simB3":5.05007167113945}