{"ppntid":7,"Bweight":4.358040231716264,"mychoice":2,"myA1":0.9643752189809618,"myA2":3.306579019471594,"myA3":3.9064405030252125,"myB1":5.554773148231038,"myB2":6.402554955994475,"myB3":4.569581578107567,"simA1":4.32029129238799,"simA2":1.53823893284425,"simA3":3.49515116773546,"simB1":1.77112437551841,"simB2":9.71220241626725,"simB3":8.82223333464935}