{"ppntid":5,"Bweight":2.630322053325501,"mychoice":2,"myA1":1.2655892489570642,"myA2":4.678504138817288,"myA3":1.9735686102899797,"myB1":4.072851662790189,"myB2":7.76118352411729,"myB3":6.772260628046247,"simA1":4.80207568733022,"simA2":9.74695997312665,"simA3":7.12853846373037,"simB1":1.80112784495577,"simB2":1.52530480641872,"simB3":4.3367622490041}