{"ppntid":4,"Bweight":1.5127477158380909,"mychoice":2,"myA1":9.82048524089954,"myA2":8.805942238346487,"myA3":9.5264417239161,"myB1":1.8688855085599676,"myB2":3.302333598417493,"myB3":1.2615246263686264,"simA1":4.32029129238799,"simA2":1.53823893284425,"simA3":3.49515116773546,"simB1":1.77112437551841,"simB2":9.71220241626725,"simB3":8.82223333464935}