{"ppntid":6,"Bweight":4.939594031447118,"mychoice":2,"myA1":0.1501488163574738,"myA2":6.500878069238447,"myA3":1.7150840969422676,"myB1":5.805211380250457,"myB2":9.54454266598349,"myB3":3.8802806339614437,"simA1":3.63090072991326,"simA2":9.16425657225773,"simA3":5.10237921960652,"simB1":5.38326209876686,"simB2":3.32310018828139,"simB3":2.30925092939287}