{"ppntid":2,"Bweight":0.6751693105049683,"mychoice":2,"myA1":0.32988713628260946,"myA2":5.421053908621623,"myA3":1.7490792982513015,"myB1":5.767078104782259,"myB2":9.891038048015028,"myB3":3.8999814319529835,"simA1":0.195899927057326,"simA2":4.98272687429562,"simA3":0.87622441817075,"simB1":1.18261997355148,"simB2":2.5177992740646,"simB3":7.13118431391194}