{"ppntid":2,"Bweight":1.1913589034016292,"mychoice":2,"myA1":1.9924420672308152,"myA2":6.383249055611156,"myA3":2.171290459834061,"myB1":3.7443759632645035,"myB2":7.355665583676516,"myB3":6.716559432621381,"simA1":3.71603635838255,"simA2":9.79696976253763,"simA3":5.12477620737627,"simB1":7.65577855985612,"simB2":4.01422860566527,"simB3":8.65366162965074}