{"ppntid":8,"Bweight":0.44283324750840514,"mychoice":3,"myA1":0.026249317973303654,"myA2":8.47682228969253,"myA3":8.542283343493356,"myB1":9.512640294462415,"myB2":4.284700659367411,"myB3":6.150771748406132,"simA1":8.85337949730456,"simA2":3.42958739725873,"simA3":3.85683926055208,"simB1":5.34130225656554,"simB2":1.97592205833644,"simB3":4.42636803491041}