{"ppntid":2,"Bweight":1.9972325336162633,"mychoice":1,"myA1":6.675384127654995,"myA2":5.125511606055017,"myA3":2.5777135038050925,"myB1":5.100037095849146,"myB2":4.509253236418691,"myB3":3.675294390478512,"simA1":2.91122147580609,"simA2":2.93499771505594,"simA3":1.23898578574881,"simB1":4.70522804185748,"simB2":0.172186829149723,"simB3":9.04782252851874}