{"ppntid":7,"Bweight":2.014101548937589,"mychoice":3,"myA1":1.9006333076256454,"myA2":0.11631866696526716,"myA3":6.162163139961743,"myB1":1.1413032971738502,"myB2":2.358383880272863,"myB3":5.943965776049566,"simA1":0.765141036827117,"simA2":1.26688185613602,"simA3":4.58259324543178,"simB1":6.34286859771237,"simB2":3.13183395890519,"simB3":7.37623665714636}