{"ppntid":8,"Bweight":1.0723645677089988,"mychoice":2,"myA1":2.4912807745185694,"myA2":9.059600763877588,"myA3":5.38333717435801,"myB1":1.3963348304519063,"myB2":5.650349728508058,"myB3":1.3538734969434607,"simA1":3.63090072991326,"simA2":9.16425657225773,"simA3":5.10237921960652,"simB1":5.38326209876686,"simB2":3.32310018828139,"simB3":2.30925092939287}