{"ppntid":0,"Bweight":2.2769269551149707,"mychoice":3,"myA1":4.4731512898599,"myA2":3.5489592216340915,"myA3":2.3295497923571062,"myB1":1.7998068289920388,"myB2":2.079285044405781,"myB3":4.072157138792429,"simA1":2.91122147580609,"simA2":2.93499771505594,"simA3":1.23898578574881,"simB1":4.70522804185748,"simB2":0.172186829149723,"simB3":9.04782252851874}