{"ppntid":5,"Bweight":1.6025682099491667,"mychoice":1,"myA1":7.4649806555168885,"myA2":4.8548459650888525,"myA3":5.343463735363187,"myB1":0.8363976227932968,"myB2":1.8014387753669903,"myB3":2.0679594698698645,"simA1":2.91122147580609,"simA2":2.93499771505594,"simA3":1.23898578574881,"simB1":4.70522804185748,"simB2":0.172186829149723,"simB3":9.04782252851874}