{"ppntid":7,"Bweight":0.8794824341612584,"mychoice":2,"myA1":1.395153592773637,"myA2":2.0111676117992783,"myA3":1.1520625981381283,"myB1":5.381932940699712,"myB2":6.487292989283495,"myB3":4.695882269028065,"simA1":2.91122147580609,"simA2":2.93499771505594,"simA3":1.23898578574881,"simB1":4.70522804185748,"simB2":0.172186829149723,"simB3":9.04782252851874}