{"ppntid":5,"Bweight":0.8149319686791334,"mychoice":3,"myA1":2.9747286740001533,"myA2":8.402584425000114,"myA3":9.712830347429867,"myB1":0.6494770143158712,"myB2":4.151055197267515,"myB3":5.30739899123753,"simA1":2.37154772970825,"simA2":7.2398704639636,"simA3":9.46149006485939,"simB1":4.32796909473836,"simB2":2.97014408512041,"simB3":5.05007167113945}