{"ppntid":7,"Bweight":0.7952519226843635,"mychoice":1,"myA1":7.744532863113321,"myA2":6.5230130673736415,"myA3":4.824922980376463,"myB1":4.047811327037909,"myB2":0.13434580224792825,"myB3":2.5199421801481936,"simA1":2.91122147580609,"simA2":2.93499771505594,"simA3":1.23898578574881,"simB1":4.70522804185748,"simB2":0.172186829149723,"simB3":9.04782252851874}