{"ppntid":4,"Bweight":2.506581753824222,"mychoice":3,"myA1":4.926204776946745,"myA2":2.066406868252062,"myA3":7.593247895588102,"myB1":5.054450925823617,"myB2":1.4695579713423301,"myB3":4.449021430600317,"simA1":2.91122147580609,"simA2":2.93499771505594,"simA3":1.23898578574881,"simB1":4.70522804185748,"simB2":0.172186829149723,"simB3":9.04782252851874}