{"ppntid":2,"Bweight":0.7506212053370676,"mychoice":1,"myA1":6.916407337151402,"myA2":4.312047186259522,"myA3":4.898774415272376,"myB1":3.4616390848614897,"myB2":5.08594869609309,"myB3":5.991255374217264,"simA1":2.91122147580609,"simA2":2.93499771505594,"simA3":1.23898578574881,"simB1":4.70522804185748,"simB2":0.172186829149723,"simB3":9.04782252851874}