{"ppntid":3,"Bweight":0.18446983332409905,"mychoice":1,"myA1":7.168192717397068,"myA2":4.507386538269409,"myA3":2.333058597419153,"myB1":2.0101011839501037,"myB2":0.8202733086261382,"myB3":0.4179715456262012,"simA1":4.32029129238799,"simA2":1.53823893284425,"simA3":3.49515116773546,"simB1":1.77112437551841,"simB2":9.71220241626725,"simB3":8.82223333464935}