{"ppntid":6,"Bweight":4.407657022829001,"mychoice":3,"myA1":3.8390268190305687,"myA2":2.8752342330025593,"myA3":8.954645723586331,"myB1":3.8296073083267723,"myB2":2.801732412554452,"myB3":8.176671567506343,"simA1":0.765141036827117,"simA2":1.26688185613602,"simA3":4.58259324543178,"simB1":6.34286859771237,"simB2":3.13183395890519,"simB3":7.37623665714636}