{"ppntid":7,"Bweight":3.5636548201582032,"mychoice":1,"myA1":0.5607902357231676,"myA2":0.14876038690696314,"myA3":2.6785253905093787,"myB1":8.256826785057925,"myB2":7.380455860288011,"myB3":4.871599190009331,"simA1":3.67379971314222,"simA2":2.96635989332572,"simA3":2.25443732691929,"simB1":2.00263310456648,"simB2":4.88128123106435,"simB3":7.29017229517922}