{"ppntid":9,"Bweight":2.928374346576146,"mychoice":2,"myA1":1.0464618541815707,"myA2":4.078261190697344,"myA3":3.6780379539665,"myB1":2.4246894895895243,"myB2":5.9739134500161555,"myB3":5.261204777431363,"simA1":4.80207568733022,"simA2":9.74695997312665,"simA3":7.12853846373037,"simB1":1.80112784495577,"simB2":1.52530480641872,"simB3":4.3367622490041}