{"ppntid":0,"Bweight":0.8763516602384236,"mychoice":2,"myA1":0.8896569964881551,"myA2":3.3052396609226387,"myA3":1.5215100011289429,"myB1":9.542838920274967,"myB2":8.121632255040172,"myB3":8.51841880995323,"simA1":4.32029129238799,"simA2":1.53823893284425,"simA3":3.49515116773546,"simB1":1.77112437551841,"simB2":9.71220241626725,"simB3":8.82223333464935}