{"ppntid":9,"Bweight":2.2513067611786353,"mychoice":3,"myA1":6.786874119083974,"myA2":8.100800992353825,"myA3":6.421458076487479,"myB1":2.5099030464878735,"myB2":2.544735930149431,"myB3":5.191932342900925,"simA1":4.32029129238799,"simA2":1.53823893284425,"simA3":3.49515116773546,"simB1":1.77112437551841,"simB2":9.71220241626725,"simB3":8.82223333464935}