{"ppntid":4,"Bweight":0.40368986128419104,"mychoice":3,"myA1":0.4537802219627407,"myA2":4.256298768559505,"myA3":5.78509167361516,"myB1":3.5182659496713065,"myB2":6.733490483128978,"myB3":8.419284164151428,"simA1":2.37154772970825,"simA2":7.2398704639636,"simA3":9.46149006485939,"simB1":4.32796909473836,"simB2":2.97014408512041,"simB3":5.05007167113945}