{"ppntid":4,"Bweight":1.5076442515321897,"mychoice":2,"myA1":1.1625228690327871,"myA2":8.523796639885703,"myA3":7.2499113641343715,"myB1":3.907909780201142,"myB2":7.9669325466562135,"myB3":7.824149712657964,"simA1":2.37154772970825,"simA2":7.2398704639636,"simA3":9.46149006485939,"simB1":4.32796909473836,"simB2":2.97014408512041,"simB3":5.05007167113945}