{"ppntid":2,"Bweight":0.2719975863396351,"mychoice":2,"myA1":2.3115018086881434,"myA2":3.1456303218741577,"myA3":0.8578116845079253,"myB1":6.74551784170534,"myB2":9.807353894300926,"myB3":7.36175341546806,"simA1":4.32029129238799,"simA2":1.53823893284425,"simA3":3.49515116773546,"simB1":1.77112437551841,"simB2":9.71220241626725,"simB3":8.82223333464935}