{"ppntid":9,"Bweight":3.7228521329976596,"mychoice":1,"myA1":4.329106432556462,"myA2":1.4598720444168856,"myA3":1.5645202597733832,"myB1":8.256826785057925,"myB2":5.397843411047603,"myB3":4.787760043372762,"simA1":4.54180638305843,"simA2":2.16205808101222,"simA3":0.625319329556078,"simB1":5.18409546697512,"simB2":2.58191620465368,"simB3":3.6804819596}