{"ppntid":7,"Bweight":3.9330816401439836,"mychoice":2,"myA1":0.15322054640113159,"myA2":5.096935175865093,"myA3":3.1108685251133106,"myB1":2.8942556004109687,"myB2":8.395203935579927,"myB3":5.8802568285425565,"simA1":4.80207568733022,"simA2":9.74695997312665,"simA3":7.12853846373037,"simB1":1.80112784495577,"simB2":1.52530480641872,"simB3":4.3367622490041}