{"ppntid":6,"Bweight":0.9382848474338101,"mychoice":3,"myA1":5.167501888884633,"myA2":2.093987259599468,"myA3":8.871943716035117,"myB1":7.4233259743126485,"myB2":2.6294934336366893,"myB3":5.950522741199144,"simA1":4.7013964317739,"simA2":1.5995579212904,"simA3":9.40290921367705,"simB1":2.04010848188773,"simB2":9.24196011386812,"simB3":3.83662213338539}