{"ppntid":1,"Bweight":3.8370623416586858,"mychoice":3,"myA1":6.28777308057916,"myA2":7.643280227967377,"myA3":8.111236443697447,"myB1":5.843784772249911,"myB2":4.765439918427486,"myB3":5.537273014531836,"simA1":4.32029129238799,"simA2":1.53823893284425,"simA3":3.49515116773546,"simB1":1.77112437551841,"simB2":9.71220241626725,"simB3":8.82223333464935}