{"ppntid":0,"Bweight":1.258190705588489,"mychoice":2,"myA1":4.666301779050812,"myA2":8.877424615023353,"myA3":6.539174721152891,"myB1":3.0851597146859167,"myB2":7.114838216472914,"myB3":5.669302868918448,"simA1":4.80207568733022,"simA2":9.74695997312665,"simA3":7.12853846373037,"simB1":1.80112784495577,"simB2":1.52530480641872,"simB3":4.3367622490041}