{"ppntid":2,"Bweight":0.3805308608679381,"mychoice":1,"myA1":7.734056447860844,"myA2":5.426737576582035,"myA3":5.6300863310715865,"myB1":8.051704392952244,"myB2":9.559130644660385,"myB3":9.209158601251135,"simA1":6.42703449586406,"simA2":5.70645416853949,"simA3":7.91313496185467,"simB1":1.76812876947224,"simB2":3.26391996350139,"simB3":9.63438343955204}