{"ppntid":9,"Bweight":0.8161903114094526,"mychoice":1,"myA1":5.604706701100461,"myA2":2.8470172282513406,"myA3":3.47404450687129,"myB1":0.48068518064069643,"myB2":0.8606408714583469,"myB3":2.749365270398072,"simA1":2.91122147580609,"simA2":2.93499771505594,"simA3":1.23898578574881,"simB1":4.70522804185748,"simB2":0.172186829149723,"simB3":9.04782252851874}