{"ppntid":6,"Bweight":4.618141997355151,"mychoice":2,"myA1":1.4795591073078196,"myA2":5.3876077264579685,"myA3":7.642814227122281,"myB1":0.9777905930504205,"myB2":8.858435396470245,"myB3":4.953428109143784,"simA1":4.7013964317739,"simA2":1.5995579212904,"simA3":9.40290921367705,"simB1":2.04010848188773,"simB2":9.24196011386812,"simB3":3.83662213338539}