{"ppntid":4,"Bweight":3.792023785102885,"mychoice":1,"myA1":5.509257199678254,"myA2":3.9964679356652555,"myA3":8.369258601175051,"myB1":4.152608285073692,"myB2":1.1978218409724506,"myB3":2.133845155455636,"simA1":2.91122147580609,"simA2":2.93499771505594,"simA3":1.23898578574881,"simB1":4.70522804185748,"simB2":0.172186829149723,"simB3":9.04782252851874}