{"ppntid":8,"Bweight":1.4106856538714008,"mychoice":2,"myA1":4.392592391453416,"myA2":7.766303317763454,"myA3":5.267369446586365,"myB1":4.511153880160497,"myB2":7.986753579171855,"myB3":5.661335859148842,"simA1":4.80207568733022,"simA2":9.74695997312665,"simA3":7.12853846373037,"simB1":1.80112784495577,"simB2":1.52530480641872,"simB3":4.3367622490041}