{"ppntid":1,"Bweight":0.46354233821487845,"mychoice":3,"myA1":5.114537241611767,"myA2":1.1292419189120428,"myA3":8.986938038033443,"myB1":5.114005744379472,"myB2":1.6368886844915176,"myB3":8.635217123183175,"simA1":4.7013964317739,"simA2":1.5995579212904,"simA3":9.40290921367705,"simB1":2.04010848188773,"simB2":9.24196011386812,"simB3":3.83662213338539}