{"ppntid":2,"Bweight":0.1316996707765805,"mychoice":1,"myA1":3.2601829446634945,"myA2":3.047592285126106,"myA3":2.7170833504545966,"myB1":6.235883878526682,"myB2":3.0913263319710516,"myB3":2.926863197317926,"simA1":4.54180638305843,"simA2":2.16205808101222,"simA3":0.625319329556078,"simB1":5.18409546697512,"simB2":2.58191620465368,"simB3":3.6804819596}