{"ppntid":9,"Bweight":2.509576899694924,"mychoice":3,"myA1":1.4817900013616958,"myA2":0.7762724524612086,"myA3":9.575214419256394,"myB1":4.7462996297122695,"myB2":4.376102164283697,"myB3":8.5924721672785,"simA1":2.96013603452593,"simA2":0.620652548968792,"simA3":8.72101176530123,"simB1":3.37059060111642,"simB2":3.99953549727798,"simB3":3.24040857842192}