{"ppntid":5,"Bweight":2.3667486386888625,"mychoice":3,"myA1":1.3303550923414043,"myA2":3.6441420185007267,"myA3":7.435951744855213,"myB1":4.435248014676681,"myB2":1.8814190321489277,"myB3":7.609252536042264,"simA1":0.765141036827117,"simA2":1.26688185613602,"simA3":4.58259324543178,"simB1":6.34286859771237,"simB2":3.13183395890519,"simB3":7.37623665714636}