{"ppntid":2,"Bweight":3.617924261316272,"mychoice":2,"myA1":2.9142842036808725,"myA2":9.506353458798774,"myA3":6.3113472780015805,"myB1":5.227627396061196,"myB2":8.29557981963222,"myB3":7.334692956655051,"simA1":3.71603635838255,"simA2":9.79696976253763,"simA3":5.12477620737627,"simB1":7.65577855985612,"simB2":4.01422860566527,"simB3":8.65366162965074}