{"ppntid":8,"Bweight":0.3761321550949004,"mychoice":3,"myA1":4.979217112552073,"myA2":5.4039984746924326,"myA3":8.023833394593336,"myB1":4.798906270607266,"myB2":9.39755170091507,"myB3":8.989403260288178,"simA1":2.37154772970825,"simA2":7.2398704639636,"simA3":9.46149006485939,"simB1":4.32796909473836,"simB2":2.97014408512041,"simB3":5.05007167113945}