{"ppntid":4,"Bweight":0.3088814888744973,"mychoice":1,"myA1":5.984876943885508,"myA2":6.012501455527815,"myA3":4.2787571324297975,"myB1":8.494608952748013,"myB2":5.70565899821903,"myB3":7.070775428335421,"simA1":4.32029129238799,"simA2":1.53823893284425,"simA3":3.49515116773546,"simB1":1.77112437551841,"simB2":9.71220241626725,"simB3":8.82223333464935}