{"ppntid":4,"Bweight":1.2157719307785153,"mychoice":1,"myA1":3.946428750771165,"myA2":5.268834123314628,"myA3":4.262317018085547,"myB1":5.058063237729595,"myB2":2.914587917072704,"myB3":3.104346762117338,"simA1":2.91122147580609,"simA2":2.93499771505594,"simA3":1.23898578574881,"simB1":4.70522804185748,"simB2":0.172186829149723,"simB3":9.04782252851874}