{"ppntid":9,"Bweight":3.2106600808947094,"mychoice":3,"myA1":8.44074254964494,"myA2":8.134783581992783,"myA3":6.5381276471196585,"myB1":1.7998068289920388,"myB2":3.81730037708919,"myB3":4.67926331610588,"simA1":3.67379971314222,"simA2":2.96635989332572,"simA3":2.25443732691929,"simB1":2.00263310456648,"simB2":4.88128123106435,"simB3":7.29017229517922}