{"ppntid":1,"Bweight":0.9998211950034375,"mychoice":2,"myA1":3.6086072827845173,"myA2":4.060858868117165,"myA3":4.782289450234229,"myB1":2.0073553567288127,"myB2":6.753668914251394,"myB3":4.223970147688123,"simA1":2.91122147580609,"simA2":2.93499771505594,"simA3":1.23898578574881,"simB1":4.70522804185748,"simB2":0.172186829149723,"simB3":9.04782252851874}