{"ppntid":0,"Bweight":3.760376435018329,"mychoice":3,"myA1":1.646706696989193,"myA2":4.155887047381414,"myA3":4.937851484619591,"myB1":1.7143216236049552,"myB2":2.236014469210712,"myB3":4.901122026456752,"simA1":4.51467339182273,"simA2":5.48836145317182,"simA3":8.37309282738715,"simB1":5.08784332778305,"simB2":2.23295776639134,"simB3":0.359112627338618}