{"ppntid":1,"Bweight":1.2129658824573464,"mychoice":1,"myA1":7.972961523559681,"myA2":3.1693645283921623,"myA3":1.4376980031237152,"myB1":8.344758078110718,"myB2":1.8811548404353506,"myB3":3.7592960850308277,"simA1":6.59848347539082,"simA2":3.2037310814485,"simA3":1.20643929112703,"simB1":6.15231747506186,"simB2":8.22033943841234,"simB3":2.70335558336228}