{"ppntid":1,"Bweight":1.239076712906838,"mychoice":2,"myA1":1.3553580222007144,"myA2":7.273586956845821,"myA3":4.05642272950137,"myB1":5.832781145144352,"myB2":9.201506315612498,"myB3":5.785623592880089,"simA1":3.71603635838255,"simA2":9.79696976253763,"simA3":5.12477620737627,"simB1":7.65577855985612,"simB2":4.01422860566527,"simB3":8.65366162965074}