{"ppntid":0,"Bweight":1.5299035526773708,"mychoice":2,"myA1":4.848005229643608,"myA2":9.112667169436513,"myA3":6.711411974020683,"myB1":0.15322054640113159,"myB2":5.096935175865093,"myB3":3.1108685251133106,"simA1":4.80207568733022,"simA2":9.74695997312665,"simA3":7.12853846373037,"simB1":1.80112784495577,"simB2":1.52530480641872,"simB3":4.3367622490041}