{"ppntid":8,"Bweight":1.6906807529067558,"mychoice":3,"myA1":4.1513528802894495,"myA2":3.4233026010674905,"myA3":4.020479288135199,"myB1":7.225964508363994,"myB2":5.55556031923504,"myB3":9.390762247383108,"simA1":2.91122147580609,"simA2":2.93499771505594,"simA3":1.23898578574881,"simB1":4.70522804185748,"simB2":0.172186829149723,"simB3":9.04782252851874}