{"ppntid":5,"Bweight":3.0652701465630736,"mychoice":2,"myA1":5.894776611523483,"myA2":9.794486190188543,"myA3":8.259202462063262,"myB1":4.101766308271997,"myB2":8.961063583512088,"myB3":5.795783209344387,"simA1":3.71603635838255,"simA2":9.79696976253763,"simA3":5.12477620737627,"simB1":7.65577855985612,"simB2":4.01422860566527,"simB3":8.65366162965074}