{"ppntid":4,"Bweight":1.5914905159637605,"mychoice":1,"myA1":9.425950911739791,"myA2":3.453325287450475,"myA3":5.986007104684923,"myB1":7.228307507285123,"myB2":4.172941988543819,"myB3":3.1693306766068075,"simA1":8.85337949730456,"simA2":3.42958739725873,"simA3":3.85683926055208,"simB1":5.34130225656554,"simB2":1.97592205833644,"simB3":4.42636803491041}