{"ppntid":6,"Bweight":1.227034532025545,"mychoice":2,"myA1":8.149251486287048,"myA2":9.67549819004104,"myA3":5.652535638603222,"myB1":3.2877082025284032,"myB2":8.703165166658259,"myB3":0.42417364953082126,"simA1":3.63090072991326,"simA2":9.16425657225773,"simA3":5.10237921960652,"simB1":5.38326209876686,"simB2":3.32310018828139,"simB3":2.30925092939287}