{"ppntid":4,"Bweight":3.5348981423283057,"mychoice":2,"myA1":3.927828524462671,"myA2":7.217844199146059,"myA3":0.9278541459110312,"myB1":2.0621317945196216,"myB2":6.735079693994788,"myB3":3.0595747203982127,"simA1":3.71603635838255,"simA2":9.79696976253763,"simA3":5.12477620737627,"simB1":7.65577855985612,"simB2":4.01422860566527,"simB3":8.65366162965074}