{"ppntid":8,"Bweight":4.164209622281808,"mychoice":3,"myA1":2.1537063537772383,"myA2":0.632740942405281,"myA3":2.6033518815213808,"myB1":8.383551608860838,"myB2":5.386227425535464,"myB3":8.497645441340321,"simA1":2.91122147580609,"simA2":2.93499771505594,"simA3":1.23898578574881,"simB1":4.70522804185748,"simB2":0.172186829149723,"simB3":9.04782252851874}