{"ppntid":8,"Bweight":4.792111425725127,"mychoice":3,"myA1":1.2832880977010186,"myA2":9.22365682249383,"myA3":6.73982589573302,"myB1":2.1156922235462283,"myB2":5.206929380055552,"myB3":5.903796614829737,"simA1":2.37154772970825,"simA2":7.2398704639636,"simA3":9.46149006485939,"simB1":4.32796909473836,"simB2":2.97014408512041,"simB3":5.05007167113945}