{"ppntid":7,"Bweight":0.4247666832568908,"mychoice":2,"myA1":7.496628153569036,"myA2":8.536571123796044,"myA3":0.0570401203779336,"myB1":3.884288136802283,"myB2":4.09089745282504,"myB3":7.933098950468103,"simA1":0.765141036827117,"simA2":1.26688185613602,"simA3":4.58259324543178,"simB1":6.34286859771237,"simB2":3.13183395890519,"simB3":7.37623665714636}