{"ppntid":5,"Bweight":2.1111985640015574,"mychoice":2,"myA1":5.839136932951812,"myA2":5.213594354991664,"myA3":3.232253643605467,"myB1":7.6479922316890665,"myB2":8.327898527590271,"myB3":7.505267444134325,"simA1":4.4292361382395,"simA2":5.33951839897782,"simA3":4.67120578279719,"simB1":8.93315338063985,"simB2":6.53978186193854,"simB3":9.20320985140279}