{"ppntid":8,"Bweight":0.8043421898740322,"mychoice":2,"myA1":2.599419466506361,"myA2":6.46633470906119,"myA3":4.417609202503858,"myB1":4.226511279053387,"myB2":7.494664134891358,"myB3":4.534505610593429,"simA1":4.80207568733022,"simA2":9.74695997312665,"simA3":7.12853846373037,"simB1":1.80112784495577,"simB2":1.52530480641872,"simB3":4.3367622490041}