{"ppntid":5,"Bweight":2.4602911758844073,"mychoice":2,"myA1":5.783053610055802,"myA2":3.778247875981693,"myA3":5.967327958734751,"myB1":4.063810077317225,"myB2":7.1182144446978235,"myB3":5.091421211877567,"simA1":4.80207568733022,"simA2":9.74695997312665,"simA3":7.12853846373037,"simB1":1.80112784495577,"simB2":1.52530480641872,"simB3":4.3367622490041}