{"ppntid":3,"Bweight":2.128789669769724,"mychoice":3,"myA1":1.0763535835891247,"myA2":7.17533748446153,"myA3":9.88304543802978,"myB1":3.918106120083935,"myB2":8.73456158357982,"myB3":7.687052280919541,"simA1":2.37154772970825,"simA2":7.2398704639636,"simA3":9.46149006485939,"simB1":4.32796909473836,"simB2":2.97014408512041,"simB3":5.05007167113945}