{"ppntid":3,"Bweight":0.6084190188329097,"mychoice":2,"myA1":2.767951896079781,"myA2":9.829815716673387,"myA3":0.7972463418256659,"myB1":6.623042294315011,"myB2":2.7761296955369197,"myB3":9.309279259521707,"simA1":3.71603635838255,"simA2":9.79696976253763,"simA3":5.12477620737627,"simB1":7.65577855985612,"simB2":4.01422860566527,"simB3":8.65366162965074}