{"ppntid":3,"Bweight":2.4437170553041767,"mychoice":3,"myA1":4.516545065898383,"myA2":3.453517059694451,"myA3":6.3092230283149675,"myB1":3.8419726361344075,"myB2":4.474388593455901,"myB3":3.836018097690559,"simA1":3.67379971314222,"simA2":2.96635989332572,"simA3":2.25443732691929,"simB1":2.00263310456648,"simB2":4.88128123106435,"simB3":7.29017229517922}