{"ppntid":2,"Bweight":0.6411038926559842,"mychoice":3,"myA1":1.174839824627285,"myA2":3.278173659017223,"myA3":6.2676690412630265,"myB1":2.711710948252739,"myB2":2.564331794880692,"myB3":4.20965274225132,"simA1":4.32029129238799,"simA2":1.53823893284425,"simA3":3.49515116773546,"simB1":1.77112437551841,"simB2":9.71220241626725,"simB3":8.82223333464935}