{"ppntid":6,"Bweight":0.448432678813363,"mychoice":2,"myA1":2.5308379731070874,"myA2":9.769557389113505,"myA3":3.735294973165675,"myB1":1.2952936077073507,"myB2":8.818933832631554,"myB3":2.2764766627319633,"simA1":3.71603635838255,"simA2":9.79696976253763,"simA3":5.12477620737627,"simB1":7.65577855985612,"simB2":4.01422860566527,"simB3":8.65366162965074}