{"ppntid":0,"Bweight":2.8371123423589486,"mychoice":1,"myA1":5.634186563167429,"myA2":8.404536711257432,"myA3":7.039600290418903,"myB1":2.5728378988877343,"myB2":0.4336061203219521,"myB3":1.0259312596447057,"simA1":4.32029129238799,"simA2":1.53823893284425,"simA3":3.49515116773546,"simB1":1.77112437551841,"simB2":9.71220241626725,"simB3":8.82223333464935}