{"ppntid":9,"Bweight":3.7316018549266197,"mychoice":3,"myA1":1.343758596087552,"myA2":5.57378485276081,"myA3":7.458219137273192,"myB1":6.4376090456521755,"myB2":3.205947143828931,"myB3":5.6235566504894985,"simA1":2.91122147580609,"simA2":2.93499771505594,"simA3":1.23898578574881,"simB1":4.70522804185748,"simB2":0.172186829149723,"simB3":9.04782252851874}