{"ppntid":8,"Bweight":3.0777921097229033,"mychoice":2,"myA1":5.5440276677842615,"myA2":7.386642528538512,"myA3":6.097707271952295,"myB1":4.588531683476975,"myB2":6.89003025631224,"myB3":6.119406412734332,"simA1":4.32029129238799,"simA2":1.53823893284425,"simA3":3.49515116773546,"simB1":1.77112437551841,"simB2":9.71220241626725,"simB3":8.82223333464935}