{"ppntid":5,"Bweight":0.1503708081938271,"mychoice":2,"myA1":1.3389917189379341,"myA2":8.024615170800084,"myA3":2.1217847791209854,"myB1":4.75594361287736,"myB2":9.842788145046606,"myB3":6.803492028995446,"simA1":3.63090072991326,"simA2":9.16425657225773,"simA3":5.10237921960652,"simB1":5.38326209876686,"simB2":3.32310018828139,"simB3":2.30925092939287}