{"ppntid":3,"Bweight":0.6494680461450686,"mychoice":2,"myA1":3.1201970053108807,"myA2":8.847822425674698,"myA3":1.6091325325188022,"myB1":4.312828480544281,"myB2":8.08535815802168,"myB3":6.7450445506788,"simA1":4.80207568733022,"simA2":9.74695997312665,"simA3":7.12853846373037,"simB1":1.80112784495577,"simB2":1.52530480641872,"simB3":4.3367622490041}