{"ppntid":7,"Bweight":0.9590868981587108,"mychoice":2,"myA1":6.1786116649101475,"myA2":8.428469269730403,"myA3":6.826726044581659,"myB1":0.640073428765866,"myB2":1.735360594212425,"myB3":1.4769106121935938,"simA1":4.32029129238799,"simA2":1.53823893284425,"simA3":3.49515116773546,"simB1":1.77112437551841,"simB2":9.71220241626725,"simB3":8.82223333464935}