{"ppntid":5,"Bweight":4.019148123699599,"mychoice":2,"myA1":0.8444937365818972,"myA2":8.383199543938948,"myA3":4.429006544849949,"myB1":4.906229440353725,"myB2":8.593718175540477,"myB3":2.095384694956257,"simA1":3.71603635838255,"simA2":9.79696976253763,"simA3":5.12477620737627,"simB1":7.65577855985612,"simB2":4.01422860566527,"simB3":8.65366162965074}