{"ppntid":4,"Bweight":3.1418675255889603,"mychoice":3,"myA1":1.7998068289920388,"myA2":2.079285044405781,"myA3":4.67926331610588,"myB1":5.528227511241921,"myB2":3.8473364281996014,"myB3":6.205805394888122,"simA1":2.91122147580609,"simA2":2.93499771505594,"simA3":1.23898578574881,"simB1":4.70522804185748,"simB2":0.172186829149723,"simB3":9.04782252851874}