{"ppntid":6,"Bweight":0.7936781858971631,"mychoice":3,"myA1":2.6206596238727276,"myA2":3.0174473542531,"myA3":3.882568478884829,"myB1":1.4899192385349513,"myB2":0.3510763929892424,"myB3":2.3295497923571062,"simA1":2.91122147580609,"simA2":2.93499771505594,"simA3":1.23898578574881,"simB1":4.70522804185748,"simB2":0.172186829149723,"simB3":9.04782252851874}