{"ppntid":8,"Bweight":1.7633800279847278,"mychoice":2,"myA1":4.101974868805705,"myA2":8.055465581805592,"myA3":4.606607878313724,"myB1":2.5551817690488865,"myB2":4.520546963147729,"myB3":0.9762108856985718,"simA1":3.63090072991326,"simA2":9.16425657225773,"simA3":5.10237921960652,"simB1":5.38326209876686,"simB2":3.32310018828139,"simB3":2.30925092939287}