{"ppntid":0,"Bweight":0.22029312950126556,"mychoice":2,"myA1":3.7437014038437333,"myA2":7.874529497125797,"myA3":3.62268638383763,"myB1":3.391099379273088,"myB2":8.23565168207807,"myB3":3.5824090602008862,"simA1":3.71603635838255,"simA2":9.79696976253763,"simA3":5.12477620737627,"simB1":7.65577855985612,"simB2":4.01422860566527,"simB3":8.65366162965074}