{"ppntid":0,"Bweight":1.912372730744547,"mychoice":2,"myA1":2.262667637618452,"myA2":5.334852711561959,"myA3":3.4178413207257785,"myB1":6.319053874929052,"myB2":9.424046293617954,"myB3":8.531138673161447,"simA1":4.80207568733022,"simA2":9.74695997312665,"simA3":7.12853846373037,"simB1":1.80112784495577,"simB2":1.52530480641872,"simB3":4.3367622490041}