{"ppntid":7,"Bweight":1.0600724167301145,"mychoice":1,"myA1":3.6302363214964806,"myA2":0.734437468653486,"myA3":6.3366300383579155,"myB1":8.704929301539245,"myB2":9.264765600205918,"myB3":6.120326315559561,"simA1":2.91122147580609,"simA2":2.93499771505594,"simA3":1.23898578574881,"simB1":4.70522804185748,"simB2":0.172186829149723,"simB3":9.04782252851874}