{"ppntid":4,"Bweight":1.256626268032487,"mychoice":1,"myA1":7.718582617430309,"myA2":6.654888976556532,"myA3":5.358843244446991,"myB1":6.155914370600488,"myB2":5.671634153582133,"myB3":2.678356284780581,"simA1":4.32029129238799,"simA2":1.53823893284425,"simA3":3.49515116773546,"simB1":1.77112437551841,"simB2":9.71220241626725,"simB3":8.82223333464935}