{"ppntid":3,"Bweight":2.4625457970831666,"mychoice":2,"myA1":1.7932182463077684,"myA2":5.666162917119069,"myA3":1.7388247928273337,"myB1":3.684727677660875,"myB2":9.805881606002034,"myB3":6.800997932515182,"simA1":3.71603635838255,"simA2":9.79696976253763,"simA3":5.12477620737627,"simB1":7.65577855985612,"simB2":4.01422860566527,"simB3":8.65366162965074}