{"ppntid":0,"Bweight":0.3955044342932157,"mychoice":3,"myA1":4.602743307735349,"myA2":5.439759544590039,"myA3":7.743653775377714,"myB1":3.755445809878244,"myB2":6.413966470323191,"myB3":8.334607177424672,"simA1":4.51467339182273,"simA2":5.48836145317182,"simA3":8.37309282738715,"simB1":5.08784332778305,"simB2":2.23295776639134,"simB3":0.359112627338618}