{"ppntid":6,"Bweight":0.24311566812898255,"mychoice":3,"myA1":1.3187065710987245,"myA2":3.9644864975687955,"myA3":5.378235027447631,"myB1":4.768877604634465,"myB2":7.334303554966888,"myB3":9.522915385502955,"simA1":2.42379849078134,"simA2":5.22912585176528,"simA3":6.91969368839636,"simB1":7.93075167806819,"simB2":8.35466271499172,"simB3":4.71411544363946}