{"ppntid":6,"Bweight":0.5715204641529714,"mychoice":2,"myA1":4.769387774436156,"myA2":8.874737274488705,"myA3":7.522800562810199,"myB1":4.793908769162842,"myB2":8.911784181872576,"myB3":7.4511558029149505,"simA1":4.80207568733022,"simA2":9.74695997312665,"simA3":7.12853846373037,"simB1":1.80112784495577,"simB2":1.52530480641872,"simB3":4.3367622490041}