{"ppntid":7,"Bweight":1.4386856311231433,"mychoice":2,"myA1":0.1457313513445868,"myA2":0.5450486026859824,"myA3":2.390030565841381,"myB1":5.381932940699712,"myB2":6.487292989283495,"myB3":4.695882269028065,"simA1":6.42703449586406,"simA2":5.70645416853949,"simA3":7.91313496185467,"simB1":1.76812876947224,"simB2":3.26391996350139,"simB3":9.63438343955204}