{"ppntid":2,"Bweight":3.231484424971521,"mychoice":2,"myA1":3.9615104566439863,"myA2":3.3170789537244594,"myA3":2.3986048418968364,"myB1":4.215946072276395,"myB2":7.187028312265779,"myB3":6.188619927071242,"simA1":4.32029129238799,"simA2":1.53823893284425,"simA3":3.49515116773546,"simB1":1.77112437551841,"simB2":9.71220241626725,"simB3":8.82223333464935}