{"ppntid":9,"Bweight":1.4756931812896978,"mychoice":1,"myA1":8.749951849690058,"myA2":7.157223367456571,"myA3":8.59938359472398,"myB1":5.089366870057468,"myB2":5.213594354991664,"myB3":3.7955314664759854,"simA1":4.32029129238799,"simA2":1.53823893284425,"simA3":3.49515116773546,"simB1":1.77112437551841,"simB2":9.71220241626725,"simB3":8.82223333464935}