{"ppntid":7,"Bweight":4.637545700925855,"mychoice":3,"myA1":8.931497404529278,"myA2":6.840103748476158,"myA3":5.723524633169772,"myB1":1.561334131583778,"myB2":3.047592285126106,"myB3":4.407573413279813,"simA1":3.67379971314222,"simA2":2.96635989332572,"simA3":2.25443732691929,"simB1":2.00263310456648,"simB2":4.88128123106435,"simB3":7.29017229517922}