{"ppntid":2,"Bweight":3.1044957681577214,"mychoice":3,"myA1":4.75894741574586,"myA2":5.677919906582272,"myA3":8.417354262364473,"myB1":2.273144822695774,"myB2":5.074537144938662,"myB3":6.091383069376377,"simA1":4.51467339182273,"simA2":5.48836145317182,"simA3":8.37309282738715,"simB1":5.08784332778305,"simB2":2.23295776639134,"simB3":0.359112627338618}