{"ppntid":2,"Bweight":1.177509156122366,"mychoice":2,"myA1":5.365327163077844,"myA2":9.91449985930692,"myA3":7.397684317757474,"myB1":1.9224865202759456,"myB2":1.7201342976454659,"myB3":0.38316658717130636,"simA1":4.80207568733022,"simA2":9.74695997312665,"simA3":7.12853846373037,"simB1":1.80112784495577,"simB2":1.52530480641872,"simB3":4.3367622490041}