{"ppntid":1,"Bweight":2.342405727521136,"mychoice":2,"myA1":4.589141216683224,"myA2":8.221667483125042,"myA3":4.347778793448072,"myB1":2.4314577059593434,"myB2":6.152447414765961,"myB3":1.768083445675328,"simA1":3.63090072991326,"simA2":9.16425657225773,"simA3":5.10237921960652,"simB1":5.38326209876686,"simB2":3.32310018828139,"simB3":2.30925092939287}