{"ppntid":7,"Bweight":3.566505001040534,"mychoice":2,"myA1":2.123514511767257,"myA2":1.1211023805345488,"myA3":2.292705866410376,"myB1":4.21801641802622,"myB2":6.097959698843072,"myB3":5.425469288086944,"simA1":4.32029129238799,"simA2":1.53823893284425,"simA3":3.49515116773546,"simB1":1.77112437551841,"simB2":9.71220241626725,"simB3":8.82223333464935}