{"ppntid":7,"Bweight":4.855140887415997,"mychoice":2,"myA1":2.338266184248665,"myA2":6.433586244153058,"myA3":8.752831513536917,"myB1":2.201502493894001,"myB2":7.624843010563698,"myB3":6.172100616654889,"simA1":2.37154772970825,"simA2":7.2398704639636,"simA3":9.46149006485939,"simB1":4.32796909473836,"simB2":2.97014408512041,"simB3":5.05007167113945}