{"ppntid":2,"Bweight":1.7625138194469947,"mychoice":2,"myA1":1.6031091912120043,"myA2":6.417927355347876,"myA3":0.2874062048851389,"myB1":5.985543337231811,"myB2":9.33841893111534,"myB3":7.904125859107274,"simA1":4.80207568733022,"simA2":9.74695997312665,"simA3":7.12853846373037,"simB1":1.80112784495577,"simB2":1.52530480641872,"simB3":4.3367622490041}