{"ppntid":5,"Bweight":1.745824834375309,"mychoice":3,"myA1":0.6494770143158712,"myA2":6.559605391195646,"myA3":7.095174720337685,"myB1":1.8172700972506317,"myB2":6.8184609239548655,"myB3":8.798344126135149,"simA1":2.37154772970825,"simA2":7.2398704639636,"simA3":9.46149006485939,"simB1":4.32796909473836,"simB2":2.97014408512041,"simB3":5.05007167113945}