{"ppntid":7,"Bweight":1.4891219297437297,"mychoice":2,"myA1":7.1522608837170765,"myA2":6.186448578643953,"myA3":6.547854948061012,"myB1":1.6707023886372507,"myB2":2.65740784985689,"myB3":1.8205488911888867,"simA1":2.91122147580609,"simA2":2.93499771505594,"simA3":1.23898578574881,"simB1":4.70522804185748,"simB2":0.172186829149723,"simB3":9.04782252851874}