{"ppntid":0,"Bweight":1.8035801737050272,"mychoice":2,"myA1":3.075271707444218,"myA2":8.490446600528632,"myA3":4.956680727201714,"myB1":5.260746625580541,"myB2":8.505422791885621,"myB3":7.211805461042844,"simA1":3.71603635838255,"simA2":9.79696976253763,"simA3":5.12477620737627,"simB1":7.65577855985612,"simB2":4.01422860566527,"simB3":8.65366162965074}