{"ppntid":9,"Bweight":4.526166985665439,"mychoice":3,"myA1":2.6206596238727276,"myA2":3.0174473542531,"myA3":3.882568478884829,"myB1":5.954436572777169,"myB2":6.98316593844125,"myB3":7.379315839037231,"simA1":4.32029129238799,"simA2":1.53823893284425,"simA3":3.49515116773546,"simB1":1.77112437551841,"simB2":9.71220241626725,"simB3":8.82223333464935}