{"ppntid":9,"Bweight":1.5825492755574733,"mychoice":1,"myA1":3.229905800075965,"myA2":3.6166454124859793,"myA3":4.081110567354013,"myB1":6.68991718255463,"myB2":3.9438366117986545,"myB3":5.62651159494806,"simA1":2.91122147580609,"simA2":2.93499771505594,"simA3":1.23898578574881,"simB1":4.70522804185748,"simB2":0.172186829149723,"simB3":9.04782252851874}