{"ppntid":9,"Bweight":2.42453869430432,"mychoice":2,"myA1":3.8611037785702074,"myA2":9.55330963702236,"myA3":6.658877066348876,"myB1":3.476948549723591,"myB2":7.494664134891358,"myB3":5.214524431523515,"simA1":4.80207568733022,"simA2":9.74695997312665,"simA3":7.12853846373037,"simB1":1.80112784495577,"simB2":1.52530480641872,"simB3":4.3367622490041}