{"ppntid":3,"Bweight":2.7056370992478107,"mychoice":1,"myA1":9.727006998121112,"myA2":7.147529033074697,"myA3":6.784241474761945,"myB1":6.718412596932353,"myB2":7.474002281964223,"myB3":5.058034401432807,"simA1":4.4292361382395,"simA2":5.33951839897782,"simA3":4.67120578279719,"simB1":8.93315338063985,"simB2":6.53978186193854,"simB3":9.20320985140279}