{"ppntid":5,"Bweight":4.676698654028285,"mychoice":3,"myA1":3.773645726280226,"myA2":2.046433067445461,"myA3":9.91893934426539,"myB1":3.0748225303108123,"myB2":2.1092687105618557,"myB3":6.634793606415201,"simA1":0.765141036827117,"simA2":1.26688185613602,"simA3":4.58259324543178,"simB1":6.34286859771237,"simB2":3.13183395890519,"simB3":7.37623665714636}