{"ppntid":9,"Bweight":3.9291892353159676,"mychoice":3,"myA1":4.3175552746351915,"myA2":0.7894490553016165,"myA3":9.881283709086281,"myB1":5.162323356173522,"myB2":1.6885571793348597,"myB3":8.938303304495074,"simA1":4.7013964317739,"simA2":1.5995579212904,"simA3":9.40290921367705,"simB1":2.04010848188773,"simB2":9.24196011386812,"simB3":3.83662213338539}