{"ppntid":9,"Bweight":1.5838577980350244,"mychoice":1,"myA1":7.176752382579705,"myA2":5.167051284703261,"myA3":4.615172088355337,"myB1":3.82112529147999,"myB2":1.5459887674364503,"myB3":1.0844027489732766,"simA1":2.91122147580609,"simA2":2.93499771505594,"simA3":1.23898578574881,"simB1":4.70522804185748,"simB2":0.172186829149723,"simB3":9.04782252851874}