{"ppntid":9,"Bweight":2.7188628299539443,"mychoice":2,"myA1":5.548440132838655,"myA2":9.43892351469431,"myA3":7.220389436091517,"myB1":1.374072374691302,"myB2":4.858920554206496,"myB3":2.990259229430514,"simA1":4.80207568733022,"simA2":9.74695997312665,"simA3":7.12853846373037,"simB1":1.80112784495577,"simB2":1.52530480641872,"simB3":4.3367622490041}