{"ppntid":6,"Bweight":3.1099514470416914,"mychoice":2,"myA1":1.9830531897760895,"myA2":1.688971543537916,"myA3":3.976465222440153,"myB1":3.707522914099597,"myB2":7.319588334784517,"myB3":4.757890036880246,"simA1":3.67379971314222,"simA2":2.96635989332572,"simA3":2.25443732691929,"simB1":2.00263310456648,"simB2":4.88128123106435,"simB3":7.29017229517922}