{"ppntid":1,"Bweight":0.9619348066049249,"mychoice":3,"myA1":8.399929199886069,"myA2":6.306016900595832,"myA3":8.054701348363418,"myB1":2.3750800780492587,"myB2":2.3873634074524452,"myB3":3.1496697945070995,"simA1":4.32029129238799,"simA2":1.53823893284425,"simA3":3.49515116773546,"simB1":1.77112437551841,"simB2":9.71220241626725,"simB3":8.82223333464935}