{"ppntid":4,"Bweight":2.1377927392684706,"mychoice":1,"myA1":3.9590882043155973,"myA2":4.5394877880369595,"myA3":5.088253894501358,"myB1":4.591032341078398,"myB2":1.693928191099725,"myB3":3.47404450687129,"simA1":2.91122147580609,"simA2":2.93499771505594,"simA3":1.23898578574881,"simB1":4.70522804185748,"simB2":0.172186829149723,"simB3":9.04782252851874}