{"ppntid":4,"Bweight":0.06105394002496323,"mychoice":2,"myA1":4.110601083864875,"myA2":7.487926955678592,"myA3":2.232527178979422,"myB1":1.6031091912120043,"myB2":6.417927355347876,"myB3":0.2874062048851389,"simA1":3.63090072991326,"simA2":9.16425657225773,"simA3":5.10237921960652,"simB1":5.38326209876686,"simB2":3.32310018828139,"simB3":2.30925092939287}