{"ppntid":1,"Bweight":3.5349755650373185,"mychoice":1,"myA1":7.820864794408475,"myA2":1.0189051795933768,"myA3":1.009577093531575,"myB1":9.878639543949587,"myB2":5.400024640379549,"myB3":5.039666907032634,"simA1":6.59848347539082,"simA2":3.2037310814485,"simA3":1.20643929112703,"simB1":6.15231747506186,"simB2":8.22033943841234,"simB3":2.70335558336228}