{"ppntid":5,"Bweight":0.8353894970869957,"mychoice":1,"myA1":4.644566167428823,"myA2":1.4675128305019935,"myA3":0.08525299133469,"myB1":2.400246710002081,"myB2":0.33097728261719084,"myB3":4.452613428435579,"simA1":2.55039691226557,"simA2":1.33218363858759,"simA3":1.95220165187493,"simB1":5.44961695093662,"simB2":1.80845108116046,"simB3":5.56226909160614}