{"ppntid":2,"Bweight":1.2624821671234854,"mychoice":3,"myA1":5.404130253826171,"myA2":1.2092090021301272,"myA3":8.432858136564192,"myB1":4.180155575955126,"myB2":0.25128175519507856,"myB3":9.100600620935428,"simA1":4.7013964317739,"simA2":1.5995579212904,"simA3":9.40290921367705,"simB1":2.04010848188773,"simB2":9.24196011386812,"simB3":3.83662213338539}