{"ppntid":4,"Bweight":4.791613480349745,"mychoice":2,"myA1":7.831951078388906,"myA2":6.6344452436896155,"myA3":8.681152253697338,"myB1":7.008645725570184,"myB2":7.573096985189207,"myB3":6.007288320641944,"simA1":4.32029129238799,"simA2":1.53823893284425,"simA3":3.49515116773546,"simB1":1.77112437551841,"simB2":9.71220241626725,"simB3":8.82223333464935}