{"ppntid":4,"Bweight":0.1212109197472544,"mychoice":3,"myA1":3.3360496565013986,"myA2":2.699851993235085,"myA3":5.194830159264803,"myB1":9.554310060918361,"myB2":7.1628591088665665,"myB3":8.190851826776061,"simA1":4.32029129238799,"simA2":1.53823893284425,"simA3":3.49515116773546,"simB1":1.77112437551841,"simB2":9.71220241626725,"simB3":8.82223333464935}