{"ppntid":8,"Bweight":2.6602571686597445,"mychoice":2,"myA1":1.5096687672766729,"myA2":2.7772669383505355,"myA3":3.861808184517439,"myB1":4.590384144706765,"myB2":8.417943995889692,"myB3":5.841548607914284,"simA1":4.80207568733022,"simA2":9.74695997312665,"simA3":7.12853846373037,"simB1":1.80112784495577,"simB2":1.52530480641872,"simB3":4.3367622490041}