{"ppntid":6,"Bweight":1.5797788297342774,"mychoice":1,"myA1":6.773536256227926,"myA2":3.984739170063041,"myA3":3.07991287238236,"myB1":5.539676061049259,"myB2":2.699964553689258,"myB3":2.2069316104508774,"simA1":4.54180638305843,"simA2":2.16205808101222,"simA3":0.625319329556078,"simB1":5.18409546697512,"simB2":2.58191620465368,"simB3":3.6804819596}