{"ppntid":0,"Bweight":0.43504260882505474,"mychoice":2,"myA1":0.23487470221218,"myA2":6.718523786371544,"myA3":6.352175840524945,"myB1":0.9576789554050236,"myB2":9.423242001952751,"myB3":7.085973354090891,"simA1":2.37154772970825,"simA2":7.2398704639636,"simA3":9.46149006485939,"simB1":4.32796909473836,"simB2":2.97014408512041,"simB3":5.05007167113945}