{"ppntid":1,"Bweight":1.5898356814782078,"mychoice":3,"myA1":4.1770167890553145,"myA2":5.559833657961743,"myA3":4.988328132281263,"myB1":4.366784088121998,"myB2":1.531885286878314,"myB3":4.509127050606452,"simA1":2.91122147580609,"simA2":2.93499771505594,"simA3":1.23898578574881,"simB1":4.70522804185748,"simB2":0.172186829149723,"simB3":9.04782252851874}