{"ppntid":5,"Bweight":4.048396706165601,"mychoice":3,"myA1":2.9081675934399853,"myA2":2.8580893891524406,"myA3":3.6307772542640637,"myB1":5.171154871006724,"myB2":7.897339690664584,"myB3":7.948451132317,"simA1":4.32029129238799,"simA2":1.53823893284425,"simA3":3.49515116773546,"simB1":1.77112437551841,"simB2":9.71220241626725,"simB3":8.82223333464935}