{"ppntid":7,"Bweight":1.1797931084235258,"mychoice":2,"myA1":1.4960636573558173,"myA2":1.6701221989686243,"myA3":0.5994570639660246,"myB1":1.04577436139214,"myB2":3.614616263482633,"myB3":2.409410663439948,"simA1":4.32029129238799,"simA2":1.53823893284425,"simA3":3.49515116773546,"simB1":1.77112437551841,"simB2":9.71220241626725,"simB3":8.82223333464935}