{"ppntid":4,"Bweight":1.5879043549245397,"mychoice":2,"myA1":0.7288891698847633,"myA2":5.1223829160718175,"myA3":1.389747368335077,"myB1":4.888287416424724,"myB2":9.966871817625965,"myB3":6.764658696795395,"simA1":3.71603635838255,"simA2":9.79696976253763,"simA3":5.12477620737627,"simB1":7.65577855985612,"simB2":4.01422860566527,"simB3":8.65366162965074}