{"ppntid":1,"Bweight":3.3891766769348672,"mychoice":3,"myA1":7.109813928716012,"myA2":9.553831744992088,"myA3":8.604236737978157,"myB1":4.271205624750413,"myB2":2.322000419898551,"myB3":4.784741924720741,"simA1":3.67379971314222,"simA2":2.96635989332572,"simA3":2.25443732691929,"simB1":2.00263310456648,"simB2":4.88128123106435,"simB3":7.29017229517922}