{"ppntid":7,"Bweight":4.252056538413011,"mychoice":2,"myA1":5.18468848213375,"myA2":9.337513366282145,"myA3":5.050758094899209,"myB1":0.08417542923180976,"myB2":7.433088864659904,"myB3":1.337310057213612,"simA1":3.71603635838255,"simA2":9.79696976253763,"simA3":5.12477620737627,"simB1":7.65577855985612,"simB2":4.01422860566527,"simB3":8.65366162965074}