{"ppntid":8,"Bweight":1.0466322282238516,"mychoice":2,"myA1":1.7083813099697776,"myA2":6.708364701509668,"myA3":4.09423730416197,"myB1":3.022214442414748,"myB2":8.81016885919459,"myB3":6.010704674198704,"simA1":4.80207568733022,"simA2":9.74695997312665,"simA3":7.12853846373037,"simB1":1.80112784495577,"simB2":1.52530480641872,"simB3":4.3367622490041}