{"ppntid":1,"Bweight":4.340662068297848,"mychoice":1,"myA1":6.64730252044026,"myA2":1.5683422921470735,"myA3":2.146133081651571,"myB1":9.426873821909314,"myB2":6.363875530068707,"myB3":5.290636663348682,"simA1":8.32564145093784,"simA2":1.81851955829188,"simA3":4.27280660718679,"simB1":8.08825929882005,"simB2":9.49500386603177,"simB3":8.77582003828138}