{"ppntid":0,"Bweight":4.015420955733564,"mychoice":2,"myA1":4.117342737404657,"myA2":7.08086108603438,"myA3":6.9303832531953375,"myB1":6.268435612427448,"myB2":8.64668138013064,"myB3":6.396305691523134,"simA1":4.32029129238799,"simA2":1.53823893284425,"simA3":3.49515116773546,"simB1":1.77112437551841,"simB2":9.71220241626725,"simB3":8.82223333464935}