{"ppntid":3,"Bweight":4.125295669643688,"mychoice":3,"myA1":4.183467930592646,"myA2":3.836705288865081,"myA3":7.892797203691693,"myB1":5.362705873054143,"myB2":3.0789105453954924,"myB3":7.363062746083255,"simA1":0.765141036827117,"simA2":1.26688185613602,"simA3":4.58259324543178,"simB1":6.34286859771237,"simB2":3.13183395890519,"simB3":7.37623665714636}