{"ppntid":9,"Bweight":1.0277939409088133,"mychoice":3,"myA1":2.2348018628229527,"myA2":1.9063959056764412,"myA3":1.881475666510033,"myB1":3.471397253011228,"myB2":5.815167265317753,"myB3":8.432615798391229,"simA1":4.32029129238799,"simA2":1.53823893284425,"simA3":3.49515116773546,"simB1":1.77112437551841,"simB2":9.71220241626725,"simB3":8.82223333464935}