{"ppntid":3,"Bweight":1.6385839885234044,"mychoice":3,"myA1":6.389327718245326,"myA2":1.8008204921303017,"myA3":4.269765483996737,"myB1":2.45473952733247,"myB2":6.284966178315949,"myB3":5.093211464992744,"simA1":4.80207568733022,"simA2":9.74695997312665,"simA3":7.12853846373037,"simB1":1.80112784495577,"simB2":1.52530480641872,"simB3":4.3367622490041}