{"ppntid":8,"Bweight":2.139058657681238,"mychoice":2,"myA1":2.289980112007566,"myA2":7.296200159317328,"myA3":7.245448952980533,"myB1":2.0100565360701417,"myB2":8.180906992980606,"myB3":6.312855890665537,"simA1":2.37154772970825,"simA2":7.2398704639636,"simA3":9.46149006485939,"simB1":4.32796909473836,"simB2":2.97014408512041,"simB3":5.05007167113945}