{"ppntid":0,"Bweight":3.631695069543462,"mychoice":2,"myA1":1.9020033851502505,"myA2":8.487466008960379,"myA3":2.1842374534423747,"myB1":1.3247459312868815,"myB2":6.5763326004491285,"myB3":3.157572925379677,"simA1":3.63090072991326,"simA2":9.16425657225773,"simA3":5.10237921960652,"simB1":5.38326209876686,"simB2":3.32310018828139,"simB3":2.30925092939287}