{"ppntid":9,"Bweight":4.320123871189113,"mychoice":2,"myA1":9.342712354968876,"myA2":6.324924109236796,"myA3":9.183018881351213,"myB1":2.884214944993231,"myB2":4.6679015925923295,"myB3":2.008300496974156,"simA1":2.42332010762766,"simA2":3.03216766100377,"simA3":0.630926417652518,"simB1":2.96833007829264,"simB2":7.55062303738669,"simB3":3.78760563675314}