{"ppntid":2,"Bweight":2.3484261111748337,"mychoice":2,"myA1":6.335143820097935,"myA2":7.274184716667486,"myA3":5.06181701378657,"myB1":2.4951849524345837,"myB2":3.765366133248369,"myB3":1.6209331507333302,"simA1":4.32029129238799,"simA2":1.53823893284425,"simA3":3.49515116773546,"simB1":1.77112437551841,"simB2":9.71220241626725,"simB3":8.82223333464935}