{"ppntid":0,"Bweight":3.149204055064315,"mychoice":3,"myA1":0.8523793002181246,"myA2":4.817785320801418,"myA3":5.6380559867503095,"myB1":2.7814286499797403,"myB2":7.148221348997246,"myB3":7.296248284103979,"simA1":2.37154772970825,"simA2":7.2398704639636,"simA3":9.46149006485939,"simB1":4.32796909473836,"simB2":2.97014408512041,"simB3":5.05007167113945}