{"ppntid":1,"Bweight":1.4185345044387365,"mychoice":2,"myA1":5.301992591758518,"myA2":4.057109847795159,"myA3":5.717774972535469,"myB1":2.344116099979132,"myB2":6.033632122016705,"myB3":4.461450759513392,"simA1":4.80207568733022,"simA2":9.74695997312665,"simA3":7.12853846373037,"simB1":1.80112784495577,"simB2":1.52530480641872,"simB3":4.3367622490041}