{"ppntid":9,"Bweight":3.060176517936778,"mychoice":3,"myA1":5.658395376383007,"myA2":5.428816549103772,"myA3":4.371639434086909,"myB1":3.535106924893814,"myB2":5.224787489569184,"myB3":6.319049630702973,"simA1":4.32029129238799,"simA2":1.53823893284425,"simA3":3.49515116773546,"simB1":1.77112437551841,"simB2":9.71220241626725,"simB3":8.82223333464935}