{"ppntid":6,"Bweight":4.622336370891328,"mychoice":3,"myA1":8.06920816470679,"myA2":8.853804841649794,"myA3":9.672641145969623,"myB1":4.271205624750413,"myB2":2.322000419898551,"myB3":4.784741924720741,"simA1":2.91122147580609,"simA2":2.93499771505594,"simA3":1.23898578574881,"simB1":4.70522804185748,"simB2":0.172186829149723,"simB3":9.04782252851874}