{"ppntid":2,"Bweight":1.2380190131873647,"mychoice":3,"myA1":5.457310308552755,"myA2":3.6125660846536967,"myA3":4.610649369883126,"myB1":1.4960636573558173,"myB2":4.17624879712942,"myB3":3.8528733840902207,"simA1":3.67379971314222,"simA2":2.96635989332572,"simA3":2.25443732691929,"simB1":2.00263310456648,"simB2":4.88128123106435,"simB3":7.29017229517922}