{"ppntid":2,"Bweight":0.8912005186529381,"mychoice":2,"myA1":4.001147257764302,"myA2":6.93872579316796,"myA3":4.047297802437715,"myB1":4.215946072276395,"myB2":7.187028312265779,"myB3":7.030491910771217,"simA1":4.32029129238799,"simA2":1.53823893284425,"simA3":3.49515116773546,"simB1":1.77112437551841,"simB2":9.71220241626725,"simB3":8.82223333464935}