{"ppntid":5,"Bweight":1.4628532599705757,"mychoice":3,"myA1":0.9747446151198069,"myA2":6.253946001123483,"myA3":7.017235948540894,"myB1":0.8958444155610557,"myB2":4.785423011736278,"myB3":6.053526376076331,"simA1":2.37154772970825,"simA2":7.2398704639636,"simA3":9.46149006485939,"simB1":4.32796909473836,"simB2":2.97014408512041,"simB3":5.05007167113945}