{"ppntid":8,"Bweight":1.2815255494984001,"mychoice":3,"myA1":3.949519089936724,"myA2":0.21450208475245702,"myA3":8.740742895273918,"myB1":5.958319478481369,"myB2":2.551442989978825,"myB3":9.390869014890974,"simA1":4.7013964317739,"simA2":1.5995579212904,"simA3":9.40290921367705,"simB1":2.04010848188773,"simB2":9.24196011386812,"simB3":3.83662213338539}