{"ppntid":2,"Bweight":4.983629540833463,"mychoice":2,"myA1":4.50296879099491,"myA2":5.87507314490233,"myA3":1.9955435937094324,"myB1":5.089366870057468,"myB2":5.213594354991664,"myB3":3.7955314664759854,"simA1":4.32029129238799,"simA2":1.53823893284425,"simA3":3.49515116773546,"simB1":1.77112437551841,"simB2":9.71220241626725,"simB3":8.82223333464935}