{"ppntid":4,"Bweight":2.9403896749418457,"mychoice":3,"myA1":4.511153880160497,"myA2":8.167729915904328,"myA3":5.661335859148842,"myB1":5.301992591758518,"myB2":4.057109847795159,"myB3":5.717774972535469,"simA1":4.80207568733022,"simA2":9.74695997312665,"simA3":7.12853846373037,"simB1":1.80112784495577,"simB2":1.52530480641872,"simB3":4.3367622490041}