{"ppntid":9,"Bweight":3.8680343810257134,"mychoice":2,"myA1":4.93243394924397,"myA2":8.641875845625211,"myA3":5.04037233424222,"myB1":1.6915705399212166,"myB2":9.81626077880698,"myB3":5.350205641963537,"simA1":3.71603635838255,"simA2":9.79696976253763,"simA3":5.12477620737627,"simB1":7.65577855985612,"simB2":4.01422860566527,"simB3":8.65366162965074}