{"ppntid":4,"Bweight":2.970488875185474,"mychoice":2,"myA1":4.245778792077868,"myA2":2.1140568331609133,"myA3":2.816251315032805,"myB1":2.6251383223541636,"myB2":4.814753301460739,"myB3":1.1700666592918663,"simA1":3.67379971314222,"simA2":2.96635989332572,"simA3":2.25443732691929,"simB1":2.00263310456648,"simB2":4.88128123106435,"simB3":7.29017229517922}