{"ppntid":8,"Bweight":2.204985196047743,"mychoice":3,"myA1":1.3529238031021595,"myA2":5.142231320888895,"myA3":9.802135033107254,"myB1":0.13649333515954654,"myB2":5.197622548243044,"myB3":7.760832168723459,"simA1":2.37154772970825,"simA2":7.2398704639636,"simA3":9.46149006485939,"simB1":4.32796909473836,"simB2":2.97014408512041,"simB3":5.05007167113945}