{"ppntid":2,"Bweight":3.11741510122461,"mychoice":3,"myA1":0.434728397902735,"myA2":1.6996647224649375,"myA3":8.623487231573536,"myB1":2.8232767045701457,"myB2":0.35372417780982435,"myB3":3.675371218558283,"simA1":2.91122147580609,"simA2":2.93499771505594,"simA3":1.23898578574881,"simB1":4.70522804185748,"simB2":0.172186829149723,"simB3":9.04782252851874}