{"ppntid":4,"Bweight":1.0580892025210076,"mychoice":3,"myA1":3.78389701536338,"myA2":2.5234856450500964,"myA3":4.655913904451383,"myB1":3.295755687307087,"myB2":1.2259676119265328,"myB3":4.20965274225132,"simA1":3.67379971314222,"simA2":2.96635989332572,"simA3":2.25443732691929,"simB1":2.00263310456648,"simB2":4.88128123106435,"simB3":7.29017229517922}