{"ppntid":9,"Bweight":0.9772563032560488,"mychoice":2,"myA1":4.8580670665725485,"myA2":8.505422791885621,"myA3":5.743496344923738,"myB1":0.8631088631390438,"myB2":0.6515767435251019,"myB3":3.3212748622619093,"simA1":4.80207568733022,"simA2":9.74695997312665,"simA3":7.12853846373037,"simB1":1.80112784495577,"simB2":1.52530480641872,"simB3":4.3367622490041}