{"ppntid":5,"Bweight":3.08087093345649,"mychoice":1,"myA1":1.45702444314036,"myA2":6.773029561197211,"myA3":4.941693386087522,"myB1":7.745916445161707,"myB2":3.3520635132631593,"myB3":5.517681911675922,"simA1":2.37154772970825,"simA2":7.2398704639636,"simA3":9.46149006485939,"simB1":4.32796909473836,"simB2":2.97014408512041,"simB3":5.05007167113945}