{"ppntid":5,"Bweight":1.440708979255907,"mychoice":1,"myA1":2.7405336366163846,"myA2":3.9963609096440256,"myA3":4.353808358187821,"myB1":6.690883995019055,"myB2":4.626592124629488,"myB3":4.373946530408377,"simA1":4.32029129238799,"simA2":1.53823893284425,"simA3":3.49515116773546,"simB1":1.77112437551841,"simB2":9.71220241626725,"simB3":8.82223333464935}