{"ppntid":2,"Bweight":3.1437548358547485,"mychoice":2,"myA1":0.727052966673909,"myA2":4.266035122858119,"myA3":2.330281340113518,"myB1":3.2945156375007545,"myB2":6.804530041623029,"myB3":5.197309795707666,"simA1":4.80207568733022,"simA2":9.74695997312665,"simA3":7.12853846373037,"simB1":1.80112784495577,"simB2":1.52530480641872,"simB3":4.3367622490041}