{"ppntid":5,"Bweight":4.123200163557124,"mychoice":3,"myA1":0.8610498055851346,"myA2":4.351501514669369,"myA3":7.290595696208646,"myB1":1.5444498374437488,"myB2":4.836325621610984,"myB3":4.252308933366164,"simA1":4.80207568733022,"simA2":9.74695997312665,"simA3":7.12853846373037,"simB1":1.80112784495577,"simB2":1.52530480641872,"simB3":4.3367622490041}