{"ppntid":9,"Bweight":3.6003638981828914,"mychoice":3,"myA1":4.294376874296044,"myA2":8.199995659490117,"myA3":8.950675716478019,"myB1":2.126531705167234,"myB2":5.325622523673799,"myB3":5.512179604367812,"simA1":2.37154772970825,"simA2":7.2398704639636,"simA3":9.46149006485939,"simB1":4.32796909473836,"simB2":2.97014408512041,"simB3":5.05007167113945}