{"ppntid":0,"Bweight":1.2738056324587055,"mychoice":3,"myA1":1.7349610638461432,"myA2":3.027775477484953,"myA3":8.662791956263575,"myB1":3.246315575020693,"myB2":2.847412393561668,"myB3":9.085651535203262,"simA1":0.765141036827117,"simA2":1.26688185613602,"simA3":4.58259324543178,"simB1":6.34286859771237,"simB2":3.13183395890519,"simB3":7.37623665714636}