{"ppntid":1,"Bweight":4.301557484929041,"mychoice":3,"myA1":3.637026235454175,"myA2":0.8768897581182156,"myA3":2.6296355076444256,"myB1":3.6166579568452395,"myB2":3.589910970535315,"myB3":5.309251414535261,"simA1":2.91122147580609,"simA2":2.93499771505594,"simA3":1.23898578574881,"simB1":4.70522804185748,"simB2":0.172186829149723,"simB3":9.04782252851874}