{"ppntid":5,"Bweight":3.4332520209307384,"mychoice":1,"myA1":6.840022705695739,"myA2":6.134399618115285,"myA3":5.292234644159417,"myB1":2.063722689509919,"myB2":1.629351533993817,"myB3":1.1280665636405462,"simA1":2.91122147580609,"simA2":2.93499771505594,"simA3":1.23898578574881,"simB1":4.70522804185748,"simB2":0.172186829149723,"simB3":9.04782252851874}