{"ppntid":3,"Bweight":3.145045008586518,"mychoice":1,"myA1":2.251636306512641,"myA2":3.767387582486703,"myA3":4.261994804335172,"myB1":7.4095169278867345,"myB2":5.594743404106042,"myB3":2.2687546355500143,"simA1":2.91122147580609,"simA2":2.93499771505594,"simA3":1.23898578574881,"simB1":4.70522804185748,"simB2":0.172186829149723,"simB3":9.04782252851874}