{"ppntid":0,"Bweight":3.400230792477832,"mychoice":1,"myA1":1.7188470534656974,"myA2":1.4884813403200292,"myA3":1.4094693046956541,"myB1":5.454987436247616,"myB2":5.030292743239659,"myB3":4.859698887822845,"simA1":2.42332010762766,"simA2":3.03216766100377,"simA3":0.630926417652518,"simB1":2.96833007829264,"simB2":7.55062303738669,"simB3":3.78760563675314}