{"ppntid":0,"Bweight":2.0868421502586143,"mychoice":1,"myA1":4.948314751629108,"myA2":2.0012487323743144,"myA3":1.6203072855155387,"myB1":6.085044424879791,"myB2":4.238299676301045,"myB3":1.8922532687097804,"simA1":4.54180638305843,"simA2":2.16205808101222,"simA3":0.625319329556078,"simB1":5.18409546697512,"simB2":2.58191620465368,"simB3":3.6804819596}