{"ppntid":1,"Bweight":0.2773607333627981,"mychoice":2,"myA1":4.890745362874553,"myA2":8.144139017852329,"myA3":2.423992435727347,"myB1":0.5215872256025822,"myB2":9.396640697924905,"myB3":1.9237357098660701,"simA1":3.71603635838255,"simA2":9.79696976253763,"simA3":5.12477620737627,"simB1":7.65577855985612,"simB2":4.01422860566527,"simB3":8.65366162965074}