{"ppntid":3,"Bweight":2.495167401387185,"mychoice":3,"myA1":9.393560111833663,"myA2":6.607654446242169,"myA3":7.88294070273718,"myB1":2.586683642490999,"myB2":2.8135113812104917,"myB3":4.029385976167297,"simA1":2.91122147580609,"simA2":2.93499771505594,"simA3":1.23898578574881,"simB1":4.70522804185748,"simB2":0.172186829149723,"simB3":9.04782252851874}