{"ppntid":0,"Bweight":0.7338870534880182,"mychoice":3,"myA1":4.559016846792947,"myA2":5.2033179237593075,"myA3":8.016309974421574,"myB1":2.7405336366163846,"myB2":0.8989779412979471,"myB3":2.6026527691922907,"simA1":3.67379971314222,"simA2":2.96635989332572,"simA3":2.25443732691929,"simB1":2.00263310456648,"simB2":4.88128123106435,"simB3":7.29017229517922}