{"ppntid":7,"Bweight":3.795723572437929,"mychoice":2,"myA1":6.882209949718046,"myA2":8.478571226575621,"myA3":6.704411745256984,"myB1":4.588531683476975,"myB2":6.89003025631224,"myB3":6.119406412734332,"simA1":4.32029129238799,"simA2":1.53823893284425,"simA3":3.49515116773546,"simB1":1.77112437551841,"simB2":9.71220241626725,"simB3":8.82223333464935}