{"ppntid":0,"Bweight":2.321436681117046,"mychoice":2,"myA1":7.932430356245499,"myA2":9.908953379965693,"myA3":9.31119311833523,"myB1":3.0391912594068793,"myB2":5.8716679158571345,"myB3":5.904815510412284,"simA1":4.32029129238799,"simA2":1.53823893284425,"simA3":3.49515116773546,"simB1":1.77112437551841,"simB2":9.71220241626725,"simB3":8.82223333464935}