{"ppntid":1,"Bweight":1.1049388630365409,"mychoice":3,"myA1":6.076847787459156,"myA2":5.4691321535016435,"myA3":8.09249909282766,"myB1":1.5693005463415965,"myB2":0.5892007741266014,"myB3":1.1832051910287644,"simA1":2.91122147580609,"simA2":2.93499771505594,"simA3":1.23898578574881,"simB1":4.70522804185748,"simB2":0.172186829149723,"simB3":9.04782252851874}