{"ppntid":7,"Bweight":0.8126514120076755,"mychoice":1,"myA1":6.724801640432323,"myA2":3.3456392607919105,"myA3":4.243866407352979,"myB1":4.567426790087397,"myB2":7.9786701594474945,"myB3":5.7708928854904284,"simA1":4.80207568733022,"simA2":9.74695997312665,"simA3":7.12853846373037,"simB1":1.80112784495577,"simB2":1.52530480641872,"simB3":4.3367622490041}