{"ppntid":9,"Bweight":4.028687179182784,"mychoice":2,"myA1":5.143482426456152,"myA2":9.612918356210738,"myA3":6.367400176237432,"myB1":0.5491468648764664,"myB2":7.632249535702005,"myB3":2.3844563066753843,"simA1":3.63090072991326,"simA2":9.16425657225773,"simA3":5.10237921960652,"simB1":5.38326209876686,"simB2":3.32310018828139,"simB3":2.30925092939287}