{"ppntid":0,"Bweight":0.3052960830693219,"mychoice":2,"myA1":1.5168720395740443,"myA2":9.002596866277024,"myA3":2.6636933777057314,"myB1":5.2230297928692515,"myB2":9.609257743495295,"myB3":1.6295667768061395,"simA1":3.71603635838255,"simA2":9.79696976253763,"simA3":5.12477620737627,"simB1":7.65577855985612,"simB2":4.01422860566527,"simB3":8.65366162965074}