{"ppntid":3,"Bweight":1.6568451368276205,"mychoice":2,"myA1":8.957483397382532,"myA2":9.654648438400068,"myA3":6.996229531906444,"myB1":0.5580562117314547,"myB2":3.199277897306556,"myB3":2.577229702471735,"simA1":4.32029129238799,"simA2":1.53823893284425,"simA3":3.49515116773546,"simB1":1.77112437551841,"simB2":9.71220241626725,"simB3":8.82223333464935}