{"ppntid":3,"Bweight":1.0818630770876003,"mychoice":2,"myA1":0.1434730731709366,"myA2":4.359883075218178,"myA3":2.9380116957944558,"myB1":7.587512014191164,"myB2":5.1578006672967325,"myB3":3.301885362174397,"simA1":4.32029129238799,"simA2":1.53823893284425,"simA3":3.49515116773546,"simB1":1.77112437551841,"simB2":9.71220241626725,"simB3":8.82223333464935}