{"ppntid":5,"Bweight":1.3928220998992424,"mychoice":1,"myA1":5.574472679067046,"myA2":3.8622058182651253,"myA3":1.3963827880522728,"myB1":7.320884214577514,"myB2":4.6504592346154405,"myB3":2.628610036609771,"simA1":4.54180638305843,"simA2":2.16205808101222,"simA3":0.625319329556078,"simB1":5.18409546697512,"simB2":2.58191620465368,"simB3":3.6804819596}