{"ppntid":8,"Bweight":1.7853050665235015,"mychoice":3,"myA1":5.054450925823617,"myA2":7.3797603801433365,"myA3":6.6460225929819465,"myB1":2.7069259696265635,"myB2":0.18047058808244199,"myB3":2.6221693122105494,"simA1":3.67379971314222,"simA2":2.96635989332572,"simA3":2.25443732691929,"simB1":2.00263310456648,"simB2":4.88128123106435,"simB3":7.29017229517922}