{"ppntid":8,"Bweight":0.04215119830415226,"mychoice":3,"myA1":0.567496387691937,"myA2":2.70491879720246,"myA3":3.3544403384141708,"myB1":2.635500780535871,"myB2":5.321790000331765,"myB3":9.012287633577344,"simA1":2.91122147580609,"simA2":2.93499771505594,"simA3":1.23898578574881,"simB1":4.70522804185748,"simB2":0.172186829149723,"simB3":9.04782252851874}