{"ppntid":6,"Bweight":1.819190458717287,"mychoice":1,"myA1":7.423286604497788,"myA2":8.467052411128545,"myA3":8.73314978876937,"myB1":2.6439572164484515,"myB2":1.7032169332040525,"myB3":0.03149315337842351,"simA1":4.32029129238799,"simA2":1.53823893284425,"simA3":3.49515116773546,"simB1":1.77112437551841,"simB2":9.71220241626725,"simB3":8.82223333464935}