{"ppntid":1,"Bweight":4.2014282513812,"mychoice":2,"myA1":9.935800406720706,"myA2":8.805942238346487,"myA3":9.78801971048664,"myB1":3.266264794617899,"myB2":3.788229033225279,"myB3":1.9036666347246767,"simA1":2.91122147580609,"simA2":2.93499771505594,"simA3":1.23898578574881,"simB1":4.70522804185748,"simB2":0.172186829149723,"simB3":9.04782252851874}