{"ppntid":1,"Bweight":4.2043415873862,"mychoice":2,"myA1":5.879309515829463,"myA2":3.6241442385299627,"myA3":6.417779936709264,"myB1":0.8467757896081096,"myB2":3.441421775730149,"myB3":2.0260225546240385,"simA1":2.42332010762766,"simA2":3.03216766100377,"simA3":0.630926417652518,"simB1":2.96833007829264,"simB2":7.55062303738669,"simB3":3.78760563675314}