{"ppntid":4,"Bweight":0.3014261342829816,"mychoice":2,"myA1":2.976913211584933,"myA2":8.729428966407571,"myA3":5.926836027992765,"myB1":1.4165898254236597,"myB2":5.294942636968827,"myB3":4.0096244146760025,"simA1":4.80207568733022,"simA2":9.74695997312665,"simA3":7.12853846373037,"simB1":1.80112784495577,"simB2":1.52530480641872,"simB3":4.3367622490041}