{"ppntid":5,"Bweight":1.568228286308443,"mychoice":1,"myA1":5.284607110605415,"myA2":2.962126906653264,"myA3":1.7352547857100475,"myB1":6.253270034772102,"myB2":4.796820661519591,"myB3":2.738987596250335,"simA1":4.54180638305843,"simA2":2.16205808101222,"simA3":0.625319329556078,"simB1":5.18409546697512,"simB2":2.58191620465368,"simB3":3.6804819596}