{"ppntid":2,"Bweight":0.8445803413306519,"mychoice":3,"myA1":3.116021367524522,"myA2":6.101559524636038,"myA3":5.500449550261379,"myB1":9.391499027624892,"myB2":6.861365306517431,"myB3":8.095486320622738,"simA1":4.32029129238799,"simA2":1.53823893284425,"simA3":3.49515116773546,"simB1":1.77112437551841,"simB2":9.71220241626725,"simB3":8.82223333464935}