{"ppntid":6,"Bweight":2.8587224544777046,"mychoice":1,"myA1":6.650969018747272,"myA2":4.470339250176323,"myA3":6.188771334413968,"myB1":6.301880682312914,"myB2":5.775905586580679,"myB3":6.452184031334887,"simA1":4.4292361382395,"simA2":5.33951839897782,"simA3":4.67120578279719,"simB1":8.93315338063985,"simB2":6.53978186193854,"simB3":9.20320985140279}