{"ppntid":8,"Bweight":2.956203049016315,"mychoice":2,"myA1":4.21801641802622,"myA2":6.097959698843072,"myA3":5.425469288086944,"myB1":5.967227376919957,"myB2":8.461917985441978,"myB3":7.039600290418903,"simA1":4.32029129238799,"simA2":1.53823893284425,"simA3":3.49515116773546,"simB1":1.77112437551841,"simB2":9.71220241626725,"simB3":8.82223333464935}