{"ppntid":8,"Bweight":0.8907283589564574,"mychoice":3,"myA1":2.5932770133654404,"myA2":2.4475611673344355,"myA3":3.857672535729819,"myB1":2.1180580097707935,"myB2":2.3049537792236907,"myB3":3.7505855190172133,"simA1":3.67379971314222,"simA2":2.96635989332572,"simA3":2.25443732691929,"simB1":2.00263310456648,"simB2":4.88128123106435,"simB3":7.29017229517922}