{"ppntid":7,"Bweight":1.2601875170495014,"mychoice":3,"myA1":4.8033992032182375,"myA2":8.237386958557394,"myA3":5.295805697790068,"myB1":0.16414320802209614,"myB2":4.989631590223005,"myB3":7.697920319775369,"simA1":4.80207568733022,"simA2":9.74695997312665,"simA3":7.12853846373037,"simB1":1.80112784495577,"simB2":1.52530480641872,"simB3":4.3367622490041}