{"ppntid":5,"Bweight":2.2085602048447006,"mychoice":2,"myA1":7.470055926279331,"myA2":7.439153029702181,"myA3":2.479632356891812,"myB1":7.902533462348753,"myB2":8.410491028657827,"myB3":2.1203349158998397,"simA1":7.49075360363349,"simA2":8.34970372263342,"simA3":0.681783282198012,"simB1":5.88041773764417,"simB2":7.52243234310299,"simB3":3.17027122946456}