{"ppntid":4,"Bweight":4.850683623401437,"mychoice":2,"myA1":5.5021348429665125,"myA2":2.8580893891524406,"myA3":4.609000672945653,"myB1":3.4120268641322915,"myB2":5.826876878615527,"myB3":3.729743952677498,"simA1":2.42332010762766,"simA2":3.03216766100377,"simA3":0.630926417652518,"simB1":2.96833007829264,"simB2":7.55062303738669,"simB3":3.78760563675314}