{"ppntid":4,"Bweight":0.8413487092732597,"mychoice":3,"myA1":0.8638478723921761,"myA2":2.7347816044071815,"myA3":5.171665988286371,"myB1":0.39581907527185045,"myB2":2.369050738569576,"myB3":4.2935605989633085,"simA1":4.51467339182273,"simA2":5.48836145317182,"simA3":8.37309282738715,"simB1":5.08784332778305,"simB2":2.23295776639134,"simB3":0.359112627338618}