{"ppntid":2,"Bweight":0.7871279496425454,"mychoice":3,"myA1":1.0345109557193677,"myA2":2.108589314268785,"myA3":4.615759133177198,"myB1":3.511258746948307,"myB2":2.1092687105618557,"myB3":8.755986369947028,"simA1":0.765141036827117,"simA2":1.26688185613602,"simA3":4.58259324543178,"simB1":6.34286859771237,"simB2":3.13183395890519,"simB3":7.37623665714636}