{"ppntid":3,"Bweight":2.3662740128629958,"mychoice":2,"myA1":7.144121961638616,"myA2":6.600110274554092,"myA3":7.757068091650352,"myB1":1.2212089462334075,"myB2":5.6021064196229675,"myB3":3.3990582730033925,"simA1":4.80207568733022,"simA2":9.74695997312665,"simA3":7.12853846373037,"simB1":1.80112784495577,"simB2":1.52530480641872,"simB3":4.3367622490041}