{"ppntid":5,"Bweight":3.387768747185601,"mychoice":2,"myA1":2.1156922235462283,"myA2":6.170622081575996,"myA3":5.903796614829737,"myB1":1.5084003588586303,"myB2":4.779454183621176,"myB3":4.790429259019118,"simA1":2.37154772970825,"simA2":7.2398704639636,"simA3":9.46149006485939,"simB1":4.32796909473836,"simB2":2.97014408512041,"simB3":5.05007167113945}