{"ppntid":0,"Bweight":0.5944306462663196,"mychoice":2,"myA1":1.3626057811106995,"myA2":7.723132550960807,"myA3":8.734172963064491,"myB1":5.475548623931292,"myB2":9.901565075849177,"myB3":7.239424842946485,"simA1":2.37154772970825,"simA2":7.2398704639636,"simA3":9.46149006485939,"simB1":4.32796909473836,"simB2":2.97014408512041,"simB3":5.05007167113945}