{"ppntid":5,"Bweight":1.2842993899934851,"mychoice":3,"myA1":6.866115324970665,"myA2":7.407482093057838,"myA3":5.911814141860646,"myB1":2.1572420598535813,"myB2":1.5765457746992806,"myB3":3.6700205234381422,"simA1":2.91122147580609,"simA2":2.93499771505594,"simA3":1.23898578574881,"simB1":4.70522804185748,"simB2":0.172186829149723,"simB3":9.04782252851874}