{"ppntid":3,"Bweight":2.9757980642608715,"mychoice":1,"myA1":9.696112288436765,"myA2":7.139945894270534,"myA3":7.414536467590731,"myB1":4.620324727452532,"myB2":3.261010955586967,"myB3":3.534773898942074,"simA1":4.32029129238799,"simA2":1.53823893284425,"simA3":3.49515116773546,"simB1":1.77112437551841,"simB2":9.71220241626725,"simB3":8.82223333464935}