{"ppntid":1,"Bweight":0.41082927514226153,"mychoice":1,"myA1":2.9658505705887284,"myA2":1.35756843738301,"myA3":0.015406201098802086,"myB1":4.06823532684629,"myB2":3.282690042754901,"myB3":3.316372778392429,"simA1":4.32029129238799,"simA2":1.53823893284425,"simA3":3.49515116773546,"simB1":1.77112437551841,"simB2":9.71220241626725,"simB3":8.82223333464935}