{"ppntid":0,"Bweight":3.228697854319736,"mychoice":3,"myA1":4.342188887295628,"myA2":2.3510219218154615,"myA3":2.561845028397993,"myB1":3.411927675587738,"myB2":2.3501835494318546,"myB3":4.500252174454813,"simA1":2.91122147580609,"simA2":2.93499771505594,"simA3":1.23898578574881,"simB1":4.70522804185748,"simB2":0.172186829149723,"simB3":9.04782252851874}