{"ppntid":6,"Bweight":2.649067979723837,"mychoice":3,"myA1":1.9792856873168096,"myA2":0.738350857400234,"myA3":3.822817297311054,"myB1":6.27140165183288,"myB2":6.310457537638419,"myB3":5.624558277573524,"simA1":2.42332010762766,"simA2":3.03216766100377,"simA3":0.630926417652518,"simB1":2.96833007829264,"simB2":7.55062303738669,"simB3":3.78760563675314}