{"ppntid":2,"Bweight":1.1328250614189983,"mychoice":2,"myA1":2.506917211456694,"myA2":9.275535438225088,"myA3":0.7705264179422056,"myB1":0.2819885799529076,"myB2":6.534894472876276,"myB3":3.1201988486346544,"simA1":3.63090072991326,"simA2":9.16425657225773,"simA3":5.10237921960652,"simB1":5.38326209876686,"simB2":3.32310018828139,"simB3":2.30925092939287}