{"ppntid":4,"Bweight":3.220390454205866,"mychoice":1,"myA1":6.053769670751463,"myA2":4.263106239919903,"myA3":2.2465451434385364,"myB1":5.700736385869492,"myB2":3.2942566518334804,"myB3":1.7276570951817138,"simA1":4.54180638305843,"simA2":2.16205808101222,"simA3":0.625319329556078,"simB1":5.18409546697512,"simB2":2.58191620465368,"simB3":3.6804819596}