{"ppntid":2,"Bweight":0.47100702733822275,"mychoice":1,"myA1":3.7831087397885432,"myA2":1.3761391455407157,"myA3":2.390030565841381,"myB1":9.639654123001588,"myB2":8.53669481795253,"myB3":7.283112271766532,"simA1":2.91122147580609,"simA2":2.93499771505594,"simA3":1.23898578574881,"simB1":4.70522804185748,"simB2":0.172186829149723,"simB3":9.04782252851874}