{"ppntid":2,"Bweight":0.631663213464384,"mychoice":2,"myA1":5.947195047399811,"myA2":5.033308808674031,"myA3":4.75087973794146,"myB1":1.4370026027816474,"myB2":4.324886896541997,"myB3":1.31535521256261,"simA1":2.42332010762766,"simA2":3.03216766100377,"simA3":0.630926417652518,"simB1":2.96833007829264,"simB2":7.55062303738669,"simB3":3.78760563675314}