{"ppntid":4,"Bweight":0.6023209945596775,"mychoice":2,"myA1":3.675417554538656,"myA2":5.8357585324753725,"myA3":4.123158980926494,"myB1":0.4954263424149974,"myB2":1.4343168344814772,"myB3":2.004571126185244,"simA1":4.4292361382395,"simA2":5.33951839897782,"simA3":4.67120578279719,"simB1":8.93315338063985,"simB2":6.53978186193854,"simB3":9.20320985140279}