{"ppntid":7,"Bweight":2.3524164559938896,"mychoice":3,"myA1":9.10818505338143,"myA2":7.689835157688167,"myA3":6.290228744566411,"myB1":2.0639931678672707,"myB2":1.1537503773841373,"myB3":3.295070124578885,"simA1":2.42332010762766,"simA2":3.03216766100377,"simA3":0.630926417652518,"simB1":2.96833007829264,"simB2":7.55062303738669,"simB3":3.78760563675314}