{"ppntid":0,"Bweight":0.17469798081790722,"mychoice":2,"myA1":3.4921097581737492,"myA2":7.106131039294102,"myA3":5.33051366569703,"myB1":5.1021881882938525,"myB2":8.754652006641205,"myB3":6.343708090805631,"simA1":4.80207568733022,"simA2":9.74695997312665,"simA3":7.12853846373037,"simB1":1.80112784495577,"simB2":1.52530480641872,"simB3":4.3367622490041}