{"ppntid":0,"Bweight":3.130313372077521,"mychoice":3,"myA1":8.239371983017252,"myA2":9.38892150627552,"myA3":8.095486320622738,"myB1":3.2793104660824413,"myB2":3.8964392712626106,"myB3":4.927823190033315,"simA1":3.67379971314222,"simA2":2.96635989332572,"simA3":2.25443732691929,"simB1":2.00263310456648,"simB2":4.88128123106435,"simB3":7.29017229517922}