{"ppntid":0,"Bweight":3.263559873575913,"mychoice":2,"myA1":0.6940448470892902,"myA2":1.6811218636262915,"myA3":2.656885244289302,"myB1":3.82112529147999,"myB2":6.310457537638419,"myB3":4.722014516447954,"simA1":4.32029129238799,"simA2":1.53823893284425,"simA3":3.49515116773546,"simB1":1.77112437551841,"simB2":9.71220241626725,"simB3":8.82223333464935}