{"ppntid":6,"Bweight":0.6597124091932394,"mychoice":2,"myA1":1.8303624271142782,"myA2":4.018751059197814,"myA3":3.108265714686007,"myB1":5.580176377207755,"myB2":6.79225168206294,"myB3":3.0378285311320297,"simA1":4.32029129238799,"simA2":1.53823893284425,"simA3":3.49515116773546,"simB1":1.77112437551841,"simB2":9.71220241626725,"simB3":8.82223333464935}