{"ppntid":6,"Bweight":1.903003721670924,"mychoice":3,"myA1":2.618233479785965,"myA2":2.1140568331609133,"myA3":4.2895131058811735,"myB1":2.3844213100922773,"myB2":4.290323627258172,"myB3":5.592283107047056,"simA1":2.91122147580609,"simA2":2.93499771505594,"simA3":1.23898578574881,"simB1":4.70522804185748,"simB2":0.172186829149723,"simB3":9.04782252851874}