{"ppntid":1,"Bweight":4.514915318487414,"mychoice":2,"myA1":5.301396433078532,"myA2":6.814513248095282,"myA3":5.975759826393492,"myB1":0.6951110245169767,"myB2":5.890305657869548,"myB3":3.0139387242489235,"simA1":2.42332010762766,"simA2":3.03216766100377,"simA3":0.630926417652518,"simB1":2.96833007829264,"simB2":7.55062303738669,"simB3":3.78760563675314}