{"ppntid":0,"Bweight":1.3144376265427482,"mychoice":3,"myA1":5.480527896605727,"myA2":2.0658380406041466,"myA3":9.90979286971061,"myB1":5.021638961132426,"myB2":1.9241396177443981,"myB3":9.836157262133247,"simA1":4.7013964317739,"simA2":1.5995579212904,"simA3":9.40290921367705,"simB1":2.04010848188773,"simB2":9.24196011386812,"simB3":3.83662213338539}