{"ppntid":3,"Bweight":1.4869562732324704,"mychoice":2,"myA1":0.5023678103285345,"myA2":3.3170789537244594,"myA3":1.009001758571122,"myB1":8.46441737455381,"myB2":7.105069045884007,"myB3":6.640702267284437,"simA1":4.32029129238799,"simA2":1.53823893284425,"simA3":3.49515116773546,"simB1":1.77112437551841,"simB2":9.71220241626725,"simB3":8.82223333464935}