{"ppntid":9,"Bweight":2.468290587471497,"mychoice":2,"myA1":5.2660187755958265,"myA2":7.573073253410623,"myA3":3.3743729757717555,"myB1":4.21801641802622,"myB2":5.5303967573817925,"myB3":5.119387281503148,"simA1":4.32029129238799,"simA2":1.53823893284425,"simA3":3.49515116773546,"simB1":1.77112437551841,"simB2":9.71220241626725,"simB3":8.82223333464935}