{"ppntid":1,"Bweight":2.9063547915585586,"mychoice":1,"myA1":5.07719771929821,"myA2":5.758432477505016,"myA3":7.997107707821332,"myB1":5.284607110605415,"myB2":4.085122317929473,"myB3":1.9568793322656952,"simA1":3.67379971314222,"simA2":2.96635989332572,"simA3":2.25443732691929,"simB1":2.00263310456648,"simB2":4.88128123106435,"simB3":7.29017229517922}