{"ppntid":3,"Bweight":1.7104397115817138,"mychoice":3,"myA1":2.341374315140956,"myA2":1.816429549172165,"myA3":6.647373469676159,"myB1":6.497975754728618,"myB2":2.205966638618455,"myB3":9.522536605416613,"simA1":2.96013603452593,"simA2":0.620652548968792,"simA3":8.72101176530123,"simB1":3.37059060111642,"simB2":3.99953549727798,"simB3":3.24040857842192}