{"ppntid":3,"Bweight":3.0285770295435013,"mychoice":3,"myA1":6.001982126851965,"myA2":4.517331777248634,"myA3":2.9780592418546936,"myB1":0.06940678973168524,"myB2":1.7978353557652915,"myB3":3.9457932606438884,"simA1":4.54180638305843,"simA2":2.16205808101222,"simA3":0.625319329556078,"simB1":5.18409546697512,"simB2":2.58191620465368,"simB3":3.6804819596}