{"ppntid":8,"Bweight":1.388444510434076,"mychoice":2,"myA1":0.7386232108200197,"myA2":4.332030746578042,"myA3":5.566768663084063,"myB1":2.427878665837866,"myB2":8.909644738473961,"myB3":6.331863545022369,"simA1":2.37154772970825,"simA2":7.2398704639636,"simA3":9.46149006485939,"simB1":4.32796909473836,"simB2":2.97014408512041,"simB3":5.05007167113945}