{"ppntid":7,"Bweight":3.143232994049574,"mychoice":2,"myA1":5.301396433078532,"myA2":5.467930191907742,"myA3":5.289975202220409,"myB1":7.273229898191465,"myB2":8.77000586582201,"myB3":7.688452533613226,"simA1":2.91122147580609,"simA2":2.93499771505594,"simA3":1.23898578574881,"simB1":4.70522804185748,"simB2":0.172186829149723,"simB3":9.04782252851874}