{"ppntid":4,"Bweight":3.0059510773913454,"mychoice":2,"myA1":3.3855476959306796,"myA2":7.801950361680179,"myA3":6.254964712528008,"myB1":1.8623833213692098,"myB2":2.636034749769549,"myB3":2.838330379941787,"simA1":4.80207568733022,"simA2":9.74695997312665,"simA3":7.12853846373037,"simB1":1.80112784495577,"simB2":1.52530480641872,"simB3":4.3367622490041}