{"ppntid":7,"Bweight":4.440505401271627,"mychoice":2,"myA1":8.602564064755551,"myA2":9.628115744203932,"myA3":8.57855456962689,"myB1":4.585782585584591,"myB2":7.105069045884007,"myB3":6.640702267284437,"simA1":4.32029129238799,"simA2":1.53823893284425,"simA3":3.49515116773546,"simB1":1.77112437551841,"simB2":9.71220241626725,"simB3":8.82223333464935}