{"ppntid":4,"Bweight":0.2964257380310087,"mychoice":2,"myA1":1.585825217238963,"myA2":9.621074718966634,"myA3":3.2242784313481687,"myB1":6.96024480867856,"myB2":9.67549819004104,"myB3":5.922881301816558,"simA1":3.63090072991326,"simA2":9.16425657225773,"simA3":5.10237921960652,"simB1":5.38326209876686,"simB2":3.32310018828139,"simB3":2.30925092939287}