{"ppntid":1,"Bweight":1.4249359377013948,"mychoice":1,"myA1":6.382361365073541,"myA2":8.926568488027058,"myA3":6.308514340296554,"myB1":8.459202948139804,"myB2":4.373114978173387,"myB3":5.715554163683196,"simA1":4.32029129238799,"simA2":1.53823893284425,"simA3":3.49515116773546,"simB1":1.77112437551841,"simB2":9.71220241626725,"simB3":8.82223333464935}