{"ppntid":0,"Bweight":0.33606257982777277,"mychoice":2,"myA1":0.46456276222723636,"myA2":4.696776434873875,"myA3":1.5354024965403879,"myB1":3.6101656488499834,"myB2":9.230327847932802,"myB3":3.9327622027095854,"simA1":3.63090072991326,"simA2":9.16425657225773,"simA3":5.10237921960652,"simB1":5.38326209876686,"simB2":3.32310018828139,"simB3":2.30925092939287}