{"ppntid":4,"Bweight":3.103426023035498,"mychoice":2,"myA1":6.146122400296143,"myA2":9.562240869164992,"myA3":6.340230316843039,"myB1":2.6694466160473485,"myB2":5.707729068676722,"myB3":2.5092427535902306,"simA1":3.71603635838255,"simA2":9.79696976253763,"simA3":5.12477620737627,"simB1":7.65577855985612,"simB2":4.01422860566527,"simB3":8.65366162965074}