{"ppntid":6,"Bweight":3.629259175476034,"mychoice":1,"myA1":5.718281799490961,"myA2":1.5378301315757459,"myA3":9.151772399013204,"myB1":8.528716785857299,"myB2":8.542501869037768,"myB3":5.456948161161261,"simA1":0.765141036827117,"simA2":1.26688185613602,"simA3":4.58259324543178,"simB1":6.34286859771237,"simB2":3.13183395890519,"simB3":7.37623665714636}