{"ppntid":4,"Bweight":1.3269461721144737,"mychoice":3,"myA1":5.929292507700021,"myA2":6.745564112653295,"myA3":8.132105564639122,"myB1":2.3194429248684822,"myB2":5.268834123314628,"myB3":4.262317018085547,"simA1":4.32029129238799,"simA2":1.53823893284425,"simA3":3.49515116773546,"simB1":1.77112437551841,"simB2":9.71220241626725,"simB3":8.82223333464935}