{"ppntid":5,"Bweight":4.240872612017904,"mychoice":3,"myA1":5.074575223801341,"myA2":9.79362921945626,"myA3":3.5527289141434326,"myB1":6.865794260521801,"myB2":2.3621200888800087,"myB3":8.767573152272462,"simA1":3.71603635838255,"simA2":9.79696976253763,"simA3":5.12477620737627,"simB1":7.65577855985612,"simB2":4.01422860566527,"simB3":8.65366162965074}