{"ppntid":9,"Bweight":4.264581002356902,"mychoice":3,"myA1":2.6830648766564558,"myA2":8.856113756837106,"myA3":7.73219739951196,"myB1":2.930283561188045,"myB2":4.460887592175129,"myB3":6.556084942435829,"simA1":2.37154772970825,"simA2":7.2398704639636,"simA3":9.46149006485939,"simB1":4.32796909473836,"simB2":2.97014408512041,"simB3":5.05007167113945}