{"ppntid":1,"Bweight":1.2385593496104308,"mychoice":2,"myA1":4.36403762927847,"myA2":7.763919544673172,"myA3":3.4053902520020984,"myB1":5.030531039811052,"myB2":8.470500861707325,"myB3":4.419300040155923,"simA1":3.63090072991326,"simA2":9.16425657225773,"simA3":5.10237921960652,"simB1":5.38326209876686,"simB2":3.32310018828139,"simB3":2.30925092939287}