{"ppntid":2,"Bweight":1.2160746519559273,"mychoice":1,"myA1":4.485007687990654,"myA2":4.933925353803894,"myA3":1.5744644990657664,"myB1":7.2522765733612005,"myB2":0.7123523425922818,"myB3":7.623010562457404,"simA1":3.71603635838255,"simA2":9.79696976253763,"simA3":5.12477620737627,"simB1":7.65577855985612,"simB2":4.01422860566527,"simB3":8.65366162965074}