{"ppntid":6,"Bweight":3.6135055369495674,"mychoice":3,"myA1":4.794838816633929,"myA2":5.329313677463723,"myA3":6.800343859461265,"myB1":3.0724170643579307,"myB2":3.047592285126106,"myB3":4.855855021787649,"simA1":2.91122147580609,"simA2":2.93499771505594,"simA3":1.23898578574881,"simB1":4.70522804185748,"simB2":0.172186829149723,"simB3":9.04782252851874}