{"ppntid":5,"Bweight":2.322616898729253,"mychoice":2,"myA1":2.6495361792075522,"myA2":5.153626930303108,"myA3":4.16412247877854,"myB1":5.554773148231038,"myB2":6.402554955994475,"myB3":4.569581578107567,"simA1":6.42703449586406,"simA2":5.70645416853949,"simA3":7.91313496185467,"simB1":1.76812876947224,"simB2":3.26391996350139,"simB3":9.63438343955204}