{"ppntid":6,"Bweight":0.6054621267938365,"mychoice":2,"myA1":9.82048524089954,"myA2":9.218441334239703,"myA3":9.5264417239161,"myB1":1.7092419711777085,"myB2":3.5718900201408,"myB3":0.8021285232368203,"simA1":4.32029129238799,"simA2":1.53823893284425,"simA3":3.49515116773546,"simB1":1.77112437551841,"simB2":9.71220241626725,"simB3":8.82223333464935}