{"ppntid":0,"Bweight":1.2370505376589558,"mychoice":3,"myA1":3.1214803340763853,"myA2":7.572665319138796,"myA3":5.835208665574278,"myB1":9.357842200142517,"myB2":5.5238026019190904,"myB3":8.037638534305454,"simA1":4.32029129238799,"simA2":1.53823893284425,"simA3":3.49515116773546,"simB1":1.77112437551841,"simB2":9.71220241626725,"simB3":8.82223333464935}