{"ppntid":2,"Bweight":1.0654558939170722,"mychoice":2,"myA1":4.110601083864875,"myA2":7.487926955678592,"myA3":2.232527178979422,"myB1":1.6619809738892943,"myB2":7.629429343798961,"myB3":3.630435077180494,"simA1":3.63090072991326,"simA2":9.16425657225773,"simA3":5.10237921960652,"simB1":5.38326209876686,"simB2":3.32310018828139,"simB3":2.30925092939287}