{"ppntid":0,"Bweight":2.3266417833782693,"mychoice":1,"myA1":6.77674842509846,"myA2":7.105069045884007,"myA3":6.640702267284437,"myB1":8.996892515251002,"myB2":8.64668138013064,"myB3":6.396305691523134,"simA1":4.32029129238799,"simA2":1.53823893284425,"simA3":3.49515116773546,"simB1":1.77112437551841,"simB2":9.71220241626725,"simB3":8.82223333464935}