{"ppntid":9,"Bweight":1.0941660035456302,"mychoice":2,"myA1":3.081611531151909,"myA2":3.453517059694451,"myA3":3.3544403384141708,"myB1":1.2891625532205087,"myB2":5.917932323087227,"myB3":3.0483837747771125,"simA1":2.91122147580609,"simA2":2.93499771505594,"simA3":1.23898578574881,"simB1":4.70522804185748,"simB2":0.172186829149723,"simB3":9.04782252851874}