{"ppntid":9,"Bweight":0.2303719522461567,"mychoice":3,"myA1":3.334528503641092,"myA2":1.4317267012129387,"myA3":8.100559956685444,"myB1":0.8638478723921761,"myB2":3.565509698157079,"myB3":3.987628864310444,"simA1":4.51467339182273,"simA2":5.48836145317182,"simA3":8.37309282738715,"simB1":5.08784332778305,"simB2":2.23295776639134,"simB3":0.359112627338618}