{"ppntid":7,"Bweight":1.802681131649787,"mychoice":2,"myA1":2.916949689285686,"myA2":7.147433274367925,"myA3":2.327453449239689,"myB1":4.69058033017518,"myB2":9.039343510201176,"myB3":5.04037233424222,"simA1":3.71603635838255,"simA2":9.79696976253763,"simA3":5.12477620737627,"simB1":7.65577855985612,"simB2":4.01422860566527,"simB3":8.65366162965074}