{"ppntid":1,"Bweight":4.683893241617084,"mychoice":2,"myA1":9.603390141282047,"myA2":6.428138504467387,"myA3":8.518001876084005,"myB1":5.14844819091765,"myB2":8.789083410597812,"myB3":3.71537450776692,"simA1":3.71603635838255,"simA2":9.79696976253763,"simA3":5.12477620737627,"simB1":7.65577855985612,"simB2":4.01422860566527,"simB3":8.65366162965074}