{"ppntid":0,"Bweight":0.6901930445337223,"mychoice":2,"myA1":3.6729491635073286,"myA2":4.850315072145568,"myA3":3.101555729441192,"myB1":1.1331856593039236,"myB2":2.8493118998515077,"myB3":3.374108250952048,"simA1":4.32029129238799,"simA2":1.53823893284425,"simA3":3.49515116773546,"simB1":1.77112437551841,"simB2":9.71220241626725,"simB3":8.82223333464935}