{"ppntid":7,"Bweight":2.3489691031496465,"mychoice":2,"myA1":4.485007687990654,"myA2":4.933925353803894,"myA3":1.5744644990657664,"myB1":6.170249222517217,"myB2":8.158134894077609,"myB3":4.5918448499052555,"simA1":4.41094483016059,"simA2":6.04069613851607,"simA3":1.94436999736354,"simB1":9.8655857029371,"simB2":2.92368229478598,"simB3":1.45324911689386}