{"ppntid":7,"Bweight":1.6670323582878488,"mychoice":2,"myA1":3.015265340777653,"myA2":6.101082477145181,"myA3":5.452878676793958,"myB1":1.0088698565534138,"myB2":4.989631590223005,"myB3":3.3354884346827207,"simA1":4.80207568733022,"simA2":9.74695997312665,"simA3":7.12853846373037,"simB1":1.80112784495577,"simB2":1.52530480641872,"simB3":4.3367622490041}