{"ppntid":0,"Bweight":4.0860555802143335,"mychoice":3,"myA1":3.7466304442565668,"myA2":3.9796698781428197,"myA3":8.733808770457507,"myB1":3.0391912594068793,"myB2":5.8716679158571345,"myB3":5.904815510412284,"simA1":4.32029129238799,"simA2":1.53823893284425,"simA3":3.49515116773546,"simB1":1.77112437551841,"simB2":9.71220241626725,"simB3":8.82223333464935}