{"ppntid":3,"Bweight":4.080429594310473,"mychoice":3,"myA1":8.800070362144039,"myA2":4.460270839692755,"myA3":1.151531118538054,"myB1":6.274380587561366,"myB2":2.5050688683893796,"myB3":9.310004228317634,"simA1":4.7013964317739,"simA2":1.5995579212904,"simA3":9.40290921367705,"simB1":2.04010848188773,"simB2":9.24196011386812,"simB3":3.83662213338539}