{"ppntid":6,"Bweight":0.007981196854197625,"mychoice":3,"myA1":1.6799761249266965,"myA2":3.924487314804155,"myA3":4.822370511348364,"myB1":0.6838789476700069,"myB2":6.12120659205204,"myB3":5.581420915018887,"simA1":2.37154772970825,"simA2":7.2398704639636,"simA3":9.46149006485939,"simB1":4.32796909473836,"simB2":2.97014408512041,"simB3":5.05007167113945}