{"ppntid":1,"Bweight":2.180006345527472,"mychoice":1,"myA1":3.4977220629200145,"myA2":2.241347234175368,"myA3":3.566489538972737,"myB1":6.8822580495759755,"myB2":7.033204827359631,"myB3":3.888467265150617,"simA1":2.91122147580609,"simA2":2.93499771505594,"simA3":1.23898578574881,"simB1":4.70522804185748,"simB2":0.172186829149723,"simB3":9.04782252851874}