{"ppntid":3,"Bweight":0.2735233410681459,"mychoice":3,"myA1":3.826114240743621,"myA2":3.2470345281189217,"myA3":9.494161119781058,"myB1":3.504175307920381,"myB2":3.0813824368223397,"myB3":6.71523386281736,"simA1":0.765141036827117,"simA2":1.26688185613602,"simA3":4.58259324543178,"simB1":6.34286859771237,"simB2":3.13183395890519,"simB3":7.37623665714636}