{"ppntid":0,"Bweight":3.3887709477124983,"mychoice":3,"myA1":4.43721246900383,"myA2":7.05839941175438,"myA3":6.856141671497051,"myB1":3.1454457156854887,"myB2":3.3453176797051287,"myB3":3.7955314664759854,"simA1":4.32029129238799,"simA2":1.53823893284425,"simA3":3.49515116773546,"simB1":1.77112437551841,"simB2":9.71220241626725,"simB3":8.82223333464935}