{"ppntid":4,"Bweight":3.9762719462019502,"mychoice":2,"myA1":1.9221104099172392,"myA2":4.3102079577985775,"myA3":4.5066571677804035,"myB1":1.736116797791687,"myB2":4.516751087852842,"myB3":0.8721580205209811,"simA1":4.32029129238799,"simA2":1.53823893284425,"simA3":3.49515116773546,"simB1":1.77112437551841,"simB2":9.71220241626725,"simB3":8.82223333464935}