{"ppntid":4,"Bweight":2.5861576905925885,"mychoice":2,"myA1":2.2544372315336303,"myA2":9.297234904310107,"myA3":8.46813953115814,"myB1":2.7516873528029584,"myB2":5.959606033953532,"myB3":5.309688164901085,"simA1":2.37154772970825,"simA2":7.2398704639636,"simA3":9.46149006485939,"simB1":4.32796909473836,"simB2":2.97014408512041,"simB3":5.05007167113945}