{"ppntid":9,"Bweight":2.6024631320423994,"mychoice":1,"myA1":3.0225915396728498,"myA2":5.902923250026122,"myA3":7.120696078742059,"myB1":6.432423793112942,"myB2":4.836273769823092,"myB3":1.0478110782308026,"simA1":4.51467339182273,"simA2":5.48836145317182,"simA3":8.37309282738715,"simB1":5.08784332778305,"simB2":2.23295776639134,"simB3":0.359112627338618}