{"ppntid":4,"Bweight":1.5247808733904367,"mychoice":2,"myA1":5.084414469176939,"myA2":9.049016578890143,"myA3":6.079705373683224,"myB1":2.599419466506361,"myB2":7.466836561390469,"myB3":5.548183293969309,"simA1":4.80207568733022,"simA2":9.74695997312665,"simA3":7.12853846373037,"simB1":1.80112784495577,"simB2":1.52530480641872,"simB3":4.3367622490041}