{"ppntid":4,"Bweight":3.033780933039716,"mychoice":2,"myA1":3.5414236636123864,"myA2":7.827989541923022,"myA3":4.160207609479302,"myB1":5.266365973653726,"myB2":9.614880673493184,"myB3":6.509741273612411,"simA1":3.71603635838255,"simA2":9.79696976253763,"simA3":5.12477620737627,"simB1":7.65577855985612,"simB2":4.01422860566527,"simB3":8.65366162965074}