{"ppntid":8,"Bweight":3.010546246066448,"mychoice":1,"myA1":7.4021766622220575,"myA2":2.5811976484954835,"myA3":5.171681361866947,"myB1":8.124226892517353,"myB2":7.083103319824538,"myB3":6.075382930404416,"simA1":4.32029129238799,"simA2":1.53823893284425,"simA3":3.49515116773546,"simB1":1.77112437551841,"simB2":9.71220241626725,"simB3":8.82223333464935}