{"ppntid":9,"Bweight":0.42390230819509656,"mychoice":2,"myA1":2.4116811619717993,"myA2":9.814568147068814,"myA3":7.352183862092083,"myB1":0.15494113392362951,"myB2":7.073165670532808,"myB3":4.528899419227333,"simA1":2.37154772970825,"simA2":7.2398704639636,"simA3":9.46149006485939,"simB1":4.32796909473836,"simB2":2.97014408512041,"simB3":5.05007167113945}