{"ppntid":2,"Bweight":2.845676791905871,"mychoice":1,"myA1":1.747158272307956,"myA2":2.2678333202370426,"myA3":4.713902582759626,"myB1":9.458525045763075,"myB2":4.998572134782027,"myB3":7.87072052249687,"simA1":2.91122147580609,"simA2":2.93499771505594,"simA3":1.23898578574881,"simB1":4.70522804185748,"simB2":0.172186829149723,"simB3":9.04782252851874}