{"ppntid":9,"Bweight":3.9327130656339415,"mychoice":2,"myA1":5.7194598674296415,"myA2":8.8716175568399,"myA3":8.302729930598415,"myB1":4.54391150840941,"myB2":7.766303317763454,"myB3":6.495244556734663,"simA1":4.80207568733022,"simA2":9.74695997312665,"simA3":7.12853846373037,"simB1":1.80112784495577,"simB2":1.52530480641872,"simB3":4.3367622490041}