{"ppntid":2,"Bweight":3.847946167405559,"mychoice":2,"myA1":6.490021901985886,"myA2":6.1339613343078625,"myA3":2.1375534074306124,"myB1":2.1681723533917063,"myB2":5.804927775676017,"myB3":6.570537946168773,"simA1":2.37154772970825,"simA2":7.2398704639636,"simA3":9.46149006485939,"simB1":4.32796909473836,"simB2":2.97014408512041,"simB3":5.05007167113945}