{"ppntid":7,"Bweight":0.7908189742292648,"mychoice":2,"myA1":5.489632659874584,"myA2":7.225447841015116,"myA3":2.9938611087261835,"myB1":5.270769313905119,"myB2":3.790908414822245,"myB3":6.096242314304188,"simA1":4.32029129238799,"simA2":1.53823893284425,"simA3":3.49515116773546,"simB1":1.77112437551841,"simB2":9.71220241626725,"simB3":8.82223333464935}