{"ppntid":9,"Bweight":1.8966507114620257,"mychoice":3,"myA1":2.7281575408816483,"myA2":4.470339250176323,"myA3":4.695882269028065,"myB1":2.7405336366163846,"myB2":0.8989779412979471,"myB3":2.6026527691922907,"simA1":2.91122147580609,"simA2":2.93499771505594,"simA3":1.23898578574881,"simB1":4.70522804185748,"simB2":0.172186829149723,"simB3":9.04782252851874}