{"ppntid":9,"Bweight":0.6908150225299603,"mychoice":1,"myA1":1.8400378542974338,"myA2":1.060969031650305,"myA3":1.7714712897335083,"myB1":9.359419573735083,"myB2":6.120257419527508,"myB3":8.375827881487632,"simA1":4.32029129238799,"simA2":1.53823893284425,"simA3":3.49515116773546,"simB1":1.77112437551841,"simB2":9.71220241626725,"simB3":8.82223333464935}