{"ppntid":5,"Bweight":4.8871727673419,"mychoice":1,"myA1":8.382265029879164,"myA2":4.22979273874822,"myA3":4.064731364393223,"myB1":7.317116872583183,"myB2":3.8613191468585684,"myB3":1.8963453813887265,"simA1":6.59848347539082,"simA2":3.2037310814485,"simA3":1.20643929112703,"simB1":6.15231747506186,"simB2":8.22033943841234,"simB3":2.70335558336228}