{"ppntid":0,"Bweight":2.0835572565981564,"mychoice":1,"myA1":5.63174228556647,"myA2":8.903819088764495,"myA3":7.102148738814558,"myB1":5.842504195845959,"myB2":2.720575705526589,"myB3":4.054674379240641,"simA1":4.80207568733022,"simA2":9.74695997312665,"simA3":7.12853846373037,"simB1":1.80112784495577,"simB2":1.52530480641872,"simB3":4.3367622490041}