{"ppntid":7,"Bweight":0.5033657779573597,"mychoice":1,"myA1":6.894816478153867,"myA2":5.7332626831827955,"myA3":3.151793336950701,"myB1":0.33716791510682187,"myB2":2.4311209367358444,"myB3":1.897037588933339,"simA1":3.67379971314222,"simA2":2.96635989332572,"simA3":2.25443732691929,"simB1":2.00263310456648,"simB2":4.88128123106435,"simB3":7.29017229517922}