{"ppntid":1,"Bweight":3.1252279133840855,"mychoice":1,"myA1":6.810778263326851,"myA2":2.1711419036935053,"myA3":8.026431172174597,"myB1":6.978600031058011,"myB2":3.309746559459674,"myB3":6.146579821638398,"simA1":3.67379971314222,"simA2":2.96635989332572,"simA3":2.25443732691929,"simB1":2.00263310456648,"simB2":4.88128123106435,"simB3":7.29017229517922}