{"ppntid":5,"Bweight":1.5645152183459343,"mychoice":3,"myA1":0.3545403773545708,"myA2":2.394361061189203,"myA3":4.5584940269740475,"myB1":5.285854817163269,"myB2":5.808627250111604,"myB3":8.387730495225252,"simA1":4.51467339182273,"simA2":5.48836145317182,"simA3":8.37309282738715,"simB1":5.08784332778305,"simB2":2.23295776639134,"simB3":0.359112627338618}