{"ppntid":9,"Bweight":1.004177827769619,"mychoice":2,"myA1":2.9648398194576697,"myA2":3.524736428858606,"myA3":1.024118095681088,"myB1":4.511006220797585,"myB2":4.839341100444523,"myB3":3.70094575336974,"simA1":3.67379971314222,"simA2":2.96635989332572,"simA3":2.25443732691929,"simB1":2.00263310456648,"simB2":4.88128123106435,"simB3":7.29017229517922}