{"ppntid":8,"Bweight":2.469989163510131,"mychoice":1,"myA1":4.1513528802894495,"myA2":3.4233026010674905,"myA3":4.020479288135199,"myB1":8.988479827159688,"myB2":6.2633330978479895,"myB3":7.113563584550981,"simA1":4.4292361382395,"simA2":5.33951839897782,"simA3":4.67120578279719,"simB1":8.93315338063985,"simB2":6.53978186193854,"simB3":9.20320985140279}