{"ppntid":1,"Bweight":4.243089590715742,"mychoice":3,"myA1":1.6453899779018677,"myA2":3.230430597171594,"myA3":3.9064405030252125,"myB1":6.257007862657522,"myB2":5.624432097753336,"myB3":9.036385942022491,"simA1":4.32029129238799,"simA2":1.53823893284425,"simA3":3.49515116773546,"simB1":1.77112437551841,"simB2":9.71220241626725,"simB3":8.82223333464935}