{"ppntid":3,"Bweight":4.819263528706161,"mychoice":1,"myA1":5.089366870057468,"myA2":3.3453176797051287,"myA3":3.7955314664759854,"myB1":6.301880682312914,"myB2":5.775905586580679,"myB3":6.452184031334887,"simA1":4.32029129238799,"simA2":1.53823893284425,"simA3":3.49515116773546,"simB1":1.77112437551841,"simB2":9.71220241626725,"simB3":8.82223333464935}