{"ppntid":8,"Bweight":1.9370341641276834,"mychoice":2,"myA1":0.3166771377581479,"myA2":7.736414379696446,"myA3":7.009990805642275,"myB1":3.46400336407785,"myB2":7.3325449533555105,"myB3":6.855589530891453,"simA1":2.37154772970825,"simA2":7.2398704639636,"simA3":9.46149006485939,"simB1":4.32796909473836,"simB2":2.97014408512041,"simB3":5.05007167113945}