{"ppntid":7,"Bweight":0.9678543839884135,"mychoice":3,"myA1":3.5182659496713065,"myA2":7.132066305451223,"myA3":8.419284164151428,"myB1":1.8511218699741816,"myB2":6.343562119584282,"myB3":8.949202800688143,"simA1":2.37154772970825,"simA2":7.2398704639636,"simA3":9.46149006485939,"simB1":4.32796909473836,"simB2":2.97014408512041,"simB3":5.05007167113945}