{"ppntid":2,"Bweight":2.293360927882592,"mychoice":1,"myA1":4.5376658370510015,"myA2":9.16739892740755,"myA3":3.2850941743072792,"myB1":7.810356673973644,"myB2":3.384393987197023,"myB3":0.14785964917723327,"simA1":3.63090072991326,"simA2":9.16425657225773,"simA3":5.10237921960652,"simB1":5.38326209876686,"simB2":3.32310018828139,"simB3":2.30925092939287}