{"ppntid":5,"Bweight":4.297947646234133,"mychoice":3,"myA1":4.364978242712865,"myA2":6.706846097808345,"myA3":5.614763633772246,"myB1":5.827003864023242,"myB2":3.4967453820191086,"myB3":5.961994693229007,"simA1":6.42703449586406,"simA2":5.70645416853949,"simA3":7.91313496185467,"simB1":1.76812876947224,"simB2":3.26391996350139,"simB3":9.63438343955204}