{"ppntid":6,"Bweight":1.117435555296461,"mychoice":3,"myA1":4.707595972317426,"myA2":2.930960216826559,"myA3":5.133821985231775,"myB1":3.6351047954253723,"myB2":2.8895576881966734,"myB3":5.599761332698705,"simA1":2.91122147580609,"simA2":2.93499771505594,"simA3":1.23898578574881,"simB1":4.70522804185748,"simB2":0.172186829149723,"simB3":9.04782252851874}