{"ppntid":4,"Bweight":0.5226602078481013,"mychoice":2,"myA1":1.2952936077073507,"myA2":8.818933832631554,"myA3":2.2764766627319633,"myB1":2.178429639010717,"myB2":8.83990872045019,"myB3":1.3194803243248132,"simA1":3.63090072991326,"simA2":9.16425657225773,"simA3":5.10237921960652,"simB1":5.38326209876686,"simB2":3.32310018828139,"simB3":2.30925092939287}