{"ppntid":5,"Bweight":2.1235097517563926,"mychoice":2,"myA1":3.872528700495488,"myA2":7.194703283320973,"myA3":2.8683247038448045,"myB1":5.45399858531699,"myB2":8.582494272448027,"myB3":4.662238734558826,"simA1":3.63090072991326,"simA2":9.16425657225773,"simA3":5.10237921960652,"simB1":5.38326209876686,"simB2":3.32310018828139,"simB3":2.30925092939287}