{"ppntid":5,"Bweight":3.262946130552986,"mychoice":3,"myA1":2.5011411197930355,"myA2":5.635600851610841,"myA3":7.141590055715898,"myB1":0.9522203370136784,"myB2":4.3491204141734086,"myB3":5.495162170090648,"simA1":2.37154772970825,"simA2":7.2398704639636,"simA3":9.46149006485939,"simB1":4.32796909473836,"simB2":2.97014408512041,"simB3":5.05007167113945}