{"ppntid":6,"Bweight":1.0985682722029955,"mychoice":3,"myA1":0.8458518610010679,"myA2":5.255445568009883,"myA3":4.718039351209933,"myB1":0.8523793002181246,"myB2":4.817785320801418,"myB3":6.967424403563955,"simA1":2.37154772970825,"simA2":7.2398704639636,"simA3":9.46149006485939,"simB1":4.32796909473836,"simB2":2.97014408512041,"simB3":5.05007167113945}