{"ppntid":2,"Bweight":2.4210636025732937,"mychoice":1,"myA1":6.844687883736764,"myA2":4.146123939518633,"myA3":2.2266851392438602,"myB1":5.700736385869492,"myB2":3.4297307228982277,"myB3":2.2321778051019403,"simA1":4.54180638305843,"simA2":2.16205808101222,"simA3":0.625319329556078,"simB1":5.18409546697512,"simB2":2.58191620465368,"simB3":3.6804819596}