{"ppntid":7,"Bweight":1.3592375084416664,"mychoice":3,"myA1":4.374608861015519,"myA2":5.558412921829827,"myA3":5.2413290019443926,"myB1":5.599191373269332,"myB2":4.130018369893316,"myB3":8.200671484698791,"simA1":4.32029129238799,"simA2":1.53823893284425,"simA3":3.49515116773546,"simB1":1.77112437551841,"simB2":9.71220241626725,"simB3":8.82223333464935}