{"ppntid":0,"Bweight":0.7475337574841701,"mychoice":2,"myA1":2.3194429248684822,"myA2":5.268834123314628,"myA3":4.262317018085547,"myB1":3.5977687760494925,"myB2":3.937148839423239,"myB3":3.7955314664759854,"simA1":4.32029129238799,"simA2":1.53823893284425,"simA3":3.49515116773546,"simB1":1.77112437551841,"simB2":9.71220241626725,"simB3":8.82223333464935}