{"ppntid":9,"Bweight":4.114085128052144,"mychoice":3,"myA1":2.247125568027455,"myA2":9.457397160843106,"myA3":5.407189849542582,"myB1":1.6302190941796768,"myB2":5.972473811941992,"myB3":7.995912694646554,"simA1":2.37154772970825,"simA2":7.2398704639636,"simA3":9.46149006485939,"simB1":4.32796909473836,"simB2":2.97014408512041,"simB3":5.05007167113945}