{"ppntid":0,"Bweight":2.904157052064922,"mychoice":2,"myA1":2.295794408543983,"myA2":6.483943551400162,"myA3":0.7551535750681437,"myB1":5.659677081548502,"myB2":8.679279657147251,"myB3":5.1814575030063,"simA1":3.71603635838255,"simA2":9.79696976253763,"simA3":5.12477620737627,"simB1":7.65577855985612,"simB2":4.01422860566527,"simB3":8.65366162965074}