{"ppntid":6,"Bweight":1.3259821824739904,"mychoice":1,"myA1":2.0008151459429935,"myA2":0.4336061203219521,"myA3":2.1429913742083206,"myB1":6.116905214306723,"myB2":3.1685192415766883,"myB3":4.949988293205254,"simA1":2.91122147580609,"simA2":2.93499771505594,"simA3":1.23898578574881,"simB1":4.70522804185748,"simB2":0.172186829149723,"simB3":9.04782252851874}