{"ppntid":1,"Bweight":0.816207488336711,"mychoice":2,"myA1":6.607318839757217,"myA2":9.612918356210738,"myA3":6.299143556233322,"myB1":4.589141216683224,"myB2":7.827989541923022,"myB3":4.347778793448072,"simA1":3.63090072991326,"simA2":9.16425657225773,"simA3":5.10237921960652,"simB1":5.38326209876686,"simB2":3.32310018828139,"simB3":2.30925092939287}