{"ppntid":1,"Bweight":1.3983202038515652,"mychoice":2,"myA1":0.4861183408623493,"myA2":4.290806117440482,"myA3":1.3455973083715755,"myB1":5.090708538813993,"myB2":8.857901658660365,"myB3":7.033308082579179,"simA1":4.80207568733022,"simA2":9.74695997312665,"simA3":7.12853846373037,"simB1":1.80112784495577,"simB2":1.52530480641872,"simB3":4.3367622490041}