{"ppntid":1,"Bweight":2.8546126152455473,"mychoice":1,"myA1":7.442926018635177,"myA2":5.062621005484706,"myA3":6.51773166753141,"myB1":4.00143059154148,"myB2":1.9549309582374597,"myB3":0.6890176363063238,"simA1":3.56275786180049,"simA2":4.79649164713919,"simA3":4.50524755753577,"simB1":3.26908839400858,"simB2":1.65099348407239,"simB3":0.779375885613263}