{"ppntid":9,"Bweight":0.04388702569707803,"mychoice":2,"myA1":1.6087915083030135,"myA2":6.033632122016705,"myA3":4.461450759513392,"myB1":5.275113016592947,"myB2":9.17539753541054,"myB3":8.01529430887107,"simA1":4.80207568733022,"simA2":9.74695997312665,"simA3":7.12853846373037,"simB1":1.80112784495577,"simB2":1.52530480641872,"simB3":4.3367622490041}