{"ppntid":5,"Bweight":1.2581698772142957,"mychoice":2,"myA1":0.03864261291988358,"myA2":8.661931345112395,"myA3":9.909127944830633,"myB1":4.662189141890403,"myB2":9.505443601719001,"myB3":8.0097011019318,"simA1":2.37154772970825,"simA2":7.2398704639636,"simA3":9.46149006485939,"simB1":4.32796909473836,"simB2":2.97014408512041,"simB3":5.05007167113945}