{"ppntid":9,"Bweight":3.447311021305156,"mychoice":2,"myA1":4.798906270607266,"myA2":8.06680192585862,"myA3":8.989403260288178,"myB1":0.6054340356084009,"myB2":6.147311547692283,"myB3":5.777485649944087,"simA1":2.37154772970825,"simA2":7.2398704639636,"simA3":9.46149006485939,"simB1":4.32796909473836,"simB2":2.97014408512041,"simB3":5.05007167113945}