{"ppntid":8,"Bweight":1.946601987648724,"mychoice":2,"myA1":8.46441737455381,"myA2":7.105069045884007,"myA3":6.640702267284437,"myB1":0.3723112566600961,"myB2":1.8028602666158888,"myB3":1.7953706176595574,"simA1":4.32029129238799,"simA2":1.53823893284425,"simA3":3.49515116773546,"simB1":1.77112437551841,"simB2":9.71220241626725,"simB3":8.82223333464935}