{"ppntid":5,"Bweight":1.5605853979056605,"mychoice":2,"myA1":2.700324552997808,"myA2":2.3124788682281294,"myA3":1.0770947779304318,"myB1":2.7281575408816483,"myB2":4.470339250176323,"myB3":4.695882269028065,"simA1":3.67379971314222,"simA2":2.96635989332572,"simA3":2.25443732691929,"simB1":2.00263310456648,"simB2":4.88128123106435,"simB3":7.29017229517922}