{"ppntid":5,"Bweight":2.2122138977314143,"mychoice":2,"myA1":5.381932940699712,"myA2":6.487292989283495,"myA3":4.695882269028065,"myB1":3.096116302889469,"myB2":5.623985346732492,"myB3":2.7461157939736336,"simA1":2.42332010762766,"simA2":3.03216766100377,"simA3":0.630926417652518,"simB1":2.96833007829264,"simB2":7.55062303738669,"simB3":3.78760563675314}