{"ppntid":9,"Bweight":1.863130407015,"mychoice":2,"myA1":0.4695059101582144,"myA2":4.046985461658301,"myA3":1.9735686102899797,"myB1":0.960110916885184,"myB2":4.989631590223005,"myB3":2.729395890782591,"simA1":4.80207568733022,"simA2":9.74695997312665,"simA3":7.12853846373037,"simB1":1.80112784495577,"simB2":1.52530480641872,"simB3":4.3367622490041}