{"ppntid":7,"Bweight":0.9060076960815056,"mychoice":2,"myA1":0.5023678103285345,"myA2":3.3170789537244594,"myA3":2.3986048418968364,"myB1":7.720975888364188,"myB2":9.625579740029039,"myB3":7.324683222212722,"simA1":4.32029129238799,"simA2":1.53823893284425,"simA3":3.49515116773546,"simB1":1.77112437551841,"simB2":9.71220241626725,"simB3":8.82223333464935}