{"ppntid":5,"Bweight":2.809903952999936,"mychoice":2,"myA1":7.224629899873176,"myA2":8.583530504209412,"myA3":8.2092795568668,"myB1":2.2472274747221532,"myB2":4.157760330021858,"myB3":3.8439801156028364,"simA1":4.32029129238799,"simA2":1.53823893284425,"simA3":3.49515116773546,"simB1":1.77112437551841,"simB2":9.71220241626725,"simB3":8.82223333464935}