{"ppntid":4,"Bweight":4.050029899857469,"mychoice":3,"myA1":5.109771639044118,"myA2":7.300929559619416,"myA3":5.239577627699534,"myB1":3.6166579568452395,"myB2":3.589910970535315,"myB3":6.189285280181545,"simA1":3.67379971314222,"simA2":2.96635989332572,"simA3":2.25443732691929,"simB1":2.00263310456648,"simB2":4.88128123106435,"simB3":7.29017229517922}