{"ppntid":6,"Bweight":2.477429630429161,"mychoice":3,"myA1":8.702247432891532,"myA2":9.559130644660385,"myA3":8.164985329933035,"myB1":2.226654094202394,"myB2":2.967821248879079,"myB3":5.592283107047056,"simA1":4.32029129238799,"simA2":1.53823893284425,"simA3":3.49515116773546,"simB1":1.77112437551841,"simB2":9.71220241626725,"simB3":8.82223333464935}