{"ppntid":8,"Bweight":0.5151423860491688,"mychoice":3,"myA1":3.073997573277425,"myA2":6.8563815000088475,"myA3":7.822112763491851,"myB1":1.4644641820434057,"myB2":4.9360159034411755,"myB3":5.384381998575403,"simA1":2.37154772970825,"simA2":7.2398704639636,"simA3":9.46149006485939,"simB1":4.32796909473836,"simB2":2.97014408512041,"simB3":5.05007167113945}