{"ppntid":3,"Bweight":0.2699749639747884,"mychoice":2,"myA1":0.5936464182074941,"myA2":4.218766479538361,"myA3":2.0916287143585577,"myB1":5.943442927642566,"myB2":9.521021179706807,"myB3":8.172376548974443,"simA1":4.80207568733022,"simA2":9.74695997312665,"simA3":7.12853846373037,"simB1":1.80112784495577,"simB2":1.52530480641872,"simB3":4.3367622490041}