{"ppntid":9,"Bweight":0.8520555225339788,"mychoice":1,"myA1":1.3795765156125506,"myA2":0.002057082467277205,"myA3":1.1280665636405462,"myB1":8.77808556031182,"myB2":7.68997409397651,"myB3":7.670126082800954,"simA1":4.32029129238799,"simA2":1.53823893284425,"simA3":3.49515116773546,"simB1":1.77112437551841,"simB2":9.71220241626725,"simB3":8.82223333464935}