{"ppntid":9,"Bweight":1.195660192778366,"mychoice":2,"myA1":2.8181271860830726,"myA2":7.167128932747026,"myA3":9.012312294691927,"myB1":1.5084003588586303,"myB2":7.035240298499734,"myB3":4.546194048614192,"simA1":2.37154772970825,"simA2":7.2398704639636,"simA3":9.46149006485939,"simB1":4.32796909473836,"simB2":2.97014408512041,"simB3":5.05007167113945}