{"ppntid":7,"Bweight":4.216740834771409,"mychoice":2,"myA1":4.537481324495134,"myA2":6.919592339387135,"myA3":4.407573413279813,"myB1":5.171868636372419,"myB2":6.674925633292466,"myB3":6.387444430475169,"simA1":4.32029129238799,"simA2":1.53823893284425,"simA3":3.49515116773546,"simB1":1.77112437551841,"simB2":9.71220241626725,"simB3":8.82223333464935}