{"ppntid":5,"Bweight":1.0389461283736101,"mychoice":3,"myA1":2.884214944993231,"myA2":1.778840796704988,"myA3":0.9204036562392193,"myB1":0.8638478723921761,"myB2":2.7347816044071815,"myB3":5.171665988286371,"simA1":2.42332010762766,"simA2":3.03216766100377,"simA3":0.630926417652518,"simB1":2.96833007829264,"simB2":7.55062303738669,"simB3":3.78760563675314}