{"ppntid":5,"Bweight":0.3232278111711917,"mychoice":2,"myA1":0.3491899880288707,"myA2":8.927068301835813,"myA3":7.247286332353591,"myB1":1.4378912878746908,"myB2":8.125571197457743,"myB3":7.664680742032848,"simA1":2.37154772970825,"simA2":7.2398704639636,"simA3":9.46149006485939,"simB1":4.32796909473836,"simB2":2.97014408512041,"simB3":5.05007167113945}