{"ppntid":6,"Bweight":2.1645236016624168,"mychoice":2,"myA1":8.169412067266899,"myA2":8.457837083202172,"myA3":4.1080812273845035,"myB1":8.075616041453761,"myB2":9.935528632720827,"myB3":1.062764514525707,"simA1":7.49075360363349,"simA2":8.34970372263342,"simA3":0.681783282198012,"simB1":5.88041773764417,"simB2":7.52243234310299,"simB3":3.17027122946456}