{"ppntid":9,"Bweight":0.21748744993044467,"mychoice":2,"myA1":3.2116154578308564,"myA2":5.421465063209185,"myA3":4.784741924720741,"myB1":1.0620084091549464,"myB2":2.4660437836576077,"myB3":1.8971100377554317,"simA1":4.32029129238799,"simA2":1.53823893284425,"simA3":3.49515116773546,"simB1":1.77112437551841,"simB2":9.71220241626725,"simB3":8.82223333464935}