{"ppntid":1,"Bweight":0.4103762188301463,"mychoice":2,"myA1":4.872024994766974,"myA2":7.922184560131376,"myA3":7.493544124957379,"myB1":6.113352577161503,"myB2":9.5441911793134,"myB3":8.859527181632886,"simA1":4.80207568733022,"simA2":9.74695997312665,"simA3":7.12853846373037,"simB1":1.80112784495577,"simB2":1.52530480641872,"simB3":4.3367622490041}