{"ppntid":0,"Bweight":2.660143726509,"mychoice":3,"myA1":7.015882906613092,"myA2":5.256251056984871,"myA3":7.060941300403916,"myB1":6.27140165183288,"myB2":6.310457537638419,"myB3":6.507805187931952,"simA1":4.32029129238799,"simA2":1.53823893284425,"simA3":3.49515116773546,"simB1":1.77112437551841,"simB2":9.71220241626725,"simB3":8.82223333464935}