{"ppntid":3,"Bweight":2.505539353829882,"mychoice":2,"myA1":3.2877082025284032,"myA2":6.502151170256944,"myA3":0.42417364953082126,"myB1":5.225970815835128,"myB2":8.910632402531515,"myB3":2.549908509076846,"simA1":3.63090072991326,"simA2":9.16425657225773,"simA3":5.10237921960652,"simB1":5.38326209876686,"simB2":3.32310018828139,"simB3":2.30925092939287}