{"ppntid":8,"Bweight":2.695628272041443,"mychoice":3,"myA1":1.060772384828148,"myA2":4.6528900794072765,"myA3":5.525772905645551,"myB1":3.2447766853751814,"myB2":7.476004967924692,"myB3":7.678617918043711,"simA1":2.37154772970825,"simA2":7.2398704639636,"simA3":9.46149006485939,"simB1":4.32796909473836,"simB2":2.97014408512041,"simB3":5.05007167113945}