{"ppntid":3,"Bweight":1.1045837448542473,"mychoice":3,"myA1":3.023418716232884,"myA2":6.261719472324733,"myA3":6.3482060371474835,"myB1":2.3502562296516283,"myB2":8.084499308393172,"myB3":9.90289747983512,"simA1":2.37154772970825,"simA2":7.2398704639636,"simA3":9.46149006485939,"simB1":4.32796909473836,"simB2":2.97014408512041,"simB3":5.05007167113945}