{"ppntid":9,"Bweight":2.6151558040323852,"mychoice":2,"myA1":3.063671107680692,"myA2":5.314068726371984,"myA3":2.6679168998260483,"myB1":5.47356838793749,"myB2":4.808477545762622,"myB3":3.7544809691585557,"simA1":2.42332010762766,"simA2":3.03216766100377,"simA3":0.630926417652518,"simB1":2.96833007829264,"simB2":7.55062303738669,"simB3":3.78760563675314}