{"ppntid":5,"Bweight":1.8582677715647011,"mychoice":2,"myA1":1.2123059958741145,"myA2":8.427591601245574,"myA3":4.077205588058288,"myB1":1.214181810840702,"myB2":7.090095493558392,"myB3":3.0809915489279294,"simA1":3.71603635838255,"simA2":9.79696976253763,"simA3":5.12477620737627,"simB1":7.65577855985612,"simB2":4.01422860566527,"simB3":8.65366162965074}