{"ppntid":3,"Bweight":1.0496810863696704,"mychoice":2,"myA1":2.9053715480205544,"myA2":7.092359435920024,"myA3":5.661335859148842,"myB1":1.2195632969826642,"myB2":5.294086528171309,"myB3":3.7837354090448727,"simA1":4.80207568733022,"simA2":9.74695997312665,"simA3":7.12853846373037,"simB1":1.80112784495577,"simB2":1.52530480641872,"simB3":4.3367622490041}