{"ppntid":9,"Bweight":1.4684971382554524,"mychoice":2,"myA1":2.1691685205144307,"myA2":7.711856046102843,"myA3":0.23747273520819068,"myB1":5.892281887445046,"myB2":9.612918356210738,"myB3":5.22101785704378,"simA1":3.63090072991326,"simA2":9.16425657225773,"simA3":5.10237921960652,"simB1":5.38326209876686,"simB2":3.32310018828139,"simB3":2.30925092939287}