{"ppntid":3,"Bweight":3.461705958944382,"mychoice":3,"myA1":0.6494770143158712,"myA2":4.151055197267515,"myA3":5.30739899123753,"myB1":2.777677309020079,"myB2":5.799241025619546,"myB3":7.617490950158848,"simA1":2.37154772970825,"simA2":7.2398704639636,"simA3":9.46149006485939,"simB1":4.32796909473836,"simB2":2.97014408512041,"simB3":5.05007167113945}