{"ppntid":6,"Bweight":2.4818134151979363,"mychoice":3,"myA1":9.608181581452227,"myA2":6.505969645655194,"myA3":3.7947288131304724,"myB1":2.7589746995324904,"myB2":6.302805658186125,"myB3":9.122179285972411,"simA1":2.37154772970825,"simA2":7.2398704639636,"simA3":9.46149006485939,"simB1":4.32796909473836,"simB2":2.97014408512041,"simB3":5.05007167113945}