{"ppntid":3,"Bweight":1.679824467633756,"mychoice":3,"myA1":2.7814286499797403,"myA2":7.181921470615391,"myA3":6.149644722378859,"myB1":1.7764418641639557,"myB2":5.508683217106956,"myB3":8.163570337226336,"simA1":2.37154772970825,"simA2":7.2398704639636,"simA3":9.46149006485939,"simB1":4.32796909473836,"simB2":2.97014408512041,"simB3":5.05007167113945}