{"ppntid":8,"Bweight":3.641769045266854,"mychoice":2,"myA1":3.3360496565013986,"myA2":5.730332173469699,"myA3":6.3311983033238945,"myB1":6.340789968479033,"myB2":9.798806244885865,"myB3":8.967923872766894,"simA1":2.91122147580609,"simA2":2.93499771505594,"simA3":1.23898578574881,"simB1":4.70522804185748,"simB2":0.172186829149723,"simB3":9.04782252851874}