{"ppntid":6,"Bweight":4.0328400214116975,"mychoice":1,"myA1":4.75594361287736,"myA2":9.842788145046606,"myA3":6.803492028995446,"myB1":9.85320351580318,"myB2":7.939248529272582,"myB3":4.81930570570738,"simA1":3.71603635838255,"simA2":9.79696976253763,"simA3":5.12477620737627,"simB1":7.65577855985612,"simB2":4.01422860566527,"simB3":8.65366162965074}