{"ppntid":1,"Bweight":2.4446186849184173,"mychoice":1,"myA1":9.920269917444777,"myA2":5.702817245450412,"myA3":1.583930691021791,"myB1":6.421537114071592,"myB2":2.8196803966518402,"myB3":3.0734207757233523,"simA1":6.59848347539082,"simA2":3.2037310814485,"simA3":1.20643929112703,"simB1":6.15231747506186,"simB2":8.22033943841234,"simB3":2.70335558336228}