{"ppntid":8,"Bweight":0.15218843405555793,"mychoice":1,"myA1":4.079674092207394,"myA2":3.60697889652279,"myA3":3.2192254400741405,"myB1":4.245098323059824,"myB2":7.187028312265779,"myB3":6.188619927071242,"simA1":2.91122147580609,"simA2":2.93499771505594,"simA3":1.23898578574881,"simB1":4.70522804185748,"simB2":0.172186829149723,"simB3":9.04782252851874}