{"ppntid":3,"Bweight":3.1148786656857474,"mychoice":2,"myA1":6.924307624464944,"myA2":6.500385541953968,"myA3":6.001171200844475,"myB1":5.299213884086824,"myB2":9.798806244885865,"myB3":7.960361706348893,"simA1":4.32029129238799,"simA2":1.53823893284425,"simA3":3.49515116773546,"simB1":1.77112437551841,"simB2":9.71220241626725,"simB3":8.82223333464935}