{"ppntid":2,"Bweight":3.5040022612494806,"mychoice":2,"myA1":3.1278910809353877,"myA2":0.8389770926852291,"myA3":4.0761213836043915,"myB1":7.506106519709301,"myB2":9.74449966177643,"myB3":8.023067395500107,"simA1":4.32029129238799,"simA2":1.53823893284425,"simA3":3.49515116773546,"simB1":1.77112437551841,"simB2":9.71220241626725,"simB3":8.82223333464935}