{"ppntid":4,"Bweight":4.056081834972045,"mychoice":2,"myA1":2.5278631522848705,"myA2":5.540697897359033,"myA3":2.0241017888393187,"myB1":6.607318839757217,"myB2":9.612918356210738,"myB3":6.299143556233322,"simA1":3.71603635838255,"simA2":9.79696976253763,"simA3":5.12477620737627,"simB1":7.65577855985612,"simB2":4.01422860566527,"simB3":8.65366162965074}