{"ppntid":8,"Bweight":1.1798940960611826,"mychoice":2,"myA1":3.93090223890598,"myA2":7.791217697695254,"myA3":4.923480708198696,"myB1":6.882209949718046,"myB2":7.618736784111045,"myB3":6.704411745256984,"simA1":4.32029129238799,"simA2":1.53823893284425,"simA3":3.49515116773546,"simB1":1.77112437551841,"simB2":9.71220241626725,"simB3":8.82223333464935}