{"ppntid":3,"Bweight":0.6214170583723866,"mychoice":3,"myA1":3.199187126556653,"myA2":6.178829037765561,"myA3":7.281154094741595,"myB1":5.383767861741388,"myB2":8.17122000619844,"myB3":9.326679061361782,"simA1":4.51467339182273,"simA2":5.48836145317182,"simA3":8.37309282738715,"simB1":5.08784332778305,"simB2":2.23295776639134,"simB3":0.359112627338618}