{"ppntid":0,"Bweight":1.3438406091051869,"mychoice":2,"myA1":3.2884345252021263,"myA2":6.706034495853506,"myA3":5.833153982846349,"myB1":2.651839249000303,"myB2":6.495953280857862,"myB3":2.1217847791209854,"simA1":3.63090072991326,"simA2":9.16425657225773,"simA3":5.10237921960652,"simB1":5.38326209876686,"simB2":3.32310018828139,"simB3":2.30925092939287}