{"ppntid":5,"Bweight":3.5215538025639614,"mychoice":3,"myA1":5.6401269978906265,"myA2":6.945917578395601,"myA3":9.949125957721765,"myB1":5.675848835712807,"myB2":2.3563362840601143,"myB3":8.829757724645422,"simA1":4.7013964317739,"simA2":1.5995579212904,"simA3":9.40290921367705,"simB1":2.04010848188773,"simB2":9.24196011386812,"simB3":3.83662213338539}