{"ppntid":2,"Bweight":0.6733641472092189,"mychoice":2,"myA1":6.336749280389487,"myA2":9.68043398014303,"myA3":8.44461536211723,"myB1":5.839136932951812,"myB2":5.213594354991664,"myB3":3.7955314664759854,"simA1":6.42703449586406,"simA2":5.70645416853949,"simA3":7.91313496185467,"simB1":1.76812876947224,"simB2":3.26391996350139,"simB3":9.63438343955204}