{"ppntid":0,"Bweight":3.8206651428072256,"mychoice":3,"myA1":1.9245264149700003,"myA2":6.023662066048754,"myA3":4.216944118265211,"myB1":2.3676528724643364,"myB2":5.544857173960747,"myB3":6.284330847322785,"simA1":2.37154772970825,"simA2":7.2398704639636,"simA3":9.46149006485939,"simB1":4.32796909473836,"simB2":2.97014408512041,"simB3":5.05007167113945}