{"ppntid":7,"Bweight":3.649675357644553,"mychoice":2,"myA1":5.381277055565437,"myA2":0.45474199673002813,"myA3":6.993712098253482,"myB1":1.6360938795450064,"myB2":6.280832033147769,"myB3":2.979259557304159,"simA1":4.80207568733022,"simA2":9.74695997312665,"simA3":7.12853846373037,"simB1":1.80112784495577,"simB2":1.52530480641872,"simB3":4.3367622490041}