{"ppntid":3,"Bweight":0.996971412297285,"mychoice":1,"myA1":4.516545065898383,"myA2":3.453517059694451,"myA3":3.771444361463745,"myB1":6.854712975366388,"myB2":5.086789520005668,"myB3":2.236010710559033,"simA1":2.91122147580609,"simA2":2.93499771505594,"simA3":1.23898578574881,"simB1":4.70522804185748,"simB2":0.172186829149723,"simB3":9.04782252851874}