{"ppntid":8,"Bweight":4.970508775791726,"mychoice":1,"myA1":5.401438035176829,"myA2":3.5721771046031137,"myA3":8.103535759668397,"myB1":4.3532402907248375,"myB2":3.4024354761629305,"myB3":2.2939063023358863,"simA1":2.91122147580609,"simA2":2.93499771505594,"simA3":1.23898578574881,"simB1":4.70522804185748,"simB2":0.172186829149723,"simB3":9.04782252851874}