{"ppntid":4,"Bweight":0.8388682481150056,"mychoice":3,"myA1":1.5492719924917209,"myA2":1.5973326487212591,"myA3":3.7741516231174965,"myB1":2.6219082424734497,"myB2":4.912275312636267,"myB3":3.715690663764135,"simA1":3.67379971314222,"simA2":2.96635989332572,"simA3":2.25443732691929,"simB1":2.00263310456648,"simB2":4.88128123106435,"simB3":7.29017229517922}