{"ppntid":4,"Bweight":4.884055567171302,"mychoice":1,"myA1":3.510216930919776,"myA2":3.8508533026592584,"myA3":3.3777877358780883,"myB1":5.054450925823617,"myB2":1.4695579713423301,"myB3":4.449021430600317,"simA1":2.91122147580609,"simA2":2.93499771505594,"simA3":1.23898578574881,"simB1":4.70522804185748,"simB2":0.172186829149723,"simB3":9.04782252851874}