{"ppntid":5,"Bweight":1.7849642116250708,"mychoice":3,"myA1":1.6042854025145359,"myA2":5.8362941209194785,"myA3":8.613778393046056,"myB1":0.15494113392362951,"myB2":3.189331140093965,"myB3":4.528899419227333,"simA1":2.37154772970825,"simA2":7.2398704639636,"simA3":9.46149006485939,"simB1":4.32796909473836,"simB2":2.97014408512041,"simB3":5.05007167113945}