{"ppntid":1,"Bweight":1.746783834622354,"mychoice":2,"myA1":1.282729007226231,"myA2":4.349377269960337,"myA3":1.2494426852400564,"myB1":5.921623670135916,"myB2":9.133931249935456,"myB3":4.415169913238211,"simA1":3.63090072991326,"simA2":9.16425657225773,"simA3":5.10237921960652,"simB1":5.38326209876686,"simB2":3.32310018828139,"simB3":2.30925092939287}