{"ppntid":7,"Bweight":2.040798659246473,"mychoice":2,"myA1":1.2321331143829695,"myA2":7.040044473888464,"myA3":8.0896854053548,"myB1":3.6706072571651394,"myB2":8.536861780697622,"myB3":7.04032645702426,"simA1":2.37154772970825,"simA2":7.2398704639636,"simA3":9.46149006485939,"simB1":4.32796909473836,"simB2":2.97014408512041,"simB3":5.05007167113945}