{"ppntid":1,"Bweight":0.8385803847280671,"mychoice":2,"myA1":4.793908769162842,"myA2":8.911784181872576,"myA3":7.4511558029149505,"myB1":2.542488122863442,"myB2":6.304629754055471,"myB3":3.4178413207257785,"simA1":4.80207568733022,"simA2":9.74695997312665,"simA3":7.12853846373037,"simB1":1.80112784495577,"simB2":1.52530480641872,"simB3":4.3367622490041}