{"ppntid":9,"Bweight":4.161127458732436,"mychoice":3,"myA1":7.538983670101491,"myA2":7.689835157688167,"myA3":9.030542750320725,"myB1":4.341933847742503,"myB2":4.280963532109836,"myB3":5.304448436287171,"simA1":2.91122147580609,"simA2":2.93499771505594,"simA3":1.23898578574881,"simB1":4.70522804185748,"simB2":0.172186829149723,"simB3":9.04782252851874}