{"ppntid":0,"Bweight":3.3455169214208658,"mychoice":3,"myA1":9.704648268553388,"myA2":0.2546905972905811,"myA3":2.911440139922312,"myB1":3.7082854981696523,"myB2":7.239258452688633,"myB3":6.467577931436763,"simA1":4.80207568733022,"simA2":9.74695997312665,"simA3":7.12853846373037,"simB1":1.80112784495577,"simB2":1.52530480641872,"simB3":4.3367622490041}