{"ppntid":4,"Bweight":0.2877022243571947,"mychoice":1,"myA1":4.647753007101755,"myA2":2.5930624943713054,"myA3":0.17271170950392767,"myB1":5.957631877239306,"myB2":5.070490482556229,"myB3":4.8714804900661495,"simA1":2.91122147580609,"simA2":2.93499771505594,"simA3":1.23898578574881,"simB1":4.70522804185748,"simB2":0.172186829149723,"simB3":9.04782252851874}