{"ppntid":4,"Bweight":2.580234512977606,"mychoice":2,"myA1":2.7581373257185238,"myA2":4.4926757788142275,"myA3":1.1700666592918663,"myB1":3.9085934530446043,"myB2":9.15093650052139,"myB3":3.390912206565815,"simA1":3.71603635838255,"simA2":9.79696976253763,"simA3":5.12477620737627,"simB1":7.65577855985612,"simB2":4.01422860566527,"simB3":8.65366162965074}