{"ppntid":0,"Bweight":0.6901930445337223,"mychoice":3,"myA1":5.984876943885508,"myA2":6.012501455527815,"myA3":8.401507303859319,"myB1":4.620324727452532,"myB2":3.023125197349077,"myB3":3.7273428397788666,"simA1":4.32029129238799,"simA2":1.53823893284425,"simA3":3.49515116773546,"simB1":1.77112437551841,"simB2":9.71220241626725,"simB3":8.82223333464935}