{"ppntid":2,"Bweight":0.13404622960155432,"mychoice":1,"myA1":6.5685617405249275,"myA2":3.7492357562757084,"myA3":4.755206919455421,"myB1":5.156084739032137,"myB2":4.577100874373001,"myB3":4.286816257361239,"simA1":4.32029129238799,"simA2":1.53823893284425,"simA3":3.49515116773546,"simB1":1.77112437551841,"simB2":9.71220241626725,"simB3":8.82223333464935}