{"ppntid":0,"Bweight":2.9622970387864678,"mychoice":2,"myA1":3.6166579568452395,"myA2":5.908827206950786,"myA3":6.189285280181545,"myB1":8.051704392952244,"myB2":9.559130644660385,"myB3":9.209158601251135,"simA1":2.91122147580609,"simA2":2.93499771505594,"simA3":1.23898578574881,"simB1":4.70522804185748,"simB2":0.172186829149723,"simB3":9.04782252851874}