{"ppntid":5,"Bweight":0.3021369522592532,"mychoice":2,"myA1":4.873392268275108,"myA2":9.021833362157476,"myA3":1.3170430175166081,"myB1":1.4299508514196302,"myB2":9.047704539780785,"myB3":2.1888977969451906,"simA1":3.71603635838255,"simA2":9.79696976253763,"simA3":5.12477620737627,"simB1":7.65577855985612,"simB2":4.01422860566527,"simB3":8.65366162965074}