{"ppntid":1,"Bweight":1.1694610258010885,"mychoice":2,"myA1":1.6543563425177599,"myA2":5.177449727880836,"myA3":1.5037910801745702,"myB1":2.949029794442488,"myB2":6.677583811674861,"myB3":1.7094192209431847,"simA1":3.71603635838255,"simA2":9.79696976253763,"simA3":5.12477620737627,"simB1":7.65577855985612,"simB2":4.01422860566527,"simB3":8.65366162965074}