{"ppntid":3,"Bweight":4.441810505619641,"mychoice":3,"myA1":1.0306620810203726,"myA2":3.306579019471594,"myA3":2.9933593945440506,"myB1":4.8448079654506415,"myB2":4.551710989131612,"myB3":7.209464491780526,"simA1":4.32029129238799,"simA2":1.53823893284425,"simA3":3.49515116773546,"simB1":1.77112437551841,"simB2":9.71220241626725,"simB3":8.82223333464935}