{"ppntid":1,"Bweight":2.973166189138179,"mychoice":3,"myA1":1.5693005463415965,"myA2":0.5892007741266014,"myA3":1.1832051910287644,"myB1":5.713090031261561,"myB2":5.030292743239659,"myB3":7.452633804941371,"simA1":2.91122147580609,"simA2":2.93499771505594,"simA3":1.23898578574881,"simB1":4.70522804185748,"simB2":0.172186829149723,"simB3":9.04782252851874}