{"ppntid":0,"Bweight":0.7371162965794631,"mychoice":2,"myA1":7.300260609821462,"myA2":9.063641838878258,"myA3":6.044297046211165,"myB1":5.528833665240535,"myB2":7.7326652185922455,"myB3":4.455464671981046,"simA1":4.32029129238799,"simA2":1.53823893284425,"simA3":3.49515116773546,"simB1":1.77112437551841,"simB2":9.71220241626725,"simB3":8.82223333464935}