{"ppntid":4,"Bweight":3.943694570828802,"mychoice":2,"myA1":8.418563158190732,"myA2":7.588396370343256,"myA3":8.932954053650965,"myB1":1.04577436139214,"myB2":3.614616263482633,"myB3":2.409410663439948,"simA1":2.42332010762766,"simA2":3.03216766100377,"simA3":0.630926417652518,"simB1":2.96833007829264,"simB2":7.55062303738669,"simB3":3.78760563675314}