{"ppntid":4,"Bweight":0.9136195483551979,"mychoice":3,"myA1":1.1766640123302152,"myA2":2.967821248879079,"myA3":5.592283107047056,"myB1":3.0385176287859994,"myB2":3.945410369504534,"myB3":6.063152477461646,"simA1":4.51467339182273,"simA2":5.48836145317182,"simA3":8.37309282738715,"simB1":5.08784332778305,"simB2":2.23295776639134,"simB3":0.359112627338618}