{"ppntid":6,"Bweight":3.687790880075533,"mychoice":3,"myA1":8.885135542939192,"myA2":6.814513248095282,"myA3":5.975759826393492,"myB1":0.7584581534797352,"myB2":2.8311922930605804,"myB3":3.7544809691585557,"simA1":4.32029129238799,"simA2":1.53823893284425,"simA3":3.49515116773546,"simB1":1.77112437551841,"simB2":9.71220241626725,"simB3":8.82223333464935}