{"ppntid":7,"Bweight":0.539594259609224,"mychoice":3,"myA1":2.868117062555686,"myA2":5.024262945139936,"myA3":4.029385976167297,"myB1":7.310767790028054,"myB2":5.120334708292802,"myB3":7.112287584900696,"simA1":2.91122147580609,"simA2":2.93499771505594,"simA3":1.23898578574881,"simB1":4.70522804185748,"simB2":0.172186829149723,"simB3":9.04782252851874}