{"ppntid":7,"Bweight":4.763826848601857,"mychoice":2,"myA1":2.599419466506361,"myA2":5.705886453485631,"myA3":3.030793067439541,"myB1":1.5504440230060124,"myB2":5.3197319296000405,"myB3":5.6403494901475515,"simA1":2.37154772970825,"simA2":7.2398704639636,"simA3":9.46149006485939,"simB1":4.32796909473836,"simB2":2.97014408512041,"simB3":5.05007167113945}