{"ppntid":1,"Bweight":0.8888869601482652,"mychoice":2,"myA1":4.462192415397366,"myA2":9.175540239697906,"myA3":0.9305921576951048,"myB1":2.949029794442488,"myB2":6.677583811674861,"myB3":1.7094192209431847,"simA1":3.63090072991326,"simA2":9.16425657225773,"simA3":5.10237921960652,"simB1":5.38326209876686,"simB2":3.32310018828139,"simB3":2.30925092939287}