{"ppntid":1,"Bweight":1.9843218057370438,"mychoice":3,"myA1":2.6236424479242304,"myA2":1.8057460753644783,"myA3":1.9019379735279074,"myB1":4.073547557923622,"myB2":1.7392600166909244,"myB3":5.752471458699313,"simA1":2.91122147580609,"simA2":2.93499771505594,"simA3":1.23898578574881,"simB1":4.70522804185748,"simB2":0.172186829149723,"simB3":9.04782252851874}