{"ppntid":6,"Bweight":2.919837252514661,"mychoice":3,"myA1":7.5077734227951325,"myA2":9.217518684073703,"myA3":9.272042468879953,"myB1":3.8649602386546156,"myB2":5.626108474252991,"myB3":5.632807190094107,"simA1":4.32029129238799,"simA2":1.53823893284425,"simA3":3.49515116773546,"simB1":1.77112437551841,"simB2":9.71220241626725,"simB3":8.82223333464935}