{"ppntid":5,"Bweight":1.3425173001343071,"mychoice":3,"myA1":9.106033281359078,"myA2":7.317024531736731,"myA3":5.477127708853125,"myB1":1.1606174290900917,"myB2":3.4089141663227984,"myB3":5.721690404422237,"simA1":3.29687187680975,"simA2":5.4541685571894,"simA3":6.82188550475985,"simB1":0.892747831530869,"simB2":7.97647939994931,"simB3":4.4746849546209}