{"ppntid":5,"Bweight":3.0249806630418763,"mychoice":3,"myA1":4.253221551875768,"myA2":2.5234856450500964,"myA3":5.12313671510499,"myB1":6.338491341146984,"myB2":6.726827411013712,"myB3":7.724553069834135,"simA1":4.4292361382395,"simA2":5.33951839897782,"simA3":4.67120578279719,"simB1":8.93315338063985,"simB2":6.53978186193854,"simB3":9.20320985140279}