{"ppntid":4,"Bweight":2.1677182131326136,"mychoice":3,"myA1":3.3414652135825285,"myA2":3.023125197349077,"myA3":3.7273428397788666,"myB1":3.9840360410080145,"myB2":4.336147535247779,"myB3":6.290228744566411,"simA1":3.67379971314222,"simA2":2.96635989332572,"simA3":2.25443732691929,"simB1":2.00263310456648,"simB2":4.88128123106435,"simB3":7.29017229517922}