{"ppntid":3,"Bweight":2.5467162214932557,"mychoice":3,"myA1":0.802140061087584,"myA2":6.288565675121007,"myA3":9.670819712040124,"myB1":4.578422228338626,"myB2":8.910938134266967,"myB3":8.840360101747137,"simA1":2.37154772970825,"simA2":7.2398704639636,"simA3":9.46149006485939,"simB1":4.32796909473836,"simB2":2.97014408512041,"simB3":5.05007167113945}