{"ppntid":1,"Bweight":4.197156448073677,"mychoice":2,"myA1":7.143131666321018,"myA2":4.669962955685416,"myA3":6.5697284025797975,"myB1":5.156058166878017,"myB2":6.324231413396115,"myB3":2.472447137512428,"simA1":2.42332010762766,"simA2":3.03216766100377,"simA3":0.630926417652518,"simB1":2.96833007829264,"simB2":7.55062303738669,"simB3":3.78760563675314}