{"ppntid":0,"Bweight":0.17846147913509913,"mychoice":3,"myA1":0.4429243180862885,"myA2":2.091927319185427,"myA3":3.5475218499349026,"myB1":8.308989005805373,"myB2":6.985939917617667,"myB3":2.9227766436683345,"simA1":0.765141036827117,"simA2":1.26688185613602,"simA3":4.58259324543178,"simB1":6.34286859771237,"simB2":3.13183395890519,"simB3":7.37623665714636}