{"ppntid":9,"Bweight":2.1577490228023297,"mychoice":1,"myA1":5.90503084023662,"myA2":4.294239554124351,"myA3":2.249717148608459,"myB1":6.542059706557994,"myB2":1.0354088693844177,"myB3":1.457780267673161,"simA1":4.54180638305843,"simA2":2.16205808101222,"simA3":0.625319329556078,"simB1":5.18409546697512,"simB2":2.58191620465368,"simB3":3.6804819596}