{"ppntid":8,"Bweight":2.499294115910806,"mychoice":3,"myA1":5.775369318375438,"myA2":8.12022600872736,"myA3":9.925347989128353,"myB1":3.2407807567322355,"myB2":0.4273058529011142,"myB3":5.823559673517533,"simA1":2.91122147580609,"simA2":2.93499771505594,"simA3":1.23898578574881,"simB1":4.70522804185748,"simB2":0.172186829149723,"simB3":9.04782252851874}