{"ppntid":5,"Bweight":1.0745027270690988,"mychoice":3,"myA1":4.881457436634939,"myA2":3.583049639935496,"myA3":3.4269725322335587,"myB1":0.832887237805966,"myB2":3.285388439491086,"myB3":3.6056271971111142,"simA1":3.67379971314222,"simA2":2.96635989332572,"simA3":2.25443732691929,"simB1":2.00263310456648,"simB2":4.88128123106435,"simB3":7.29017229517922}