{"ppntid":6,"Bweight":1.3135967552252803,"mychoice":1,"myA1":3.94305345843061,"myA2":1.8909307221718463,"myA3":5.966428326312927,"myB1":4.831362080400776,"myB2":2.480583663186242,"myB3":3.2655568148309966,"simA1":2.91122147580609,"simA2":2.93499771505594,"simA3":1.23898578574881,"simB1":4.70522804185748,"simB2":0.172186829149723,"simB3":9.04782252851874}