{"ppntid":0,"Bweight":3.3887709477124983,"mychoice":2,"myA1":4.43721246900383,"myA2":7.05839941175438,"myA3":6.856141671497051,"myB1":5.1231664073794985,"myB2":7.4165879982289535,"myB3":6.181419404436605,"simA1":4.32029129238799,"simA2":1.53823893284425,"simA3":3.49515116773546,"simB1":1.77112437551841,"simB2":9.71220241626725,"simB3":8.82223333464935}