{"ppntid":9,"Bweight":2.3128947335914116,"mychoice":2,"myA1":5.365499613733363,"myA2":9.491765956845333,"myA3":9.678091362191159,"myB1":1.7701344727835888,"myB2":6.437991464480484,"myB3":5.4029284725254545,"simA1":2.37154772970825,"simA2":7.2398704639636,"simA3":9.46149006485939,"simB1":4.32796909473836,"simB2":2.97014408512041,"simB3":5.05007167113945}