{"ppntid":3,"Bweight":4.6058034740851,"mychoice":1,"myA1":1.16675601186911,"myA2":1.0206265849083351,"myA3":0.8021285232368203,"myB1":6.650969018747272,"myB2":4.470339250176323,"myB3":3.812738243033673,"simA1":2.42332010762766,"simA2":3.03216766100377,"simA3":0.630926417652518,"simB1":2.96833007829264,"simB2":7.55062303738669,"simB3":3.78760563675314}