{"ppntid":1,"Bweight":3.7499547702027747,"mychoice":3,"myA1":8.420091391970066,"myA2":9.45252298193452,"myA3":8.80381558295694,"myB1":6.7686615989660925,"myB2":8.038233600640304,"myB3":9.425792473212764,"simA1":3.67379971314222,"simA2":2.96635989332572,"simA3":2.25443732691929,"simB1":2.00263310456648,"simB2":4.88128123106435,"simB3":7.29017229517922}