{"ppntid":8,"Bweight":1.293565911433231,"mychoice":1,"myA1":5.054450925823617,"myA2":5.019506350862811,"myA3":4.854262676156522,"myB1":2.662583141084731,"myB2":2.3597821018271703,"myB3":2.735365423183802,"simA1":6.42703449586406,"simA2":5.70645416853949,"simA3":7.91313496185467,"simB1":1.76812876947224,"simB2":3.26391996350139,"simB3":9.63438343955204}