{"ppntid":2,"Bweight":3.766194148294535,"mychoice":2,"myA1":0.19129533034834667,"myA2":3.357432757165959,"myA3":1.1804488028510285,"myB1":4.063810077317225,"myB2":7.1182144446978235,"myB3":6.635628247140812,"simA1":4.80207568733022,"simA2":9.74695997312665,"simA3":7.12853846373037,"simB1":1.80112784495577,"simB2":1.52530480641872,"simB3":4.3367622490041}