{"ppntid":2,"Bweight":3.280622203522795,"mychoice":3,"myA1":2.7420511600769393,"myA2":0.42329942305244783,"myA3":9.326171501937807,"myB1":5.929116037671999,"myB2":3.0014091768144557,"myB3":6.683631340060661,"simA1":0.765141036827117,"simA2":1.26688185613602,"simA3":4.58259324543178,"simB1":6.34286859771237,"simB2":3.13183395890519,"simB3":7.37623665714636}