{"ppntid":8,"Bweight":0.3486569032565978,"mychoice":1,"myA1":3.548134101115734,"myA2":1.2707215662374893,"myA3":1.2583945413339381,"myB1":3.1357278062845584,"myB2":4.132926674138462,"myB3":3.2842658043255457,"simA1":4.32029129238799,"simA2":1.53823893284425,"simA3":3.49515116773546,"simB1":1.77112437551841,"simB2":9.71220241626725,"simB3":8.82223333464935}