{"ppntid":8,"Bweight":3.710545061881003,"mychoice":2,"myA1":7.434175156338876,"myA2":9.67549819004104,"myA3":5.819796092199489,"myB1":4.8483057479563545,"myB2":7.876679945204847,"myB3":4.024838932735097,"simA1":3.71603635838255,"simA2":9.79696976253763,"simA3":5.12477620737627,"simB1":7.65577855985612,"simB2":4.01422860566527,"simB3":8.65366162965074}