{"ppntid":8,"Bweight":3.4970918155289867,"mychoice":1,"myA1":0.8516584704599128,"myA2":0.2702912782771749,"myA3":2.9468140586861002,"myB1":6.030484976930957,"myB2":5.7332626831827955,"myB3":2.9979438760341126,"simA1":3.67379971314222,"simA2":2.96635989332572,"simA3":2.25443732691929,"simB1":2.00263310456648,"simB2":4.88128123106435,"simB3":7.29017229517922}