{"ppntid":0,"Bweight":1.7456641325653321,"mychoice":2,"myA1":4.079475630484928,"myA2":9.803079063495074,"myA3":8.184278730719235,"myB1":0.9507148091304818,"myB2":6.627657499703221,"myB3":5.331462856299738,"simA1":2.37154772970825,"simA2":7.2398704639636,"simA3":9.46149006485939,"simB1":4.32796909473836,"simB2":2.97014408512041,"simB3":5.05007167113945}