{"ppntid":0,"Bweight":1.5131835356904177,"mychoice":3,"myA1":1.279740799575837,"myA2":5.106708982233412,"myA3":5.2246082978537505,"myB1":1.475056887615649,"myB2":6.376219614426118,"myB3":9.124380401534884,"simA1":2.37154772970825,"simA2":7.2398704639636,"simA3":9.46149006485939,"simB1":4.32796909473836,"simB2":2.97014408512041,"simB3":5.05007167113945}