{"ppntid":3,"Bweight":1.0818630770876003,"mychoice":2,"myA1":3.9182467928676235,"myA2":8.117125297376147,"myA3":5.984936597206527,"myB1":6.155914370600488,"myB2":5.671634153582133,"myB3":2.678356284780581,"simA1":4.32029129238799,"simA2":1.53823893284425,"simA3":3.49515116773546,"simB1":1.77112437551841,"simB2":9.71220241626725,"simB3":8.82223333464935}