{"ppntid":8,"Bweight":4.0466127907865515,"mychoice":2,"myA1":0.7492425144302461,"myA2":5.163534612278542,"myA3":2.253345762390384,"myB1":3.2424450625267887,"myB2":6.3190653666097685,"myB3":5.174792759376087,"simA1":4.80207568733022,"simA2":9.74695997312665,"simA3":7.12853846373037,"simB1":1.80112784495577,"simB2":1.52530480641872,"simB3":4.3367622490041}