{"ppntid":5,"Bweight":0.38471650925382406,"mychoice":3,"myA1":1.3852482286141576,"myA2":4.8373681644740145,"myA3":8.622669405411116,"myB1":3.5379720461185893,"myB2":9.817290033416255,"myB3":9.490978858598753,"simA1":2.37154772970825,"simA2":7.2398704639636,"simA3":9.46149006485939,"simB1":4.32796909473836,"simB2":2.97014408512041,"simB3":5.05007167113945}