{"ppntid":6,"Bweight":1.9454299690481924,"mychoice":3,"myA1":5.113867964169721,"myA2":3.0174473542531,"myA3":4.226577729766157,"myB1":1.9567025680043049,"myB2":3.6581649483303513,"myB3":4.609826534232266,"simA1":2.91122147580609,"simA2":2.93499771505594,"simA3":1.23898578574881,"simB1":4.70522804185748,"simB2":0.172186829149723,"simB3":9.04782252851874}