{"ppntid":6,"Bweight":2.8984134048774477,"mychoice":2,"myA1":0.921715474488638,"myA2":6.395414420870782,"myA3":3.159825693755949,"myB1":3.0611287869544945,"myB2":7.924713400106082,"myB3":5.884200521219554,"simA1":4.80207568733022,"simA2":9.74695997312665,"simA3":7.12853846373037,"simB1":1.80112784495577,"simB2":1.52530480641872,"simB3":4.3367622490041}