{"ppntid":5,"Bweight":0.44537984133278363,"mychoice":3,"myA1":7.608366306600973,"myA2":1.1880512025237966,"myA3":8.697581010476796,"myB1":5.347029847281148,"myB2":9.007481215160894,"myB3":4.542903641135167,"simA1":3.71603635838255,"simA2":9.79696976253763,"simA3":5.12477620737627,"simB1":7.65577855985612,"simB2":4.01422860566527,"simB3":8.65366162965074}