{"ppntid":2,"Bweight":0.9344041617056043,"mychoice":2,"myA1":6.178884394815687,"myA2":6.817710638972255,"myA3":1.9783775373128698,"myB1":7.911639200602558,"myB2":7.339766314785461,"myB3":2.9647721057236076,"simA1":7.49075360363349,"simA2":8.34970372263342,"simA3":0.681783282198012,"simB1":5.88041773764417,"simB2":7.52243234310299,"simB3":3.17027122946456}