{"ppntid":8,"Bweight":4.552748730678658,"mychoice":1,"myA1":2.088252526144392,"myA2":3.3985854523981396,"myA3":5.862586514121661,"myB1":8.94830827790853,"myB2":1.6755793719255996,"myB3":5.492293348021322,"simA1":0.765141036827117,"simA2":1.26688185613602,"simA3":4.58259324543178,"simB1":6.34286859771237,"simB2":3.13183395890519,"simB3":7.37623665714636}