{"ppntid":4,"Bweight":0.4183607948277823,"mychoice":2,"myA1":3.7313674303772193,"myA2":8.406016043787357,"myA3":4.891298337620585,"myB1":1.3532509582119734,"myB2":4.78889116180008,"myB3":1.691686539058841,"simA1":3.71603635838255,"simA2":9.79696976253763,"simA3":5.12477620737627,"simB1":7.65577855985612,"simB2":4.01422860566527,"simB3":8.65366162965074}