{"ppntid":4,"Bweight":2.205489046277039,"mychoice":3,"myA1":5.090372003501205,"myA2":6.356884910101471,"myA3":9.157648210802332,"myB1":6.210521015916292,"myB2":6.186731894290107,"myB3":8.655008194822216,"simA1":4.32029129238799,"simA2":1.53823893284425,"simA3":3.49515116773546,"simB1":1.77112437551841,"simB2":9.71220241626725,"simB3":8.82223333464935}