{"ppntid":4,"Bweight":0.16846955633228244,"mychoice":3,"myA1":6.92755598180391,"myA2":5.70138506073844,"myA3":7.12261358412837,"myB1":4.862703512667929,"myB2":6.654888976556532,"myB3":5.358843244446991,"simA1":3.67379971314222,"simA2":2.96635989332572,"simA3":2.25443732691929,"simB1":2.00263310456648,"simB2":4.88128123106435,"simB3":7.29017229517922}