{"ppntid":0,"Bweight":3.31430648506175,"mychoice":1,"myA1":7.201739627533323,"myA2":6.740486103268443,"myA3":9.64971180935886,"myB1":7.784890058933065,"myB2":6.701543911738906,"myB3":6.2955342644977685,"simA1":4.4292361382395,"simA2":5.33951839897782,"simA3":4.67120578279719,"simB1":8.93315338063985,"simB2":6.53978186193854,"simB3":9.20320985140279}