{"ppntid":5,"Bweight":0.07710155520748607,"mychoice":3,"myA1":1.556792543436365,"myA2":1.7201345817009583,"myA3":6.285378456388746,"myB1":2.294693140683439,"myB2":1.2030062166509747,"myB3":7.687532061770053,"simA1":0.765141036827117,"simA2":1.26688185613602,"simA3":4.58259324543178,"simB1":6.34286859771237,"simB2":3.13183395890519,"simB3":7.37623665714636}