{"ppntid":8,"Bweight":3.283583638779076,"mychoice":3,"myA1":5.947195047399811,"myA2":5.331247639759229,"myA3":7.506566100881178,"myB1":3.6166579568452395,"myB2":3.589910970535315,"myB3":5.360723268895173,"simA1":2.91122147580609,"simA2":2.93499771505594,"simA3":1.23898578574881,"simB1":4.70522804185748,"simB2":0.172186829149723,"simB3":9.04782252851874}