{"ppntid":3,"Bweight":0.37615556737501055,"mychoice":3,"myA1":2.483159701880886,"myA2":2.4450872024776515,"myA3":8.614143633876768,"myB1":0.44920589465479166,"myB2":3.2598960095496765,"myB3":6.869186787115924,"simA1":0.765141036827117,"simA2":1.26688185613602,"simA3":4.58259324543178,"simB1":6.34286859771237,"simB2":3.13183395890519,"simB3":7.37623665714636}