{"ppntid":6,"Bweight":0.7965653822175545,"mychoice":2,"myA1":4.713090930406214,"myA2":7.922184560131376,"myA3":5.572963255395846,"myB1":3.8611037785702074,"myB2":9.55330963702236,"myB3":6.658877066348876,"simA1":4.80207568733022,"simA2":9.74695997312665,"simA3":7.12853846373037,"simB1":1.80112784495577,"simB2":1.52530480641872,"simB3":4.3367622490041}