{"ppntid":3,"Bweight":4.964574614154942,"mychoice":2,"myA1":4.469799518747754,"myA2":6.254123225952412,"myA3":3.1561647401339687,"myB1":5.2886279417805255,"myB2":7.99426777774876,"myB3":4.001956285807573,"simA1":4.32029129238799,"simA2":1.53823893284425,"simA3":3.49515116773546,"simB1":1.77112437551841,"simB2":9.71220241626725,"simB3":8.82223333464935}