{"ppntid":1,"Bweight":2.8479793951425734,"mychoice":2,"myA1":2.2739590762330786,"myA2":6.345696726365928,"myA3":6.72905457570335,"myB1":4.854072784238563,"myB2":8.545296642749712,"myB3":7.859959273198194,"simA1":2.37154772970825,"simA2":7.2398704639636,"simA3":9.46149006485939,"simB1":4.32796909473836,"simB2":2.97014408512041,"simB3":5.05007167113945}