{"ppntid":9,"Bweight":0.6596357027873478,"mychoice":2,"myA1":2.540516075559305,"myA2":6.041053934934146,"myA3":3.144420636911307,"myB1":5.012540956637983,"myB2":8.829007902829925,"myB3":6.929126653111846,"simA1":4.80207568733022,"simA2":9.74695997312665,"simA3":7.12853846373037,"simB1":1.80112784495577,"simB2":1.52530480641872,"simB3":4.3367622490041}