{"ppntid":7,"Bweight":4.938937710211622,"mychoice":2,"myA1":5.783053610055802,"myA2":9.19543524311864,"myA3":8.381351384210557,"myB1":0.39374198637817326,"myB2":7.266798294414225,"myB3":7.080873240478171,"simA1":2.37154772970825,"simA2":7.2398704639636,"simA3":9.46149006485939,"simB1":4.32796909473836,"simB2":2.97014408512041,"simB3":5.05007167113945}