{"ppntid":4,"Bweight":2.644080993541441,"mychoice":1,"myA1":6.335143820097935,"myA2":7.274184716667486,"myA3":5.06181701378657,"myB1":3.071954694985446,"myB2":1.9558910240760552,"myB3":3.1067685249679267,"simA1":2.91122147580609,"simA2":2.93499771505594,"simA3":1.23898578574881,"simB1":4.70522804185748,"simB2":0.172186829149723,"simB3":9.04782252851874}