{"ppntid":6,"Bweight":3.383956795897393,"mychoice":3,"myA1":8.77808556031182,"myA2":6.168284868686589,"myA3":7.670126082800954,"myB1":1.795047960010392,"myB2":1.543766617714355,"myB3":3.3438383988430043,"simA1":3.67379971314222,"simA2":2.96635989332572,"simA3":2.25443732691929,"simB1":2.00263310456648,"simB2":4.88128123106435,"simB3":7.29017229517922}