{"ppntid":4,"Bweight":3.5314479261691245,"mychoice":3,"myA1":1.8880272934098796,"myA2":2.294288253618162,"myA3":2.583592959239085,"myB1":4.807777628044089,"myB2":6.217441085323323,"myB3":7.085676501352838,"simA1":4.32029129238799,"simA2":1.53823893284425,"simA3":3.49515116773546,"simB1":1.77112437551841,"simB2":9.71220241626725,"simB3":8.82223333464935}