{"ppntid":2,"Bweight":0.6291900841883558,"mychoice":2,"myA1":2.6694466160473485,"myA2":5.707729068676722,"myA3":2.5092427535902306,"myB1":3.4021160026638153,"myB2":7.9401854454315,"myB3":3.530401373816854,"simA1":3.63090072991326,"simA2":9.16425657225773,"simA3":5.10237921960652,"simB1":5.38326209876686,"simB2":3.32310018828139,"simB3":2.30925092939287}