{"ppntid":0,"Bweight":1.798741327222645,"mychoice":3,"myA1":2.9466488627373244,"myA2":1.724164004406763,"myA3":5.434467840560782,"myB1":5.106579990536362,"myB2":6.527613156590347,"myB3":4.6451135382694675,"simA1":4.32029129238799,"simA2":1.53823893284425,"simA3":3.49515116773546,"simB1":1.77112437551841,"simB2":9.71220241626725,"simB3":8.82223333464935}