{"ppntid":0,"Bweight":3.2288346704269943,"mychoice":3,"myA1":5.042299623875628,"myA2":4.075273100827557,"myA3":6.097707271952295,"myB1":1.1788879594293666,"myB2":3.4756170564920663,"myB3":5.8126670548992765,"simA1":2.91122147580609,"simA2":2.93499771505594,"simA3":1.23898578574881,"simB1":4.70522804185748,"simB2":0.172186829149723,"simB3":9.04782252851874}