{"ppntid":0,"Bweight":3.5137115328914073,"mychoice":3,"myA1":8.972824390404668,"myA2":8.293537934083759,"myA3":9.121427449939091,"myB1":0.9205154367444379,"myB2":2.1140568331609133,"myB3":3.3507450597595168,"simA1":3.67379971314222,"simA2":2.96635989332572,"simA3":2.25443732691929,"simB1":2.00263310456648,"simB2":4.88128123106435,"simB3":7.29017229517922}