{"ppntid":8,"Bweight":1.2738325801729788,"mychoice":2,"myA1":9.791902908612595,"myA2":6.253476019078081,"myA3":5.363998954908169,"myB1":0.5491468648764664,"myB2":7.319384934695234,"myB3":1.9926966422389758,"simA1":3.71603635838255,"simA2":9.79696976253763,"simA3":5.12477620737627,"simB1":7.65577855985612,"simB2":4.01422860566527,"simB3":8.65366162965074}