{"ppntid":0,"Bweight":3.408433639311208,"mychoice":3,"myA1":3.386247707791148,"myA2":3.629747452259293,"myA3":6.351170553882495,"myB1":4.152608285073692,"myB2":1.1978218409724506,"myB3":3.6914600533984254,"simA1":2.91122147580609,"simA2":2.93499771505594,"simA3":1.23898578574881,"simB1":4.70522804185748,"simB2":0.172186829149723,"simB3":9.04782252851874}