{"ppntid":6,"Bweight":4.121516777826129,"mychoice":2,"myA1":1.0117601303942059,"myA2":1.3877738209800161,"myA3":2.4546661297033157,"myB1":4.757908850432373,"myB2":4.691876698484821,"myB3":2.1156041724872865,"simA1":3.67379971314222,"simA2":2.96635989332572,"simA3":2.25443732691929,"simB1":2.00263310456648,"simB2":4.88128123106435,"simB3":7.29017229517922}