{"ppntid":0,"Bweight":1.1645376954403952,"mychoice":2,"myA1":3.600492251949363,"myA2":7.1182144446978235,"myA3":4.223970147688123,"myB1":3.5747849221304495,"myB2":9.825066010172186,"myB3":7.999937532752311,"simA1":4.80207568733022,"simA2":9.74695997312665,"simA3":7.12853846373037,"simB1":1.80112784495577,"simB2":1.52530480641872,"simB3":4.3367622490041}