{"ppntid":3,"Bweight":1.6323419393317473,"mychoice":2,"myA1":2.301472710369501,"myA2":5.325622523673799,"myA3":7.479091629987775,"myB1":0.06498990207582489,"myB2":9.446300404579231,"myB3":3.0794708553177363,"simA1":2.37154772970825,"simA2":7.2398704639636,"simA3":9.46149006485939,"simB1":4.32796909473836,"simB2":2.97014408512041,"simB3":5.05007167113945}