{"ppntid":1,"Bweight":0.016660247449663546,"mychoice":3,"myA1":3.0724170643579307,"myA2":3.047592285126106,"myA3":4.855855021787649,"myB1":3.266264794617899,"myB2":2.4872051613378154,"myB3":1.9036666347246767,"simA1":3.67379971314222,"simA2":2.96635989332572,"simA3":2.25443732691929,"simB1":2.00263310456648,"simB2":4.88128123106435,"simB3":7.29017229517922}