{"ppntid":2,"Bweight":2.27901997381192,"mychoice":2,"myA1":2.9252446384043673,"myA2":8.089087391877928,"myA3":2.171290459834061,"myB1":3.99838363440574,"myB2":7.121123319854492,"myB3":1.5102431027172458,"simA1":3.63090072991326,"simA2":9.16425657225773,"simA3":5.10237921960652,"simB1":5.38326209876686,"simB2":3.32310018828139,"simB3":2.30925092939287}