{"ppntid":6,"Bweight":3.3620539110609426,"mychoice":3,"myA1":1.1757055826331864,"myA2":0.12158920408967377,"myA3":4.192787164794591,"myB1":3.319608824147262,"myB2":2.4494409182230292,"myB3":8.828033188034166,"simA1":0.765141036827117,"simA2":1.26688185613602,"simA3":4.58259324543178,"simB1":6.34286859771237,"simB2":3.13183395890519,"simB3":7.37623665714636}