{"ppntid":7,"Bweight":4.824838802558059,"mychoice":2,"myA1":0.2343356836449617,"myA2":7.063497558618406,"myA3":5.708472552420584,"myB1":2.3191389177252097,"myB2":5.396956117803309,"myB3":4.460224055002804,"simA1":4.80207568733022,"simA2":9.74695997312665,"simA3":7.12853846373037,"simB1":1.80112784495577,"simB2":1.52530480641872,"simB3":4.3367622490041}