{"ppntid":2,"Bweight":4.108253015491124,"mychoice":2,"myA1":3.774890183748927,"myA2":9.692284942205037,"myA3":1.6086113449723283,"myB1":6.0827824973527544,"myB2":9.612833542088827,"myB3":6.019246323175511,"simA1":3.63090072991326,"simA2":9.16425657225773,"simA3":5.10237921960652,"simB1":5.38326209876686,"simB2":3.32310018828139,"simB3":2.30925092939287}