{"ppntid":8,"Bweight":0.8932011084272384,"mychoice":2,"myA1":1.1820444822964515,"myA2":5.963246099503554,"myA3":0.19271939192514242,"myB1":0.7288891698847633,"myB2":5.1223829160718175,"myB3":1.389747368335077,"simA1":3.63090072991326,"simA2":9.16425657225773,"simA3":5.10237921960652,"simB1":5.38326209876686,"simB2":3.32310018828139,"simB3":2.30925092939287}