{"ppntid":6,"Bweight":1.2408061125434033,"mychoice":1,"myA1":3.338592041890116,"myA2":1.4020102986926153,"myA3":2.656885244289302,"myB1":4.21801641802622,"myB2":2.276613377857477,"myB3":2.3561170687279875,"simA1":2.91122147580609,"simA2":2.93499771505594,"simA3":1.23898578574881,"simB1":4.70522804185748,"simB2":0.172186829149723,"simB3":9.04782252851874}