{"ppntid":9,"Bweight":0.6818349163741,"mychoice":3,"myA1":2.9842702577151714,"myA2":4.010287404100321,"myA3":6.007374954967062,"myB1":0.7583485725733707,"myB2":2.1657895262705473,"myB3":4.243599387380241,"simA1":4.51467339182273,"simA2":5.48836145317182,"simA3":8.37309282738715,"simB1":5.08784332778305,"simB2":2.23295776639134,"simB3":0.359112627338618}