{"ppntid":4,"Bweight":1.9337114873782368,"mychoice":1,"myA1":2.451483741323679,"myA2":1.35651323044512,"myA3":6.681644215152001,"myB1":6.201859675534065,"myB2":4.238299676301045,"myB3":3.0277666979123685,"simA1":4.54180638305843,"simA2":2.16205808101222,"simA3":0.625319329556078,"simB1":5.18409546697512,"simB2":2.58191620465368,"simB3":3.6804819596}