{"ppntid":2,"Bweight":0.8005150483336387,"mychoice":2,"myA1":1.0464618541815707,"myA2":5.86584213717416,"myA3":3.6780379539665,"myB1":6.510673032378396,"myB2":9.572779639635467,"myB3":6.7491519880987045,"simA1":4.80207568733022,"simA2":9.74695997312665,"simA3":7.12853846373037,"simB1":1.80112784495577,"simB2":1.52530480641872,"simB3":4.3367622490041}