{"ppntid":3,"Bweight":0.0377052673825129,"mychoice":2,"myA1":3.8371037371142447,"myA2":8.755236364410926,"myA3":4.734571097638236,"myB1":3.3520011280387485,"myB2":8.0764316069237,"myB3":0.7789202219453406,"simA1":3.63090072991326,"simA2":9.16425657225773,"simA3":5.10237921960652,"simB1":5.38326209876686,"simB2":3.32310018828139,"simB3":2.30925092939287}