{"ppntid":2,"Bweight":1.7156295712095049,"mychoice":3,"myA1":3.8307016796715265,"myA2":7.971622544555961,"myA3":7.1286279303298405,"myB1":1.2591418776569596,"myB2":5.57378485276081,"myB3":7.458219137273192,"simA1":2.37154772970825,"simA2":7.2398704639636,"simA3":9.46149006485939,"simB1":4.32796909473836,"simB2":2.97014408512041,"simB3":5.05007167113945}