{"ppntid":9,"Bweight":2.1701085893739123,"mychoice":1,"myA1":0.06542418624950752,"myA2":1.6978346339067585,"myA3":1.993448377842706,"myB1":7.484753283018158,"myB2":5.752025793675115,"myB3":6.454048735321461,"simA1":6.42703449586406,"simA2":5.70645416853949,"simA3":7.91313496185467,"simB1":1.76812876947224,"simB2":3.26391996350139,"simB3":9.63438343955204}