{"ppntid":8,"Bweight":2.5497200090058336,"mychoice":3,"myA1":3.7899251558547675,"myA2":3.4948590284885506,"myA3":2.541896592258903,"myB1":2.7216382531803163,"myB2":3.5956416033536853,"myB3":6.210204711877205,"simA1":2.91122147580609,"simA2":2.93499771505594,"simA3":1.23898578574881,"simB1":4.70522804185748,"simB2":0.172186829149723,"simB3":9.04782252851874}