{"ppntid":7,"Bweight":0.26727323817868576,"mychoice":3,"myA1":0.19133777173486521,"myA2":3.774936196440999,"myA3":7.739131591557165,"myB1":1.0961831072907646,"myB2":4.174072549627694,"myB3":8.55210222084261,"simA1":2.37154772970825,"simA2":7.2398704639636,"simA3":9.46149006485939,"simB1":4.32796909473836,"simB2":2.97014408512041,"simB3":5.05007167113945}