{"ppntid":4,"Bweight":0.537198987242099,"mychoice":2,"myA1":2.2367257520366324,"myA2":9.920090317707826,"myA3":6.7976776800915895,"myB1":0.8612768486438349,"myB2":8.735979651849352,"myB3":1.787137209445091,"simA1":3.63090072991326,"simA2":9.16425657225773,"simA3":5.10237921960652,"simB1":5.38326209876686,"simB2":3.32310018828139,"simB3":2.30925092939287}