{"ppntid":3,"Bweight":0.9535800340579348,"mychoice":2,"myA1":5.244020501882605,"myA2":8.251650136484487,"myA3":4.983792993996852,"myB1":0.07673924791721021,"myB2":5.707729068676722,"myB3":2.5092427535902306,"simA1":3.63090072991326,"simA2":9.16425657225773,"simA3":5.10237921960652,"simB1":5.38326209876686,"simB2":3.32310018828139,"simB3":2.30925092939287}