{"ppntid":4,"Bweight":1.4321548272369133,"mychoice":3,"myA1":1.6381047297362206,"myA2":1.3677568465357903,"myA3":3.2014054174813578,"myB1":6.54470146550368,"myB2":8.344789071970723,"myB3":9.546065288178294,"simA1":2.91122147580609,"simA2":2.93499771505594,"simA3":1.23898578574881,"simB1":4.70522804185748,"simB2":0.172186829149723,"simB3":9.04782252851874}