{"ppntid":6,"Bweight":0.7338584508462986,"mychoice":3,"myA1":0.16213571349547706,"myA2":5.452578547161964,"myA3":8.703426230852894,"myB1":0.18129502746202064,"myB2":6.886991677947636,"myB3":9.22463617903536,"simA1":2.37154772970825,"simA2":7.2398704639636,"simA3":9.46149006485939,"simB1":4.32796909473836,"simB2":2.97014408512041,"simB3":5.05007167113945}