{"ppntid":9,"Bweight":2.4414823841243924,"mychoice":1,"myA1":4.733306981918346,"myA2":7.98364856137693,"myA3":8.689128193326113,"myB1":6.974821134627296,"myB2":1.3260943337707976,"myB3":2.136591159744863,"simA1":2.37154772970825,"simA2":7.2398704639636,"simA3":9.46149006485939,"simB1":4.32796909473836,"simB2":2.97014408512041,"simB3":5.05007167113945}