{"ppntid":8,"Bweight":3.102912220711358,"mychoice":2,"myA1":1.0306620810203726,"myA2":3.306579019471594,"myA3":2.3984299873333437,"myB1":4.572804660588883,"myB2":5.139129574735954,"myB3":3.3507450597595168,"simA1":2.42332010762766,"simA2":3.03216766100377,"simA3":0.630926417652518,"simB1":2.96833007829264,"simB2":7.55062303738669,"simB3":3.78760563675314}