{"ppntid":9,"Bweight":0.13308528416702936,"mychoice":3,"myA1":1.138644698542739,"myA2":4.481228560072292,"myA3":8.80959923052103,"myB1":0.024580730497179015,"myB2":9.272110619661468,"myB3":7.113605362363211,"simA1":2.37154772970825,"simA2":7.2398704639636,"simA3":9.46149006485939,"simB1":4.32796909473836,"simB2":2.97014408512041,"simB3":5.05007167113945}