{"ppntid":4,"Bweight":0.6781944734733858,"mychoice":1,"myA1":7.651040874792359,"myA2":1.6833391513595508,"myA3":2.0613229974350844,"myB1":5.558766920851108,"myB2":1.2316836343253224,"myB3":2.5158112616846506,"simA1":6.59848347539082,"simA2":3.2037310814485,"simA3":1.20643929112703,"simB1":6.15231747506186,"simB2":8.22033943841234,"simB3":2.70335558336228}