{"ppntid":5,"Bweight":1.9406678583279857,"mychoice":2,"myA1":5.953151456667656,"myA2":9.43892351469431,"myA3":8.362061066820402,"myB1":2.344116099979132,"myB2":6.033632122016705,"myB3":4.8725034725525385,"simA1":4.80207568733022,"simA2":9.74695997312665,"simA3":7.12853846373037,"simB1":1.80112784495577,"simB2":1.52530480641872,"simB3":4.3367622490041}