{"ppntid":6,"Bweight":2.7120528145827305,"mychoice":1,"myA1":8.246007138623199,"myA2":6.865067300148031,"myA3":8.08708185013814,"myB1":9.397660368535837,"myB2":8.982920910697278,"myB3":7.178555245638489,"simA1":4.32029129238799,"simA2":1.53823893284425,"simA3":3.49515116773546,"simB1":1.77112437551841,"simB2":9.71220241626725,"simB3":8.82223333464935}