{"ppntid":6,"Bweight":0.026474261093680784,"mychoice":2,"myA1":6.179580478703839,"myA2":9.452886889744047,"myA3":8.567528891688116,"myB1":1.1321304852112024,"myB2":6.304376257972093,"myB3":3.810919797348671,"simA1":4.80207568733022,"simA2":9.74695997312665,"simA3":7.12853846373037,"simB1":1.80112784495577,"simB2":1.52530480641872,"simB3":4.3367622490041}