{"ppntid":0,"Bweight":1.8628604035544227,"mychoice":1,"myA1":4.43721246900383,"myA2":7.05839941175438,"myA3":6.856141671497051,"myB1":8.822575112141555,"myB2":6.921459682274682,"myB3":5.408796752827829,"simA1":4.32029129238799,"simA2":1.53823893284425,"simA3":3.49515116773546,"simB1":1.77112437551841,"simB2":9.71220241626725,"simB3":8.82223333464935}