{"ppntid":0,"Bweight":4.924651208443437,"mychoice":2,"myA1":5.767078104782259,"myA2":9.2520699181303,"myA3":6.013334419789307,"myB1":2.5971302216554237,"myB2":7.802513703296217,"myB3":3.8999814319529835,"simA1":3.63090072991326,"simA2":9.16425657225773,"simA3":5.10237921960652,"simB1":5.38326209876686,"simB2":3.32310018828139,"simB3":2.30925092939287}