{"ppntid":5,"Bweight":0.5309892124518112,"mychoice":3,"myA1":5.054450925823617,"myA2":3.4252997454112366,"myA3":5.535405720018815,"myB1":2.0368923388495874,"myB2":9.931674523293516,"myB3":9.207943196922857,"simA1":4.32029129238799,"simA2":1.53823893284425,"simA3":3.49515116773546,"simB1":1.77112437551841,"simB2":9.71220241626725,"simB3":8.82223333464935}