{"ppntid":5,"Bweight":3.124853805163419,"mychoice":1,"myA1":9.704060649741146,"myA2":8.554800483121719,"myA3":8.104595460673075,"myB1":8.246879196573548,"myB2":5.296378551358865,"myB3":4.5871811218300635,"simA1":4.32029129238799,"simA2":1.53823893284425,"simA3":3.49515116773546,"simB1":1.77112437551841,"simB2":9.71220241626725,"simB3":8.82223333464935}