{"ppntid":2,"Bweight":2.92584531652359,"mychoice":3,"myA1":5.614453106022015,"myA2":3.6241442385299627,"myA3":5.75700106814616,"myB1":4.271205624750413,"myB2":2.322000419898551,"myB3":4.784741924720741,"simA1":2.91122147580609,"simA2":2.93499771505594,"simA3":1.23898578574881,"simB1":4.70522804185748,"simB2":0.172186829149723,"simB3":9.04782252851874}