{"ppntid":9,"Bweight":3.3112617165500713,"mychoice":2,"myA1":2.8681996780496055,"myA2":5.411186404114396,"myA3":4.348976617007301,"myB1":6.5938636558879615,"myB2":8.409972782556556,"myB3":7.782755491278666,"simA1":4.32029129238799,"simA2":1.53823893284425,"simA3":3.49515116773546,"simB1":1.77112437551841,"simB2":9.71220241626725,"simB3":8.82223333464935}