{"ppntid":7,"Bweight":3.581110206437237,"mychoice":1,"myA1":0.611231929397893,"myA2":1.971853035166402,"myA3":0.40974956234698157,"myB1":9.10070385738207,"myB2":6.740486103268443,"myB3":8.306814619828547,"simA1":4.32029129238799,"simA2":1.53823893284425,"simA3":3.49515116773546,"simB1":1.77112437551841,"simB2":9.71220241626725,"simB3":8.82223333464935}