{"ppntid":3,"Bweight":4.222807948541422,"mychoice":2,"myA1":3.244701209846368,"myA2":6.565451167135798,"myA3":2.714746299814932,"myB1":4.429854324055526,"myB2":7.6074304479219546,"myB3":2.801546285692893,"simA1":3.63090072991326,"simA2":9.16425657225773,"simA3":5.10237921960652,"simB1":5.38326209876686,"simB2":3.32310018828139,"simB3":2.30925092939287}