{"ppntid":1,"Bweight":2.2563291511228503,"mychoice":2,"myA1":1.750170980528165,"myA2":6.168058722585485,"myA3":0.8847397272484026,"myB1":0.1299029425899345,"myB2":4.408421845911425,"myB3":0.6382828617632752,"simA1":3.71603635838255,"simA2":9.79696976253763,"simA3":5.12477620737627,"simB1":7.65577855985612,"simB2":4.01422860566527,"simB3":8.65366162965074}