{"row":162,"ppnt":1,"estA1":0.23542837239801884,"estA2":3.828376056626439,"estA3":3.9096860797144473,"estB1":1.2663099961355329,"estB2":0.19863626221194863,"estB3":9.607198780868202,"simA1":2.94449965469539,"simA2":2.307607550174,"simA3":6.9543899060227,"simB1":5.31179910060018,"simB2":6.84156409930438,"simB3":5.12374177807942,"estBweight":4.223042468074709,"simBweight":0.0447289785370231}