{"row":1017,"ppnt":6,"estA1":8.444888819940388,"estA2":0.9472372033633292,"estA3":8.771399473771453,"estB1":7.922940996941179,"estB2":0.8764827344566584,"estB3":4.840851523913443,"simA1":3.63519800826907,"simA2":3.82768822368234,"simA3":4.51080177212134,"simB1":5.21559720626101,"simB2":1.46759310504422,"simB3":0.145339553710073,"estBweight":8.061215982306749,"simBweight":3.62202946329489}