{"row":1634,"ppnt":3,"estA1":0.5644703796133399,"estA2":8.221341448370367,"estA3":9.887083021458238,"estB1":3.6523924418725073,"estB2":4.477939708158374,"estB3":6.536502914968878,"simA1":5.29636295279488,"simA2":5.36952657392249,"simA3":3.10633622575551,"simB1":0.517542355228215,"simB2":9.17827092576772,"simB3":6.40663628466427,"estBweight":7.837534034624696,"simBweight":1.38687478960492}