{"row":114,"ppnt":3,"estA1":6.613849077839404,"estA2":8.672804327216,"estA3":2.2327770479023457,"estB1":7.354424351360649,"estB2":8.25678528053686,"estB3":0.024012448266148567,"simA1":1.47996303858235,"simA2":0.0125922868028283,"simA3":1.01320936577395,"simB1":3.12566885026172,"simB2":2.78346034698188,"simB3":7.44727374054492,"estBweight":7.837534034624696,"simBweight":1.38687478960492}