{"row":1154,"ppnt":3,"estA1":2.9989746469072998,"estA2":1.844327012076974,"estA3":1.340843723155558,"estB1":4.947401152458042,"estB2":1.218780076596886,"estB3":4.8734926781617105,"simA1":3.67173840524629,"simA2":6.9614073750563,"simA3":8.49694358184934,"simB1":0.485036915633827,"simB2":4.7426464012824,"simB3":0.114147791173309,"estBweight":7.837534034624696,"simBweight":1.38687478960492}