{"row":1755,"ppnt":4,"estA1":7.071865608450025,"estA2":7.283436423167586,"estA3":0.2988265478052199,"estB1":8.774549618829042,"estB2":2.767763123847544,"estB3":2.9480635095387697,"simA1":2.57463156245649,"simA2":6.94737673969939,"simA3":5.51884950138628,"simB1":4.99058081302792,"simB2":3.47499106777832,"simB3":9.28502464899793,"estBweight":5.1187998172827065,"simBweight":4.06787107465789}