{"row":1392,"ppnt":1,"estA1":7.5596734415739775,"estA2":1.1491731042042375,"estA3":1.0633632889948785,"estB1":0.39682241855189204,"estB2":3.3076917310245335,"estB3":6.997368643060327,"simA1":8.0244836397469,"simA2":4.12312116008252,"simA3":2.60109180817381,"simB1":7.12157462025061,"simB2":6.42394742229953,"simB3":7.73469966370612,"estBweight":4.223042468074709,"simBweight":0.0447289785370231}