{"row":43,"ppnt":2,"estA1":1.278364711906761,"estA2":8.845653478056192,"estA3":5.077642691321671,"estB1":0.02269413322210312,"estB2":8.568716715089977,"estB3":1.3772860006429255,"simA1":9.03436988359317,"simA2":0.571741759777069,"simA3":1.268717313651,"simB1":6.65944103617221,"simB2":5.58901994721964,"simB3":9.61701558670029,"estBweight":4.760928193572909,"simBweight":1.46869805990718}