{"row":1885,"ppnt":4,"estA1":5.839455600362271,"estA2":6.66358123999089,"estA3":4.749292582273483,"estB1":8.926766607910395,"estB2":9.64936768868938,"estB3":0.2908950112760067,"simA1":4.71147765871137,"simA2":5.24976434186101,"simA3":8.30307853175327,"simB1":8.5690258257091,"simB2":8.96205448312685,"simB3":2.75112379807979,"estBweight":5.1187998172827065,"simBweight":4.06787107465789}