{"row":737,"ppnt":6,"estA1":3.363260526675731,"estA2":8.413096454460174,"estA3":8.864641017280519,"estB1":0.9353802213445306,"estB2":7.047595458570868,"estB3":8.06890732375905,"simA1":3.32222855417058,"simA2":4.47664003819227,"simA3":6.10059537226334,"simB1":3.53959653526545,"simB2":1.39130732277408,"simB3":8.45911452313885,"estBweight":8.061215982306749,"simBweight":3.62202946329489}