{"row":1189,"ppnt":8,"estA1":9.797921618446708,"estA2":7.069589230231941,"estA3":6.674124852288514,"estB1":4.917701035737991,"estB2":6.209882437251508,"estB3":5.297961565665901,"simA1":9.93565958924592,"simA2":1.02771783480421,"simA3":9.91091541247442,"simB1":1.53335861396044,"simB2":1.77869121776894,"simB3":8.78458938095719,"estBweight":8.719323209952563,"simBweight":4.74520110525191}