{"row":519,"ppnt":8,"estA1":0.6914552440866828,"estA2":7.88501221453771,"estA3":6.366030366625637,"estB1":0.5506597133353353,"estB2":7.935596804600209,"estB3":6.961211960297078,"simA1":3.76324685290456,"simA2":9.24619985511526,"simA3":9.52126193093136,"simB1":1.04728830279782,"simB2":9.06801445176825,"simB3":8.12688090838492,"estBweight":8.719323209952563,"simBweight":4.74520110525191}