{"row":816,"ppnt":5,"estA1":9.677265118807554,"estA2":9.027705760672688,"estA3":9.521771436557174,"estB1":7.59808863280341,"estB2":3.8640166237019002,"estB3":9.70664047403261,"simA1":9.88840147852898,"simA2":1.81813033064827,"simA3":5.65087159397081,"simB1":1.13695941166952,"simB2":5.50664995098487,"simB3":1.99020025786012,"estBweight":6.995890932157636,"simBweight":1.30213885684498}