{"row":380,"ppnt":9,"estA1":8.276595314964652,"estA2":7.162621645256877,"estA3":1.7118128598667681,"estB1":4.479822097346187,"estB2":9.016429593320936,"estB3":7.2571782558225095,"simA1":5.81663561053574,"simA2":2.83446163404733,"simA3":7.22076507750899,"simB1":3.45258357468992,"simB2":1.52289286023006,"simB3":6.29535115789622,"estBweight":3.511909143999219,"simBweight":0.365722347050905}