{"row":643,"ppnt":2,"estA1":2.90950394468382,"estA2":8.764903822448105,"estA3":0.16282410128042102,"estB1":7.898848068434745,"estB2":3.8249791762791574,"estB3":5.492433251347393,"simA1":4.57181889098138,"simA2":2.62392228934914,"simA3":3.11607509851456,"simB1":3.96318448940292,"simB2":4.14876878727227,"simB3":3.50860698614269,"estBweight":4.760928193572909,"simBweight":1.46869805990718}