{"row":759,"ppnt":8,"estA1":6.954318948555738,"estA2":5.110806019511074,"estA3":9.255085340701044,"estB1":0.24457411607727408,"estB2":9.904069006443024,"estB3":9.58781000226736,"simA1":5.03435348626226,"simA2":5.07812339114025,"simA3":5.99954755976796,"simB1":6.41211795853451,"simB2":9.6766665414907,"simB3":4.7056067478843,"estBweight":8.719323209952563,"simBweight":4.74520110525191}