{"row":500,"ppnt":9,"estA1":8.354130061343312,"estA2":4.17195237474516,"estA3":1.7548995651304722,"estB1":9.48397845029831,"estB2":6.060735513456166,"estB3":5.91995939379558,"simA1":6.06046120868996,"simA2":9.82656880281866,"simA3":5.49981581047177,"simB1":2.96108903829008,"simB2":3.47365742083639,"simB3":9.47920203674585,"estBweight":3.511909143999219,"simBweight":0.365722347050905}