{"row":1585,"ppnt":4,"estA1":2.0130381803028286,"estA2":4.705332794692367,"estA3":5.31334653031081,"estB1":9.425336671993136,"estB2":7.843190375715494,"estB3":4.951157667674124,"simA1":4.51431674417108,"simA2":0.524294513743371,"simA3":5.97383274929598,"simB1":7.86232582759112,"simB2":5.25049549294636,"simB3":3.47138702869415,"estBweight":5.1187998172827065,"simBweight":4.06787107465789}