{"row":767,"ppnt":6,"estA1":0.6141153164207935,"estA2":2.7239785459823906,"estA3":5.022925033699721,"estB1":7.012501058634371,"estB2":5.353061032947153,"estB3":5.361586238723248,"simA1":3.48081805044785,"simA2":3.96221425151452,"simA3":6.98509787209332,"simB1":9.88136988133192,"simB2":5.88631947757676,"simB3":8.26625416753814,"estBweight":8.061215982306749,"simBweight":3.62202946329489}