{"row":1300,"ppnt":9,"estA1":4.339936901815236,"estA2":0.746505914721638,"estA3":9.867218523286283,"estB1":3.945296152960509,"estB2":3.947889981791377,"estB3":9.088423317298293,"simA1":1.07680031564087,"simA2":9.60326089989394,"simA3":4.61961732245982,"simB1":9.6829266147688,"simB2":6.95394750451669,"simB3":4.86980903195217,"estBweight":3.511909143999219,"simBweight":0.365722347050905}