{"row":686,"ppnt":5,"estA1":7.8492187615484,"estA2":1.6629502945579588,"estA3":4.297574441879988,"estB1":4.1184968571178615,"estB2":4.981692831497639,"estB3":0.993814948014915,"simA1":6.46022512810305,"simA2":9.05637948773801,"simA3":8.79335475154221,"simB1":2.13012732332572,"simB2":4.62395342532545,"simB3":1.68119948357344,"estBweight":6.995890932157636,"simBweight":1.30213885684498}