{"row":447,"ppnt":6,"estA1":4.547625815030187,"estA2":5.129338700789958,"estA3":1.4833945943973958,"estB1":5.4343644180335104,"estB2":0.2084663393907249,"estB3":9.579174763057381,"simA1":6.97552304714918,"simA2":7.74069031002,"simA3":9.89020728738979,"simB1":9.52431881567463,"simB2":0.487955992575735,"simB3":6.02610927540809,"estBweight":8.061215982306749,"simBweight":3.62202946329489}