{"row":547,"ppnt":6,"estA1":6.893175435252488,"estA2":4.8197280266322196,"estA3":0.02570108277723193,"estB1":3.5209111776202917,"estB2":0.26528350776061416,"estB3":5.614670789800584,"simA1":2.57147905649617,"simA2":4.7704457025975,"simA3":9.07108880812302,"simB1":7.00354410335422,"simB2":1.68211095500737,"simB3":5.40825406555086,"estBweight":8.061215982306749,"simBweight":3.62202946329489}