{"ppntid":0,"trialid":5,"Aweight":-0.12844289747095639,"Bweight":0.8790337299505221,"calc1":4.890584755389002,"calc2":0.07919584305372318,"calc3":0.5072324007887177,"ordA12":"=","ordA13":"=","ordA23":"=","ordB12":"<","ordB13":"=","ordB23":">","mychoice":2,"myA1":14.651921034824676,"myA2":12.220197978094053,"myA3":12.810290207312182,"myB1":1.1261941523526842,"myB2":4.405662309687312,"myB3":0.6032204143021302,"simA1":5.30289542162791,"simA2":7.26626883028075,"simA3":5.42650359449908,"simB1":2.16200830531307,"simB2":5.64728152588941,"simB3":2.46193274972029}