{"ppntid":0,"trialid":23,"Aweight":0.4068871991684074,"Bweight":1.2750474142627846,"calc1":20.186677127331674,"calc2":21.20824382330786,"calc3":18.577541496541794,"ordA12":"<","ordA13":"=","ordA23":"=","ordB12":"=","ordB13":"=","ordB23":"<","mychoice":3,"myA1":5.411844389241435,"myA2":10.132549831330644,"myA3":7.3974961364027525,"myB1":11.236302407089742,"myB2":9.526793102980363,"myB3":13.111263188962285,"simA1":6.23587722424418,"simA2":9.89014824852347,"simA3":7.87786461412907,"simB1":13.5832462843973,"simB2":11.3728480576538,"simB3":14.8602226458024}