{"ppntid":0,"trialid":1,"Aweight":-0.497555296112847,"Bweight":0.7436858973098074,"calc1":6.6626892949208925,"calc2":-0.32514578163756813,"calc3":4.753234694412011,"ordA12":"<","ordA13":"<","ordA23":"=","ordB12":"=","ordB13":"=","ordB23":"=","mychoice":1,"myA1":0.10377321299958275,"myA2":5.327807803766172,"myA3":8.190827282402747,"myB1":7.155602907590294,"myB2":5.5769389072094055,"myB3":6.634279295523414,"simA1":3.44733079895377,"simA2":7.7077340404503,"simA3":9.79625159176067,"simB1":8.48892743932083,"simB2":5.46544744865969,"simB3":6.53410605853423}