{"ppntid":0,"trialid":18,"Aweight":0.09149007061288919,"Bweight":0.6212505080590619,"calc1":3.129897886808401,"calc2":8.04305622629286,"calc3":11.062717415427635,"ordA12":"=","ordA13":">","ordA23":"<","ordB12":"=","ordB13":"=","ordB23":"=","mychoice":3,"myA1":5.971963425628117,"myA2":5.512275821363868,"myA3":11.314725229549614,"myB1":4.5355760523439725,"myB2":5.120184577516157,"myB3":5.160276130035076,"simA1":8.12859624158591,"simA2":7.37823180388659,"simA3":0.670850041788071,"simB1":9.75794079713523,"simB2":12.3898943373933,"simB3":12.0616282580886}