{"ppntid":0,"trialid":18,"Aweight":0.4068871991684074,"Bweight":1.2750474142627846,"calc1":15.397225114980658,"calc2":21.482979449258952,"calc3":20.29678379365676,"ordA12":"=","ordA13":">","ordA23":">","ordB12":"=","ordB13":"=","ordB23":"=","mychoice":2,"myA1":11.953854533721099,"myA2":11.725481389710994,"myA3":1.4822121756084228,"myB1":6.918095829089724,"myB2":9.566560102833892,"myB3":9.194964085998174,"simA1":8.12859624158591,"simA2":7.37823180388659,"simA3":0.670850041788071,"simB1":9.75794079713523,"simB2":12.3898943373933,"simB3":12.0616282580886}