{"ppntid":0,"trialid":8,"Aweight":0.12870857098382882,"Bweight":1.3042320160706382,"calc1":18.260532891144106,"calc2":12.09417624183158,"calc3":17.923651596367247,"ordA12":">","ordA13":">","ordA23":"=","ordB12":"=","ordB13":"<","ordB23":"<","mychoice":3,"myA1":14.934891492176703,"myA2":6.4676113559838075,"myA3":5.617627593291516,"myB1":7.937486811152354,"myB2":8.538096499163203,"myB3":11.9927435323757,"simA1":7.14406876591966,"simA2":1.34849697118625,"simA3":0.0528800045140088,"simB1":8.53078398155048,"simB2":6.51239547645673,"simB3":12.1931532234885}