{"ppntid":0,"trialid":19,"Aweight":-0.12844289747095639,"Bweight":0.8790337299505221,"calc1":7.954573509426632,"calc2":4.637773441365786,"calc3":4.577990266441226,"ordA12":">","ordA13":">","ordA23":"<","ordB12":">","ordB13":"<","ordB23":"=","mychoice":2,"myA1":10.9279963958555,"myA2":1.367672392178485,"myA3":4.712887881140068,"myB1":4.385221066097211,"myB2":6.199915756280173,"myB3":5.627002661248458,"simA1":6.40436165267602,"simA2":2.57385758683085,"simA3":6.28043658332899,"simB1":14.6986505936366,"simB2":4.11223859991878,"simB3":1.65516423876397}