{"ppntid":0,"trialid":8,"Aweight":0.0064885471247054394,"Bweight":0.11219062391216762,"calc1":0.8861367710863858,"calc2":2.967899117259161,"calc3":3.5585731872874398,"ordA12":"=","ordA13":">","ordA23":"<","ordB12":"=","ordB13":"<","ordB23":"<","mychoice":3,"myA1":5.821920331917544,"myA2":5.59425613194541,"myA3":0.8491967063443862,"myB1":10.31680397211291,"myB2":10.009337858646056,"myB3":13.479202666109,"simA1":7.14406876591966,"simA2":1.34849697118625,"simA3":0.0528800045140088,"simB1":8.53078398155048,"simB2":6.51239547645673,"simB3":12.1931532234885}