{"ppntid":0,"trialid":7,"Aweight":0.4852442386800239,"Bweight":0.9880598566512765,"calc1":12.506398004354912,"calc2":15.485347997901856,"calc3":3.5078363110760016,"ordA12":"=","ordA13":">","ordA23":">","ordB12":"=","ordB13":"=","ordB23":"=","mychoice":2,"myA1":14.76733489616344,"myA2":13.519554919850677,"myA3":2.049046784162225,"myB1":6.472988021633804,"myB2":7.749552790386961,"myB3":4.892234956889116,"simA1":8.76104752765968,"simA2":8.04335406515747,"simA3":1.29715850343928,"simB1":10.3199929918628,"simB2":7.46865443419665,"simB3":7.64094397542067}