{"ppntid":0,"trialid":17,"Aweight":0.20893219353915968,"Bweight":1.3273905540281274,"calc1":-1.013604526347589,"calc2":16.520789944575487,"calc3":19.70402164181597,"ordA12":">","ordA13":">","ordA23":"=","ordB12":"<","ordB13":"<","ordB23":"=","mychoice":3,"myA1":8.685800471964548,"myA2":0.5886150313389227,"myA3":2.9813167613247185,"myB1":4.524382924998738,"myB2":13.371629929461117,"myB3":14.950469775509582,"simA1":9.21936804894358,"simA2":1.78829610114917,"simA3":0.849683994892985,"simB1":0.345301595516503,"simB2":14.4896775169764,"simB3":12.4136534216814}