{"ppntid":0,"trialid":3,"Aweight":-0.3603490341303447,"Bweight":0.6841345081142163,"calc1":-3.227931856997122,"calc2":5.469810176168046,"calc3":8.40429813512262,"ordA12":"=","ordA13":"=","ordA23":"=","ordB12":"<","ordB13":"<","ordB23":"=","mychoice":3,"myA1":11.326805391734702,"myA2":11.53684159582004,"myA3":9.166731429545804,"myB1":0.8949791411945918,"myB2":8.028837433548006,"myB3":6.856393552018588,"simA1":3.41764160897583,"simA2":5.3128969646059,"simA3":4.62381788762286,"simB1":0.789628699421883,"simB2":7.38863933365792,"simB3":8.99294389877468}