{"ppntid":0,"trialid":13,"Aweight":0.0754267245868531,"Bweight":1.0009432898568538,"calc1":6.662816827412783,"calc2":10.339466467193708,"calc3":-0.4967178165521382,"ordA12":"=","ordA13":"=","ordA23":">","ordB12":"=","ordB13":">","ordB23":">","mychoice":2,"myA1":5.954388697482997,"myA2":8.630150485831464,"myA3":3.554727624170424,"myB1":8.707290346037519,"myB2":9.984731243963656,"myB3":5.371320777341887,"simA1":7.85691629629582,"simA2":9.20852395240217,"simA3":6.01537173381075,"simB1":6.60168767441064,"simB2":6.73819990362972,"simB3":0.327535861870274}