{"ppntid":0,"trialid":4,"Aweight":-0.6156774042279985,"Bweight":2.0312401247034,"calc1":10.052565625598234,"calc2":16.419228507496484,"calc3":18.82995480042035,"ordA12":"=","ordA13":">","ordA23":"=","ordB12":"=","ordB13":"<","ordB23":"<","mychoice":3,"myA1":11.77184176981325,"myA2":3.8040235576137436,"myA3":5.772141779548399,"myB1":6.3935322075001455,"myB2":5.878584640022613,"myB3":12.807633724040318,"simA1":5.05297244759277,"simA2":2.18807576224208,"simA3":0.105234072543681,"simB1":5.54594777408056,"simB2":7.68077528569847,"simB3":10.7649007102009}