{"ppntid":0,"trialid":6,"Aweight":0.12870857098382882,"Bweight":1.3042320160706382,"calc1":4.883646630635365,"calc2":8.907744866008313,"calc3":1.129236785803704,"ordA12":"<","ordA13":"<","ordA23":"<","ordB12":"=","ordB13":">","ordB23":">","mychoice":2,"myA1":4.07633698191034,"myA2":10.23886706774544,"myA3":14.23389642414314,"myB1":8.614360503339354,"myB2":8.82973024571278,"myB3":5.3449682571648,"simA1":4.8090137518011,"simA2":6.16455643437803,"simA3":8.31491193501279,"simB1":3.4268780623097,"simB2":3.61743570654653,"simB3":0.234661692520604}