{"ppntid":0,"trialid":5,"Aweight":-1.2613881690913646,"Bweight":0.4254561131550955,"calc1":-1.9154607846329847,"calc2":-9.509188804143239,"calc3":-16.595102877341695,"ordA12":"=","ordA13":"=","ordA23":"=","ordB12":"<","ordB13":"=","ordB23":">","mychoice":2,"myA1":11.840337158220494,"myA2":8.902973422445697,"myA3":10.060489045217015,"myB1":3.1767150767114707,"myB2":10.730737032079292,"myB3":2.457896656845545,"simA1":5.30289542162791,"simA2":7.26626883028075,"simA3":5.42650359449908,"simB1":2.16200830531307,"simB2":5.64728152588941,"simB3":2.46193274972029}