{"ppntid":0,"trialid":20,"Aweight":-0.12844289747095639,"Bweight":0.8790337299505221,"calc1":3.757331811489099,"calc2":10.013976101404413,"calc3":8.462491625574568,"ordA12":"=","ordA13":"=","ordA23":"<","ordB12":"<","ordB13":"<","ordB23":"=","mychoice":3,"myA1":6.844054287731243,"myA2":2.361505355042479,"myA3":8.463854888863027,"myB1":5.831724585579041,"myB2":13.30862082145509,"myB3":14.624184041587935,"simA1":8.43729105312377,"simA2":6.33904462214559,"simA3":9.77681596530601,"simB1":2.58809379301965,"simB2":12.7081929682754,"simB3":11.9077286019456}