{"ppntid":0,"trialid":11,"Aweight":-0.12844289747095639,"Bweight":0.8790337299505221,"calc1":1.9875201005872702,"calc2":5.264507460879504,"calc3":-1.3829031438037283,"ordA12":">","ordA13":"=","ordA23":"<","ordB12":"<","ordB13":">","ordB23":">","mychoice":2,"myA1":11.3192002810385,"myA2":0.03995221369309743,"myA3":10.402169678641751,"myB1":0.03608530539994659,"myB2":12.768433365438481,"myB3":1.285073965253194,"simA1":8.87625722680241,"simA2":4.16804329724982,"simA3":9.13220938993618,"simB1":4.43422937882133,"simB2":13.9203729538713,"simB3":0.650758871342987}