{"ppntid":0,"trialid":18,"Aweight":-0.12844289747095639,"Bweight":0.8790337299505221,"calc1":8.416132492389105,"calc2":14.298194621866445,"calc3":6.474400004518502,"ordA12":"=","ordA13":">","ordA23":">","ordB12":"=","ordB13":"=","ordB23":"=","mychoice":3,"myA1":12.804681482315964,"myA2":13.286030898014099,"myA3":9.104588983258981,"myB1":10.600594390965988,"myB2":12.842770257412324,"myB3":12.260084897203106,"simA1":8.12859624158591,"simA2":7.37823180388659,"simA3":0.670850041788071,"simB1":9.75794079713523,"simB2":12.3898943373933,"simB3":12.0616282580886}