{"ppntid":0,"trialid":9,"Aweight":0.4068871991684074,"Bweight":1.2750474142627846,"calc1":9.977524924478796,"calc2":8.438265313467156,"calc3":6.806487363630444,"ordA12":"=","ordA13":"=","ordA23":"=","ordB12":"<","ordB13":"=","ordB23":">","mychoice":2,"myA1":1.7844943968885218,"myA2":1.7808030203536862,"myA3":0.29968295050890936,"myB1":3.9885073519111836,"myB2":8.364002295801324,"myB3":4.218019239546634,"simA1":9.71080775139853,"simA2":8.27019854448736,"simA3":7.62946534901857,"simB1":5.61522312811576,"simB2":8.84890590445139,"simB3":4.25856868154369}