{"ppntid":0,"trialid":16,"Aweight":-0.12844289747095639,"Bweight":0.8790337299505221,"calc1":-3.332998085186211,"calc2":6.524999452858996,"calc3":-1.7961053468412174,"ordA12":">","ordA13":"=","ordA23":"<","ordB12":"<","ordB13":"=","ordB23":">","mychoice":2,"myA1":12.77989738086209,"myA2":4.046735633071046,"myA3":11.959180522119437,"myB1":2.0960986342699037,"myB2":11.847996317979689,"myB3":1.157407468432644,"simA1":8.7427697959356,"simA2":3.89542829245329,"simA3":7.91223292471841,"simB1":2.38451915793121,"simB2":8.48241655156016,"simB3":0.922219979111105}