{"ppntid":0,"trialid":15,"Aweight":0.12870857098382882,"Bweight":1.3042320160706382,"calc1":17.008084670126376,"calc2":8.930729353356277,"calc3":13.957319826190824,"ordA12":"=","ordA13":">","ordA23":"=","ordB12":">","ordB13":"=","ordB23":"<","mychoice":1,"myA1":8.56872852609153,"myA2":8.629535219830291,"myA3":7.909354791896707,"myB1":12.315940390535008,"myB2":1.501983453564949,"myB3":6.523207678406643,"simA1":7.24202439188957,"simA2":7.18859767541289,"simA3":9.53993134899065,"simB1":12.9172324854881,"simB2":7.64384718379006,"simB3":11.0533533047419}