{"ppntid":0,"trialid":8,"Aweight":-0.13837646375846002,"Bweight":1.7698012527941804,"calc1":23.685131331881767,"calc2":3.0918317721088204,"calc3":25.387319179759423,"ordA12":">","ordA13":">","ordA23":"=","ordB12":"=","ordB13":"<","ordB23":"<","mychoice":3,"myA1":13.80380723630796,"myA2":8.977671532487895,"myA3":8.21401426638941,"myB1":4.774235958491973,"myB2":2.580494622461744,"myB3":13.017001683272676,"simA1":7.14406876591966,"simA2":1.34849697118625,"simA3":0.0528800045140088,"simB1":8.53078398155048,"simB2":6.51239547645673,"simB3":12.1931532234885}