{"ppntid":0,"trialid":21,"Aweight":-0.13837646375846002,"Bweight":1.7698012527941804,"calc1":9.553268704830522,"calc2":14.183776093676233,"calc3":12.471384017471696,"ordA12":"=","ordA13":"<","ordA23":"<","ordB12":"<","ordB13":"=","ordB23":">","mychoice":2,"myA1":5.854667095754794,"myA2":7.66728090193609,"myA3":12.691692590849312,"myB1":8.755097756470576,"myB2":13.835433912910455,"myB3":8.830739666692075,"simA1":2.44017153279856,"simA2":0.805097871925682,"simA3":6.63595069432631,"simB1":4.18097089393996,"simB2":10.1647300017066,"simB3":4.60267660673708}