{"ppntid":0,"trialid":2,"Aweight":-0.12844289747095639,"Bweight":0.8790337299505221,"calc1":3.3615410006409068,"calc2":0.3288674208236122,"calc3":3.1743005685538197,"ordA12":"=","ordA13":">","ordA23":"=","ordB12":"=","ordB13":"=","ordB23":">","mychoice":2,"myA1":12.326472291701855,"myA2":12.40976549950176,"myA3":5.3153028300155984,"myB1":9.32272772660788,"myB2":10.359439371343969,"myB3":6.382518794108243,"simA1":4.44091077893972,"simA2":2.09030646830797,"simA3":0.928282281383872,"simB1":6.10001093940809,"simB2":8.69291198789142,"simB3":0.26329378481023}