{"ppntid":0,"trialid":2,"Aweight":-2.6327443935789248,"Bweight":0.09286478848971967,"calc1":-6.975336561268806,"calc2":4.860318577314494,"calc3":-3.9805757335133376,"ordA12":"=","ordA13":">","ordA23":"=","ordB12":"=","ordB13":">","ordB23":">","mychoice":1,"myA1":6.196454350555113,"myA2":6.875986738862934,"myA3":8.222021530313183,"myB1":11.62427169334581,"myB2":9.126606080853964,"myB3":4.254762459624298,"simA1":4.44091077893972,"simA2":2.09030646830797,"simA3":0.928282281383872,"simB1":6.10001093940809,"simB2":8.69291198789142,"simB3":0.26329378481023}