{"ppntid":0,"trialid":4,"Aweight":-0.09910536632612603,"Bweight":0.7832864281793963,"calc1":9.014514586198167,"calc2":5.70249995236762,"calc3":9.246035490881239,"ordA12":"=","ordA13":">","ordA23":"=","ordB12":"=","ordB13":"<","ordB23":"<","mychoice":3,"myA1":13.48604994580701,"myA2":11.567632311178818,"myA3":9.386904761293787,"myB1":6.798500199813503,"myB2":4.119458403333275,"myB3":12.788777821826018,"simA1":5.05297244759277,"simA2":2.18807576224208,"simA3":0.105234072543681,"simB1":5.54594777408056,"simB2":7.68077528569847,"simB3":10.7649007102009}