{"ppntid":0,"trialid":4,"Aweight":0.09149007061288919,"Bweight":0.6212505080590619,"calc1":7.331431304195361,"calc2":5.878652132188604,"calc3":0.4671621620639348,"ordA12":"=","ordA13":">","ordA23":"=","ordB12":"=","ordB13":"<","ordB23":"<","mychoice":3,"myA1":4.720202481936814,"myA2":2.410313808663176,"myA3":1.5681677222761548,"myB1":2.38863598842605,"myB2":3.782161776914811,"myB3":8.90016701879909,"simA1":5.05297244759277,"simA2":2.18807576224208,"simA3":0.105234072543681,"simB1":5.54594777408056,"simB2":7.68077528569847,"simB3":10.7649007102009}