{"ppntid":0,"trialid":3,"Aweight":0.09149007061288919,"Bweight":0.6212505080590619,"calc1":-1.448007686278179,"calc2":3.496552422124651,"calc3":2.8585121113895235,"ordA12":"=","ordA13":"=","ordA23":"=","ordB12":"<","ordB13":"<","ordB23":"=","mychoice":2,"myA1":5.797197066484955,"myA2":6.735909835161932,"myA3":4.14388700582042,"myB1":6.364233466423949,"myB2":12.650178192358858,"myB3":10.779727943839179,"simA1":3.41764160897583,"simA2":5.3128969646059,"simA3":4.62381788762286,"simB1":0.789628699421883,"simB2":7.38863933365792,"simB3":8.99294389877468}