{"ppntid":0,"trialid":11,"Aweight":0.0064885471247054394,"Bweight":0.11219062391216762,"calc1":2.881825391052064,"calc2":-2.033600752071453,"calc3":0.13797391146319063,"ordA12":">","ordA13":"=","ordA23":"<","ordB12":"<","ordB13":">","ordB23":">","mychoice":2,"myA1":8.921602597977511,"myA2":2.1202020479665307,"myA3":10.3704794995367,"myB1":10.64344659065507,"myB2":14.936599636619516,"myB3":4.824579117333573,"simA1":8.87625722680241,"simA2":4.16804329724982,"simA3":9.13220938993618,"simB1":4.43422937882133,"simB2":13.9203729538713,"simB3":0.650758871342987}