{"ppntid":0,"trialid":17,"Aweight":0.20893219353915968,"Bweight":1.3273905540281274,"calc1":6.4789102129954905,"calc2":19.68920482977557,"calc3":20.312007245896094,"ordA12":">","ordA13":">","ordA23":"=","ordB12":"=","ordB13":"<","ordB23":"=","mychoice":3,"myA1":14.228495983427274,"myA2":5.243735558289813,"myA3":7.550940036785944,"myB1":6.657933403691675,"myB2":8.816050106380164,"myB3":10.149831113544131,"simA1":9.21936804894358,"simA2":1.78829610114917,"simA3":0.849683994892985,"simB1":0.345301595516503,"simB2":14.4896775169764,"simB3":12.4136534216814}