{"ppntid":0,"trialid":7,"Aweight":0.782900168914661,"Bweight":0.8277597186058371,"calc1":13.7820308019003,"calc2":19.08486852476785,"calc3":8.54924605682809,"ordA12":"=","ordA13":">","ordA23":">","ordB12":"=","ordB13":"=","ordB23":"=","mychoice":1,"myA1":12.723871561565366,"myA2":13.960599135264955,"myA3":3.3012068530199423,"myB1":9.963707792646124,"myB2":8.132654795911133,"myB3":9.163257675293035,"simA1":8.76104752765968,"simA2":8.04335406515747,"simA3":1.29715850343928,"simB1":10.3199929918628,"simB2":7.46865443419665,"simB3":7.64094397542067}