{"ppntid":0,"trialid":11,"Aweight":-0.12844289747095639,"Bweight":0.8790337299505221,"calc1":1.9875201005872702,"calc2":5.264507460879504,"calc3":-1.3829031438037283,"ordA12":">","ordA13":"=","ordA23":"<","ordB12":"<","ordB13":">","ordB23":">","mychoice":2,"myA1":12.312877694422507,"myA2":5.584868162147586,"myA3":12.847137180385811,"myB1":6.551054459935362,"myB2":12.218336594307157,"myB3":5.2283386532375,"simA1":8.87625722680241,"simA2":4.16804329724982,"simA3":9.13220938993618,"simB1":4.43422937882133,"simB2":13.9203729538713,"simB3":0.650758871342987}