{"ppntid":0,"trialid":2,"Aweight":-1.2613881690913646,"Bweight":0.4254561131550955,"calc1":-11.8505501117242,"calc2":0.3337861981376815,"calc3":1.4911557721755102,"ordA12":"=","ordA13":">","ordA23":"=","ordB12":"=","ordB13":">","ordB23":">","mychoice":3,"myA1":7.556390494232007,"myA2":10.035932869115602,"myA3":4.551895838227478,"myB1":11.142825583462843,"myB2":9.541045620871662,"myB3":3.86563973511467,"simA1":4.44091077893972,"simA2":2.09030646830797,"simA3":0.928282281383872,"simB1":6.10001093940809,"simB2":8.69291198789142,"simB3":0.26329378481023}