{"ppntid":0,"trialid":5,"Aweight":-0.497555296112847,"Bweight":0.7436858973098074,"calc1":-2.88485923689911,"calc2":-2.7881306896881006,"calc3":-2.8429518589744194,"ordA12":"=","ordA13":"=","ordA23":"=","ordB12":"<","ordB13":"=","ordB23":">","mychoice":2,"myA1":10.292975355649785,"myA2":7.936948582606256,"myA3":8.998879659530845,"myB1":1.0546476841182584,"myB2":7.521640256048926,"myB3":2.5464910460027523,"simA1":5.30289542162791,"simA2":7.26626883028075,"simA3":5.42650359449908,"simB1":2.16200830531307,"simB2":5.64728152588941,"simB3":2.46193274972029}