{"ppntid":0,"trialid":5,"Aweight":-0.09910536632612603,"Bweight":0.7832864281793963,"calc1":-1.7189108179690615,"calc2":3.5983982519053805,"calc3":-3.01311153681935,"ordA12":"=","ordA13":"=","ordA23":"=","ordB12":"<","ordB13":"=","ordB23":">","mychoice":2,"myA1":2.1180884970850364,"myA2":1.289101150354094,"myA3":3.0690790170149826,"myB1":1.4741677775471829,"myB2":7.703503376090452,"myB3":1.9086447019649866,"simA1":5.30289542162791,"simA2":7.26626883028075,"simA3":5.42650359449908,"simB1":2.16200830531307,"simB2":5.64728152588941,"simB3":2.46193274972029}