{"ppntid":0,"trialid":8,"Aweight":0.12870857098382882,"Bweight":1.3042320160706382,"calc1":18.4233093747435,"calc2":9.42823389072505,"calc3":17.192873632983147,"ordA12":">","ordA13":">","ordA23":"=","ordB12":">","ordB13":"<","ordB23":"<","mychoice":3,"myA1":11.198366489371402,"myA2":3.2700564620229002,"myA3":1.514533674900388,"myB1":5.201180960593923,"myB2":0.3716150944562713,"myB3":13.330278119943882,"simA1":7.14406876591966,"simA2":1.34849697118625,"simA3":0.0528800045140088,"simB1":8.53078398155048,"simB2":6.51239547645673,"simB3":12.1931532234885}