{"ppntid":0,"trialid":3,"Aweight":-1.0437134123991307,"Bweight":0.6250696892465202,"calc1":-1.8407969670268856,"calc2":0.45854574735353015,"calc3":-1.9785530567661587,"ordA12":"=","ordA13":"=","ordA23":"=","ordB12":"<","ordB13":"<","ordB23":"=","mychoice":3,"myA1":5.909593517170526,"myA2":5.553908303064813,"myA3":4.703242668598724,"myB1":0.6300686005046874,"myB2":12.815962168774165,"myB3":11.928442574522842,"simA1":3.41764160897583,"simA2":5.3128969646059,"simA3":4.62381788762286,"simB1":0.789628699421883,"simB2":7.38863933365792,"simB3":8.99294389877468}