{"ppntid":0,"trialid":12,"Aweight":0.12870857098382882,"Bweight":1.3042320160706382,"calc1":16.3317006277462,"calc2":16.834468669576296,"calc3":12.816639062325523,"ordA12":"=","ordA13":"<","ordA23":"<","ordB12":"<","ordB13":"=","ordB23":">","mychoice":2,"myA1":2.9506392034843874,"myA2":4.0179678804602394,"myA3":14.644521010424402,"myB1":6.0970542627579585,"myB2":9.639348005101066,"myB3":5.949864715569619,"simA1":5.28062834171578,"simA2":3.06751366937533,"simA3":8.78854544134811,"simB1":6.01199498050846,"simB2":13.4708957537077,"simB3":10.3231809299905}