{"ppntid":0,"trialid":15,"Aweight":0.0064885471247054394,"Bweight":0.11219062391216762,"calc1":4.410088885266301,"calc2":-1.251456165392578,"calc3":4.329118035625102,"ordA12":"=","ordA13":"=","ordA23":"=","ordB12":"=","ordB13":"=","ordB23":"=","mychoice":3,"myA1":5.352470951265879,"myA2":5.479174121921634,"myA3":3.9736294946860595,"myB1":2.7969176534890448,"myB2":1.7860099660740858,"myB3":3.282866877589906,"simA1":7.24202439188957,"simA2":7.18859767541289,"simA3":9.53993134899065,"simB1":12.9172324854881,"simB2":7.64384718379006,"simB3":11.0533533047419}