{"ppntid":0,"trialid":7,"Aweight":0.09149007061288919,"Bweight":0.6212505080590619,"calc1":6.877689715242102,"calc2":5.165944268599672,"calc3":5.1385717830487945,"ordA12":"=","ordA13":">","ordA23":">","ordB12":"=","ordB13":"=","ordB23":"=","mychoice":2,"myA1":12.043492312959831,"myA2":13.338976975079493,"myA3":0.3251980135319288,"myB1":14.282674312126845,"myB2":14.47641548930784,"myB3":14.180446794969995,"simA1":8.76104752765968,"simA2":8.04335406515747,"simA3":1.29715850343928,"simB1":10.3199929918628,"simB2":7.46865443419665,"simB3":7.64094397542067}