{"ppntid":0,"trialid":8,"Aweight":0.12870857098382882,"Bweight":1.3042320160706382,"calc1":12.602576877685147,"calc2":8.992447967009964,"calc3":14.744222202128684,"ordA12":">","ordA13":">","ordA23":"=","ordB12":"=","ordB13":"<","ordB23":"<","mychoice":3,"myA1":14.483417172719243,"myA2":0.7417572710152898,"myA3":3.661291150211603,"myB1":4.549598274713799,"myB2":1.921289776606665,"myB3":13.41927614860422,"simA1":7.14406876591966,"simA2":1.34849697118625,"simA3":0.0528800045140088,"simB1":8.53078398155048,"simB2":6.51239547645673,"simB3":12.1931532234885}