{"ppntid":0,"trialid":14,"Aweight":0.20893219353915968,"Bweight":1.3273905540281274,"calc1":15.54586536204418,"calc2":20.08898884192608,"calc3":6.247192016273496,"ordA12":">","ordA13":"=","ordA23":"<","ordB12":"<","ordB13":"=","ordB23":">","mychoice":2,"myA1":12.494749960110687,"myA2":2.4058936626878156,"myA3":10.431952731251561,"myB1":8.06149286134093,"myB2":13.385626012527071,"myB3":0.09064556392397782,"simA1":8.69942399905995,"simA2":4.16681390954182,"simA3":9.1452954034321,"simB1":7.43841270916164,"simB2":11.8485353188589,"simB3":2.51956966007128}