{"ppntid":0,"trialid":13,"Aweight":0.12870857098382882,"Bweight":1.3042320160706382,"calc1":4.560509489244298,"calc2":16.419932588860853,"calc3":4.593854910270778,"ordA12":"=","ordA13":"=","ordA23":">","ordB12":"=","ordB13":">","ordB23":">","mychoice":2,"myA1":13.28314222447859,"myA2":14.950941026594094,"myA3":11.353136278047145,"myB1":9.580592530197192,"myB2":9.91724455799727,"myB3":0.20649268816633204,"simA1":7.85691629629582,"simA2":9.20852395240217,"simA3":6.01537173381075,"simB1":6.60168767441064,"simB2":6.73819990362972,"simB3":0.327535861870274}