{"ppntid":0,"trialid":9,"Aweight":0.08776128450111986,"Bweight":1.8830448173254608,"calc1":8.501283884509071,"calc2":13.12273927904836,"calc3":5.694005391576587,"ordA12":"=","ordA13":"=","ordA23":"=","ordB12":"<","ordB13":"=","ordB23":">","mychoice":2,"myA1":3.332803799150579,"myA2":1.1895965136390496,"myA3":0.6486637621343816,"myB1":7.754907372028216,"myB2":14.599589689148079,"myB3":5.337193657197013,"simA1":9.71080775139853,"simA2":8.27019854448736,"simA3":7.62946534901857,"simB1":5.61522312811576,"simB2":8.84890590445139,"simB3":4.25856868154369}