{"ppntid":0,"trialid":5,"Aweight":-0.12844289747095639,"Bweight":0.8790337299505221,"calc1":4.890584755389002,"calc2":5.6664385323374855,"calc3":0.5072324007887177,"ordA12":"=","ordA13":"=","ordA23":"=","ordB12":"<","ordB13":"=","ordB23":">","mychoice":2,"myA1":14.19921304526283,"myA2":12.067630914042603,"myA3":11.717310604986327,"myB1":1.2147578060459374,"myB2":14.238676205035077,"myB3":3.7039386167716515,"simA1":5.30289542162791,"simA2":7.26626883028075,"simA3":5.42650359449908,"simB1":2.16200830531307,"simB2":5.64728152588941,"simB3":2.46193274972029}