{"ppntid":0,"trialid":6,"Aweight":0.4068871991684074,"Bweight":1.2750474142627846,"calc1":9.839395036130313,"calc2":2.746312746092358,"calc3":2.313692753636079,"ordA12":"=","ordA13":"<","ordA23":">","ordB12":"=","ordB13":">","ordB23":">","mychoice":2,"myA1":2.623426050752652,"myA2":1.9731994662956664,"myA3":6.086464742793015,"myB1":8.84740855094796,"myB2":9.454272248532918,"myB3":0.5482911303691584,"simA1":4.8090137518011,"simA2":6.16455643437803,"simA3":8.31491193501279,"simB1":3.4268780623097,"simB2":3.61743570654653,"simB3":0.234661692520604}