{"ppntid":0,"trialid":5,"Aweight":-0.25176362739376507,"Bweight":0.11916785283530537,"calc1":-5.517794858951579,"calc2":-2.1313896472589704,"calc3":7.252391585271381,"ordA12":"=","ordA13":"=","ordA23":"=","ordB12":"<","ordB13":"=","ordB23":"=","mychoice":3,"myA1":1.8405778430860076,"myA2":4.766643610547792,"myA3":2.737773770924469,"myB1":4.352510817200529,"myB2":9.757798597363672,"myB3":7.323947444946301,"simA1":5.30289542162791,"simA2":7.26626883028075,"simA3":5.42650359449908,"simB1":2.16200830531307,"simB2":5.64728152588941,"simB3":2.46193274972029}