{"ppntid":0,"trialid":6,"Aweight":0.4068871991684074,"Bweight":1.2750474142627846,"calc1":1.2795664861504887,"calc2":4.071938386049348,"calc3":-2.3442907154490693,"ordA12":"=","ordA13":"<","ordA23":"=","ordB12":">","ordB13":">","ordB23":">","mychoice":1,"myA1":2.851877962458617,"myA2":5.1028424844953015,"myA3":7.191863071670658,"myB1":7.108270168930634,"myB2":5.048009498810186,"myB3":0.6888627539009551,"simA1":4.8090137518011,"simA2":6.16455643437803,"simA3":8.31491193501279,"simB1":3.4268780623097,"simB2":3.61743570654653,"simB3":0.234661692520604}