{"ppntid":0,"trialid":7,"Aweight":0.4068871991684074,"Bweight":1.2750474142627846,"calc1":20.686203203650155,"calc2":14.441506528426565,"calc3":4.644924358039389,"ordA12":"=","ordA13":"<","ordA23":">","ordB12":"=","ordB13":"=","ordB23":"=","mychoice":1,"myA1":8.224727469303803,"myA2":6.732281034770077,"myA3":2.998471140466733,"myB1":9.53608797129603,"myB2":7.979732020723555,"myB3":6.747184966792932,"simA1":8.76104752765968,"simA2":8.04335406515747,"simA3":1.29715850343928,"simB1":10.3199929918628,"simB2":7.46865443419665,"simB3":7.64094397542067}