{"ppntid":0,"trialid":7,"Aweight":-0.6788559598247932,"Bweight":1.0587545165231949,"calc1":2.098775361277965,"calc2":-5.341327120159272,"calc3":3.6640848734755562,"ordA12":"=","ordA13":">","ordA23":"=","ordB12":"=","ordB13":"=","ordB23":"=","mychoice":3,"myA1":10.144250535070878,"myA2":12.829390550381854,"myA3":1.7541496293869074,"myB1":5.554343016362845,"myB2":5.88176174994987,"myB3":4.305660582142029,"simA1":8.76104752765968,"simA2":8.04335406515747,"simA3":1.29715850343928,"simB1":10.3199929918628,"simB2":7.46865443419665,"simB3":7.64094397542067}