{"ppntid":0,"trialid":3,"Aweight":-0.12844289747095639,"Bweight":0.8790337299505221,"calc1":4.888155776289881,"calc2":5.819864264266114,"calc3":5.1252240065112,"ordA12":"=","ordA13":"=","ordA23":"=","ordB12":"<","ordB13":"<","ordB23":"=","mychoice":2,"myA1":6.29161624848267,"myA2":5.852050019389882,"myA3":4.253485715758955,"myB1":6.7186912535419,"myB2":11.814557437821879,"myB3":10.748587200391933,"simA1":3.41764160897583,"simA2":5.3128969646059,"simA3":4.62381788762286,"simB1":0.789628699421883,"simB2":7.38863933365792,"simB3":8.99294389877468}