{"ppntid":0,"trialid":21,"Aweight":0.20893219353915968,"Bweight":1.3273905540281274,"calc1":6.917588084508921,"calc2":15.705803935807033,"calc3":3.7678677889868752,"ordA12":"=","ordA13":"<","ordA23":"<","ordB12":"<","ordB13":"=","ordB23":"=","mychoice":2,"myA1":0.8666956005358761,"myA2":2.8875898045721273,"myA3":6.070789789294558,"myB1":0.2044365739416354,"myB2":7.9779224472985835,"myB3":6.522784156491771,"simA1":2.44017153279856,"simA2":0.805097871925682,"simA3":6.63595069432631,"simB1":4.18097089393996,"simB2":10.1647300017066,"simB3":4.60267660673708}