{"ppntid":0,"trialid":16,"Aweight":0.20893219353915968,"Bweight":1.3273905540281274,"calc1":4.4893354592026355,"calc2":11.321963897311162,"calc3":6.225726437864578,"ordA12":">","ordA13":"=","ordA23":"<","ordB12":"<","ordB13":"=","ordB23":">","mychoice":2,"myA1":10.392734848679972,"myA2":5.54354632696856,"myA3":10.07384552483066,"myB1":0.12316476389691577,"myB2":11.34277845798507,"myB3":2.841052232791662,"simA1":8.7427697959356,"simA2":3.89542829245329,"simA3":7.91223292471841,"simB1":2.38451915793121,"simB2":8.48241655156016,"simB3":0.922219979111105}