{"ppntid":0,"trialid":17,"Aweight":0.09149007061288919,"Bweight":0.6212505080590619,"calc1":2.424769764935344,"calc2":10.680661472468909,"calc3":7.875625933861313,"ordA12":">","ordA13":">","ordA23":"=","ordB12":"<","ordB13":"<","ordB23":"=","mychoice":3,"myA1":8.51555041089533,"myA2":5.223602891885096,"myA3":2.5776812624966317,"myB1":0.07567656985175142,"myB2":11.395340048703739,"myB3":13.928204922541674,"simA1":9.21936804894358,"simA2":1.78829610114917,"simA3":0.849683994892985,"simB1":0.345301595516503,"simB2":14.4896775169764,"simB3":12.4136534216814}