{"ppntid":0,"trialid":14,"Aweight":-0.12844289747095639,"Bweight":0.8790337299505221,"calc1":7.614395638016822,"calc2":6.366216777629502,"calc3":3.826891244987827,"ordA12":"=","ordA13":"=","ordA23":"<","ordB12":"<","ordB13":">","ordB23":">","mychoice":2,"myA1":6.733538073764506,"myA2":5.6821885625547806,"myA3":9.478617792476431,"myB1":6.358416788744763,"myB2":12.222970781370517,"myB3":1.9036157828725064,"simA1":8.69942399905995,"simA2":4.16681390954182,"simA3":9.1452954034321,"simB1":7.43841270916164,"simB2":11.8485353188589,"simB3":2.51956966007128}