{"ppntid":0,"trialid":12,"Aweight":0.4068871991684074,"Bweight":1.2750474142627846,"calc1":10.244498231639632,"calc2":17.347819795030205,"calc3":16.322544823608848,"ordA12":"=","ordA13":"<","ordA23":"<","ordB12":"<","ordB13":"<","ordB23":">","mychoice":2,"myA1":7.459658589770384,"myA2":8.041641792451275,"myA3":11.995626913274714,"myB1":1.4008570268090592,"myB2":12.209809047708568,"myB3":7.112799062895597,"simA1":5.28062834171578,"simA2":3.06751366937533,"simA3":8.78854544134811,"simB1":6.01199498050846,"simB2":13.4708957537077,"simB3":10.3231809299905}