{"ppntid":0,"trialid":12,"Aweight":-0.12844289747095639,"Bweight":0.8790337299505221,"calc1":5.417585460526253,"calc2":13.327700935552288,"calc3":-0.4232258639515143,"ordA12":"=","ordA13":"<","ordA23":"<","ordB12":"<","ordB13":"<","ordB23":">","mychoice":2,"myA1":1.4183382233796737,"myA2":2.9762788112720284,"myA3":11.448073239102847,"myB1":0.18657902131619664,"myB2":10.820599825472826,"myB3":5.727086650420114,"simA1":5.28062834171578,"simA2":3.06751366937533,"simA3":8.78854544134811,"simB1":6.01199498050846,"simB2":13.4708957537077,"simB3":10.3231809299905}