{"ppntid":0,"trialid":5,"Aweight":0.36225130140702216,"Bweight":0.740699341625212,"calc1":-0.5737658567710651,"calc2":9.943411755492455,"calc3":7.63285125449419,"ordA12":"=","ordA13":">","ordA23":"=","ordB12":"<","ordB13":"=","ordB23":">","mychoice":2,"myA1":11.37730399127395,"myA2":5.559587844984733,"myA3":6.912829985648368,"myB1":1.998245349017549,"myB2":12.967637925601561,"myB3":1.4880451350319146,"simA1":5.30289542162791,"simA2":7.26626883028075,"simA3":5.42650359449908,"simB1":2.16200830531307,"simB2":5.64728152588941,"simB3":2.46193274972029}