{"ppntid":0,"trialid":18,"Aweight":0.4068871991684074,"Bweight":1.2750474142627846,"calc1":18.156422651429878,"calc2":20.67796419025507,"calc3":17.53374374258503,"ordA12":"=","ordA13":">","ordA23":">","ordB12":"=","ordB13":">","ordB23":"=","mychoice":1,"myA1":12.618895752056222,"myA2":11.046751663092994,"myA3":1.772947287899903,"myB1":11.81572474362743,"myB2":11.269014587567183,"myB3":8.709086773039207,"simA1":8.12859624158591,"simA2":7.37823180388659,"simA3":0.670850041788071,"simB1":9.75794079713523,"simB2":12.3898943373933,"simB3":12.0616282580886}