{"ppntid":0,"trialid":5,"Aweight":0.12870857098382882,"Bweight":1.3042320160706382,"calc1":10.991673636704016,"calc2":5.104347710380791,"calc3":6.36158391961638,"ordA12":"=","ordA13":">","ordA23":"=","ordB12":"<","ordB13":"=","ordB23":">","mychoice":2,"myA1":5.826303873902205,"myA2":4.6584844104614,"myA3":2.0409647082375226,"myB1":2.9511215579746644,"myB2":10.69012953340669,"myB3":1.7504534055329557,"simA1":5.30289542162791,"simA2":7.26626883028075,"simA3":5.42650359449908,"simB1":2.16200830531307,"simB2":5.64728152588941,"simB3":2.46193274972029}