{"ppntid":0,"trialid":15,"Aweight":0.4068871991684074,"Bweight":1.2750474142627846,"calc1":24.182373692994375,"calc2":15.992142819220483,"calc3":15.433892114443697,"ordA12":"=","ordA13":"=","ordA23":"=","ordB12":">","ordB13":">","ordB23":"<","mychoice":1,"myA1":5.278564705275489,"myA2":6.967436246013959,"myA3":4.8931685336212,"myB1":8.580065574774569,"myB2":1.9299926887430874,"myB3":5.958747564789702,"simA1":7.24202439188957,"simA2":7.18859767541289,"simA3":9.53993134899065,"simB1":12.9172324854881,"simB2":7.64384718379006,"simB3":11.0533533047419}