{"ppntid":0,"trialid":6,"Aweight":0.4068871991684074,"Bweight":1.2750474142627846,"calc1":1.2795664861504887,"calc2":-5.379545868909506,"calc3":7.6924497812104295,"ordA12":"=","ordA13":"<","ordA23":"=","ordB12":">","ordB13":">","ordB23":">","mychoice":1,"myA1":4.803472109074591,"myA2":4.668362596634453,"myA3":7.526751448001337,"myB1":14.843232179586218,"myB2":10.768032559802558,"myB3":2.8326830442085313,"simA1":4.8090137518011,"simA2":6.16455643437803,"simA3":8.31491193501279,"simB1":3.4268780623097,"simB2":3.61743570654653,"simB3":0.234661692520604}