{"ppntid":0,"trialid":11,"Aweight":0.7630530937244366,"Bweight":2.506333204041536,"calc1":20.886733255580257,"calc2":41.27931062148721,"calc3":2.6807761946054205,"ordA12":">","ordA13":"=","ordA23":"<","ordB12":"<","ordB13":">","ordB23":">","mychoice":2,"myA1":11.343690063737002,"myA2":6.055484966246228,"myA3":12.95518712140496,"myB1":7.107881818305499,"myB2":14.519539885421246,"myB3":0.25334088385183473,"simA1":8.87625722680241,"simA2":4.16804329724982,"simA3":9.13220938993618,"simB1":4.43422937882133,"simB2":13.9203729538713,"simB3":0.650758871342987}