{"ppntid":0,"trialid":10,"Aweight":0.20893219353915968,"Bweight":1.3273905540281274,"calc1":-1.9100770226825219,"calc2":4.3819633481718725,"calc3":12.292974455673306,"ordA12":"=","ordA13":"<","ordA23":"<","ordB12":"=","ordB13":"=","ordB23":"=","mychoice":3,"myA1":4.6186644509378185,"myA2":1.9289644006074602,"myA3":6.569522255827693,"myB1":5.539530030712649,"myB2":5.836843066893993,"myB3":8.433170456157885,"simA1":2.26741205202416,"simA2":2.47803316218778,"simA3":8.28731167363003,"simB1":3.06291132001206,"simB2":3.33613052149303,"simB3":2.30878524016589}