{"ppntid":0,"trialid":9,"Aweight":0.12870857098382882,"Bweight":1.3042320160706382,"calc1":11.566124580820393,"calc2":17.246508088772586,"calc3":2.135037545204937,"ordA12":"=","ordA13":"=","ordA23":"=","ordB12":"<","ordB13":"=","ordB23":">","mychoice":2,"myA1":2.170415706236948,"myA2":3.1644914114525946,"myA3":4.583253134471972,"myB1":2.8361993266830465,"myB2":11.164413516294003,"myB3":2.4938461715047033,"simA1":9.71080775139853,"simA2":8.27019854448736,"simA3":7.62946534901857,"simB1":5.61522312811576,"simB2":8.84890590445139,"simB3":4.25856868154369}