{"ppntid":0,"trialid":15,"Aweight":-0.6564386494750417,"Bweight":1.365515195179555,"calc1":16.121333476832046,"calc2":7.320853905581233,"calc3":5.091579087179247,"ordA12":"<","ordA13":"=","ordA23":"=","ordB12":">","ordB13":"=","ordB23":"<","mychoice":1,"myA1":7.199477384343009,"myA2":10.343621585464366,"myA3":9.989200699788958,"myB1":14.286825755675503,"myB2":6.54843049951567,"myB3":12.995286901365183,"simA1":7.24202439188957,"simA2":7.18859767541289,"simA3":9.53993134899065,"simB1":12.9172324854881,"simB2":7.64384718379006,"simB3":11.0533533047419}