{"ppntid":0,"trialid":3,"Aweight":-1.33701132688301,"Bweight":2.0312401247034,"calc1":-2.1866424926491717,"calc2":11.372217545917513,"calc3":10.812328266814793,"ordA12":"=","ordA13":"=","ordA23":"=","ordB12":"<","ordB13":"<","ordB23":"=","mychoice":2,"myA1":3.728050386736912,"myA2":1.2851685947810676,"myA3":1.9984051173883788,"myB1":1.0691499565334728,"myB2":6.339606728205655,"myB3":6.299788561811801,"simA1":3.41764160897583,"simA2":5.3128969646059,"simA3":4.62381788762286,"simB1":0.789628699421883,"simB2":7.38863933365792,"simB3":8.99294389877468}