{"ppntid":0,"trialid":9,"Aweight":0.12870857098382882,"Bweight":1.3042320160706382,"calc1":5.259554390002824,"calc2":5.5975950641339525,"calc3":6.707725248695801,"ordA12":"=","ordA13":"=","ordA23":"<","ordB12":"<","ordB13":"=","ordB23":">","mychoice":2,"myA1":3.5247078477909533,"myA2":0.9386351812869476,"myA3":4.966302358144428,"myB1":7.713126088844659,"myB2":14.92077841865089,"myB3":7.989170448141694,"simA1":9.71080775139853,"simA2":8.27019854448736,"simA3":7.62946534901857,"simB1":5.61522312811576,"simB2":8.84890590445139,"simB3":4.25856868154369}