{"ppntid":0,"trialid":14,"Aweight":0.4068871991684074,"Bweight":1.2750474142627846,"calc1":9.271901807403836,"calc2":20.992114189641057,"calc3":15.928793807336572,"ordA12":">","ordA13":"=","ordA23":"=","ordB12":"<","ordB13":">","ordB23":">","mychoice":1,"myA1":7.776739925264945,"myA2":3.388810794527161,"myA3":4.894188680928665,"myB1":13.54098101322624,"myB2":3.4630127432210034,"myB3":0.1555215543514865,"simA1":8.69942399905995,"simA2":4.16681390954182,"simA3":9.1452954034321,"simB1":7.43841270916164,"simB2":11.8485353188589,"simB3":2.51956966007128}