{"ppntid":0,"trialid":10,"Aweight":0.4068871991684074,"Bweight":1.2750474142627846,"calc1":-6.913565534445987,"calc2":3.8304950317829327,"calc3":10.198111172237404,"ordA12":"=","ordA13":"<","ordA23":"<","ordB12":"=","ordB13":"=","ordB23":"=","mychoice":3,"myA1":0.5597150278347762,"myA2":0.018208122526703896,"myA3":8.35469112998019,"myB1":7.197909398305903,"myB2":7.615785017129948,"myB3":7.5098908981669314,"simA1":2.26741205202416,"simA2":2.47803316218778,"simA3":8.28731167363003,"simB1":3.06291132001206,"simB2":3.33613052149303,"simB3":2.30878524016589}