{"ppntid":0,"trialid":15,"Aweight":0.4068871991684074,"Bweight":1.2750474142627846,"calc1":25.7203639021524,"calc2":15.992142819220483,"calc3":15.433892114443697,"ordA12":"=","ordA13":"=","ordA23":"=","ordB12":">","ordB13":">","ordB23":"<","mychoice":1,"myA1":3.9019017628411925,"myA2":6.260652973227625,"myA3":3.6644745256699607,"myB1":13.482830098325667,"myB2":2.394104538505155,"myB3":6.652613020735823,"simA1":7.24202439188957,"simA2":7.18859767541289,"simA3":9.53993134899065,"simB1":12.9172324854881,"simB2":7.64384718379006,"simB3":11.0533533047419}