{"ppntid":0,"trialid":10,"Aweight":0.0064885471247054394,"Bweight":0.11219062391216762,"calc1":3.2216468753222998,"calc2":-0.6587909565113698,"calc3":2.4918495968376475,"ordA12":"=","ordA13":"<","ordA23":"<","ordB12":"=","ordB13":"=","ordB23":"=","mychoice":1,"myA1":1.8884359186749955,"myA2":4.552836870466107,"myA3":12.72116177181362,"myB1":3.4257591857103833,"myB2":1.8715718423864502,"myB3":1.2076203898716653,"simA1":2.26741205202416,"simA2":2.47803316218778,"simA3":8.28731167363003,"simB1":3.06291132001206,"simB2":3.33613052149303,"simB3":2.30878524016589}