{"ppntid":0,"trialid":17,"Aweight":0.4068871991684074,"Bweight":1.2750474142627846,"calc1":0.3542608546628867,"calc2":19.776933683250586,"calc3":13.790270212859829,"ordA12":">","ordA13":">","ordA23":"=","ordB12":"<","ordB13":"<","ordB23":"=","mychoice":3,"myA1":14.25628835889041,"myA2":2.1159894232889966,"myA3":1.507236557351458,"myB1":1.5198641103254096,"myB2":8.515627655311343,"myB3":10.6963307705492,"simA1":9.21936804894358,"simA2":1.78829610114917,"simA3":0.849683994892985,"simB1":0.345301595516503,"simB2":14.4896775169764,"simB3":12.4136534216814}