{"ppntid":0,"trialid":9,"Aweight":0.4068871991684074,"Bweight":1.2750474142627846,"calc1":9.066451509232142,"calc2":9.01064916313631,"calc3":10.238338957503245,"ordA12":"=","ordA13":"=","ordA23":"=","ordB12":"<","ordB13":"=","ordB23":">","mychoice":2,"myA1":7.716217967043731,"myA2":7.422810165925968,"myA3":4.987820447987518,"myB1":6.216087307418949,"myB2":12.415701649285964,"myB3":9.19642665879702,"simA1":9.71080775139853,"simA2":8.27019854448736,"simA3":7.62946534901857,"simB1":5.61522312811576,"simB2":8.84890590445139,"simB3":4.25856868154369}