{"ppntid":0,"trialid":11,"Aweight":0.20893219353915968,"Bweight":1.3273905540281274,"calc1":7.89155806514984,"calc2":17.10162597687958,"calc3":1.0083276504457586,"ordA12":">","ordA13":"=","ordA23":"<","ordB12":"<","ordB13":">","ordB23":">","mychoice":2,"myA1":10.793304760929988,"myA2":1.1201066800360082,"myA3":10.823168933091456,"myB1":3.6835803020181093,"myB2":9.934847518181387,"myB3":0.3994878849342587,"simA1":8.87625722680241,"simA2":4.16804329724982,"simA3":9.13220938993618,"simB1":4.43422937882133,"simB2":13.9203729538713,"simB3":0.650758871342987}