{"ppntid":0,"trialid":6,"Aweight":0.4068871991684074,"Bweight":1.2750474142627846,"calc1":9.839395036130313,"calc2":14.499757714977955,"calc3":9.348362695451012,"ordA12":"=","ordA13":"<","ordA23":"<","ordB12":"=","ordB13":">","ordB23":">","mychoice":2,"myA1":0.7002542036096482,"myA2":8.893090174541271,"myA3":14.959076852948659,"myB1":5.594774423386282,"myB2":7.8481898958734275,"myB3":2.1460615555125475,"simA1":4.8090137518011,"simA2":6.16455643437803,"simA3":8.31491193501279,"simB1":3.4268780623097,"simB2":3.61743570654653,"simB3":0.234661692520604}