{"ppntid":0,"trialid":17,"Aweight":0.4068871991684074,"Bweight":1.2750474142627846,"calc1":-0.8154159227478548,"calc2":23.272847148944756,"calc3":16.87556885380205,"ordA12":">","ordA13":">","ordA23":"=","ordB12":"<","ordB13":"<","ordB23":"=","mychoice":2,"myA1":10.685096883367557,"myA2":5.214794589827354,"myA3":5.012719634819066,"myB1":0.11992645279680914,"myB2":11.454915640041879,"myB3":11.124383846445426,"simA1":9.21936804894358,"simA2":1.78829610114917,"simA3":0.849683994892985,"simB1":0.345301595516503,"simB2":14.4896775169764,"simB3":12.4136534216814}