{"ppntid":0,"trialid":19,"Aweight":0.20893219353915968,"Bweight":1.3273905540281274,"calc1":9.698448552888436,"calc2":4.762079440101739,"calc3":5.462490873424284,"ordA12":"=","ordA13":"=","ordA23":"<","ordB12":"<","ordB13":">","ordB23":"=","mychoice":2,"myA1":13.226383388159391,"myA2":1.026258356099724,"myA3":11.34311449554956,"myB1":6.79520543564415,"myB2":12.326843871180818,"myB3":10.047881711764472,"simA1":6.40436165267602,"simA2":2.57385758683085,"simA3":6.28043658332899,"simB1":14.6986505936366,"simB2":4.11223859991878,"simB3":1.65516423876397}