{"ppntid":0,"trialid":19,"Aweight":-0.13837646375846002,"Bweight":1.7698012527941804,"calc1":25.085780272442765,"calc2":3.938256731999107,"calc3":-3.3163308825473363,"ordA12":">","ordA13":"=","ordA23":"<","ordB12":">","ordB13":"<","ordB23":"=","mychoice":1,"myA1":13.041526475978825,"myA2":8.609988352099766,"myA3":11.752448762274046,"myB1":6.255990622839879,"myB2":3.24385058055375,"myB3":0.38599446834277185,"simA1":6.40436165267602,"simA2":2.57385758683085,"simA3":6.28043658332899,"simB1":14.6986505936366,"simB2":4.11223859991878,"simB3":1.65516423876397}