{"ppntid":0,"trialid":15,"Aweight":-0.12844289747095639,"Bweight":0.8790337299505221,"calc1":11.798988383880085,"calc2":7.438800086211426,"calc3":10.515557494115004,"ordA12":"=","ordA13":"=","ordA23":"=","ordB12":">","ordB13":"=","ordB23":"<","mychoice":3,"myA1":7.553936728225721,"myA2":6.001142135030624,"myA3":6.535470223804674,"myB1":12.149513866433555,"myB2":8.745625996220227,"myB3":14.898180001636717,"simA1":7.24202439188957,"simA2":7.18859767541289,"simA3":9.53993134899065,"simB1":12.9172324854881,"simB2":7.64384718379006,"simB3":11.0533533047419}