{"ppntid":0,"trialid":3,"Aweight":0.6921226885149753,"Bweight":1.3878490909755763,"calc1":0.8544314554091503,"calc2":15.208401729389495,"calc3":10.53085328418896,"ordA12":"=","ordA13":"=","ordA23":"=","ordB12":"<","ordB13":"<","ordB23":"=","mychoice":2,"myA1":6.227524057625992,"myA2":8.864438600688345,"myA3":6.71562684794533,"myB1":0.7755359548817098,"myB2":5.774722924729996,"myB3":4.26019744698443,"simA1":3.41764160897583,"simA2":5.3128969646059,"simA3":4.62381788762286,"simB1":0.789628699421883,"simB2":7.38863933365792,"simB3":8.99294389877468}