{"ppntid":0,"trialid":16,"Aweight":-0.13837646375846002,"Bweight":1.7698012527941804,"calc1":4.4039139176287545,"calc2":16.09097890256059,"calc3":-2.260565653093693,"ordA12":">","ordA13":"=","ordA23":"<","ordB12":"<","ordB13":"=","ordB23":">","mychoice":2,"myA1":14.81517209664307,"myA2":4.7906101989651715,"myA3":13.343291468186575,"myB1":9.41794180136138,"myB2":12.530304293017918,"myB3":8.80441868880147,"simA1":8.7427697959356,"simA2":3.89542829245329,"simA3":7.91223292471841,"simB1":2.38451915793121,"simB2":8.48241655156016,"simB3":0.922219979111105}