{"ppntid":0,"trialid":2,"Aweight":-0.13513330701777315,"Bweight":0.5174650516951166,"calc1":4.527759947886354,"calc2":4.514495728107196,"calc3":-3.442968782891408,"ordA12":"=","ordA13":">","ordA23":"=","ordB12":"=","ordB13":">","ordB23":">","mychoice":1,"myA1":10.389594906373285,"myA2":7.963438670287074,"myA3":9.220720983022252,"myB1":11.968597946101164,"myB2":9.499273061416808,"myB3":1.616457414668081,"simA1":4.44091077893972,"simA2":2.09030646830797,"simA3":0.928282281383872,"simB1":6.10001093940809,"simB2":8.69291198789142,"simB3":0.26329378481023}