{"ppntid":0,"trialid":6,"Aweight":-0.3236378132340932,"Bweight":2.8143346666886493,"calc1":8.117044179015432,"calc2":6.067336415449619,"calc3":-7.56547052229012,"ordA12":"=","ordA13":"<","ordA23":"=","ordB12":"=","ordB13":">","ordB23":">","mychoice":2,"myA1":10.892899306205706,"myA2":13.215008657769248,"myA3":14.454003471446761,"myB1":4.674415760777231,"myB2":5.0982537644551975,"myB3":0.05724071764616312,"simA1":4.8090137518011,"simA2":6.16455643437803,"simA3":8.31491193501279,"simB1":3.4268780623097,"simB2":3.61743570654653,"simB3":0.234661692520604}