{"ppntid":0,"trialid":11,"Aweight":0.4068871991684074,"Bweight":1.2750474142627846,"calc1":9.92400669875957,"calc2":19.61999377702573,"calc3":6.1669945826960735,"ordA12":">","ordA13":"=","ordA23":"<","ordB12":"<","ordB13":"<","ordB23":">","mychoice":3,"myA1":13.592569338121436,"myA2":1.7536274964700649,"myA3":13.080470940078463,"myB1":5.916547914722741,"myB2":13.158650318506782,"myB3":10.127300624723349,"simA1":8.87625722680241,"simA2":4.16804329724982,"simA3":9.13220938993618,"simB1":4.43422937882133,"simB2":13.9203729538713,"simB3":0.650758871342987}