{"ppntid":0,"trialid":18,"Aweight":-0.12844289747095639,"Bweight":0.8790337299505221,"calc1":8.416132492389105,"calc2":14.298194621866445,"calc3":6.474400004518502,"ordA12":"=","ordA13":">","ordA23":">","ordB12":"=","ordB13":"=","ordB23":"=","mychoice":2,"myA1":11.327655803503461,"myA2":10.499844582253347,"myA3":2.1653542024556707,"myB1":8.963354811343342,"myB2":10.32079195221532,"myB3":7.906072427292406,"simA1":8.12859624158591,"simA2":7.37823180388659,"simA3":0.670850041788071,"simB1":9.75794079713523,"simB2":12.3898943373933,"simB3":12.0616282580886}