{"ppntid":0,"trialid":13,"Aweight":0.12870857098382882,"Bweight":1.3042320160706382,"calc1":1.4497012321777074,"calc2":10.618632529971798,"calc3":-0.3654938135505972,"ordA12":"=","ordA13":"=","ordA23":"=","ordB12":"=","ordB13":">","ordB23":">","mychoice":1,"myA1":0.4633086207183801,"myA2":1.6191946756260545,"myA3":2.441957708415167,"myB1":9.487851022652489,"myB2":7.174436609012613,"myB3":1.6551721195636693,"simA1":7.85691629629582,"simA2":9.20852395240217,"simA3":6.01537173381075,"simB1":6.60168767441064,"simB2":6.73819990362972,"simB3":0.327535861870274}