{"ppntid":0,"trialid":13,"Aweight":0.12870857098382882,"Bweight":1.3042320160706382,"calc1":6.9709809651537675,"calc2":4.777030630451466,"calc3":1.4627641727800609,"ordA12":"=","ordA13":"=","ordA23":">","ordB12":"=","ordB13":">","ordB23":">","mychoice":2,"myA1":11.810126809258106,"myA2":12.222486267122502,"myA3":8.927533786817254,"myB1":10.903567768602608,"myB2":12.545911439458843,"myB3":2.947808578211731,"simA1":7.85691629629582,"simA2":9.20852395240217,"simA3":6.01537173381075,"simB1":6.60168767441064,"simB2":6.73819990362972,"simB3":0.327535861870274}