{"ppntid":0,"trialid":16,"Aweight":0.20893219353915968,"Bweight":1.3273905540281274,"calc1":4.917930055488958,"calc2":15.630956827097455,"calc3":2.997286555124712,"ordA12":">","ordA13":"=","ordA23":"=","ordB12":"<","ordB13":"=","ordB23":">","mychoice":2,"myA1":14.253670167211407,"myA2":10.710267429435143,"myA3":12.813856422353862,"myB1":4.704390888843248,"myB2":9.25432434289118,"myB3":5.410534532974413,"simA1":8.7427697959356,"simA2":3.89542829245329,"simA3":7.91223292471841,"simB1":2.38451915793121,"simB2":8.48241655156016,"simB3":0.922219979111105}