{"ppntid":0,"trialid":11,"Aweight":0.09149007061288919,"Bweight":0.6212505080590619,"calc1":2.2815133304881847,"calc2":7.492712567162465,"calc3":-3.4491096329448814,"ordA12":">","ordA13":"<","ordA23":"<","ordB12":"<","ordB13":">","ordB23":">","mychoice":2,"myA1":2.05087296343911,"myA2":0.3855094553570715,"myA3":14.871544585839963,"myB1":4.32726199230114,"myB2":9.296556585921893,"myB3":1.099291454619058,"simA1":8.87625722680241,"simA2":4.16804329724982,"simA3":9.13220938993618,"simB1":4.43422937882133,"simB2":13.9203729538713,"simB3":0.650758871342987}