{"ppntid":0,"trialid":12,"Aweight":0.4068871991684074,"Bweight":1.2750474142627846,"calc1":10.244498231639632,"calc2":17.347819795030205,"calc3":16.322544823608848,"ordA12":"=","ordA13":"<","ordA23":"<","ordB12":"<","ordB13":"<","ordB23":">","mychoice":3,"myA1":2.3137166991246794,"myA2":2.6366223992802604,"myA3":13.709462232098936,"myB1":1.2161811594751304,"myB2":8.865191103319722,"myB3":5.669670157591212,"simA1":5.28062834171578,"simA2":3.06751366937533,"simA3":8.78854544134811,"simB1":6.01199498050846,"simB2":13.4708957537077,"simB3":10.3231809299905}