{"ppntid":0,"trialid":10,"Aweight":0.7630530937244366,"Bweight":2.506333204041536,"calc1":9.858504878333346,"calc2":10.253372013747965,"calc3":13.241288477500422,"ordA12":"=","ordA13":"<","ordA23":"<","ordB12":"=","ordB13":"=","ordB23":"=","mychoice":3,"myA1":0.6299911318555818,"myA2":2.260502883541773,"myA3":6.629186555663043,"myB1":4.945280482407538,"myB2":7.3874563238419055,"myB3":6.765037941312846,"simA1":2.26741205202416,"simA2":2.47803316218778,"simA3":8.28731167363003,"simB1":3.06291132001206,"simB2":3.33613052149303,"simB3":2.30878524016589}