{"ppntid":0,"trialid":6,"Aweight":-0.6634279536845097,"Bweight":0.5027517757121523,"calc1":-2.8246146175633005,"calc2":-4.227795763001545,"calc3":2.182073677309038,"ordA12":"<","ordA13":"<","ordA23":"=","ordB12":"=","ordB13":">","ordB23":">","mychoice":1,"myA1":3.983828788360305,"myA2":12.354445395761111,"myA3":9.899749804094238,"myB1":11.150417935740144,"myB2":11.366004436678772,"myB3":7.924737978014708,"simA1":4.8090137518011,"simA2":6.16455643437803,"simA3":8.31491193501279,"simB1":3.4268780623097,"simB2":3.61743570654653,"simB3":0.234661692520604}