{"ppntid":0,"trialid":4,"Aweight":-1.1528008360520396,"Bweight":0.9474884336019445,"calc1":1.3725830024387806,"calc2":3.1211132341629106,"calc3":13.759983302403144,"ordA12":"=","ordA13":">","ordA23":"=","ordB12":"=","ordB13":"<","ordB23":"<","mychoice":3,"myA1":8.970698307710718,"myA2":9.382179993125144,"myA3":1.6620629474077098,"myB1":9.920175927610936,"myB2":10.497030610421913,"myB3":14.203580982991244,"simA1":5.05297244759277,"simA2":2.18807576224208,"simA3":0.105234072543681,"simB1":5.54594777408056,"simB2":7.68077528569847,"simB3":10.7649007102009}