{"ppntid":0,"trialid":11,"Aweight":0.4852442386800239,"Bweight":0.9880598566512765,"calc1":14.59856244811829,"calc2":9.074106959615001,"calc3":5.141310463766455,"ordA12":">","ordA13":"=","ordA23":"<","ordB12":"<","ordB13":">","ordB23":">","mychoice":1,"myA1":8.522082705414217,"myA2":3.9242788015722363,"myA3":11.164394029620174,"myB1":7.632978679493902,"myB2":8.20472268124811,"myB3":4.288050770416232,"simA1":8.87625722680241,"simA2":4.16804329724982,"simA3":9.13220938993618,"simB1":4.43422937882133,"simB2":13.9203729538713,"simB3":0.650758871342987}