{"ppntid":0,"trialid":17,"Aweight":0.12870857098382882,"Bweight":1.3042320160706382,"calc1":-0.3446675074828569,"calc2":16.012343028414055,"calc3":21.352856729549565,"ordA12":">","ordA13":">","ordA23":"=","ordB12":"<","ordB13":"<","ordB23":"=","mychoice":2,"myA1":13.52600673601265,"myA2":6.201899106404375,"myA3":6.339530005586017,"myB1":1.3675759120939568,"myB2":12.254999269689927,"myB3":11.202214906129544,"simA1":9.21936804894358,"simA2":1.78829610114917,"simA3":0.849683994892985,"simB1":0.345301595516503,"simB2":14.4896775169764,"simB3":12.4136534216814}