{"ppntid":0,"trialid":3,"Aweight":-0.34967703775840536,"Bweight":0.11219062391216762,"calc1":0.9726559839222737,"calc2":3.450191890936318,"calc3":-4.504627586200894,"ordA12":"=","ordA13":"=","ordA23":"=","ordB12":"<","ordB13":"<","ordB23":"=","mychoice":2,"myA1":0.7526639367316401,"myA2":0.5590936771803512,"myA3":3.232381354310594,"myB1":7.266497338142807,"myB2":14.68731971724915,"myB3":13.280124716840747,"simA1":3.41764160897583,"simA2":5.3128969646059,"simA3":4.62381788762286,"simB1":0.789628699421883,"simB2":7.38863933365792,"simB3":8.99294389877468}