{"ppntid":0,"trialid":13,"Aweight":0.13740552532497405,"Bweight":1.2750474142627846,"calc1":3.8756671267074854,"calc2":10.966265047378014,"calc3":0.05972939444354286,"ordA12":"=","ordA13":"=","ordA23":">","ordB12":"=","ordB13":">","ordB23":">","mychoice":1,"myA1":6.789786021648974,"myA2":14.646394471683411,"myA3":7.788105009686458,"myB1":10.024848571225442,"myB2":7.354174718828631,"myB3":3.3625453881839706,"simA1":7.85691629629582,"simA2":9.20852395240217,"simA3":6.01537173381075,"simB1":6.60168767441064,"simB2":6.73819990362972,"simB3":0.327535861870274}