{"ppntid":0,"trialid":5,"Aweight":0.09149007061288919,"Bweight":0.6212505080590619,"calc1":6.1837365276125285,"calc2":11.643928230460425,"calc3":0.49153529204053137,"ordA12":"=","ordA13":"=","ordA23":"=","ordB12":"<","ordB13":"=","ordB23":">","mychoice":2,"myA1":13.855839221409282,"myA2":13.647797188496355,"myA3":14.804151330495802,"myB1":4.012137049716963,"myB2":10.0713656570018,"myB3":6.501081516280376,"simA1":5.30289542162791,"simA2":7.26626883028075,"simA3":5.42650359449908,"simB1":2.16200830531307,"simB2":5.64728152588941,"simB3":2.46193274972029}