{"ppntid":0,"trialid":7,"Aweight":0.20893219353915968,"Bweight":1.3273905540281274,"calc1":13.311151939544978,"calc2":10.288758770458461,"calc3":15.170069857739954,"ordA12":"=","ordA13":">","ordA23":">","ordB12":"=","ordB13":"=","ordB23":"=","mychoice":1,"myA1":9.184840767073476,"myA2":9.517055537771846,"myA3":4.55272305827757,"myB1":9.655772219943772,"myB2":9.260200608735339,"myB3":9.85889847452903,"simA1":8.76104752765968,"simA2":8.04335406515747,"simA3":1.29715850343928,"simB1":10.3199929918628,"simB2":7.46865443419665,"simB3":7.64094397542067}