{"ppntid":0,"trialid":3,"Aweight":0.12870857098382882,"Bweight":1.3042320160706382,"calc1":-3.862445569668271,"calc2":15.139719085169503,"calc3":11.440183064326547,"ordA12":"=","ordA13":"=","ordA23":"=","ordB12":"<","ordB13":"<","ordB23":"=","mychoice":3,"myA1":5.244671753122679,"myA2":6.67440966087479,"myA3":4.08552693677561,"myB1":2.2124659232159716,"myB2":10.808868692131075,"myB3":11.901788402511933,"simA1":3.41764160897583,"simA2":5.3128969646059,"simA3":4.62381788762286,"simB1":0.789628699421883,"simB2":7.38863933365792,"simB3":8.99294389877468}