{"ppntid":0,"trialid":9,"Aweight":0.08776128450111986,"Bweight":1.8830448173254608,"calc1":10.14771432936795,"calc2":11.906218717571047,"calc3":11.502933993115334,"ordA12":"=","ordA13":"=","ordA23":"=","ordB12":"<","ordB13":"=","ordB23":">","mychoice":2,"myA1":6.491056551620927,"myA2":5.116674853723496,"myA3":5.313536916154594,"myB1":5.583016066345219,"myB2":8.75676131026972,"myB3":4.102509419784324,"simA1":9.71080775139853,"simA2":8.27019854448736,"simA3":7.62946534901857,"simB1":5.61522312811576,"simB2":8.84890590445139,"simB3":4.25856868154369}