{"ppntid":0,"trialid":8,"Aweight":0.4068871991684074,"Bweight":1.2750474142627846,"calc1":20.50282422804649,"calc2":7.745669168651844,"calc3":15.606296997329034,"ordA12":">","ordA13":"=","ordA23":"=","ordB12":">","ordB13":"<","ordB23":"<","mychoice":3,"myA1":10.785040834998398,"myA2":7.673860918185915,"myA3":10.530649299327447,"myB1":7.2287164552094865,"myB2":3.8543490769030218,"myB3":10.245069045854189,"simA1":7.14406876591966,"simA2":1.34849697118625,"simA3":0.0528800045140088,"simB1":8.53078398155048,"simB2":6.51239547645673,"simB3":12.1931532234885}