{"ppntid":0,"trialid":8,"Aweight":-0.13837646375846002,"Bweight":1.7698012527941804,"calc1":12.660308362964518,"calc2":11.01049877043886,"calc3":24.73270811535449,"ordA12":">","ordA13":">","ordA23":"=","ordB12":"=","ordB13":"<","ordB23":"<","mychoice":3,"myA1":11.495597510628318,"myA2":8.06638052575102,"myA3":7.637242524384806,"myB1":1.7608018209487364,"myB2":1.6945435112716023,"myB3":10.046159915278444,"simA1":7.14406876591966,"simA2":1.34849697118625,"simA3":0.0528800045140088,"simB1":8.53078398155048,"simB2":6.51239547645673,"simB3":12.1931532234885}