{"ppntid":0,"trialid":5,"Aweight":0.4068871991684074,"Bweight":1.2750474142627846,"calc1":7.332567665259942,"calc2":8.9853702110968,"calc3":4.159660356866672,"ordA12":"=","ordA13":"=","ordA23":"=","ordB12":"<","ordB13":"=","ordB23":">","mychoice":2,"myA1":3.5861620165115884,"myA2":4.724489270554464,"myA3":2.226169177702768,"myB1":3.2638839221766034,"myB2":10.72824539740288,"myB3":0.6164257668635675,"simA1":5.30289542162791,"simA2":7.26626883028075,"simA3":5.42650359449908,"simB1":2.16200830531307,"simB2":5.64728152588941,"simB3":2.46193274972029}