{"ppntid":0,"trialid":2,"Aweight":-0.3603490341303447,"Bweight":0.6841345081142163,"calc1":1.9341829605618157,"calc2":3.8168170404115163,"calc3":-3.942139248072594,"ordA12":"=","ordA13":">","ordA23":"=","ordB12":"<","ordB13":">","ordB23":">","mychoice":2,"myA1":6.231622375947695,"myA2":5.194730287725966,"myA3":2.207491220434509,"myB1":5.565828720978048,"myB2":14.224637533911265,"myB3":2.200434663640052,"simA1":4.44091077893972,"simA2":2.09030646830797,"simA3":0.928282281383872,"simB1":6.10001093940809,"simB2":8.69291198789142,"simB3":0.26329378481023}