{"ppntid":0,"trialid":16,"Aweight":0.12870857098382882,"Bweight":1.3042320160706382,"calc1":4.504566723655284,"calc2":9.6712932008396,"calc3":-2.6214339284099455,"ordA12":">","ordA13":"=","ordA23":"=","ordB12":"<","ordB13":"=","ordB23":">","mychoice":2,"myA1":4.032618708575319,"myA2":2.534801662858557,"myA3":4.465472360634099,"myB1":0.8847166667264261,"myB2":7.899283494254697,"myB3":3.046015564097745,"simA1":8.7427697959356,"simA2":3.89542829245329,"simA3":7.91223292471841,"simB1":2.38451915793121,"simB2":8.48241655156016,"simB3":0.922219979111105}