{"ppntid":0,"trialid":5,"Aweight":0.4068871991684074,"Bweight":1.2750474142627846,"calc1":7.332567665259942,"calc2":8.9853702110968,"calc3":4.159660356866672,"ordA12":"=","ordA13":"=","ordA23":"=","ordB12":"<","ordB13":"=","ordB23":">","mychoice":2,"myA1":11.679132039172089,"myA2":13.102287293883826,"myA3":14.52053819824426,"myB1":0.04075549230497133,"myB2":6.145058847381168,"myB3":3.08077333074627,"simA1":5.30289542162791,"simA2":7.26626883028075,"simA3":5.42650359449908,"simB1":2.16200830531307,"simB2":5.64728152588941,"simB3":2.46193274972029}