{"ppntid":0,"trialid":7,"Aweight":0.4068871991684074,"Bweight":1.2750474142627846,"calc1":20.686203203650155,"calc2":14.441506528426565,"calc3":4.644924358039389,"ordA12":"=","ordA13":"<","ordA23":">","ordB12":"=","ordB13":"=","ordB23":"=","mychoice":1,"myA1":1.866283113740722,"myA2":2.8468495553596207,"myA3":6.3886675125355215,"myB1":3.4404255114253193,"myB2":2.37485249913855,"myB3":0.6359272815648065,"simA1":8.76104752765968,"simA2":8.04335406515747,"simA3":1.29715850343928,"simB1":10.3199929918628,"simB2":7.46865443419665,"simB3":7.64094397542067}