{"ppntid":0,"trialid":3,"Aweight":-1.0022383835986401,"Bweight":1.3042320160706382,"calc1":2.247436435360664,"calc2":3.7093657893463963,"calc3":11.289230564633675,"ordA12":"=","ordA13":"=","ordA23":"=","ordB12":"<","ordB13":"<","ordB23":"=","mychoice":3,"myA1":11.454001868528476,"myA2":8.691525523850839,"myA3":10.523094776174192,"myB1":1.9843072141197082,"myB2":11.419967959039404,"myB3":13.177346126688471,"simA1":3.41764160897583,"simA2":5.3128969646059,"simA3":4.62381788762286,"simB1":0.789628699421883,"simB2":7.38863933365792,"simB3":8.99294389877468}