{"ppntid":0,"trialid":7,"Aweight":0.09149007061288919,"Bweight":0.6212505080590619,"calc1":6.877689715242102,"calc2":5.165944268599672,"calc3":5.1385717830487945,"ordA12":"=","ordA13":">","ordA23":">","ordB12":"=","ordB13":"=","ordB23":"=","mychoice":2,"myA1":11.248888399492765,"myA2":10.299204978590916,"myA3":1.9793998263132928,"myB1":2.7422435409977397,"myB2":3.7114266747870763,"myB3":3.8427551911879876,"simA1":8.76104752765968,"simA2":8.04335406515747,"simA3":1.29715850343928,"simB1":10.3199929918628,"simB2":7.46865443419665,"simB3":7.64094397542067}