{"ppntid":0,"trialid":16,"Aweight":-0.12844289747095639,"Bweight":0.8790337299505221,"calc1":2.1602614272553513,"calc2":12.972109784715922,"calc3":-1.7961053468412174,"ordA12":">","ordA13":"=","ordA23":"<","ordB12":"<","ordB13":"=","ordB23":">","mychoice":2,"myA1":9.754638936111,"myA2":1.641821395464208,"myA3":7.592015952165772,"myB1":1.7814804800493778,"myB2":9.663602460026189,"myB3":1.297204538068799,"simA1":8.7427697959356,"simA2":3.89542829245329,"simA3":7.91223292471841,"simB1":2.38451915793121,"simB2":8.48241655156016,"simB3":0.922219979111105}