{"ppntid":0,"trialid":11,"Aweight":0.2562714890581759,"Bweight":0.7416561120387802,"calc1":8.351097828296545,"calc2":13.678591066093206,"calc3":3.0396040828799014,"ordA12":">","ordA13":"=","ordA23":"<","ordB12":"<","ordB13":">","ordB23":">","mychoice":2,"myA1":12.545865174071626,"myA2":0.20999483157620125,"myA3":9.950503096707687,"myB1":9.319675223406428,"myB2":13.854465322824968,"myB3":2.082317244969069,"simA1":8.87625722680241,"simA2":4.16804329724982,"simA3":9.13220938993618,"simB1":4.43422937882133,"simB2":13.9203729538713,"simB3":0.650758871342987}