{"ppntid":0,"trialid":13,"Aweight":0.4068871991684074,"Bweight":1.2750474142627846,"calc1":12.195084999578981,"calc2":16.376842474714802,"calc3":2.5602518515488484,"ordA12":"=","ordA13":"=","ordA23":">","ordB12":"=","ordB13":">","ordB23":">","mychoice":2,"myA1":9.43362916995811,"myA2":11.174466292641874,"myA3":6.560439117906993,"myB1":11.778377195061381,"myB2":14.749501172685683,"myB3":4.2517895048891425,"simA1":7.85691629629582,"simA2":9.20852395240217,"simA3":6.01537173381075,"simB1":6.60168767441064,"simB2":6.73819990362972,"simB3":0.327535861870274}