{"ppntid":0,"trialid":13,"Aweight":-0.12844289747095639,"Bweight":0.8790337299505221,"calc1":-3.269978713027398,"calc2":-0.18758964725057936,"calc3":5.134645898743664,"ordA12":"=","ordA13":"=","ordA23":"=","ordB12":"=","ordB13":">","ordB23":">","mychoice":2,"myA1":1.0466635564572957,"myA2":2.124887609089158,"myA3":2.0074507878993506,"myB1":8.361078907310041,"myB2":9.32638534600773,"myB3":3.5568210709330614,"simA1":7.85691629629582,"simA2":9.20852395240217,"simA3":6.01537173381075,"simB1":6.60168767441064,"simB2":6.73819990362972,"simB3":0.327535861870274}