{"ppntid":0,"trialid":14,"Aweight":0.4068871991684074,"Bweight":1.2750474142627846,"calc1":9.881532807329487,"calc2":26.16118487878626,"calc3":12.656811989026636,"ordA12":"=","ordA13":"=","ordA23":"<","ordB12":"<","ordB13":">","ordB23":">","mychoice":2,"myA1":10.034974812199549,"myA2":7.531564932996586,"myA3":7.6242864443240235,"myB1":8.736651308620337,"myB2":14.062136715849912,"myB3":3.6127375678097495,"simA1":8.69942399905995,"simA2":4.16681390954182,"simA3":9.1452954034321,"simB1":7.43841270916164,"simB2":11.8485353188589,"simB3":2.51956966007128}