{"ppntid":0,"trialid":3,"Aweight":-0.12844289747095639,"Bweight":0.8790337299505221,"calc1":4.888155776289881,"calc2":6.991918314775161,"calc3":5.1252240065112,"ordA12":"=","ordA13":"=","ordA23":"=","ordB12":"<","ordB13":"<","ordB23":"=","mychoice":3,"myA1":12.225487502950944,"myA2":13.380459689724692,"myA3":14.685198254676834,"myB1":1.9261429869363322,"myB2":9.192005980484831,"myB3":9.43068084415889,"simA1":3.41764160897583,"simA2":5.3128969646059,"simA3":4.62381788762286,"simB1":0.789628699421883,"simB2":7.38863933365792,"simB3":8.99294389877468}