{"ppntid":0,"trialid":17,"Aweight":0.12870857098382882,"Bweight":1.3042320160706382,"calc1":2.859106441355159,"calc2":17.35892880613965,"calc3":23.022639252909233,"ordA12":">","ordA13":"<","ordA23":"=","ordB12":"<","ordB13":"<","ordB23":"=","mychoice":2,"myA1":9.210452943226311,"myA2":5.796915918886306,"myA3":6.3133235224653985,"myB1":0.186104972495319,"myB2":14.46303722137706,"myB3":13.180870705405344,"simA1":9.21936804894358,"simA2":1.78829610114917,"simA3":0.849683994892985,"simB1":0.345301595516503,"simB2":14.4896775169764,"simB3":12.4136534216814}