{"ppntid":0,"trialid":11,"Aweight":-0.12844289747095639,"Bweight":0.8790337299505221,"calc1":3.680946942880685,"calc2":11.387467184245025,"calc3":2.623170384088116,"ordA12":">","ordA13":"=","ordA23":"<","ordB12":"<","ordB13":">","ordB23":">","mychoice":2,"myA1":10.074012730685356,"myA2":3.749327268213616,"myA3":9.121823730011089,"myB1":6.88753631265104,"myB2":13.949045029526593,"myB3":2.2088146167308773,"simA1":8.87625722680241,"simA2":4.16804329724982,"simA3":9.13220938993618,"simB1":4.43422937882133,"simB2":13.9203729538713,"simB3":0.650758871342987}