{"ppntid":0,"trialid":10,"Aweight":0.4068871991684074,"Bweight":1.2750474142627846,"calc1":5.277106946138665,"calc2":2.955215037769284,"calc3":3.2289238609124964,"ordA12":"=","ordA13":"<","ordA23":"<","ordB12":"=","ordB13":"=","ordB23":"=","mychoice":2,"myA1":0.5543354543932055,"myA2":1.5980733974092909,"myA3":8.329867374312077,"myB1":3.465109470983033,"myB2":4.610096773869973,"myB3":1.9453924705611991,"simA1":2.26741205202416,"simA2":2.47803316218778,"simA3":8.28731167363003,"simB1":3.06291132001206,"simB2":3.33613052149303,"simB3":2.30878524016589}