{"ppntid":0,"trialid":14,"Aweight":0.4068871991684074,"Bweight":1.2750474142627846,"calc1":16.137305687451622,"calc2":11.259505914573957,"calc3":2.520986288501361,"ordA12":">","ordA13":"=","ordA23":"<","ordB12":"<","ordB13":">","ordB23":">","mychoice":2,"myA1":4.932717576175982,"myA2":0.5831747024867895,"myA3":7.08303581360175,"myB1":7.588132537690506,"myB2":10.901913401155403,"myB3":2.0972381879411928,"simA1":8.69942399905995,"simA2":4.16681390954182,"simA3":9.1452954034321,"simB1":7.43841270916164,"simB2":11.8485353188589,"simB3":2.51956966007128}