{"ppntid":0,"trialid":9,"Aweight":-0.12844289747095639,"Bweight":0.8790337299505221,"calc1":0.21990753247093275,"calc2":5.098373976014496,"calc3":7.023658387309811,"ordA12":">","ordA13":"=","ordA23":"=","ordB12":"<","ordB13":"=","ordB23":">","mychoice":2,"myA1":6.538175232597095,"myA2":3.0950751394592335,"myA3":4.862090952533485,"myB1":6.862315841413803,"myB2":14.219493407866826,"myB3":9.385101003278994,"simA1":9.71080775139853,"simA2":8.27019854448736,"simA3":7.62946534901857,"simB1":5.61522312811576,"simB2":8.84890590445139,"simB3":4.25856868154369}