{"ppntid":0,"trialid":15,"Aweight":-0.12844289747095639,"Bweight":0.8790337299505221,"calc1":11.798988383880085,"calc2":7.438800086211426,"calc3":10.515557494115004,"ordA12":"=","ordA13":"=","ordA23":"=","ordB12":">","ordB13":"=","ordB23":"<","mychoice":3,"myA1":10.118697165354142,"myA2":8.534015560656115,"myA3":10.858079839350964,"myB1":10.398088405341365,"myB2":3.5020565717156926,"myB3":13.00754101828259,"simA1":7.24202439188957,"simA2":7.18859767541289,"simA3":9.53993134899065,"simB1":12.9172324854881,"simB2":7.64384718379006,"simB3":11.0533533047419}