{"ppntid":0,"trialid":11,"Aweight":0.09149007061288919,"Bweight":0.6212505080590619,"calc1":5.366073382105194,"calc2":10.733070940678024,"calc3":9.043524371854964,"ordA12":"=","ordA13":"=","ordA23":"<","ordB12":"<","ordB13":">","ordB23":"<","mychoice":1,"myA1":11.085791730701787,"myA2":11.550255541329225,"myA3":9.200079491461945,"myB1":14.544299049489176,"myB2":3.818285827315675,"myB3":9.758137402973636,"simA1":8.87625722680241,"simA2":4.16804329724982,"simA3":9.13220938993618,"simB1":4.43422937882133,"simB2":13.9203729538713,"simB3":0.650758871342987}