{"ppntid":0,"trialid":13,"Aweight":0.014408936670871517,"Bweight":1.3042320160706382,"calc1":15.23499205967288,"calc2":10.073130255671504,"calc3":-0.7434156543362725,"ordA12":"=","ordA13":"=","ordA23":">","ordB12":"=","ordB13":">","ordB23":">","mychoice":2,"myA1":8.973492040881823,"myA2":10.602459398600425,"myA3":6.525316319813887,"myB1":8.339919387174662,"myB2":11.024448804186779,"myB3":0.42780254854613564,"simA1":7.85691629629582,"simA2":9.20852395240217,"simA3":6.01537173381075,"simB1":6.60168767441064,"simB2":6.73819990362972,"simB3":0.327535861870274}