{"ppntid":0,"trialid":6,"Aweight":0.4068871991684074,"Bweight":1.2750474142627846,"calc1":9.839395036130313,"calc2":14.499757714977955,"calc3":7.566869715321875,"ordA12":"=","ordA13":"<","ordA23":">","ordB12":"=","ordB13":">","ordB23":">","mychoice":2,"myA1":1.5068705970534957,"myA2":12.480162139532672,"myA3":5.276262833525233,"myB1":7.1543410012405,"myB2":6.8820680593461,"myB3":0.9820502138657372,"simA1":4.8090137518011,"simA2":6.16455643437803,"simA3":8.31491193501279,"simB1":3.4268780623097,"simB2":3.61743570654653,"simB3":0.234661692520604}