{"ppntid":0,"trialid":12,"Aweight":-0.13837646375846002,"Bweight":1.7698012527941804,"calc1":0.7787350535982664,"calc2":22.947639361418624,"calc3":18.224732867793385,"ordA12":"=","ordA13":"<","ordA23":"<","ordB12":"<","ordB13":"<","ordB23":">","mychoice":2,"myA1":6.060784671691052,"myA2":5.148158179824121,"myA3":13.802437165846808,"myB1":0.6630827948493567,"myB2":14.753922742817085,"myB3":11.144994136445339,"simA1":5.28062834171578,"simA2":3.06751366937533,"simA3":8.78854544134811,"simB1":6.01199498050846,"simB2":13.4708957537077,"simB3":10.3231809299905}