{"ppntid":0,"trialid":2,"Aweight":-1.8225850343781074,"Bweight":-0.6096440679104246,"calc1":-0.24233917567291874,"calc2":7.818673865498265,"calc3":4.312056594557952,"ordA12":"=","ordA13":">","ordA23":"=","ordB12":"=","ordB13":">","ordB23":">","mychoice":3,"myA1":4.508559198732472,"myA2":2.859783676017761,"myA3":1.0638198814139033,"myB1":5.932053341170979,"myB2":4.339034452256003,"myB3":0.38472506232087755,"simA1":4.44091077893972,"simA2":2.09030646830797,"simA3":0.928282281383872,"simB1":6.10001093940809,"simB2":8.69291198789142,"simB3":0.26329378481023}