{"ppntid":0,"trialid":12,"Aweight":0.4068871991684074,"Bweight":1.2750474142627846,"calc1":2.9962386550405267,"calc2":19.494160680100894,"calc3":16.843387449141467,"ordA12":"=","ordA13":"<","ordA23":"<","ordB12":"<","ordB13":"<","ordB23":">","mychoice":2,"myA1":2.996681496431001,"myA2":3.829823716893246,"myA3":12.223929093532352,"myB1":1.849863775134022,"myB2":12.499955260321556,"myB3":9.357010527006402,"simA1":5.28062834171578,"simA2":3.06751366937533,"simA3":8.78854544134811,"simB1":6.01199498050846,"simB2":13.4708957537077,"simB3":10.3231809299905}