{"ppntid":0,"trialid":23,"Aweight":0.4068871991684074,"Bweight":1.2750474142627846,"calc1":19.930174699040663,"calc2":17.622911528242728,"calc3":21.616248509299204,"ordA12":"<","ordA13":"=","ordA23":"=","ordB12":"=","ordB13":"=","ordB23":"<","mychoice":3,"myA1":6.199807218025803,"myA2":14.735929293687688,"myA3":8.733643645111027,"myB1":5.328206821764864,"myB2":2.6446895035742513,"myB3":7.642381522209936,"simA1":6.23587722424418,"simA2":9.89014824852347,"simA3":7.87786461412907,"simB1":13.5832462843973,"simB2":11.3728480576538,"simB3":14.8602226458024}