{"ppntid":0,"trialid":11,"Aweight":0.0064885471247054394,"Bweight":0.11219062391216762,"calc1":1.90266142346975,"calc2":5.868247057099419,"calc3":0.8633423937605413,"ordA12":">","ordA13":"=","ordA23":"<","ordB12":"<","ordB13":">","ordB23":">","mychoice":2,"myA1":6.887343987760211,"myA2":1.4028379816393144,"myA3":4.898625468083776,"myB1":9.887497704567796,"myB2":13.94985308615858,"myB3":3.483265877566496,"simA1":8.87625722680241,"simA2":4.16804329724982,"simA3":9.13220938993618,"simB1":4.43422937882133,"simB2":13.9203729538713,"simB3":0.650758871342987}