{"ppntid":0,"trialid":19,"Aweight":0.4068871991684074,"Bweight":1.2750474142627846,"calc1":13.034112795151634,"calc2":7.776947831610377,"calc3":12.577992865275752,"ordA12":">","ordA13":"=","ordA23":"<","ordB12":">","ordB13":"=","ordB23":"=","mychoice":1,"myA1":11.085381378259825,"myA2":5.073249561804819,"myA3":9.106345423194034,"myB1":5.994138075157704,"myB2":1.5714044710369401,"myB3":3.175361119385954,"simA1":6.40436165267602,"simA2":2.57385758683085,"simA3":6.28043658332899,"simB1":14.6986505936366,"simB2":4.11223859991878,"simB3":1.65516423876397}