{"ppntid":0,"trialid":20,"Aweight":0.4068871991684074,"Bweight":1.2750474142627846,"calc1":4.617168033184459,"calc2":22.954952306348787,"calc3":18.273112783297297,"ordA12":"=","ordA13":"=","ordA23":"<","ordB12":"<","ordB13":"<","ordB23":"=","mychoice":2,"myA1":2.9261090523317987,"myA2":5.889094994204297,"myA3":0.5343833242821172,"myB1":1.7815285673992531,"myB2":14.579797753488094,"myB3":13.309194544126315,"simA1":8.43729105312377,"simA2":6.33904462214559,"simA3":9.77681596530601,"simB1":2.58809379301965,"simB2":12.7081929682754,"simB3":11.9077286019456}