{"ppntid":0,"trialid":9,"Aweight":-0.13837646375846002,"Bweight":1.7698012527941804,"calc1":8.588199196011127,"calc2":18.65547703027883,"calc3":3.6771309217239936,"ordA12":"=","ordA13":"=","ordA23":"=","ordB12":"<","ordB13":"=","ordB23":">","mychoice":2,"myA1":7.75682453541434,"myA2":9.292899053425376,"myA3":7.710985357288067,"myB1":0.8429278518770544,"myB2":13.579524395089056,"myB3":1.4599810948666003,"simA1":9.71080775139853,"simA2":8.27019854448736,"simA3":7.62946534901857,"simB1":5.61522312811576,"simB2":8.84890590445139,"simB3":4.25856868154369}