{"ppntid":0,"trialid":1,"Aweight":-1.0437134123991307,"Bweight":0.6250696892465202,"calc1":-1.0852554485027244,"calc2":-7.519589543940016,"calc3":-6.581453977274853,"ordA12":"<","ordA13":"<","ordA23":"=","ordB12":">","ordB13":"=","ordB23":"=","mychoice":1,"myA1":1.6436916720769956,"myA2":5.226191772913223,"myA3":6.664054009340435,"myB1":8.331792761464826,"myB2":4.2921093154745,"myB3":6.966313258353592,"simA1":3.44733079895377,"simA2":7.7077340404503,"simA3":9.79625159176067,"simB1":8.48892743932083,"simB2":5.46544744865969,"simB3":6.53410605853423}