{"ppntid":0,"trialid":8,"Aweight":0.4068871991684074,"Bweight":1.2750474142627846,"calc1":20.50282422804649,"calc2":7.745669168651844,"calc3":16.86028463573921,"ordA12":">","ordA13":">","ordA23":"=","ordB12":">","ordB13":"<","ordB23":"<","mychoice":1,"myA1":12.084378660978008,"myA2":8.667158809140316,"myA3":5.77841139672806,"myB1":8.195777874285035,"myB2":0.794085146332767,"myB3":6.810459794723381,"simA1":7.14406876591966,"simA2":1.34849697118625,"simA3":0.0528800045140088,"simB1":8.53078398155048,"simB2":6.51239547645673,"simB3":12.1931532234885}