{"ppntid":0,"trialid":4,"Aweight":0.09604495885206168,"Bweight":1.3042320160706382,"calc1":7.43804669347256,"calc2":15.547855904815103,"calc3":13.696872697972058,"ordA12":"=","ordA13":">","ordA23":"=","ordB12":"=","ordB13":"<","ordB23":"<","mychoice":3,"myA1":12.624197962129122,"myA2":4.374038893615596,"myA3":1.6671636571400228,"myB1":4.975000970687492,"myB2":7.480504266540393,"myB3":11.926042211325454,"simA1":5.05297244759277,"simA2":2.18807576224208,"simA3":0.105234072543681,"simB1":5.54594777408056,"simB2":7.68077528569847,"simB3":10.7649007102009}