{"ppntid":0,"trialid":11,"Aweight":0.12870857098382882,"Bweight":1.3042320160706382,"calc1":5.889568748627366,"calc2":18.884389203361266,"calc3":10.098694170688415,"ordA12":"<","ordA13":"=","ordA23":"<","ordB12":"<","ordB13":">","ordB23":">","mychoice":2,"myA1":3.1126496503547516,"myA2":10.41818885150025,"myA3":5.434413245544022,"myB1":5.5740200386947825,"myB2":10.629250559548517,"myB3":0.13043594384086532,"simA1":8.87625722680241,"simA2":4.16804329724982,"simA3":9.13220938993618,"simB1":4.43422937882133,"simB2":13.9203729538713,"simB3":0.650758871342987}