{"ppntid":0,"trialid":14,"Aweight":0.20893219353915968,"Bweight":1.3273905540281274,"calc1":11.966869441541052,"calc2":14.297231576584107,"calc3":3.932882440453691,"ordA12":">","ordA13":"=","ordA23":"<","ordB12":"<","ordB13":">","ordB23":">","mychoice":2,"myA1":13.0466488711378,"myA2":0.285149939212338,"myA3":12.536389377323122,"myB1":8.653610409568142,"myB2":12.02800072322937,"myB3":3.107590979053252,"simA1":8.69942399905995,"simA2":4.16681390954182,"simA3":9.1452954034321,"simB1":7.43841270916164,"simB2":11.8485353188589,"simB3":2.51956966007128}