{"ppntid":0,"trialid":9,"Aweight":0.4068871991684074,"Bweight":1.2750474142627846,"calc1":12.328105354033212,"calc2":13.444541297497548,"calc3":4.313426404827702,"ordA12":"=","ordA13":"=","ordA23":"=","ordB12":"<","ordB13":"=","ordB23":">","mychoice":2,"myA1":1.4600680917631703,"myA2":3.1154369926451597,"myA3":3.3379817764228648,"myB1":6.711773659881736,"myB2":9.874640447883266,"myB3":5.14373572251937,"simA1":9.71080775139853,"simA2":8.27019854448736,"simA3":7.62946534901857,"simB1":5.61522312811576,"simB2":8.84890590445139,"simB3":4.25856868154369}