{"ppntid":0,"trialid":5,"Aweight":-1.8225850343781074,"Bweight":0.7809007275803086,"calc1":-7.039137040152401,"calc2":-13.36136188186347,"calc3":-20.022038036437223,"ordA12":"=","ordA13":"=","ordA23":"=","ordB12":"<","ordB13":"=","ordB23":">","mychoice":2,"myA1":6.254119062034609,"myA2":8.169586064580878,"myA3":8.790723090594385,"myB1":0.02308357759925217,"myB2":10.498015093693327,"myB3":0.26168957304787743,"simA1":5.30289542162791,"simA2":7.26626883028075,"simA3":5.42650359449908,"simB1":2.16200830531307,"simB2":5.64728152588941,"simB3":2.46193274972029}