{"ppntid":0,"trialid":14,"Aweight":0.4068871991684074,"Bweight":1.2750474142627846,"calc1":17.46652529776742,"calc2":11.259505914573957,"calc3":2.520986288501361,"ordA12":">","ordA13":"=","ordA23":"<","ordB12":"<","ordB13":">","ordB23":">","mychoice":2,"myA1":12.211335848914473,"myA2":8.530547007857589,"myA3":13.376609534289068,"myB1":4.607719895076533,"myB2":8.692311877868583,"myB3":1.409613336363602,"simA1":8.69942399905995,"simA2":4.16681390954182,"simA3":9.1452954034321,"simB1":7.43841270916164,"simB2":11.8485353188589,"simB3":2.51956966007128}