{"ppntid":0,"trialid":14,"Aweight":-0.12844289747095639,"Bweight":0.8790337299505221,"calc1":1.5144835455084182,"calc2":9.09549507153258,"calc3":-0.39440047218894914,"ordA12":">","ordA13":"=","ordA23":"<","ordB12":"<","ordB13":">","ordB23":">","mychoice":2,"myA1":12.93479885815676,"myA2":4.750118591805013,"myA3":11.988932743919158,"myB1":9.320292414285788,"myB2":12.442394097520246,"myB3":3.014976468047804,"simA1":8.69942399905995,"simA2":4.16681390954182,"simA3":9.1452954034321,"simB1":7.43841270916164,"simB2":11.8485353188589,"simB3":2.51956966007128}