{"ppntid":0,"trialid":12,"Aweight":0.20893219353915968,"Bweight":1.3273905540281274,"calc1":6.009718762198041,"calc2":23.94356420322259,"calc3":22.640422347746973,"ordA12":"=","ordA13":"<","ordA23":"=","ordB12":"<","ordB13":"<","ordB23":">","mychoice":2,"myA1":7.133403091564315,"myA2":9.667162559232173,"myA3":12.138319600850593,"myB1":3.149979030872249,"myB2":13.506857351365483,"myB3":9.027707148276601,"simA1":5.28062834171578,"simA2":3.06751366937533,"simA3":8.78854544134811,"simB1":6.01199498050846,"simB2":13.4708957537077,"simB3":10.3231809299905}