{"ppntid":0,"trialid":11,"Aweight":0.08776128450111986,"Bweight":1.8830448173254608,"calc1":5.9742814747571735,"calc2":28.933221835094123,"calc3":-2.4136890527458212,"ordA12":"<","ordA13":"=","ordA23":"<","ordB12":"<","ordB13":">","ordB23":">","mychoice":2,"myA1":5.377395451481565,"myA2":0.9243716055355078,"myA3":6.524305160680566,"myB1":4.213782993345577,"myB2":12.436280243444523,"myB3":0.044078776026303945,"simA1":8.87625722680241,"simA2":4.16804329724982,"simA3":9.13220938993618,"simB1":4.43422937882133,"simB2":13.9203729538713,"simB3":0.650758871342987}