{"ppntid":0,"trialid":8,"Aweight":0.4068871991684074,"Bweight":1.2750474142627846,"calc1":10.119499307566576,"calc2":15.294252031286762,"calc3":16.242679482603997,"ordA12":">","ordA13":">","ordA23":"=","ordB12":"=","ordB13":"<","ordB23":"<","mychoice":3,"myA1":7.729116230596489,"myA2":2.996161823355582,"myA3":0.7607397271539074,"myB1":6.107137244179135,"myB2":6.803911216925284,"myB3":14.774465457441275,"simA1":7.14406876591966,"simA2":1.34849697118625,"simA3":0.0528800045140088,"simB1":8.53078398155048,"simB2":6.51239547645673,"simB3":12.1931532234885}