{"ppntid":0,"trialid":7,"Aweight":0.20893219353915968,"Bweight":1.3273905540281274,"calc1":13.311151939544978,"calc2":10.288758770458461,"calc3":7.28907127546432,"ordA12":"=","ordA13":">","ordA23":">","ordB12":"=","ordB13":"=","ordB23":"=","mychoice":1,"myA1":11.677779159857076,"myA2":14.441295085849747,"myA3":4.201781226872903,"myB1":5.4218602470506925,"myB2":4.272399219646809,"myB3":6.188849552123095,"simA1":8.76104752765968,"simA2":8.04335406515747,"simA3":1.29715850343928,"simB1":10.3199929918628,"simB2":7.46865443419665,"simB3":7.64094397542067}