{"ppntid":4,"trialid":10,"Aweight":0.8044433660827303,"Bweight":-0.4666190613630142,"calc1":-4.6449864010226705,"calc2":5.571448430465928,"calc3":-0.980626195130955,"ordA12":"=","ordA13":"<","ordA23":"<","ordB12":"=","ordB13":"=","ordB23":"=","mychoice":3,"myA1":1.1569419341953846,"myA2":1.241090107127376,"myA3":5.29691430728348,"myB1":6.188028391907916,"myB2":3.818173048983372,"myB3":5.742083497188194,"simA1":2.26741205202416,"simA2":2.47803316218778,"simA3":8.28731167363003,"simB1":3.06291132001206,"simB2":3.33613052149303,"simB3":2.30878524016589}