{"ppntid":4,"trialid":2,"Aweight":0.1707330295259486,"Bweight":-0.9971762372064071,"calc1":-9.894680329484007,"calc2":-7.63123538457497,"calc3":-2.0598384559116987,"ordA12":"=","ordA13":">","ordA23":"=","ordB12":"=","ordB13":">","ordB23":">","mychoice":3,"myA1":3.718250969843331,"myA2":5.447442565314915,"myA3":2.5707284058114177,"myB1":11.360367282723395,"myB2":9.013725918162777,"myB3":3.2010623583844664,"simA1":4.44091077893972,"simA2":2.09030646830797,"simA3":0.928282281383872,"simB1":6.10001093940809,"simB2":8.69291198789142,"simB3":0.26329378481023}