{"ppntid":4,"trialid":1,"Aweight":0.14364294993919471,"Bweight":-2.2328946495908966,"calc1":-19.707880416888134,"calc2":-10.116714046033518,"calc3":-9.953737410578874,"ordA12":"<","ordA13":"<","ordA23":"=","ordB12":">","ordB13":"=","ordB23":"=","mychoice":3,"myA1":6.218919921085808,"myA2":9.94958856010424,"myA3":9.883223888153834,"myB1":10.473210017109565,"myB2":7.1650911400397685,"myB3":6.87285835084169,"simA1":3.44733079895377,"simA2":7.7077340404503,"simA3":9.79625159176067,"simB1":8.48892743932083,"simB2":5.46544744865969,"simB3":6.53410605853423}