{"ppntid":4,"trialid":4,"Aweight":0.8892274235982587,"Bweight":-1.0449860058357499,"calc1":3.4017851623013042,"calc2":-5.063863604957937,"calc3":-12.264979805071258,"ordA12":"=","ordA13":">","ordA23":"=","ordB12":"=","ordB13":"<","ordB23":"=","mychoice":1,"myA1":12.24055012820158,"myA2":11.671263208204195,"myA3":9.00326058361357,"myB1":8.038261345568433,"myB2":12.39014611260027,"myB3":11.36759939376666,"simA1":5.05297244759277,"simA2":2.18807576224208,"simA3":0.105234072543681,"simB1":5.54594777408056,"simB2":7.68077528569847,"simB3":10.7649007102009}