{"ppntid":4,"trialid":3,"Aweight":1.212575281024428,"Bweight":-0.608754437083003,"calc1":0.10610038223993268,"calc2":-2.035838141336805,"calc3":3.8826861091519653,"ordA12":"=","ordA13":"=","ordA23":"=","ordB12":"<","ordB13":"<","ordB23":"=","mychoice":1,"myA1":9.958859185257646,"myA2":10.632220035587592,"myA3":11.005195913523595,"myB1":8.568569560440107,"myB2":12.09169188766694,"myB3":11.630575295906482,"simA1":3.41764160897583,"simA2":5.3128969646059,"simA3":4.62381788762286,"simB1":0.789628699421883,"simB2":7.38863933365792,"simB3":8.99294389877468}