{"ppntid":4,"trialid":4,"Aweight":1.212575281024428,"Bweight":-0.608754437083003,"calc1":-1.4908663064411405,"calc2":-11.841366079516462,"calc3":-5.689027266308912,"ordA12":"=","ordA13":">","ordA23":"=","ordB12":">","ordB13":"<","ordB23":"<","mychoice":1,"myA1":7.804326607861945,"myA2":6.962664077249613,"myA3":4.735233321191665,"myB1":8.42021417979799,"myB2":10.760536947508454,"myB3":14.502733394353092,"simA1":5.05297244759277,"simA2":2.18807576224208,"simA3":0.105234072543681,"simB1":5.54594777408056,"simB2":7.68077528569847,"simB3":10.7649007102009}