{"ppntid":4,"trialid":10,"Aweight":0.5990165307522867,"Bweight":-1.0053991961171274,"calc1":3.997335171029772,"calc2":0.6200960463474778,"calc3":-0.4375333888970956,"ordA12":"=","ordA13":"<","ordA23":"<","ordB12":"=","ordB13":"=","ordB23":"=","mychoice":3,"myA1":6.081296400530626,"myA2":3.721352453103383,"myA3":11.150738308686902,"myB1":11.562043187370994,"myB2":12.036456006348802,"myB3":12.799611001113387,"simA1":2.26741205202416,"simA2":2.47803316218778,"simA3":8.28731167363003,"simB1":3.06291132001206,"simB2":3.33613052149303,"simB3":2.30878524016589}