{"ppntid":4,"trialid":11,"Aweight":0.7246225509844898,"Bweight":-1.0605944990041527,"calc1":5.095702624596726,"calc2":-15.528314096170043,"calc3":7.60222864012432,"ordA12":">","ordA13":"=","ordA23":"<","ordB12":"<","ordB13":">","ordB23":"<","mychoice":3,"myA1":13.602669105908781,"myA2":1.0461733284461205,"myA3":11.696528789789197,"myB1":10.36645205787133,"myB2":13.39009816284557,"myB3":1.636267012135525,"simA1":8.87625722680241,"simA2":4.16804329724982,"simA3":9.13220938993618,"simB1":4.43422937882133,"simB2":13.9203729538713,"simB3":0.650758871342987}