{"ppntid":4,"trialid":10,"Aweight":1.4916216689779078,"Bweight":-1.149257578128502,"calc1":1.620368917063636,"calc2":-2.0048769355671987,"calc3":14.41256959052258,"ordA12":"=","ordA13":">","ordA23":"<","ordB12":"=","ordB13":"=","ordB23":"=","mychoice":3,"myA1":4.776402159807375,"myA2":3.860065475391803,"myA3":8.144924420768243,"myB1":3.135310491667891,"myB2":1.762554131029731,"myB3":2.1431999109137703,"simA1":2.26741205202416,"simA2":2.47803316218778,"simA3":8.28731167363003,"simB1":3.06291132001206,"simB2":3.33613052149303,"simB3":2.30878524016589}