{"ppntid":4,"trialid":9,"Aweight":1.166806695458875,"Bweight":-1.271782915849866,"calc1":-3.4920779079853412,"calc2":-5.040626333996011,"calc3":-5.385323512526534,"ordA12":"=","ordA13":"=","ordA23":"=","ordB12":"<","ordB13":"=","ordB23":">","mychoice":1,"myA1":10.637712756375095,"myA2":12.014555139633416,"myA3":10.42846195309607,"myB1":7.796833519945089,"myB2":14.797094310198952,"myB3":8.054549774710036,"simA1":9.71080775139853,"simA2":8.27019854448736,"simA3":7.62946534901857,"simB1":5.61522312811576,"simB2":8.84890590445139,"simB3":4.25856868154369}