{"ppntid":4,"trialid":4,"Aweight":0.07312014715644806,"Bweight":-0.34478519092384613,"calc1":0.755869282296038,"calc2":-0.731064871474078,"calc3":3.263984119467021,"ordA12":"=","ordA13":">","ordA23":"=","ordB12":"=","ordB13":"<","ordB23":"<","mychoice":1,"myA1":13.050039114714583,"myA2":7.984413992283451,"myA3":10.588431974368172,"myB1":5.5064234444198075,"myB2":5.162766174264517,"myB3":11.67067112120092,"simA1":5.05297244759277,"simA2":2.18807576224208,"simA3":0.105234072543681,"simB1":5.54594777408056,"simB2":7.68077528569847,"simB3":10.7649007102009}