{"ppntid":4,"trialid":5,"Aweight":0.5020277700359104,"Bweight":-2.021022038717325,"calc1":0.7931243366738836,"calc2":-9.84900288637121,"calc3":-1.965000051135451,"ordA12":"=","ordA13":"=","ordA23":"=","ordB12":"<","ordB13":"=","ordB23":">","mychoice":1,"myA1":4.775732467616621,"myA2":7.5300255354173276,"myA3":5.4874094018863335,"myB1":2.1173990988664784,"myB2":8.661771476275938,"myB3":3.838383435592304,"simA1":5.30289542162791,"simA2":7.26626883028075,"simA3":5.42650359449908,"simB1":2.16200830531307,"simB2":5.64728152588941,"simB3":2.46193274972029}