{"ppntid":4,"trialid":9,"Aweight":0.7246225509844898,"Bweight":-1.0605944990041527,"calc1":5.019570477145438,"calc2":-1.852572590488842,"calc3":5.372429118452253,"ordA12":"=","ordA13":">","ordA23":"=","ordB12":"<","ordB13":"=","ordB23":">","mychoice":1,"myA1":7.982209399774193,"myA2":5.8803055514359945,"myA3":3.224477093231446,"myB1":4.433632309449474,"myB2":11.51030134633076,"myB3":4.023368519297195,"simA1":9.71080775139853,"simA2":8.27019854448736,"simA3":7.62946534901857,"simB1":5.61522312811576,"simB2":8.84890590445139,"simB3":4.25856868154369}