{"ppntid":4,"trialid":10,"Aweight":1.212575281024428,"Bweight":-0.608754437083003,"calc1":-2.45225860394987,"calc2":10.184923604999307,"calc3":9.36768362224908,"ordA12":"=","ordA13":"<","ordA23":"<","ordB12":"=","ordB13":"=","ordB23":"=","mychoice":3,"myA1":1.988377390792534,"myA2":7.570103668135115,"myA3":13.61385914138145,"myB1":6.314051607333094,"myB2":5.458719678180172,"myB3":3.7944688410631278,"simA1":2.26741205202416,"simA2":2.47803316218778,"simA3":8.28731167363003,"simB1":3.06291132001206,"simB2":3.33613052149303,"simB3":2.30878524016589}