{"ppntid":4,"trialid":8,"Aweight":1.4916216689779078,"Bweight":-1.149257578128502,"calc1":-5.914713585915077,"calc2":-17.126369505018637,"calc3":-17.528236319702263,"ordA12":">","ordA13":">","ordA23":"<","ordB12":"=","ordB13":"<","ordB23":"<","mychoice":1,"myA1":8.521715780634114,"myA2":0.7331691889878322,"myA3":4.6802801206657545,"myB1":10.108073390848864,"myB2":11.287420296558796,"myB3":14.460707350539934,"simA1":7.14406876591966,"simA2":1.34849697118625,"simA3":0.0528800045140088,"simB1":8.53078398155048,"simB2":6.51239547645673,"simB3":12.1931532234885}