{"ppntid":4,"trialid":2,"Aweight":0.51670603346679,"Bweight":-1.0053991961171274,"calc1":1.2120700159537554,"calc2":-8.054807076282016,"calc3":-5.4256217973995575,"ordA12":"=","ordA13":">","ordA23":"=","ordB12":"=","ordB13":">","ordB23":">","mychoice":3,"myA1":13.767696100819276,"myA2":4.7902285768135355,"myA3":1.9727729070159616,"myB1":9.291910715233792,"myB2":11.088252462507864,"myB3":1.9075042604135417,"simA1":4.44091077893972,"simA2":2.09030646830797,"simA3":0.928282281383872,"simB1":6.10001093940809,"simB2":8.69291198789142,"simB3":0.26329378481023}