{"ppntid":4,"trialid":2,"Aweight":0.10315241722510196,"Bweight":-1.3807250516145293,"calc1":-4.808337819703862,"calc2":-6.198308016666049,"calc3":2.8905113747709086,"ordA12":"=","ordA13":">","ordA23":"=","ordB12":"=","ordB13":">","ordB23":">","mychoice":3,"myA1":8.536990839530915,"myA2":7.372584626470415,"myA3":5.320054770450052,"myB1":6.477996622643168,"myB2":9.400452575209872,"myB3":0.05665246382565159,"simA1":4.44091077893972,"simA2":2.09030646830797,"simA3":0.928282281383872,"simB1":6.10001093940809,"simB2":8.69291198789142,"simB3":0.26329378481023}