{"ppntid":4,"trialid":5,"Aweight":0.5819238786369645,"Bweight":-1.1877098073350756,"calc1":-0.7661937311341702,"calc2":-8.526607632552277,"calc3":-9.873842451509283,"ordA12":"=","ordA13":"<","ordA23":"=","ordB12":"<","ordB13":"=","ordB23":">","mychoice":3,"myA1":0.0015973410768754803,"myA2":2.1816317648545205,"myA3":4.417994390129778,"myB1":9.079042008411792,"myB2":14.901504627353399,"myB3":9.66423609595354,"simA1":5.30289542162791,"simA2":7.26626883028075,"simA3":5.42650359449908,"simB1":2.16200830531307,"simB2":5.64728152588941,"simB3":2.46193274972029}