{"ppntid":4,"trialid":10,"Aweight":1.166806695458875,"Bweight":-1.271782915849866,"calc1":2.832121243597889,"calc2":-1.0535390609357007,"calc3":4.9686190264196455,"ordA12":"=","ordA13":"<","ordA23":"<","ordB12":"=","ordB13":"=","ordB23":"=","mychoice":3,"myA1":6.883468658409052,"myA2":6.696594481480328,"myA3":11.452763283027585,"myB1":6.080287180567972,"myB2":4.369303553595145,"myB3":6.508637474453913,"simA1":2.26741205202416,"simA2":2.47803316218778,"simA3":8.28731167363003,"simB1":3.06291132001206,"simB2":3.33613052149303,"simB3":2.30878524016589}