{"ppntid":4,"trialid":5,"Aweight":0.7246225509844898,"Bweight":-1.0605944990041527,"calc1":3.3854146081892997,"calc2":-0.10080476651881931,"calc3":3.7140835219620536,"ordA12":"=","ordA13":"=","ordA23":"=","ordB12":"<","ordB13":"=","ordB23":">","mychoice":1,"myA1":8.461849695346707,"myA2":5.566509597375264,"myA3":6.669084641218939,"myB1":1.801794619911089,"myB2":6.618578381381626,"myB3":1.1338475970042317,"simA1":5.30289542162791,"simA2":7.26626883028075,"simA3":5.42650359449908,"simB1":2.16200830531307,"simB2":5.64728152588941,"simB3":2.46193274972029}