{"ppntid":4,"trialid":6,"Aweight":1.212575281024428,"Bweight":-0.608754437083003,"calc1":5.845795655063386,"calc2":2.5723098371082322,"calc3":10.296535558308198,"ordA12":"=","ordA13":"<","ordA23":"=","ordB12":"=","ordB13":">","ordB23":">","mychoice":3,"myA1":0.44508585889425856,"myA2":2.2952896057984162,"myA3":5.248040264717082,"myB1":9.792009825734434,"myB2":8.573965675746923,"myB3":4.475893232751854,"simA1":4.8090137518011,"simA2":6.16455643437803,"simA3":8.31491193501279,"simB1":3.4268780623097,"simB2":3.61743570654653,"simB3":0.234661692520604}