{"ppntid":4,"trialid":11,"Aweight":0.062344581963687196,"Bweight":-0.13444250386912235,"calc1":-0.6928484219930787,"calc2":-0.6141445693840162,"calc3":1.9195434256047759,"ordA12":">","ordA13":"<","ordA23":"<","ordB12":"<","ordB13":"=","ordB23":">","mychoice":1,"myA1":10.654113870363563,"myA2":5.946597104479099,"myA3":14.462709229557719,"myB1":1.1502855926811573,"myB2":14.27544126283854,"myB3":4.135136353816526,"simA1":8.87625722680241,"simA2":4.16804329724982,"simA3":9.13220938993618,"simB1":4.43422937882133,"simB2":13.9203729538713,"simB3":0.650758871342987}