{"ppntid":4,"trialid":7,"Aweight":0.24938011846957697,"Bweight":-1.2398071713331293,"calc1":-13.11798717057665,"calc2":-7.790906284262782,"calc3":-9.453754233826619,"ordA12":"=","ordA13":">","ordA23":">","ordB12":"=","ordB13":"=","ordB23":"=","mychoice":1,"myA1":13.979448303624435,"myA2":12.161527424933205,"myA3":6.0078567711271225,"myB1":11.680285242074502,"myB2":11.90015640911658,"myB3":12.61852443422353,"simA1":8.76104752765968,"simA2":8.04335406515747,"simA3":1.29715850343928,"simB1":10.3199929918628,"simB2":7.46865443419665,"simB3":7.64094397542067}