{"ppntid":4,"trialid":1,"Aweight":0.7246225509844898,"Bweight":0.3295186499765694,"calc1":-3.803066134852187,"calc2":-3.9812798987991935,"calc3":5.748524996473876,"ordA12":"<","ordA13":"<","ordA23":"=","ordB12":">","ordB13":"=","ordB23":"=","mychoice":3,"myA1":2.124441718764202,"myA2":7.067083210482935,"myA3":6.875264729277834,"myB1":9.54998816179161,"myB2":4.719904239338146,"myB3":7.155722502614081,"simA1":3.44733079895377,"simA2":7.7077340404503,"simA3":9.79625159176067,"simB1":8.48892743932083,"simB2":5.46544744865969,"simB3":6.53410605853423}