{"ppntid":4,"trialid":6,"Aweight":0.24938011846957697,"Bweight":-1.2398071713331293,"calc1":-8.31913813482738,"calc2":6.370615674455255,"calc3":5.385448366236144,"ordA12":"=","ordA13":"<","ordA23":"=","ordB12":"=","ordB13":">","ordB23":">","mychoice":3,"myA1":5.11817763818944,"myA2":9.846752982354959,"myA3":11.66932119433777,"myB1":6.323707711126172,"myB2":6.043306451501525,"myB3":2.3433785292188447,"simA1":4.8090137518011,"simA2":6.16455643437803,"simA3":8.31491193501279,"simB1":3.4268780623097,"simB2":3.61743570654653,"simB3":0.234661692520604}