{"ppntid":4,"trialid":3,"Aweight":0.8514966526754357,"Bweight":-1.1517346810259506,"calc1":5.9395222424647915,"calc2":-3.1379240076203794,"calc3":-11.313627156606751,"ordA12":"=","ordA13":"=","ordA23":"=","ordB12":"<","ordB13":"<","ordB23":"=","mychoice":1,"myA1":5.610091422686167,"myA2":7.390300638556115,"myA3":5.485310567819607,"myB1":2.119505577129085,"myB2":12.96221369299326,"myB3":13.567232676275374,"simA1":3.41764160897583,"simA2":5.3128969646059,"simA3":4.62381788762286,"simB1":0.789628699421883,"simB2":7.38863933365792,"simB3":8.99294389877468}