{"ppntid":4,"trialid":7,"Aweight":-0.4681224839194107,"Bweight":-1.069352334551888,"calc1":-16.92365881365841,"calc2":-10.12444912265748,"calc3":-11.273198329525048,"ordA12":"=","ordA13":">","ordA23":">","ordB12":"=","ordB13":"=","ordB23":"=","mychoice":3,"myA1":12.84134171132701,"myA2":13.326108185414089,"myA3":2.071203388406312,"myB1":6.139795786891576,"myB2":6.239785523598633,"myB3":9.139192517597333,"simA1":8.76104752765968,"simA2":8.04335406515747,"simA3":1.29715850343928,"simB1":10.3199929918628,"simB2":7.46865443419665,"simB3":7.64094397542067}