{"ppntid":4,"trialid":3,"Aweight":0.7246225509844898,"Bweight":-1.5448121949971043,"calc1":-2.7768005819695323,"calc2":-7.59545626790612,"calc3":-1.577068907498477,"ordA12":"=","ordA13":"=","ordA23":"=","ordB12":"<","ordB13":"<","ordB23":"=","mychoice":1,"myA1":11.57518053729266,"myA2":13.10842083901106,"myA3":14.417820286641682,"myB1":3.7879890390589144,"myB2":8.624671272695759,"myB3":10.741677832244287,"simA1":3.41764160897583,"simA2":5.3128969646059,"simA3":4.62381788762286,"simB1":0.789628699421883,"simB2":7.38863933365792,"simB3":8.99294389877468}