{"ppntid":4,"trialid":3,"Aweight":0.8514966526754357,"Bweight":-1.1517346810259506,"calc1":-3.3093655970025866,"calc2":-3.1379240076203794,"calc3":-11.313627156606751,"ordA12":"=","ordA13":"=","ordA23":"=","ordB12":"<","ordB13":"<","ordB23":"=","mychoice":1,"myA1":13.099990255543664,"myA2":12.252417280856655,"myA3":11.109838172334584,"myB1":0.5227822668417326,"myB2":11.481220060533976,"myB3":10.498006741146984,"simA1":3.41764160897583,"simA2":5.3128969646059,"simA3":4.62381788762286,"simB1":0.789628699421883,"simB2":7.38863933365792,"simB3":8.99294389877468}