{"ppntid":4,"trialid":4,"Aweight":1.4916216689779078,"Bweight":-1.149257578128502,"calc1":2.4178407932219574,"calc2":-8.745577279992677,"calc3":-7.445851023286086,"ordA12":"=","ordA13":">","ordA23":"<","ordB12":"=","ordB13":"<","ordB23":"<","mychoice":1,"myA1":5.880253766286533,"myA2":5.26002554335697,"myA3":2.8737484248025758,"myB1":2.475387693451027,"myB2":4.713422868760398,"myB3":8.940393556951063,"simA1":5.05297244759277,"simA2":2.18807576224208,"simA3":0.105234072543681,"simB1":5.54594777408056,"simB2":7.68077528569847,"simB3":10.7649007102009}