{"ppntid":4,"trialid":7,"Aweight":0.8514966526754357,"Bweight":-1.1517346810259506,"calc1":1.3127320314402464,"calc2":-1.2061253433967298,"calc3":-10.634923966484932,"ordA12":"=","ordA13":">","ordA23":">","ordB12":"=","ordB13":"=","ordB23":"=","mychoice":1,"myA1":13.833371405997841,"myA2":13.46815452237934,"myA3":5.108622496807648,"myB1":10.684974892833793,"myB2":12.67903491090992,"myB3":13.520005228545676,"simA1":8.76104752765968,"simA2":8.04335406515747,"simA3":1.29715850343928,"simB1":10.3199929918628,"simB2":7.46865443419665,"simB3":7.64094397542067}