{"ppntid":4,"trialid":4,"Aweight":0.07611427630855329,"Bweight":-0.7715102648421892,"calc1":-4.3324565639037464,"calc2":-7.878756764611666,"calc3":-12.219391806121035,"ordA12":"=","ordA13":"=","ordA23":"=","ordB12":"<","ordB13":"<","ordB23":"<","mychoice":1,"myA1":9.388689608383157,"myA2":7.114591712011155,"myA3":7.499503813242752,"myB1":1.3467403348546259,"myB2":6.335756338024991,"myB3":11.90948802876622,"simA1":5.05297244759277,"simA2":2.18807576224208,"simA3":0.105234072543681,"simB1":5.54594777408056,"simB2":7.68077528569847,"simB3":10.7649007102009}