{"ppntid":4,"trialid":3,"Aweight":-0.4681224839194107,"Bweight":-1.2290125671485979,"calc1":2.667463497453757,"calc2":-13.71716624860711,"calc3":-15.438371921308253,"ordA12":"<","ordA13":"=","ordA23":"=","ordB12":"<","ordB13":"<","ordB23":"=","mychoice":1,"myA1":4.588335868419834,"myA2":5.886809100749794,"myA3":5.654277273462097,"myB1":5.592401944535935,"myB2":10.580278675309026,"myB3":8.738823868633595,"simA1":3.41764160897583,"simA2":5.3128969646059,"simA3":4.62381788762286,"simB1":0.789628699421883,"simB2":7.38863933365792,"simB3":8.99294389877468}