{"ppntid":4,"trialid":1,"Aweight":0.5446267807862749,"Bweight":1.1382359243719744,"calc1":-8.479974941675767,"calc2":-8.139148775841385,"calc3":-10.017881570518473,"ordA12":"<","ordA13":"<","ordA23":"=","ordB12":">","ordB13":"=","ordB23":">","mychoice":2,"myA1":0.10604225655581612,"myA2":9.694103826310318,"myA3":8.827459967323737,"myB1":7.532830004664092,"myB2":9.518026360052339,"myB3":5.9777296421621635,"simA1":3.44733079895377,"simA2":7.7077340404503,"simA3":9.79625159176067,"simB1":8.48892743932083,"simB2":5.46544744865969,"simB3":6.53410605853423}