{"ppntid":4,"trialid":7,"Aweight":0.8514966526754357,"Bweight":-0.9838152089296536,"calc1":-1.0255416808861602,"calc2":-8.196925758401694,"calc3":-3.0691033815131568,"ordA12":"=","ordA13":">","ordA23":">","ordB12":"=","ordB13":"=","ordB23":"=","mychoice":2,"myA1":6.233598697776105,"myA2":5.733769803002923,"myA3":2.530461134640507,"myB1":10.609591039483023,"myB2":8.599345620445678,"myB3":8.585072257261801,"simA1":8.76104752765968,"simA2":8.04335406515747,"simA3":1.29715850343928,"simB1":10.3199929918628,"simB2":7.46865443419665,"simB3":7.64094397542067}