{"ppntid":4,"trialid":2,"Aweight":0.5819238786369645,"Bweight":-1.1877098073350756,"calc1":-6.017192244542235,"calc2":-7.045877727789319,"calc3":-0.2838871196309777,"ordA12":"=","ordA13":">","ordA23":"=","ordB12":"=","ordB13":">","ordB23":">","mychoice":3,"myA1":9.052639703878414,"myA2":8.375913021332344,"myA3":6.018192830160359,"myB1":10.91025121804858,"myB2":10.153583238261078,"myB3":2.5209544078753265,"simA1":4.44091077893972,"simA2":2.09030646830797,"simA3":0.928282281383872,"simB1":6.10001093940809,"simB2":8.69291198789142,"simB3":0.26329378481023}