{"ppntid":4,"trialid":6,"Aweight":0.5819238786369645,"Bweight":-1.1877098073350756,"calc1":-4.9501969284648855,"calc2":0.4748501275341117,"calc3":6.900154846592928,"ordA12":"=","ordA13":"<","ordA23":"=","ordB12":"=","ordB13":">","ordB23":">","mychoice":3,"myA1":7.328025445523387,"myA2":9.784221223441008,"myA3":10.959909811551809,"myB1":10.400388254681978,"myB2":7.7048553494361105,"myB3":0.8567708489684689,"simA1":4.8090137518011,"simA2":6.16455643437803,"simA3":8.31491193501279,"simB1":3.4268780623097,"simB2":3.61743570654653,"simB3":0.234661692520604}