{"ppntid":4,"trialid":9,"Aweight":0.8514966526754357,"Bweight":-1.1517346810259506,"calc1":1.4107561164541553,"calc2":-1.531366253729284,"calc3":-1.2602003587301,"ordA12":"=","ordA13":">","ordA23":"=","ordB12":"<","ordB13":"=","ordB23":">","mychoice":1,"myA1":9.3382355335543,"myA2":8.314049165343306,"myA3":6.120235079869873,"myB1":4.740208949371726,"myB2":10.536916823980093,"myB3":3.772095854007429,"simA1":9.71080775139853,"simA2":8.27019854448736,"simA3":7.62946534901857,"simB1":5.61522312811576,"simB2":8.84890590445139,"simB3":4.25856868154369}