{"ppntid":4,"trialid":2,"Aweight":0.5819238786369645,"Bweight":-1.1877098073350756,"calc1":3.7045142046795565,"calc2":-7.02730100700961,"calc3":-3.0134306487881664,"ordA12":"=","ordA13":">","ordA23":"=","ordB12":"=","ordB13":">","ordB23":">","mychoice":3,"myA1":14.999592368129695,"myA2":13.36051195420341,"myA3":9.649836956192205,"myB1":10.754332547571508,"myB2":11.915606797352298,"myB3":6.882624818155083,"simA1":4.44091077893972,"simA2":2.09030646830797,"simA3":0.928282281383872,"simB1":6.10001093940809,"simB2":8.69291198789142,"simB3":0.26329378481023}