{"ppntid":4,"trialid":4,"Aweight":0.8514966526754357,"Bweight":-1.1517346810259506,"calc1":-2.5419876817689224,"calc2":-5.876961203099844,"calc3":-18.581298616801377,"ordA12":"=","ordA13":">","ordA23":"=","ordB12":"<","ordB13":"<","ordB23":"<","mychoice":1,"myA1":12.292159327832076,"myA2":10.63427560102775,"myA3":8.30149735810085,"myB1":5.007230002012414,"myB2":11.558163020032543,"myB3":14.88991078935117,"simA1":5.05297244759277,"simA2":2.18807576224208,"simA3":0.105234072543681,"simB1":5.54594777408056,"simB2":7.68077528569847,"simB3":10.7649007102009}