{"ppntid":4,"trialid":6,"Aweight":1.4916216689779078,"Bweight":-1.149257578128502,"calc1":5.703097444020798,"calc2":0.08469801643986408,"calc3":9.928607744668335,"ordA12":"=","ordA13":"<","ordA23":"=","ordB12":"=","ordB13":">","ordB23":">","mychoice":3,"myA1":8.860661827361817,"myA2":10.037620203873132,"myA3":12.50512112590222,"myB1":7.848619460110669,"myB2":9.419260227999864,"myB3":4.728357874868165,"simA1":4.8090137518011,"simA2":6.16455643437803,"simA3":8.31491193501279,"simB1":3.4268780623097,"simB2":3.61743570654653,"simB3":0.234661692520604}