{"ppntid":4,"trialid":5,"Aweight":1.212575281024428,"Bweight":-0.608754437083003,"calc1":3.545753196255311,"calc2":2.1395023377320337,"calc3":6.371315583238876,"ordA12":"=","ordA13":"=","ordA23":"=","ordB12":"<","ordB13":"=","ordB23":">","mychoice":3,"myA1":4.344458404440481,"myA2":4.19840030694365,"myA3":5.32542861449424,"myB1":5.1554060294812825,"myB2":10.511444786932893,"myB3":4.63474364082948,"simA1":5.30289542162791,"simA2":7.26626883028075,"simA3":5.42650359449908,"simB1":2.16200830531307,"simB2":5.64728152588941,"simB3":2.46193274972029}