{"ppntid":4,"trialid":11,"Aweight":1.0862563613130463,"Bweight":-1.004607378858071,"calc1":7.242214199834274,"calc2":-1.5035996159540774,"calc3":10.184574747034386,"ordA12":">","ordA13":"=","ordA23":"<","ordB12":"<","ordB13":">","ordB23":"<","mychoice":3,"myA1":7.650540506299225,"myA2":0.12792287493181065,"myA3":8.116257312647804,"myB1":10.726311238437107,"myB2":3.378806392247904,"myB3":6.690290065647037,"simA1":8.87625722680241,"simA2":4.16804329724982,"simA3":9.13220938993618,"simB1":4.43422937882133,"simB2":13.9203729538713,"simB3":0.650758871342987}