{"ppntid":4,"trialid":1,"Aweight":-0.44749868644587304,"Bweight":-0.6146468264333428,"calc1":-13.810116188244468,"calc2":-11.415647393122795,"calc3":-10.741188035318753,"ordA12":"<","ordA13":"<","ordA23":"=","ordB12":">","ordB13":"=","ordB23":"=","mychoice":1,"myA1":2.160032410839344,"myA2":13.82493909545732,"myA3":10.908648357075029,"myB1":7.777099890195488,"myB2":7.803620426731913,"myB3":6.272381687390599,"simA1":3.44733079895377,"simA2":7.7077340404503,"simA3":9.79625159176067,"simB1":8.48892743932083,"simB2":5.46544744865969,"simB3":6.53410605853423}