{"ppntid":4,"trialid":7,"Aweight":0.6031121776522499,"Bweight":-0.40408671439631133,"calc1":3.3765685410514426,"calc2":4.74269987987541,"calc3":2.9022824806750354,"ordA12":"=","ordA13":">","ordA23":">","ordB12":"=","ordB13":"=","ordB23":"=","mychoice":2,"myA1":13.099132482766077,"myA2":13.717207750286535,"myA3":1.2083407236040544,"myB1":2.8034307731329555,"myB2":1.6189912748017043,"myB3":0.8634753062586897,"simA1":8.76104752765968,"simA2":8.04335406515747,"simA3":1.29715850343928,"simB1":10.3199929918628,"simB2":7.46865443419665,"simB3":7.64094397542067}