{"ppntid":4,"trialid":2,"Aweight":0.5020277700359104,"Bweight":-2.021022038717325,"calc1":-9.974681986474492,"calc2":-19.146035799797776,"calc3":-2.563899335778708,"ordA12":"=","ordA13":">","ordA23":"=","ordB12":"=","ordB13":">","ordB23":">","mychoice":3,"myA1":13.173612687316037,"myA2":10.398337127206075,"myA3":5.31539890042842,"myB1":9.61441252880892,"myB2":11.651632152737436,"myB3":3.367945062715927,"simA1":4.44091077893972,"simA2":2.09030646830797,"simA3":0.928282281383872,"simB1":6.10001093940809,"simB2":8.69291198789142,"simB3":0.26329378481023}