{"ppntid":4,"trialid":10,"Aweight":1.4916216689779078,"Bweight":-1.149257578128502,"calc1":-0.08094681737978765,"calc2":3.9734701609122904,"calc3":11.601245584539562,"ordA12":"=","ordA13":"<","ordA23":"<","ordB12":"=","ordB13":"<","ordB23":"=","mychoice":3,"myA1":4.670415120169228,"myA2":5.5597357821647435,"myA3":14.496983066151556,"myB1":8.03438224674672,"myB2":11.181124298490198,"myB3":12.192047072974418,"simA1":2.26741205202416,"simA2":2.47803316218778,"simA3":8.28731167363003,"simB1":3.06291132001206,"simB2":3.33613052149303,"simB3":2.30878524016589}