{"ppntid":4,"trialid":5,"Aweight":0.7246225509844898,"Bweight":-1.0605944990041527,"calc1":6.287150268129963,"calc2":-3.9945482469423017,"calc3":-9.062318121132433,"ordA12":"=","ordA13":"=","ordA23":"=","ordB12":"<","ordB13":"=","ordB23":">","mychoice":1,"myA1":8.616368586672477,"myA2":7.185888809818586,"myA3":7.326278942951284,"myB1":0.17852215472353272,"myB2":8.960382426746627,"myB3":2.622840354967977,"simA1":5.30289542162791,"simA2":7.26626883028075,"simA3":5.42650359449908,"simB1":2.16200830531307,"simB2":5.64728152588941,"simB3":2.46193274972029}