{"ppntid":4,"trialid":3,"Aweight":0.1633279894895641,"Bweight":-0.3064258023295258,"calc1":1.244066150776781,"calc2":4.098198759908856,"calc3":-5.018388226710139,"ordA12":"=","ordA13":"=","ordA23":">","ordB12":"<","ordB13":"<","ordB23":"=","mychoice":1,"myA1":4.535846503868592,"myA2":7.408366122524365,"myA3":2.155736106791324,"myB1":4.2902675787763,"myB2":12.615759876449093,"myB3":10.6715274859002,"simA1":3.41764160897583,"simA2":5.3128969646059,"simA3":4.62381788762286,"simB1":0.789628699421883,"simB2":7.38863933365792,"simB3":8.99294389877468}