{"ppntid":4,"trialid":10,"Aweight":0.7246225509844898,"Bweight":-1.0605944990041527,"calc1":-2.0368446805958818,"calc2":-1.1958530767189575,"calc3":2.4359303165686175,"ordA12":"=","ordA13":"<","ordA23":"<","ordB12":"=","ordB13":"=","ordB23":"=","mychoice":3,"myA1":4.232966530479945,"myA2":6.904275363139073,"myA3":12.951449636158403,"myB1":8.790211065755958,"myB2":9.329576751982108,"myB3":10.309968531410146,"simA1":2.26741205202416,"simA2":2.47803316218778,"simA3":8.28731167363003,"simB1":3.06291132001206,"simB2":3.33613052149303,"simB3":2.30878524016589}