{"ppntid":4,"trialid":5,"Aweight":0.7246225509844898,"Bweight":-1.0605944990041527,"calc1":0.797888414315089,"calc2":-0.10080476651881931,"calc3":-9.062318121132433,"ordA12":"=","ordA13":"=","ordA23":"=","ordB12":"<","ordB13":"=","ordB23":">","mychoice":1,"myA1":10.048955681396638,"myA2":7.207548224817505,"myA3":7.360475842447986,"myB1":1.8703851990073983,"myB2":8.25079129172774,"myB3":4.093804963687402,"simA1":5.30289542162791,"simA2":7.26626883028075,"simA3":5.42650359449908,"simB1":2.16200830531307,"simB2":5.64728152588941,"simB3":2.46193274972029}