{"ppntid":4,"trialid":9,"Aweight":0.5819238786369645,"Bweight":-1.1877098073350756,"calc1":0.8994582945164546,"calc2":-5.1768405245581475,"calc3":-2.35004227225169,"ordA12":"=","ordA13":"=","ordA23":"=","ordB12":"<","ordB13":"=","ordB23":">","mychoice":1,"myA1":2.7569982420386427,"myA2":3.770501671840071,"myA3":3.0515523713685555,"myB1":0.4543998667969973,"myB2":6.704976977187491,"myB3":0.6509441532796534,"simA1":9.71080775139853,"simA2":8.27019854448736,"simA3":7.62946534901857,"simB1":5.61522312811576,"simB2":8.84890590445139,"simB3":4.25856868154369}