{"ppntid":6,"myBweight":0.66950420685999,"simBweight":0.724405892658979,"simval1":10.8998551951613,"simval2":15.187177643567,"simval3":6.1488668743844,"myval1":7.288562569176281,"myval2":10.974856292786445,"myval3":4.885759863032934,"mychoice":2,"simchoice":2,"oraclechoice":2,"myA1":3.6907150997917326,"myA2":5.362407122247896,"myA3":2.287594366667478,"myB1":5.373898225761183,"myB2":8.382993135862778,"myB3":3.880730650746751,"simA1":7.14630752336234,"simA2":8.22015926474705,"simA3":3.87473117792979,"simB1":5.1815532008186,"simB2":9.61756171425804,"simB3":3.13931142678484}