{"ppntid":0,"myBweight":0.15699127702555943,"simBweight":0.585800305008888,"simval1":10.9792158193144,"simval2":1.39496829870745,"simval3":7.15695574703547,"myval1":7.031021961496788,"myval2":0.9663324147817657,"myval3":5.825110802456847,"mychoice":1,"simchoice":1,"oraclechoice":1,"myA1":5.5764819149828915,"myA2":0.6372343153138615,"myA3":5.203852907464592,"myB1":9.265101055755382,"myB2":2.096282708843271,"myB3":3.957276523657487,"simA1":5.9566758479923,"simA2":0.710090156644583,"simA3":5.26116543915123,"simB1":8.57380907516927,"simB2":1.16913244361058,"simB3":3.23623987846076}