{"ppntid":3,"myBweight":0.656274375096129,"simBweight":0.277374957920983,"simval1":8.56497345159716,"simval2":8.04108087207871,"simval3":7.43301057711636,"myval1":10.881398637265402,"myval2":9.17214620741632,"myval3":7.7177082596167645,"mychoice":2,"simchoice":1,"oraclechoice":1,"myA1":7.076050858283596,"myA2":6.227837227807937,"myA3":7.227035668287423,"myB1":5.798409816663055,"myB2":4.486399425815019,"myB3":0.747663797260818,"simA1":6.32742163492367,"simA2":6.24415603699163,"simA3":7.2123027429916,"simB1":8.06688474491239,"simB2":6.47832395741716,"simB3":0.795702091418207}