{"ppntid":7,"myBweight":0.30318222595897687,"simBweight":0.906092151300982,"simval1":11.8067306808746,"simval2":10.6369109244339,"simval3":8.30533430052179,"myval1":10.1369449440771,"myval2":7.63267613985589,"myval3":2.9436394176178746,"mychoice":2,"simchoice":3,"oraclechoice":1,"myA1":8.229673902431072,"myA2":5.507190936351039,"myA3":1.01012105039465,"myB1":6.290840551794417,"myB2":7.010586444445616,"myB3":6.3774133233154835,"simA1":4.93442194536328,"simA2":3.72630221536383,"simA3":1.86676760902628,"simB1":7.58455828763545,"simB2":7.62682768981904,"simB3":7.10586299886927}