{"ppntid":3,"myBweight":0.2984846255462533,"simBweight":0.277374957920983,"simval1":8.58354062440473,"simval2":10.8878300405418,"simval3":4.7454975528351,"myval1":7.62368394904793,"myval2":10.075131303150508,"myval3":3.78546034759655,"mychoice":2,"simchoice":2,"oraclechoice":2,"myA1":6.696255522585273,"myA2":8.799730590077608,"myA3":3.7724455585299776,"myB1":3.107122937288247,"myB2":4.2729192860061165,"myB3":0.04360287918600214,"simA1":7.14630752336234,"simA2":8.22015926474705,"simA3":3.87473117792979,"simB1":5.1815532008186,"simB2":9.61756171425804,"simB3":3.13931142678484}