{"ppntid":2,"myBweight":0.17924625237876254,"simBweight":0.293739611981437,"simval1":4.62072941980805,"simval2":9.07371805963748,"simval3":1.73475793738178,"myval1":5.636286720503913,"myval2":6.3314783616029455,"myval3":1.1728078137644782,"mychoice":2,"simchoice":2,"oraclechoice":2,"myA1":5.074251274290509,"myA2":6.1157680468103965,"myA3":1.1364026789299464,"myB1":3.135549216536899,"myB2":1.203429984894382,"myB3":0.20310123280906645,"simA1":2.85226068925112,"simA2":7.94943025801331,"simA3":1.36154596460983,"simB1":6.02053198963404,"simB2":3.8274980825372,"simB3":1.27055377466604}