{"ppntid":3,"myBweight":0.5003359140685747,"simBweight":0.277374957920983,"simval1":3.09834106032277,"simval2":2.48085361546637,"simval3":4.41811952514312,"myval1":7.584749800326371,"myval2":6.541273341421196,"myval3":7.460281767214686,"mychoice":3,"simchoice":3,"oraclechoice":3,"myA1":4.625425305335598,"myA2":3.8153799162647606,"myA3":3.8419192969516236,"myB1":5.914675344662898,"myB2":5.448126645537645,"myB3":7.231866369215181,"simA1":2.20709017245099,"simA2":1.57184537500143,"simA3":2.44585283799097,"simB1":3.21316276909783,"simB2":3.27718207612634,"simB3":7.11047133430839}