{"ppntid":2,"myBweight":0.8902290472484612,"simBweight":0.293739611981437,"simval1":7.16230715382391,"simval2":5.96660362162055,"simval3":3.95404104910739,"myval1":17.01982457224983,"myval2":11.452206329963097,"myval3":9.18730634722005,"mychoice":3,"simchoice":1,"oraclechoice":1,"myA1":9.801122028473738,"myA2":5.108196241228584,"myA3":2.7403697886220146,"myB1":8.108814878696455,"myB2":7.1262672323967795,"myB3":7.241885196314772,"simA1":4.93442194536328,"simA2":3.72630221536383,"simA3":1.86676760902628,"simB1":7.58455828763545,"simB2":7.62682768981904,"simB3":7.10586299886927}