{"ppntid":1,"myBweight":0.3087942660231274,"simBweight":0.00894579570740461,"simval1":7.19266063974391,"simval2":8.30619600704616,"simval3":3.90281481661573,"myval1":8.260253821395919,"myval2":9.47775963803967,"myval3":3.2077622133184627,"mychoice":2,"simchoice":2,"oraclechoice":2,"myA1":6.126779511322273,"myA2":7.802824987705659,"myA3":1.881278362150367,"myB1":6.909047689097494,"myB2":5.424111891405927,"myB3":4.295688091140746,"simA1":7.14630752336234,"simA2":8.22015926474705,"simA3":3.87473117792979,"simB1":5.1815532008186,"simB2":9.61756171425804,"simB3":3.13931142678484}