{"ppntid":4,"myBweight":0.5620158515661813,"simBweight":0.813574214931577,"simval1":11.1050229998291,"simval2":9.93129256552677,"simval3":7.64791451974269,"myval1":10.501902998606575,"myval2":10.09693088035404,"myval3":5.446206856725597,"mychoice":2,"simchoice":3,"oraclechoice":1,"myA1":6.371627723305218,"myA2":5.604324660778639,"myA3":0.910092552660311,"myB1":7.349036977856464,"myB2":7.993735776412287,"myB3":8.071150113336486,"simA1":4.93442194536328,"simA2":3.72630221536383,"simA3":1.86676760902628,"simB1":7.58455828763545,"simB2":7.62682768981904,"simB3":7.10586299886927}