{"ppntid":1,"myBweight":0.7621239271031776,"simBweight":0.00894579570740461,"simval1":1.14184199361129,"simval2":5.51792951290094,"simval3":5.84288239986333,"myval1":6.432946945061719,"myval2":8.16828803648736,"myval3":5.668740258694231,"mychoice":3,"simchoice":2,"oraclechoice":3,"myA1":1.732124427049322,"myA2":5.9331458639972805,"myA3":3.9602891259838735,"myB1":6.1680552871239165,"myB2":2.932780474411587,"myB3":2.241697277769714,"simA1":1.06841044733301,"simA2":5.48331617377698,"simA3":5.79234702978283,"simB1":8.20849801180884,"simB2":3.86922977631912,"simB3":5.64906373154372}