{"ppntid":0,"myBweight":0.3540836146008151,"simBweight":0.585800305008888,"simval1":5.87695108631548,"simval2":7.7499121568942,"simval3":9.10157028673579,"myval1":7.139293036623614,"myval2":8.850025489519805,"myval3":12.447888933378412,"mychoice":3,"simchoice":3,"oraclechoice":3,"myA1":5.247152828390731,"myA2":8.231799265000102,"myA3":8.988421195453526,"myB1":5.343766642141952,"myB2":1.7459893624749467,"myB3":9.770200018504108,"simA1":1.06841044733301,"simA2":5.48331617377698,"simA3":5.79234702978283,"simB1":8.20849801180884,"simB2":3.86922977631912,"simB3":5.64906373154372}