{"ppntid":1,"myBweight":0.6538471311787608,"simBweight":0.00894579570740461,"simval1":7.19266063974391,"simval2":8.30619600704616,"simval3":3.90281481661573,"myval1":4.19348049580817,"myval2":12.80825522672255,"myval3":7.71048389949239,"mychoice":2,"simchoice":2,"oraclechoice":2,"myA1":1.148803879828355,"myA2":8.885878499741473,"myA3":6.77128009539957,"myB1":4.656557275843434,"myB2":5.998920145003595,"myB3":1.4364272003451561,"simA1":7.14630752336234,"simA2":8.22015926474705,"simA3":3.87473117792979,"simB1":5.1815532008186,"simB2":9.61756171425804,"simB3":3.13931142678484}