{"ppntid":8,"myBweight":0.714342237804072,"simBweight":0.949040221050382,"simval1":12.1324728192303,"simval2":10.9644684520229,"simval3":8.6105174002269,"myval1":14.652421592511821,"myval2":9.195675293132156,"myval3":12.01061141779069,"mychoice":1,"simchoice":2,"oraclechoice":1,"myA1":9.446000718431197,"myA2":3.7767458399244247,"myA3":6.3106995531034515,"myB1":7.288412470310385,"myB2":7.58590093995537,"myB3":7.9792451895454,"simA1":4.93442194536328,"simA2":3.72630221536383,"simA3":1.86676760902628,"simB1":7.58455828763545,"simB2":7.62682768981904,"simB3":7.10586299886927}