{"ppntid":8,"myBweight":0.44464951337642333,"simBweight":0.949040221050382,"simval1":5.25651087710646,"simval2":4.68202297695072,"simval3":9.1939761248754,"myval1":1.5872324804063045,"myval2":2.2481097765385365,"myval3":4.552230851335962,"mychoice":3,"simchoice":2,"oraclechoice":3,"myA1":0.19427231573351467,"myA2":0.9839864563966083,"myA3":0.1728946730747083,"myB1":3.1327149198824444,"myB2":2.8429657114496143,"myB3":9.848962039802965,"simA1":2.20709017245099,"simA2":1.57184537500143,"simA3":2.44585283799097,"simB1":3.21316276909783,"simB2":3.27718207612634,"simB3":7.11047133430839}