{"ppntid":4,"myBweight":0.8342776759099955,"simBweight":0.813574214931577,"simval1":5.43065738557049,"simval2":7.66160288002855,"simval3":13.6053397993808,"myval1":6.117908330703614,"myval2":10.125247207812038,"myval3":16.294814040101066,"mychoice":3,"simchoice":3,"oraclechoice":3,"myA1":1.7634346574877413,"myA2":4.973387460901694,"myA3":9.576099022667844,"myB1":5.2194536650716366,"myB2":6.175233852794766,"myB3":8.053331895887933,"simA1":1.02557973470539,"simA2":3.33464161725715,"simA3":6.13869413500652,"simB1":5.41447549592704,"simB2":5.31845919322222,"simB3":9.17758395895362}