{"ppntid":0,"myBweight":0.36766424592608765,"simBweight":0.585800305008888,"simval1":6.37909016509451,"simval2":10.1915798021845,"simval3":2.10583675333939,"myval1":6.108251461204086,"myval2":9.730782861317019,"myval3":2.6453369172312557,"mychoice":2,"simchoice":1,"oraclechoice":2,"myA1":2.590676429084806,"myA2":6.971356888036633,"myA3":1.4151640783514474,"myB1":9.56735682377564,"myB2":7.505287783232313,"myB3":3.345913703904493,"simA1":2.85226068925112,"simA2":7.94943025801331,"simA3":1.36154596460983,"simB1":6.02053198963404,"simB2":3.8274980825372,"simB3":1.27055377466604}