{"ppntid":6,"myBweight":0.7961138804524396,"simBweight":0.724405892658979,"simval1":9.21255981696985,"simval2":3.30996050141997,"simval3":5.97096903014615,"myval1":8.811778644735117,"myval2":3.0432910892825324,"myval3":3.8895573618961166,"mychoice":1,"simchoice":2,"oraclechoice":1,"myA1":2.2157369466881915,"myA2":0.16492867466283867,"myA3":3.494560590667799,"myB1":8.285299201539269,"myB2":3.6155159271734982,"myB3":0.49615611651418146,"simA1":3.50641574244946,"simA2":0.692847419995815,"simA3":4.7204016125761,"simB1":7.87699842359871,"simB2":3.61277166288346,"simB3":1.72633523587137}