{"ppntid":5,"myBweight":0.27325536165415515,"simBweight":0.260427771368995,"simval1":6.90965155703043,"simval2":5.71253995323875,"simval3":3.71733167347521,"myval1":9.682394244894228,"myval2":6.366952511470575,"myval3":1.549631005950204,"mychoice":2,"simchoice":3,"oraclechoice":1,"myA1":7.854494857926251,"myA2":5.948102606973116,"myA3":1.0212673788342364,"myB1":6.689344999134741,"myB2":1.5328149536094915,"myB3":1.933589240179996,"simA1":4.93442194536328,"simA2":3.72630221536383,"simA3":1.86676760902628,"simB1":7.58455828763545,"simB2":7.62682768981904,"simB3":7.10586299886927}