{"ppntid":6,"myBweight":0.5379598084909488,"simBweight":0.724405892658979,"simval1":4.5347242164579,"simval2":3.94585538226373,"simval3":7.59672017214672,"myval1":6.936159463007611,"myval2":1.7647659945525882,"myval3":8.198584133696727,"mychoice":1,"simchoice":1,"oraclechoice":3,"myA1":5.414537104808819,"myA2":0.5335762322147075,"myA3":5.429241948632296,"myB1":2.8285056507607,"myB2":2.2886277801896338,"myB3":5.1478607534507415,"simA1":2.20709017245099,"simA2":1.57184537500143,"simA3":2.44585283799097,"simB1":3.21316276909783,"simB2":3.27718207612634,"simB3":7.11047133430839}