{"ppntid":2,"myBweight":0.5076711904122464,"simBweight":0.293739611981437,"simval1":0.492870456072327,"simval2":11.1085328860623,"simval3":8.14164887421582,"myval1":2.9644875962267143,"myval2":8.213511992160308,"myval3":9.372862781101476,"mychoice":2,"simchoice":2,"oraclechoice":2,"myA1":1.3257306517570622,"myA2":4.369115273179823,"myA3":7.6410117751377165,"myB1":3.227988854634287,"myB2":7.572611547759296,"myB3":3.4113635728618696,"simA1":0.0122929364442825,"simA2":8.57054706430063,"simA3":7.79470579931512,"simB1":1.63606643443927,"simB2":8.6402572831139,"simB3":1.1811245768331}