{"ppntid":5,"myBweight":0.6728709767466127,"simBweight":0.260427771368995,"simval1":2.4356595212417,"simval2":4.71971609206496,"simval3":8.52879187198865,"myval1":3.41214875101829,"myval2":8.876374324666664,"myval3":13.761594726204764,"mychoice":2,"simchoice":3,"oraclechoice":3,"myA1":0.7551324764165912,"myA2":5.798420184668265,"myA3":9.871544999514668,"myB1":3.9487752725620506,"myB2":4.574360087398275,"myB3":5.781271389499977,"simA1":1.02557973470539,"simA2":3.33464161725715,"simA3":6.13869413500652,"simB1":5.41447549592704,"simB2":5.31845919322222,"simB3":9.17758395895362}