{"ppntid":1,"myBweight":0.4233844973597838,"simBweight":0.00894579570740461,"simval1":3.57688176113452,"simval2":0.72516653722947,"simval3":4.7358450549187,"myval1":7.412655173382433,"myval2":2.351716472846327,"myval3":7.100978036668238,"mychoice":1,"simchoice":1,"oraclechoice":3,"myA1":3.3186062801514615,"myA2":0.8700166713119772,"myA3":7.060168170391449,"myB1":9.669812944879578,"myB2":3.4996553033334865,"myB3":0.0963896092825256,"simA1":3.50641574244946,"simA2":0.692847419995815,"simA3":4.7204016125761,"simB1":7.87699842359871,"simB2":3.61277166288346,"simB3":1.72633523587137}