{"ppntid":0,"myBweight":0.42214913183091846,"simBweight":0.585800305008888,"simval1":9.37745850361782,"simval2":8.19410020231006,"simval3":6.02938432111528,"myval1":5.930781052112932,"myval2":11.210179811737516,"myval3":4.030023199818242,"mychoice":2,"simchoice":1,"oraclechoice":1,"myA1":4.417266666642794,"myA2":9.727666545879112,"myA3":2.501824150315881,"myB1":3.585259974137147,"myB2":3.511823557301994,"myB3":3.6200454632569135,"simA1":4.93442194536328,"simA2":3.72630221536383,"simA3":1.86676760902628,"simB1":7.58455828763545,"simB2":7.62682768981904,"simB3":7.10586299886927}