{"ppntid":4,"myBweight":0.6202608471362989,"simBweight":0.813574214931577,"simval1":1.34335440141912,"simval2":15.6000376002169,"simval3":8.7556382996485,"myval1":5.686797797832172,"myval2":14.839999429263383,"myval3":14.640069308958244,"mychoice":2,"simchoice":2,"oraclechoice":2,"myA1":3.50330533158125,"myA2":8.675579848178309,"myA3":9.052164197476278,"myB1":3.520280985543347,"myB2":9.938430919097616,"myB3":9.008959919493442,"simA1":0.0122929364442825,"simA2":8.57054706430063,"simA3":7.79470579931512,"simB1":1.63606643443927,"simB2":8.6402572831139,"simB3":1.1811245768331}