{"ppntid":6,"myBweight":0.3154377409830316,"simBweight":0.724405892658979,"simval1":12.1675936645779,"simval2":1.55701658809488,"simval3":7.60551667716618,"myval1":9.345084322874147,"myval2":3.9012653304024636,"myval3":8.160928073142994,"mychoice":1,"simchoice":1,"oraclechoice":1,"myA1":6.324444260780371,"myA2":1.362465389097045,"myA3":5.644337005233487,"myB1":9.576026168207514,"myB2":8.04849772697931,"myB3":7.978091207687421,"simA1":5.9566758479923,"simA2":0.710090156644583,"simA3":5.26116543915123,"simB1":8.57380907516927,"simB2":1.16913244361058,"simB3":3.23623987846076}