{"ppntid":5,"myBweight":0.5843830640416893,"simBweight":0.260427771368995,"simval1":8.1895338375819,"simval2":1.01456471336927,"simval3":6.10397217831423,"myval1":14.029746040863674,"myval2":9.237016103619176,"myval3":9.070723691463565,"mychoice":1,"simchoice":1,"oraclechoice":1,"myA1":8.791359427345235,"myA2":3.9372402872654866,"myA3":7.956522134055324,"myB1":8.96396034698353,"myB2":9.069009939643989,"myB3":1.9066287611113153,"simA1":5.9566758479923,"simA2":0.710090156644583,"simA3":5.26116543915123,"simB1":8.57380907516927,"simB2":1.16913244361058,"simB3":3.23623987846076}