{"ppntid":1,"myBweight":0.3976505972477323,"simBweight":0.00894579570740461,"simval1":2.90611913848029,"simval2":7.98367027393017,"simval3":1.37291207911327,"myval1":8.571508726413299,"myval2":8.382256369169875,"myval3":7.03694601020067,"mychoice":1,"simchoice":2,"oraclechoice":2,"myA1":6.316576774153164,"myA2":7.39982699843734,"myA3":6.926264736004757,"myB1":5.670636402578655,"myB2":2.470584421429882,"myB3":0.2783380056813023,"simA1":2.85226068925112,"simA2":7.94943025801331,"simA3":1.36154596460983,"simB1":6.02053198963404,"simB2":3.8274980825372,"simB3":1.27055377466604}