{"ppntid":9,"myBweight":0.4077393453012149,"simBweight":0.073144469410181,"simval1":7.52530948295684,"simval2":8.92363071335613,"simval3":4.10435444655529,"myval1":4.932934289750934,"myval2":8.931806754196199,"myval3":1.702492282951506,"mychoice":1,"simchoice":2,"oraclechoice":2,"myA1":2.626913953240171,"myA2":5.274202131349737,"myA3":1.329159577249377,"myB1":5.6556237779976914,"myB2":8.970448069328283,"myB3":0.915616091516338,"simA1":7.14630752336234,"simA2":8.22015926474705,"simA3":3.87473117792979,"simB1":5.1815532008186,"simB2":9.61756171425804,"simB3":3.13931142678484}