{"ppntid":4,"myBweight":0.5776002440104235,"simBweight":0.813574214931577,"simval1":7.7466327730578,"simval2":8.63122175143569,"simval3":10.388279620272,"myval1":13.588299283019902,"myval2":9.034109036801548,"myval3":12.26984963037868,"mychoice":3,"simchoice":1,"oraclechoice":3,"myA1":8.830521169878851,"myA2":8.423399380741497,"myA3":8.583469195222037,"myB1":8.23714699305977,"myB2":1.0573223650664354,"myB3":6.3822348992811655,"simA1":1.06841044733301,"simA2":5.48331617377698,"simA3":5.79234702978283,"simB1":8.20849801180884,"simB2":3.86922977631912,"simB3":5.64906373154372}