{"ppntid":6,"myBweight":0.46873869676730545,"simBweight":0.724405892658979,"simval1":9.21255981696985,"simval2":3.30996050141997,"simval3":5.97096903014615,"myval1":9.199116425987608,"myval2":2.4073692447829864,"myval3":7.375173904638824,"mychoice":1,"simchoice":2,"oraclechoice":1,"myA1":5.036683112485727,"myA2":0.5987044203810887,"myA3":7.320398753620041,"myB1":8.880071865643783,"myB2":3.8585780027881245,"myB3":0.11685647333267823,"simA1":3.50641574244946,"simA2":0.692847419995815,"simA3":4.7204016125761,"simB1":7.87699842359871,"simB2":3.61277166288346,"simB3":1.72633523587137}