{"ppntid":4,"myBweight":0.6958615724101787,"simBweight":0.813574214931577,"simval1":7.75041027618808,"simval2":11.0633840056656,"simval3":2.39523575436211,"myval1":9.991857294626802,"myval2":12.268645819839604,"myval3":7.543710459687643,"mychoice":1,"simchoice":1,"oraclechoice":2,"myA1":5.5089652699733875,"myA2":8.52119366719746,"myA3":3.4450767619887324,"myB1":6.442218111177656,"myB2":5.385341425971417,"myB3":5.890012985632945,"simA1":2.85226068925112,"simA2":7.94943025801331,"simA3":1.36154596460983,"simB1":6.02053198963404,"simB2":3.8274980825372,"simB3":1.27055377466604}