{"ppntid":1,"myBweight":0.7396165597819122,"simBweight":0.00894579570740461,"simval1":1.14184199361129,"simval2":5.51792951290094,"simval3":5.84288239986333,"myval1":7.403016913042446,"myval2":9.244625650475005,"myval3":12.222118117690956,"mychoice":3,"simchoice":2,"oraclechoice":3,"myA1":1.6484578128795202,"myA2":8.142983029911804,"myA3":9.006346422010703,"myB1":7.780462760135805,"myB2":1.489478035602716,"myB3":4.347890340135805,"simA1":1.06841044733301,"simA2":5.48331617377698,"simA3":5.79234702978283,"simB1":8.20849801180884,"simB2":3.86922977631912,"simB3":5.64906373154372}