{"ppntid":5,"myBweight":0.4753670825194681,"simBweight":0.260427771368995,"simval1":2.4356595212417,"simval2":4.71971609206496,"simval3":8.52879187198865,"myval1":1.4409734219884103,"myval2":7.367138461487314,"myval3":10.126699253528866,"mychoice":3,"simchoice":3,"oraclechoice":3,"myA1":0.5945423043916009,"myA2":6.395407461699396,"myA3":7.418187264151841,"myB1":1.7805842026559437,"myB2":2.0441697280293325,"myB3":5.697727270095736,"simA1":1.02557973470539,"simA2":3.33464161725715,"simA3":6.13869413500652,"simB1":5.41447549592704,"simB2":5.31845919322222,"simB3":9.17758395895362}