{"ppntid":4,"myBweight":0.7454811914271914,"simBweight":0.813574214931577,"simval1":9.91493855094605,"simval2":3.63210528935328,"simval3":6.12490344680887,"myval1":7.915782945192307,"myval2":3.635547690144272,"myval3":5.917416601667696,"mychoice":1,"simchoice":1,"oraclechoice":1,"myA1":1.6135698820063316,"myA2":0.5705355812146617,"myA3":4.691754744086345,"myB1":8.453886074738735,"myB2":4.111454647248413,"myB3":1.6441217721870016,"simA1":3.50641574244946,"simA2":0.692847419995815,"simA3":4.7204016125761,"simB1":7.87699842359871,"simB2":3.61277166288346,"simB3":1.72633523587137}