{"ppntid":5,"myBweight":0.4584962804297499,"simBweight":0.260427771368995,"simval1":6.90965155703043,"simval2":5.71253995323875,"simval3":3.71733167347521,"myval1":10.816845168846683,"myval2":8.630036533049758,"myval3":6.039571715786811,"mychoice":2,"simchoice":3,"oraclechoice":1,"myA1":9.633706694936752,"myA2":7.181383171558371,"myA3":4.746863267792552,"myB1":2.580475620873024,"myB2":3.1595749482058166,"myB3":2.819452421255413,"simA1":4.93442194536328,"simA2":3.72630221536383,"simA3":1.86676760902628,"simB1":7.58455828763545,"simB2":7.62682768981904,"simB3":7.10586299886927}