{"ppntid":3,"myBweight":0.3695942301603828,"simBweight":0.277374957920983,"simval1":8.58354062440473,"simval2":10.8878300405418,"simval3":4.7454975528351,"myval1":7.775137413694246,"myval2":11.31140504571331,"myval3":4.085671918840212,"mychoice":2,"simchoice":2,"oraclechoice":2,"myA1":4.110768907947653,"myA2":9.334903812390571,"myA3":1.9972305278618774,"myB1":9.91457172953286,"myB2":5.347759981169212,"myB3":5.650633101258293,"simA1":7.14630752336234,"simA2":8.22015926474705,"simA3":3.87473117792979,"simB1":5.1815532008186,"simB2":9.61756171425804,"simB3":3.13931142678484}