{"ppntid":0,"myBweight":0.27951061020000506,"simBweight":0.585800305008888,"simval1":10.9792158193144,"simval2":1.39496829870745,"simval3":7.15695574703547,"myval1":6.324247764093008,"myval2":3.3107891574780064,"myval3":5.1508807216236665,"mychoice":1,"simchoice":1,"oraclechoice":1,"myA1":3.7800811391621947,"myA2":1.6042120594892673,"myA3":2.9959749945633174,"myB1":9.102218420654314,"myB2":6.105589683223798,"myB3":7.7095668229495695,"simA1":5.9566758479923,"simA2":0.710090156644583,"simA3":5.26116543915123,"simB1":8.57380907516927,"simB2":1.16913244361058,"simB3":3.23623987846076}