{"ppntid":1,"myBweight":0.3931046128459283,"simBweight":0.00894579570740461,"simval1":5.00227185433537,"simval2":3.79453025777253,"simval3":1.93033520773897,"myval1":8.814948668991422,"myval2":6.795278555037761,"myval3":3.5248799107585578,"mychoice":1,"simchoice":3,"oraclechoice":1,"myA1":5.698313421727406,"myA2":3.523664208913273,"myA3":2.1250238630626073,"myB1":7.928259159058855,"myB2":8.322503067158742,"myB3":3.5610267647624982,"simA1":4.93442194536328,"simA2":3.72630221536383,"simA3":1.86676760902628,"simB1":7.58455828763545,"simB2":7.62682768981904,"simB3":7.10586299886927}