{"ppntid":5,"myBweight":0.46603764917818424,"simBweight":0.260427771368995,"simval1":8.49572787568141,"simval2":10.7248394279951,"simval3":4.69229505644059,"myval1":8.902044335700907,"myval2":10.328736948087732,"myval3":2.1445610647451288,"mychoice":2,"simchoice":2,"oraclechoice":2,"myA1":6.370999690489214,"myA2":9.125443462316014,"myA3":0.7856691548516648,"myB1":5.430987495699037,"myB2":2.5819662593647075,"myB3":2.91584148252775,"simA1":7.14630752336234,"simA2":8.22015926474705,"simA3":3.87473117792979,"simB1":5.1815532008186,"simB2":9.61756171425804,"simB3":3.13931142678484}