{"ppntid":9,"myBweight":0.4732982527550963,"simBweight":0.073144469410181,"simval1":6.58380256361975,"simval2":0.795605728902707,"simval3":5.49787848794531,"myval1":9.817360186580096,"myval2":3.5429153585175897,"myval3":10.48972910307812,"mychoice":3,"simchoice":2,"oraclechoice":1,"myA1":9.594077945133279,"myA2":3.01818767587694,"myA3":8.755216234851648,"myB1":0.4717580091349993,"myB2":1.1086617784582553,"myB3":3.664735413937774,"simA1":5.9566758479923,"simA2":0.710090156644583,"simA3":5.26116543915123,"simB1":8.57380907516927,"simB2":1.16913244361058,"simB3":3.23623987846076}