{"ppntid":1,"myBweight":0.6848621796057269,"simBweight":0.00894579570740461,"simval1":7.19266063974391,"simval2":8.30619600704616,"simval3":3.90281481661573,"myval1":10.972742268669197,"myval2":15.169886255076712,"myval3":5.586164507974207,"mychoice":2,"simchoice":2,"oraclechoice":2,"myA1":7.569950283621587,"myA2":9.545853765442116,"myA3":5.526580244835804,"myB1":4.968579206704897,"myB2":8.211918627003662,"myB3":0.0870018303138087,"simA1":7.14630752336234,"simA2":8.22015926474705,"simA3":3.87473117792979,"simB1":5.1815532008186,"simB2":9.61756171425804,"simB3":3.13931142678484}