{"ppntid":3,"myBweight":0.49609373458688844,"simBweight":0.277374957920983,"simval1":8.33483577943992,"simval2":1.03437821899512,"simval3":6.15881733926149,"myval1":7.895657739006722,"myval2":3.4082906700093005,"myval3":6.465565123091243,"mychoice":1,"simchoice":1,"oraclechoice":1,"myA1":5.2730271225697,"myA2":2.720652125410856,"myA3":4.683872277408813,"myB1":5.2865626666721806,"myB2":1.3861060857199914,"myB3":3.5914439579973667,"simA1":5.9566758479923,"simA2":0.710090156644583,"simA3":5.26116543915123,"simB1":8.57380907516927,"simB2":1.16913244361058,"simB3":3.23623987846076}