{"ppntid":8,"myBweight":0.7820967816590602,"simBweight":0.949040221050382,"simval1":12.1324728192303,"simval2":10.9644684520229,"simval3":8.6105174002269,"myval1":9.63688750217651,"myval2":11.746396479610937,"myval3":9.714208611177131,"mychoice":2,"simchoice":2,"oraclechoice":1,"myA1":7.4066431690640915,"myA2":5.164870208321693,"myA3":2.99352941137752,"myB1":2.851621928914483,"myB2":8.415232520619591,"myB3":8.593155421945415,"simA1":4.93442194536328,"simA2":3.72630221536383,"simA3":1.86676760902628,"simB1":7.58455828763545,"simB2":7.62682768981904,"simB3":7.10586299886927}