{"ppntid":7,"myBweight":0.3241590787331184,"simBweight":0.906092151300982,"simval1":11.8067306808746,"simval2":10.6369109244339,"simval3":8.30533430052179,"myval1":11.460411225127569,"myval2":11.042049104230252,"myval3":3.8973399718589494,"mychoice":1,"simchoice":3,"oraclechoice":1,"myA1":8.987781434227639,"myA2":8.815695155519093,"myA3":1.3673156739606385,"myB1":7.62782828901009,"myB2":6.868090683784693,"myB3":7.804884897212123,"simA1":4.93442194536328,"simA2":3.72630221536383,"simA3":1.86676760902628,"simB1":7.58455828763545,"simB2":7.62682768981904,"simB3":7.10586299886927}