{"ppntid":3,"myBweight":0.32916222163162095,"simBweight":0.277374957920983,"simval1":7.03818848124541,"simval2":5.84179322489798,"simval3":3.83775605932992,"myval1":11.707531072311035,"myval2":5.148135039940066,"myval3":3.715300451738774,"mychoice":1,"simchoice":2,"oraclechoice":1,"myA1":8.977187998143886,"myA2":2.1035636806061375,"myA3":0.9718838775808214,"myB1":8.29482514923231,"myB2":9.24945561566064,"myB3":8.33454264757097,"simA1":4.93442194536328,"simA2":3.72630221536383,"simA3":1.86676760902628,"simB1":7.58455828763545,"simB2":7.62682768981904,"simB3":7.10586299886927}