{"ppntid":8,"myBweight":0.025453009189086828,"simBweight":0.949040221050382,"simval1":12.0638099184515,"simval2":17.3476121600122,"simval3":6.85406398835167,"myval1":6.502349641634752,"myval2":9.873269812004466,"myval3":3.4029106366597532,"mychoice":2,"simchoice":2,"oraclechoice":2,"myA1":6.335904944445057,"myA2":9.713004835089603,"myA3":3.309507937937479,"myB1":6.5392934860158025,"myB2":6.296504107796328,"myB3":3.669613208732936,"simA1":7.14630752336234,"simA2":8.22015926474705,"simA3":3.87473117792979,"simB1":5.1815532008186,"simB2":9.61756171425804,"simB3":3.13931142678484}