{"ppntid":1,"myBweight":0.9931388335433622,"simBweight":0.00894579570740461,"simval1":0.0269288525305181,"simval2":8.64784104081478,"simval3":7.80527189848447,"myval1":10.170147739465566,"myval2":12.185433684032535,"myval3":7.213143388058416,"mychoice":2,"simchoice":2,"oraclechoice":2,"myA1":4.266968719414077,"myA2":5.755633646233875,"myA3":6.4982459534554415,"myB1":5.943961529517359,"myB2":6.474220744000265,"myB3":0.7198363516330675,"simA1":0.0122929364442825,"simA2":8.57054706430063,"simA3":7.79470579931512,"simB1":1.63606643443927,"simB2":8.6402572831139,"simB3":1.1811245768331}