{"ppntid":0,"myBweight":0.1318914334243215,"simBweight":0.585800305008888,"simval1":11.0530051789649,"simval2":10.039160187193,"simval3":7.67842527084059,"myval1":5.078796771749294,"myval2":3.747959049993995,"myval3":3.4244165314525614,"mychoice":1,"simchoice":1,"oraclechoice":1,"myA1":3.7890340005856205,"myA2":2.8121037409898664,"myA3":3.3132190669230566,"myB1":9.778973036211116,"myB2":7.095648934175218,"myB3":0.8430984609270253,"simA1":6.32742163492367,"simA2":6.24415603699163,"simA3":7.2123027429916,"simB1":8.06688474491239,"simB2":6.47832395741716,"simB3":0.795702091418207}