{"ppntid":4,"myBweight":0.22371799396823583,"simBweight":0.813574214931577,"simval1":4.82123654976713,"simval2":4.23807620977375,"simval3":8.2307489715944,"myval1":2.515519196442672,"myval2":2.74939583897757,"myval3":3.117535121181164,"mychoice":1,"simchoice":3,"oraclechoice":3,"myA1":0.9955261785812408,"myA2":1.1903826150436303,"myA3":1.2928877826761864,"myB1":6.7942367571794176,"myB2":6.968653688872668,"myB3":8.156015106965633,"simA1":2.20709017245099,"simA2":1.57184537500143,"simA3":2.44585283799097,"simB1":3.21316276909783,"simB2":3.27718207612634,"simB3":7.11047133430839}