{"ppntid":6,"myBweight":0.5697210921551371,"simBweight":0.724405892658979,"simval1":4.5347242164579,"simval2":3.94585538226373,"simval3":7.59672017214672,"myval1":7.067424121477741,"myval2":6.398166943513193,"myval3":6.905971624970086,"mychoice":2,"simchoice":1,"oraclechoice":3,"myA1":3.7305694561826086,"myA2":4.517010381041857,"myA3":4.270941926045603,"myB1":5.856996890658377,"myB2":3.3018903255895093,"myB3":4.625122248777398,"simA1":2.20709017245099,"simA2":1.57184537500143,"simA3":2.44585283799097,"simB1":3.21316276909783,"simB2":3.27718207612634,"simB3":7.11047133430839}