{"ppntid":2,"myBweight":0.6802173282823695,"simBweight":0.293739611981437,"simval1":8.6969852297932,"simval2":8.14709640253339,"simval3":7.4460319665776,"myval1":11.239275773276,"myval2":8.84219013091734,"myval3":7.996428377277453,"mychoice":1,"simchoice":2,"oraclechoice":1,"myA1":6.876885764327376,"myA2":7.735206832517257,"myA3":7.4287322302776015,"myB1":6.4132297540319705,"myB2":1.6273964986974798,"myB3":0.8345805427117714,"simA1":6.32742163492367,"simA2":6.24415603699163,"simA3":7.2123027429916,"simB1":8.06688474491239,"simB2":6.47832395741716,"simB3":0.795702091418207}