{"ppntid":4,"myBweight":0.7439170593347466,"simBweight":0.813574214931577,"simval1":9.91493855094605,"simval2":3.63210528935328,"simval3":6.12490344680887,"myval1":15.584627622672782,"myval2":5.61646066755784,"myval3":9.859188728258511,"mychoice":1,"simchoice":1,"oraclechoice":1,"myA1":8.637234983495954,"myA2":0.46645364251616916,"myA3":9.843535983131456,"myB1":9.338934430929148,"myB2":6.922824205224039,"myB3":0.021040981559223848,"simA1":3.50641574244946,"simA2":0.692847419995815,"simA3":4.7204016125761,"simB1":7.87699842359871,"simB2":3.61277166288346,"simB3":1.72633523587137}