{"ppntid":1,"myBweight":0.47744782884411585,"simBweight":0.00894579570740461,"simval1":1.0740165263547,"simval2":3.38221946667788,"simval3":6.22079492619087,"myval1":4.02202438544069,"myval2":6.194049210946487,"myval3":13.39084278678841,"mychoice":3,"simchoice":3,"oraclechoice":3,"myA1":3.157713594530236,"myA2":4.616510247030307,"myA3":9.809743418574982,"myB1":1.8102727433129595,"myB2":3.3041075246594898,"myB3":7.500504038070801,"simA1":1.02557973470539,"simA2":3.33464161725715,"simA3":6.13869413500652,"simB1":5.41447549592704,"simB2":5.31845919322222,"simB3":9.17758395895362}