{"ppntid":5,"myBweight":0.6304156256721561,"simBweight":0.260427771368995,"simval1":2.4356595212417,"simval2":4.71971609206496,"simval3":8.52879187198865,"myval1":2.852821685283466,"myval2":7.295243281592163,"myval3":14.1600849962297,"mychoice":3,"simchoice":3,"oraclechoice":3,"myA1":1.819137342487529,"myA2":6.19227938873204,"myA3":9.799030618676435,"myB1":1.6396870583494993,"myB2":1.749582097817024,"myB3":6.917744738486553,"simA1":1.02557973470539,"simA2":3.33464161725715,"simA3":6.13869413500652,"simB1":5.41447549592704,"simB2":5.31845919322222,"simB3":9.17758395895362}