{"ppntid":7,"myBweight":0.23051697890251366,"simBweight":0.906092151300982,"simval1":11.8067306808746,"simval2":10.6369109244339,"simval3":8.30533430052179,"myval1":8.19244462447218,"myval2":5.273571044043605,"myval3":3.949675314251842,"mychoice":1,"simchoice":3,"oraclechoice":1,"myA1":7.490455955373849,"myA2":4.684471005934736,"myA3":3.2092886059098658,"myB1":3.045279668510683,"myB2":2.555560292840735,"myB3":3.21185325205519,"simA1":4.93442194536328,"simA2":3.72630221536383,"simA3":1.86676760902628,"simB1":7.58455828763545,"simB2":7.62682768981904,"simB3":7.10586299886927}