{"ppntid":1,"myBweight":0.22485416206757397,"simBweight":0.00894579570740461,"simval1":6.39958633784683,"simval2":6.30210979964107,"simval3":7.21942093134538,"myval1":8.62604561093907,"myval2":7.801974972525609,"myval3":6.508888192873475,"mychoice":1,"simchoice":1,"oraclechoice":3,"myA1":6.523191194806593,"myA2":6.599918582363166,"myA3":5.929518532709823,"myB1":9.352081352625879,"myB2":5.345937914198789,"myB3":2.5766463686339858,"simA1":6.32742163492367,"simA2":6.24415603699163,"simA3":7.2123027429916,"simB1":8.06688474491239,"simB2":6.47832395741716,"simB3":0.795702091418207}