{"ppntid":5,"myBweight":0.42650319763176214,"simBweight":0.260427771368995,"simval1":8.49572787568141,"simval2":10.7248394279951,"simval3":4.69229505644059,"myval1":9.135800773843354,"myval2":12.272258661877427,"myval3":5.469694529789532,"mychoice":2,"simchoice":2,"oraclechoice":2,"myA1":6.870573809253566,"myA2":9.516956812792326,"myA3":5.103855702615467,"myB1":5.311160566129114,"myB2":6.460213814068505,"myB3":0.8577633865477496,"simA1":7.14630752336234,"simA2":8.22015926474705,"simA3":3.87473117792979,"simB1":5.1815532008186,"simB2":9.61756171425804,"simB3":3.13931142678484}