{"ppntid":6,"myBweight":0.3339187136522432,"simBweight":0.724405892658979,"simval1":12.1675936645779,"simval2":1.55701658809488,"simval3":7.60551667716618,"myval1":9.522058600768444,"myval2":1.6701079396627607,"myval3":8.136219737420056,"mychoice":1,"simchoice":1,"oraclechoice":1,"myA1":6.324444260780371,"myA2":1.6666940713746548,"myA3":5.633160993105955,"myB1":9.576026168207514,"myB2":0.010223650692608999,"myB3":7.496012178942721,"simA1":5.9566758479923,"simA2":0.710090156644583,"simA3":5.26116543915123,"simB1":8.57380907516927,"simB2":1.16913244361058,"simB3":3.23623987846076}