{"ppntid":3,"myBweight":0.7675560918613721,"simBweight":0.277374957920983,"simval1":0.466096794852809,"simval2":10.9671380646308,"simval3":8.12232017911365,"myval1":1.3868339073231235,"myval2":15.2597676878175,"myval3":7.178266274137528,"mychoice":2,"simchoice":3,"oraclechoice":2,"myA1":0.16167973175264638,"myA2":7.912459950350279,"myA3":5.819601474041766,"myB1":1.596175430774578,"myB2":9.572339813823294,"myB3":1.7701179294934821,"simA1":0.0122929364442825,"simA2":8.57054706430063,"simA3":7.79470579931512,"simB1":1.63606643443927,"simB2":8.6402572831139,"simB3":1.1811245768331}