{"ppntid":3,"myBweight":0.6568639478217296,"simBweight":0.277374957920983,"simval1":7.03818848124541,"simval2":5.84179322489798,"simval3":3.83775605932992,"myval1":14.473275893978114,"myval2":8.141666778437616,"myval3":9.43060863269781,"mychoice":2,"simchoice":2,"oraclechoice":1,"myA1":9.352250043872397,"myA2":2.7810238775527396,"myA3":7.808253638722336,"myB1":7.796174332733425,"myB2":8.16096380180654,"myB3":2.469849349101094,"simA1":4.93442194536328,"simA2":3.72630221536383,"simA3":1.86676760902628,"simB1":7.58455828763545,"simB2":7.62682768981904,"simB3":7.10586299886927}