{"ppntid":9,"myBweight":0.7279812437731263,"simBweight":0.073144469410181,"simval1":2.4421152583252,"simval2":1.81155311912025,"simval3":2.96594449099526,"myval1":8.045452053004164,"myval2":7.22744899168468,"myval3":10.764093278460319,"mychoice":3,"simchoice":3,"oraclechoice":3,"myA1":5.223536839838657,"myA2":4.891423491007609,"myA3":5.670985774769415,"myB1":3.876357031589883,"myB2":3.2089089116766956,"myB3":6.996207041397566,"simA1":2.20709017245099,"simA2":1.57184537500143,"simA3":2.44585283799097,"simB1":3.21316276909783,"simB2":3.27718207612634,"simB3":7.11047133430839}