{"ppntid":1,"myBweight":0.1869466753001018,"simBweight":0.00894579570740461,"simval1":6.39958633784683,"simval2":6.30210979964107,"simval3":7.21942093134538,"myval1":9.365033371610492,"myval2":2.6172021098474287,"myval3":7.09008076611163,"mychoice":1,"simchoice":1,"oraclechoice":3,"myA1":8.015494525664192,"myA2":1.8024295982983163,"myA3":5.261730606383068,"myB1":7.218843789438418,"myB2":4.358315066267824,"myB3":9.780062452533844,"simA1":6.32742163492367,"simA2":6.24415603699163,"simA3":7.2123027429916,"simB1":8.06688474491239,"simB2":6.47832395741716,"simB3":0.795702091418207}