{"ppntid":3,"myBweight":0.15737841941202507,"simBweight":0.277374957920983,"simval1":3.09834106032277,"simval2":2.48085361546637,"simval3":4.41811952514312,"myval1":4.754914353301342,"myval2":4.9899945282044955,"myval3":5.30838713777768,"mychoice":3,"simchoice":3,"oraclechoice":3,"myA1":3.9155355307279516,"myA2":3.8153799162647606,"myA3":3.8419192969516236,"myB1":5.333506497964324,"myB2":7.4636320299070436,"myB3":9.318099942195794,"simA1":2.20709017245099,"simA2":1.57184537500143,"simA3":2.44585283799097,"simB1":3.21316276909783,"simB2":3.27718207612634,"simB3":7.11047133430839}