{"ppntid":8,"myBweight":0.5619511065784883,"simBweight":0.949040221050382,"simval1":5.25651087710646,"simval2":4.68202297695072,"simval3":9.1939761248754,"myval1":3.1548872715143057,"myval2":2.3016481686823393,"myval3":7.689332400732966,"mychoice":3,"simchoice":2,"oraclechoice":3,"myA1":0.9531635220105339,"myA2":0.45128698581251125,"myA3":3.384956420344003,"myB1":3.917998779127334,"myB2":3.2927440861109614,"myB3":7.659698379449256,"simA1":2.20709017245099,"simA2":1.57184537500143,"simA3":2.44585283799097,"simB1":3.21316276909783,"simB2":3.27718207612634,"simB3":7.11047133430839}