{"ppntid":3,"myBweight":0.5588814463924675,"simBweight":0.277374957920983,"simval1":0.466096794852809,"simval2":10.9671380646308,"simval3":8.12232017911365,"myval1":1.0772400640733866,"myval2":10.13083813564754,"myval3":9.34497673084335,"mychoice":2,"simchoice":3,"oraclechoice":2,"myA1":0.16167973175264638,"myA2":4.781035015137773,"myA3":8.355690662122793,"myB1":1.6382013363131032,"myB2":9.572339813823294,"myB3":1.7701179294934821,"simA1":0.0122929364442825,"simA2":8.57054706430063,"simA3":7.79470579931512,"simB1":1.63606643443927,"simB2":8.6402572831139,"simB3":1.1811245768331}