{"ppntid":4,"myBweight":0.12727517682492812,"simBweight":0.813574214931577,"simval1":4.82123654976713,"simval2":4.23807620977375,"simval3":8.2307489715944,"myval1":1.4269038347692211,"myval2":1.1765186078072056,"myval3":1.370209290172158,"mychoice":1,"simchoice":3,"oraclechoice":3,"myA1":0.6843595352223697,"myA2":0.5088979639648006,"myA3":0.3025034062480403,"myB1":5.834164352159963,"myB2":5.24548981582436,"myB3":8.38895620151279,"simA1":2.20709017245099,"simA2":1.57184537500143,"simA3":2.44585283799097,"simB1":3.21316276909783,"simB2":3.27718207612634,"simB3":7.11047133430839}