{"ppntid":1,"myBweight":0.31499823153173206,"simBweight":0.00894579570740461,"simval1":6.39958633784683,"simval2":6.30210979964107,"simval3":7.21942093134538,"myval1":10.407731319511468,"myval2":8.998280188969654,"myval3":7.312928799544077,"mychoice":1,"simchoice":1,"oraclechoice":3,"myA1":7.717973006292143,"myA2":7.517038606326452,"myA3":6.909498527608897,"myB1":8.538963219380381,"myB2":4.702380630648033,"myB3":1.2807382123176758,"simA1":6.32742163492367,"simA2":6.24415603699163,"simA3":7.2123027429916,"simB1":8.06688474491239,"simB2":6.47832395741716,"simB3":0.795702091418207}