{"ppntid":5,"myBweight":0.39974250869894884,"simBweight":0.260427771368995,"simval1":5.55780488698436,"simval2":1.63371349262561,"simval3":5.16998725068985,"myval1":10.71579254109598,"myval2":4.0538731568977155,"myval3":2.65501720367602,"mychoice":1,"simchoice":1,"oraclechoice":1,"myA1":7.678781296743473,"myA2":3.1632504916809134,"myA3":2.499236011824242,"myB1":7.597418783999572,"myB2":2.2279908837204543,"myB3":0.38970384300334393,"simA1":3.50641574244946,"simA2":0.692847419995815,"simA3":4.7204016125761,"simB1":7.87699842359871,"simB2":3.61277166288346,"simB3":1.72633523587137}