{"ppntid":7,"myBweight":0.08966808941588081,"simBweight":0.906092151300982,"simval1":5.93159348497637,"simval2":8.15365574925036,"simval3":14.4544309281202,"myval1":5.909873278875064,"myval2":5.304562703752442,"myval3":7.314090808215635,"mychoice":3,"simchoice":3,"oraclechoice":3,"myA1":5.626467891794573,"myA2":5.024089789771978,"myA3":6.938040650820345,"myB1":3.16060472489891,"myB2":3.1279010828437515,"myB3":4.193801382910792,"simA1":1.02557973470539,"simA2":3.33464161725715,"simA3":6.13869413500652,"simB1":5.41447549592704,"simB2":5.31845919322222,"simB3":9.17758395895362}