{"ppntid":6,"myBweight":0.4035093027380653,"simBweight":0.724405892658979,"simval1":12.1675936645779,"simval2":1.55701658809488,"simval3":7.60551667716618,"myval1":9.967910367817579,"myval2":2.0353979472605057,"myval3":8.657871640747178,"mychoice":1,"simchoice":1,"oraclechoice":1,"myA1":6.324444260780371,"myA2":2.0312726090980937,"myA3":5.633160993105955,"myB1":9.029447604588025,"myB2":0.010223650692608999,"myB3":7.496012178942721,"simA1":5.9566758479923,"simA2":0.710090156644583,"simA3":5.26116543915123,"simB1":8.57380907516927,"simB2":1.16913244361058,"simB3":3.23623987846076}