{"ppntid":7,"myBweight":0.29971207058405547,"simBweight":0.906092151300982,"simval1":13.7253369577563,"simval2":1.76943188763147,"simval3":8.19349699275177,"myval1":6.890043502121397,"myval2":1.4635186773261226,"myval3":2.011619542159048,"mychoice":1,"simchoice":1,"oraclechoice":1,"myA1":5.710681566126581,"myA2":1.1113253508755583,"myA3":1.2276341625443687,"myB1":3.9349831112793288,"myB2":1.1751055797126808,"myB3":2.615795146611579,"simA1":5.9566758479923,"simA2":0.710090156644583,"simA3":5.26116543915123,"simB1":8.57380907516927,"simB2":1.16913244361058,"simB3":3.23623987846076}