{"ppntid":1,"myBweight":0.3540568888549632,"simBweight":0.00894579570740461,"simval1":7.19266063974391,"simval2":8.30619600704616,"simval3":3.90281481661573,"myval1":8.525546627050831,"myval2":12.05919394662028,"myval3":5.532871859494769,"mychoice":2,"simchoice":2,"oraclechoice":2,"myA1":6.751015138799277,"myA2":9.148250791091165,"myA3":5.022899083876064,"myB1":5.01199537167734,"myB2":8.221682015405047,"myB3":1.440369589384296,"simA1":7.14630752336234,"simA2":8.22015926474705,"simA3":3.87473117792979,"simB1":5.1815532008186,"simB2":9.61756171425804,"simB3":3.13931142678484}