{"ppntid":5,"myBweight":0.6458010581989236,"simBweight":0.260427771368995,"simval1":8.1895338375819,"simval2":1.01456471336927,"simval3":6.10397217831423,"myval1":13.941293015748663,"myval2":6.561096951461077,"myval3":12.370092334728144,"mychoice":1,"simchoice":1,"oraclechoice":1,"myA1":8.732915868714086,"myA2":6.415265416573648,"myA3":8.72852397791095,"myB1":8.064987012502323,"myB2":0.225814951889578,"myB3":5.638839253334725,"simA1":5.9566758479923,"simA2":0.710090156644583,"simA3":5.26116543915123,"simB1":8.57380907516927,"simB2":1.16913244361058,"simB3":3.23623987846076}