{"ppntid":8,"myBweight":0.8664734177609961,"simBweight":0.949040221050382,"simval1":10.9820040675951,"simval2":4.12151303754329,"simval3":6.35876318643453,"myval1":13.114393701390012,"myval2":7.910320933404158,"myval3":12.446026067979247,"mychoice":1,"simchoice":1,"oraclechoice":1,"myA1":6.601408343953463,"myA2":2.3758639620975397,"myA3":9.364800809396424,"myB1":7.516659165686097,"myB2":6.387336135028687,"myB3":3.5560528406570624,"simA1":3.50641574244946,"simA2":0.692847419995815,"simA3":4.7204016125761,"simB1":7.87699842359871,"simB2":3.61277166288346,"simB3":1.72633523587137}