{"ppntid":7,"myBweight":0.47309880602153404,"simBweight":0.906092151300982,"simval1":8.50606606980271,"simval2":8.98919490567979,"simval3":10.9109193391336,"myval1":4.491826377670371,"myval2":6.165378848880517,"myval3":3.7146229640400388,"mychoice":1,"simchoice":1,"oraclechoice":3,"myA1":0.5718288251296366,"myA2":4.890938250700863,"myA3":1.9514537165353607,"myB1":8.285790415548647,"myB2":2.6938148690268404,"myB3":3.726852034000745,"simA1":1.06841044733301,"simA2":5.48331617377698,"simA3":5.79234702978283,"simB1":8.20849801180884,"simB2":3.86922977631912,"simB3":5.64906373154372}