{"ppntid":0,"myBweight":0.48561808492018893,"simBweight":0.585800305008888,"simval1":6.37909016509451,"simval2":10.1915798021845,"simval3":2.10583675333939,"myval1":7.862047555177663,"myval2":8.976314918548114,"myval3":3.317695917843843,"mychoice":2,"simchoice":1,"oraclechoice":2,"myA1":4.18709215707886,"myA2":5.929737941845703,"myA3":1.4447985881574654,"myB1":7.567583482198321,"myB2":6.273606917261154,"myB3":3.8567289560358686,"simA1":2.85226068925112,"simA2":7.94943025801331,"simA3":1.36154596460983,"simB1":6.02053198963404,"simB2":3.8274980825372,"simB3":1.27055377466604}