{"ppntid":8,"myBweight":0.17817890485407567,"simBweight":0.949040221050382,"simval1":5.25651087710646,"simval2":4.68202297695072,"simval3":9.1939761248754,"myval1":1.550082591593241,"myval2":2.347561563602356,"myval3":1.7583551402170625,"mychoice":1,"simchoice":2,"oraclechoice":3,"myA1":0.786571413007151,"myA2":1.6099394729000394,"myA3":0.7048486652556551,"myB1":4.28508177896473,"myB2":4.139783501904515,"myB3":5.912633012444455,"simA1":2.20709017245099,"simA2":1.57184537500143,"simA3":2.44585283799097,"simB1":3.21316276909783,"simB2":3.27718207612634,"simB3":7.11047133430839}