{"ppntid":0,"myBweight":0.695689833423031,"simBweight":0.585800305008888,"simval1":10.1816629688217,"simval2":13.8541298504012,"simval3":5.71374076925824,"myval1":11.796900472855548,"myval2":13.492778119068559,"myval3":3.5076763679458764,"mychoice":2,"simchoice":2,"oraclechoice":2,"myA1":9.37430571212149,"myA2":6.637446315405626,"myA3":1.8092275119303114,"myB1":3.4822914528074467,"myB2":9.854006015773386,"myB3":2.441388064647456,"simA1":7.14630752336234,"simA2":8.22015926474705,"simA3":3.87473117792979,"simB1":5.1815532008186,"simB2":9.61756171425804,"simB3":3.13931142678484}