{"ppntid":9,"myBweight":0.169278357129668,"simBweight":0.073144469410181,"simval1":4.08257461268842,"simval2":0.957101686377563,"simval3":4.84667348742801,"myval1":7.237450805603542,"myval2":3.7847675880119827,"myval3":4.8200172025335535,"mychoice":1,"simchoice":3,"oraclechoice":3,"myA1":5.750962180828871,"myA2":2.4503870224882585,"myA3":4.2799613672462105,"myB1":8.781327099222814,"myB2":7.882759427429833,"myB3":3.190341898661373,"simA1":3.50641574244946,"simA2":0.692847419995815,"simA3":4.7204016125761,"simB1":7.87699842359871,"simB2":3.61277166288346,"simB3":1.72633523587137}