{"ppntid":1,"myBweight":0.562868320689384,"simBweight":0.00894579570740461,"simval1":6.39958633784683,"simval2":6.30210979964107,"simval3":7.21942093134538,"myval1":10.855491377101874,"myval2":3.0266009809493344,"myval3":7.884228590680564,"mychoice":1,"simchoice":1,"oraclechoice":3,"myA1":6.906214882917025,"myA2":1.315327515663205,"myA3":6.909498527608897,"myB1":7.016341742857186,"myB2":3.0402731906997604,"myB3":1.7317195287840104,"simA1":6.32742163492367,"simA2":6.24415603699163,"simA3":7.2123027429916,"simB1":8.06688474491239,"simB2":6.47832395741716,"simB3":0.795702091418207}