{"ppntid":0,"myBweight":0.24515056679907457,"simBweight":0.585800305008888,"simval1":9.37745850361782,"simval2":8.19410020231006,"simval3":6.02938432111528,"myval1":5.296195181424551,"myval2":4.753278443084001,"myval3":3.3892803474717317,"mychoice":2,"simchoice":1,"oraclechoice":1,"myA1":4.417266666642794,"myA2":3.8923529075130747,"myA3":2.501824150315881,"myB1":3.585259974137147,"myB2":3.511823557301994,"myB3":3.6200454632569135,"simA1":4.93442194536328,"simA2":3.72630221536383,"simA3":1.86676760902628,"simB1":7.58455828763545,"simB2":7.62682768981904,"simB3":7.10586299886927}