{"ppntid":2,"myBweight":0.5659471076911281,"simBweight":0.293739611981437,"simval1":8.47514319893544,"simval2":1.05351066698566,"simval3":6.21177728532914,"myval1":11.062916554107684,"myval2":4.045926401785803,"myval3":9.289463240593175,"mychoice":1,"simchoice":1,"oraclechoice":1,"myA1":5.706580630522533,"myA2":2.4226966122272775,"myA3":4.857025632856384,"myB1":9.46437547041663,"myB2":2.8681651827513566,"myB3":7.831893736182572,"simA1":5.9566758479923,"simA2":0.710090156644583,"simA3":5.26116543915123,"simB1":8.57380907516927,"simB2":1.16913244361058,"simB3":3.23623987846076}