{"ppntid":4,"myBweight":0.6520625783699157,"simBweight":0.813574214931577,"simval1":5.43065738557049,"simval2":7.66160288002855,"simval3":13.6053397993808,"myval1":5.988065979846543,"myval2":8.635096059551566,"myval3":11.58218706698699,"mychoice":3,"simchoice":3,"oraclechoice":3,"myA1":2.271117192776071,"myA2":4.570954107301748,"myA3":6.184464143669102,"myB1":5.700294588845189,"myB2":6.23274833898569,"myB3":8.277921632631637,"simA1":1.02557973470539,"simA2":3.33464161725715,"simA3":6.13869413500652,"simB1":5.41447549592704,"simB2":5.31845919322222,"simB3":9.17758395895362}