{"ppntid":5,"myBweight":0.7142317616195528,"simBweight":0.260427771368995,"simval1":8.42826245093175,"simval2":7.93129150742815,"simval3":7.41952566533329,"myval1":7.232198526353036,"myval2":3.6252331133902347,"myval3":1.433780365481381,"mychoice":1,"simchoice":3,"oraclechoice":1,"myA1":0.44613752343977797,"myA2":1.2557666977276716,"myA3":0.9392106439797265,"myB1":9.50120306541053,"myB2":3.31750356535488,"myB3":0.6924499134289341,"simA1":6.32742163492367,"simA2":6.24415603699163,"simA3":7.2123027429916,"simB1":8.06688474491239,"simB2":6.47832395741716,"simB3":0.795702091418207}