{"ppntid":6,"myBweight":0.8264993493423024,"simBweight":0.724405892658979,"simval1":9.21255981696985,"simval2":3.30996050141997,"simval3":5.97096903014615,"myval1":8.830837241291068,"myval2":5.46818201083229,"myval3":11.538424509828438,"mychoice":2,"simchoice":2,"oraclechoice":1,"myA1":3.7078254519410203,"myA2":1.7767835417095301,"myA3":7.873728658780193,"myB1":6.198446246118343,"myB2":4.466305354094033,"myB3":4.433997260813907,"simA1":3.50641574244946,"simA2":0.692847419995815,"simA3":4.7204016125761,"simB1":7.87699842359871,"simB2":3.61277166288346,"simB3":1.72633523587137}