{"ppntid":6,"myBweight":0.5392227553500889,"simBweight":0.724405892658979,"simval1":10.4287206621419,"simval2":9.25122113616341,"simval3":7.01429663783458,"myval1":13.482687290822632,"myval2":12.176516836744472,"myval3":8.748693284383705,"mychoice":2,"simchoice":1,"oraclechoice":1,"myA1":9.554493531481729,"myA2":7.997082027074751,"myA3":4.518954774315278,"myB1":7.284918376247926,"myB2":7.750850215800396,"myB3":7.844139491706505,"simA1":4.93442194536328,"simA2":3.72630221536383,"simA3":1.86676760902628,"simB1":7.58455828763545,"simB2":7.62682768981904,"simB3":7.10586299886927}