{"ppntid":0,"myBweight":0.3769173323243642,"simBweight":0.585800305008888,"simval1":4.0893619026317,"simval2":3.4916196347659,"simval3":6.61116911438578,"myval1":6.7435997517038615,"myval2":6.162621787353521,"myval3":8.631931984659786,"mychoice":1,"simchoice":2,"oraclechoice":3,"myA1":5.34484577386622,"myA2":5.061390524537936,"myA3":5.5479505617191,"myB1":3.7110365002634427,"myB2":2.9216784912079796,"myB3":8.182116232019549,"simA1":2.20709017245099,"simA2":1.57184537500143,"simA3":2.44585283799097,"simB1":3.21316276909783,"simB2":3.27718207612634,"simB3":7.11047133430839}