{"ppntid":6,"myBweight":0.7688338584618878,"simBweight":0.724405892658979,"simval1":4.5347242164579,"simval2":3.94585538226373,"simval3":7.59672017214672,"myval1":6.739477272636788,"myval2":5.807484720319153,"myval3":7.639057777000992,"mychoice":2,"simchoice":1,"oraclechoice":3,"myA1":4.735576436988502,"myA2":4.540435095744795,"myA3":4.784901449368048,"myB1":2.6064159552718524,"myB2":1.6480148612460832,"myB3":3.712318722985102,"simA1":2.20709017245099,"simA2":1.57184537500143,"simA3":2.44585283799097,"simB1":3.21316276909783,"simB2":3.27718207612634,"simB3":7.11047133430839}