{"ppntid":1,"myBweight":0.19297254207892608,"simBweight":0.00894579570740461,"simval1":5.00227185433537,"simval2":3.79453025777253,"simval3":1.93033520773897,"myval1":7.30928495643147,"myval2":5.2684449293095375,"myval3":3.570548234785624,"mychoice":2,"simchoice":3,"oraclechoice":1,"myA1":6.418686559147044,"myA2":4.290668994664797,"myA3":2.6832941256686804,"myB1":4.615156061530088,"myB2":5.066917417944509,"myB3":4.597825677987157,"simA1":4.93442194536328,"simA2":3.72630221536383,"simA3":1.86676760902628,"simB1":7.58455828763545,"simB2":7.62682768981904,"simB3":7.10586299886927}