{"ppntid":2,"myBweight":0.8022302773408037,"simBweight":0.293739611981437,"simval1":2.61602566596199,"simval2":4.89688375701335,"simval3":8.83451408603661,"myval1":8.413634923423746,"myval2":7.377007270053389,"myval3":12.853647172450824,"mychoice":1,"simchoice":3,"oraclechoice":3,"myA1":0.5748246721069572,"myA2":2.56686332571495,"myA3":6.465195262145967,"myB1":9.771272005963823,"myB2":5.995964101832314,"myB3":7.963364249328766,"simA1":1.02557973470539,"simA2":3.33464161725715,"simA3":6.13869413500652,"simB1":5.41447549592704,"simB2":5.31845919322222,"simB3":9.17758395895362}