{"ppntid":4,"myBweight":0.3326488565902497,"simBweight":0.813574214931577,"simval1":4.82123654976713,"simval2":4.23807620977375,"simval3":8.2307489715944,"myval1":2.0866273799393302,"myval2":1.8066574150905697,"myval3":9.494524178516217,"mychoice":3,"simchoice":3,"oraclechoice":3,"myA1":0.05575556976145313,"myA2":0.029550763480612474,"myA3":6.905405610118109,"myB1":6.1051519340692195,"myB2":5.342289974557051,"myB3":7.783338247235685,"simA1":2.20709017245099,"simA2":1.57184537500143,"simA3":2.44585283799097,"simB1":3.21316276909783,"simB2":3.27718207612634,"simB3":7.11047133430839}