{"ppntid":8,"myBweight":0.838721044091988,"simBweight":0.949040221050382,"simval1":10.9820040675951,"simval2":4.12151303754329,"simval3":6.35876318643453,"myval1":13.27318785741512,"myval2":5.891486559403495,"myval3":5.262456326117299,"mychoice":1,"simchoice":1,"oraclechoice":1,"myA1":6.107489169981184,"myA2":2.469503360179157,"myA3":4.929467125768367,"myB1":8.543601878013721,"myB2":4.080001596870659,"myB3":0.3970202043868243,"simA1":3.50641574244946,"simA2":0.692847419995815,"simA3":4.7204016125761,"simB1":7.87699842359871,"simB2":3.61277166288346,"simB3":1.72633523587137}