{"ppntid":1,"myBweight":0.9729988090188985,"simBweight":0.00894579570740461,"simval1":2.90611913848029,"simval2":7.98367027393017,"simval3":1.37291207911327,"myval1":9.149182084566235,"myval2":15.310815854962188,"myval3":8.735021596032912,"mychoice":2,"simchoice":2,"oraclechoice":2,"myA1":2.2537453663996043,"myA2":7.172749056131844,"myA3":3.12663319645176,"myB1":7.086788446451944,"myB2":8.363902117245324,"myB3":5.764023909994551,"simA1":2.85226068925112,"simA2":7.94943025801331,"simA3":1.36154596460983,"simB1":6.02053198963404,"simB2":3.8274980825372,"simB3":1.27055377466604}