{"ppntid":0,"myBweight":0.4791324216527553,"simBweight":0.585800305008888,"simval1":5.87695108631548,"simval2":7.7499121568942,"simval3":9.10157028673579,"myval1":6.923375890824599,"myval2":9.19364004713044,"myval3":7.844068268378473,"mychoice":1,"simchoice":3,"oraclechoice":3,"myA1":4.609827266924453,"myA2":7.851163338727409,"myA3":5.688239537649564,"myB1":4.828620480157902,"myB2":2.801890767007982,"myB3":4.499442394844482,"simA1":1.06841044733301,"simA2":5.48331617377698,"simA3":5.79234702978283,"simB1":8.20849801180884,"simB2":3.86922977631912,"simB3":5.64906373154372}