{"ppntid":4,"myBweight":0.7823375498652791,"simBweight":0.813574214931577,"simval1":11.3618856008445,"simval2":16.0447594859805,"simval3":6.428794007402,"myval1":10.890666009174474,"myval2":14.391486327539088,"myval3":8.243566178340302,"mychoice":2,"simchoice":2,"oraclechoice":2,"myA1":6.222246219545533,"myA2":7.289759584671806,"myA3":6.238303983648644,"myB1":5.967270509299798,"myB2":9.077573668923627,"myB3":2.5631675164217427,"simA1":7.14630752336234,"simA2":8.22015926474705,"simA3":3.87473117792979,"simB1":5.1815532008186,"simB2":9.61756171425804,"simB3":3.13931142678484}