{"ppntid":6,"myBweight":0.0909590066644412,"simBweight":0.724405892658979,"simval1":4.94785768961258,"simval2":7.18736479669364,"simval3":12.786990035245,"myval1":1.8311332913851452,"myval2":4.474475672284592,"myval3":8.233935158345286,"mychoice":3,"simchoice":3,"oraclechoice":3,"myA1":1.2843000627843337,"myA2":3.8840134440213325,"myA3":7.506203323477337,"myB1":6.011864560242457,"myB2":6.491520190425415,"myB3":8.000657236205765,"simA1":1.02557973470539,"simA2":3.33464161725715,"simA3":6.13869413500652,"simB1":5.41447549592704,"simB2":5.31845919322222,"simB3":9.17758395895362}