{"ppntid":7,"myBweight":0.8570993968822326,"simBweight":0.906092151300982,"simval1":5.11851173838307,"simval2":4.54127433256376,"simval3":8.88859510605842,"myval1":8.585730755027843,"myval2":8.84767224134328,"myval3":12.820899088053423,"mychoice":3,"simchoice":1,"oraclechoice":3,"myA1":8.04225532867276,"myA2":8.12583596885239,"myA3":8.31901890476938,"myB1":0.6340868145888545,"myB2":0.8421850197498992,"myB3":5.252459865985195,"simA1":2.20709017245099,"simA2":1.57184537500143,"simA3":2.44585283799097,"simB1":3.21316276909783,"simB2":3.27718207612634,"simB3":7.11047133430839}