{"ppntid":1,"myBweight":0.5898174797041308,"simBweight":0.00894579570740461,"simval1":1.0740165263547,"simval2":3.38221946667788,"simval3":6.22079492619087,"myval1":4.663565411745281,"myval2":7.766418828689628,"myval3":12.153613543963054,"mychoice":3,"simchoice":3,"oraclechoice":3,"myA1":2.9780657859237025,"myA2":5.987221878573601,"myA3":6.432942142838338,"myB1":2.857663063270137,"myB2":3.0165212312943357,"myB3":9.6990536869039,"simA1":1.02557973470539,"simA2":3.33464161725715,"simA3":6.13869413500652,"simB1":5.41447549592704,"simB2":5.31845919322222,"simB3":9.17758395895362}