{"ppntid":5,"myBweight":0.8541852064365317,"simBweight":0.260427771368995,"simval1":8.49572787568141,"simval2":10.7248394279951,"simval3":4.69229505644059,"myval1":15.481227498511402,"myval2":9.037319458794956,"myval3":9.11172466828096,"mychoice":2,"simchoice":2,"oraclechoice":2,"myA1":7.854131693142881,"myA2":3.8202956870649163,"myA3":7.8053380119382805,"myB1":8.929089087350325,"myB2":6.107602581288298,"myB3":1.5293950849285132,"simA1":7.14630752336234,"simA2":8.22015926474705,"simA3":3.87473117792979,"simB1":5.1815532008186,"simB2":9.61756171425804,"simB3":3.13931142678484}