{"ppntid":0,"myBweight":0.12754033366580353,"simBweight":0.585800305008888,"simval1":0.970701152753612,"simval2":13.632012416104,"simval3":8.48660893667745,"myval1":1.3276764998560016,"myval2":10.401714188971795,"myval3":10.063971647619622,"mychoice":2,"simchoice":2,"oraclechoice":2,"myA1":0.5658857356960478,"myA2":9.622680402491486,"myA3":9.26730375466445,"myB1":5.972940028180334,"myB2":6.108136650493849,"myB3":6.246399629490513,"simA1":0.0122929364442825,"simA2":8.57054706430063,"simA3":7.79470579931512,"simB1":1.63606643443927,"simB2":8.6402572831139,"simB3":1.1811245768331}