{"ppntid":8,"myBweight":0.22419940345913028,"simBweight":0.949040221050382,"simval1":6.16413475623186,"simval2":8.3820733056402,"simval3":14.8485904441203,"myval1":5.155962528116595,"myval2":8.92869696439411,"myval3":7.926811732192968,"mychoice":3,"simchoice":3,"oraclechoice":3,"myA1":4.581305776668891,"myA2":7.908457476816584,"myA3":7.35505906008624,"myB1":2.5631502251185,"myB2":4.550589661865477,"myB3":2.550197115983648,"simA1":1.02557973470539,"simA2":3.33464161725715,"simA3":6.13869413500652,"simB1":5.41447549592704,"simB2":5.31845919322222,"simB3":9.17758395895362}