{"ppntid":8,"myBweight":0.5112822305140556,"simBweight":0.949040221050382,"simval1":8.85860521495169,"simval2":9.1553708559896,"simval3":11.1535357222948,"myval1":3.317114721348992,"myval2":9.682912970957366,"myval3":10.004004753690309,"mychoice":2,"simchoice":1,"oraclechoice":3,"myA1":0.15292270251296314,"myA2":8.716822210674419,"myA3":8.242827550537193,"myB1":6.188738489218906,"myB2":1.8895449570223,"myB3":3.444628226923485,"simA1":1.06841044733301,"simA2":5.48331617377698,"simA3":5.79234702978283,"simB1":8.20849801180884,"simB2":3.86922977631912,"simB3":5.64906373154372}