{"ppntid":8,"myBweight":0.5680045006977007,"simBweight":0.949040221050382,"simval1":6.16413475623186,"simval2":8.3820733056402,"simval3":14.8485904441203,"myval1":3.1825836088524575,"myval2":5.471695041103158,"myval3":14.57108716133899,"mychoice":3,"simchoice":3,"oraclechoice":3,"myA1":0.3122640732725612,"myA2":2.4080326540095154,"myA3":9.945576051215115,"myB1":5.0533394225823525,"myB2":5.393729069629614,"myB3":8.143440948869582,"simA1":1.02557973470539,"simA2":3.33464161725715,"simA3":6.13869413500652,"simB1":5.41447549592704,"simB2":5.31845919322222,"simB3":9.17758395895362}