{"ppntid":6,"myBweight":0.7750646859641943,"simBweight":0.724405892658979,"simval1":10.4287206621419,"simval2":9.25122113616341,"simval3":7.01429663783458,"myval1":14.248758018189516,"myval2":7.7079177910845535,"myval3":5.835306819799184,"mychoice":1,"simchoice":1,"oraclechoice":1,"myA1":9.77465561510413,"myA2":7.2187462708118915,"myA3":0.6862467515649517,"myB1":5.772553548249359,"myB2":0.6311363801385483,"myB3":6.643393979211824,"simA1":4.93442194536328,"simA2":3.72630221536383,"simA3":1.86676760902628,"simB1":7.58455828763545,"simB2":7.62682768981904,"simB3":7.10586299886927}