{"ppntid":3,"myBweight":0.42257585368933803,"simBweight":0.277374957920983,"simval1":3.34524223795296,"simval2":6.55654362017012,"simval3":7.35925584461272,"myval1":4.18958552602888,"myval2":8.712448256150617,"myval3":9.510671096290032,"mychoice":2,"simchoice":3,"oraclechoice":3,"myA1":0.3448064200412637,"myA2":8.007629366088755,"myA3":8.31951640468348,"myB1":9.098435399042355,"myB2":1.667910941688635,"myB3":2.8187949718543215,"simA1":1.06841044733301,"simA2":5.48331617377698,"simA3":5.79234702978283,"simB1":8.20849801180884,"simB2":3.86922977631912,"simB3":5.64906373154372}