{"ppntid":1,"myBweight":0.44314824889263743,"simBweight":0.00894579570740461,"simval1":5.00227185433537,"simval2":3.79453025777253,"simval3":1.93033520773897,"myval1":12.675938574983132,"myval2":9.03746406317599,"myval3":1.9608266940421897,"mychoice":2,"simchoice":3,"oraclechoice":1,"myA1":9.541873347248924,"myA2":7.4909632969377515,"myA3":0.8392599971507875,"myB1":7.072272621105416,"myB2":3.4898045295287017,"myB3":2.530906304366616,"simA1":4.93442194536328,"simA2":3.72630221536383,"simA3":1.86676760902628,"simB1":7.58455828763545,"simB2":7.62682768981904,"simB3":7.10586299886927}