{"ppntid":0,"myBweight":0.15190193783258224,"simBweight":0.585800305008888,"simval1":8.12076382154812,"simval2":2.80921016204041,"simval3":5.73168932029714,"myval1":4.11637055810166,"myval2":1.980646303648507,"myval3":6.626393189060934,"mychoice":3,"simchoice":1,"oraclechoice":1,"myA1":3.0697203340140278,"myA2":1.715747319568277,"myA3":6.574283015391591,"myB1":6.890301987070046,"myB2":1.7438815321249335,"myB3":0.34305140811814683,"simA1":3.50641574244946,"simA2":0.692847419995815,"simA3":4.7204016125761,"simB1":7.87699842359871,"simB2":3.61277166288346,"simB3":1.72633523587137}