{"ppntid":1,"myBweight":0.3976505972477323,"simBweight":0.00894579570740461,"simval1":2.90611913848029,"simval2":7.98367027393017,"simval3":1.37291207911327,"myval1":5.875857701700919,"myval2":8.92807600191918,"myval3":1.3559777766261392,"mychoice":1,"simchoice":2,"oraclechoice":2,"myA1":5.145462879424754,"myA2":8.03511538964015,"myA3":1.2452965024302265,"myB1":1.836775368455279,"myB2":2.2455910250342814,"myB3":0.2783380056813023,"simA1":2.85226068925112,"simA2":7.94943025801331,"simA3":1.36154596460983,"simB1":6.02053198963404,"simB2":3.8274980825372,"simB3":1.27055377466604}