{"ppntid":3,"myBweight":0.6602016085416669,"simBweight":0.277374957920983,"simval1":7.03818848124541,"simval2":5.84179322489798,"simval3":3.83775605932992,"myval1":10.883745012591618,"myval2":10.832115339760563,"myval3":4.787596776186694,"mychoice":2,"simchoice":2,"oraclechoice":1,"myA1":7.478428600189755,"myA2":7.265005294521267,"myA3":1.6910559154362081,"myB1":5.157994722133347,"myB2":5.4030617300657,"myB3":4.6902958440081655,"simA1":4.93442194536328,"simA2":3.72630221536383,"simA3":1.86676760902628,"simB1":7.58455828763545,"simB2":7.62682768981904,"simB3":7.10586299886927}