{"ppntid":1,"myBweight":0.6998919659999393,"simBweight":0.00894579570740461,"simval1":7.19266063974391,"simval2":8.30619600704616,"simval3":3.90281481661573,"myval1":9.667531529583886,"myval2":15.567390914196114,"myval3":6.871906180260783,"mychoice":2,"simchoice":2,"oraclechoice":2,"myA1":6.126779511322273,"myA2":8.903169538991955,"myA3":4.444060595685975,"myB1":5.058997945779991,"myB2":9.521785788300845,"myB3":3.4688862031815626,"simA1":7.14630752336234,"simA2":8.22015926474705,"simA3":3.87473117792979,"simB1":5.1815532008186,"simB2":9.61756171425804,"simB3":3.13931142678484}