{"ppntid":0,"myBweight":0.8752354074929234,"simBweight":0.585800305008888,"simval1":6.37909016509451,"simval2":10.1915798021845,"simval3":2.10583675333939,"myval1":10.235187835631542,"myval2":10.826311790503164,"myval3":4.903967761854877,"mychoice":1,"simchoice":1,"oraclechoice":2,"myA1":4.6785201878773375,"myA2":6.503356836319492,"myA3":2.754028385651288,"myB1":6.348769257028866,"myB2":4.939191121810991,"myB3":2.4564127065677144,"simA1":2.85226068925112,"simA2":7.94943025801331,"simA3":1.36154596460983,"simB1":6.02053198963404,"simB2":3.8274980825372,"simB3":1.27055377466604}