{"ppntid":2,"myBweight":0.4098796461706078,"simBweight":0.293739611981437,"simval1":8.6969852297932,"simval2":8.14709640253339,"simval3":7.4460319665776,"myval1":9.524404514868609,"myval2":12.323327619109332,"myval3":7.270897810756556,"mychoice":2,"simchoice":2,"oraclechoice":1,"myA1":8.20309299047212,"myA2":9.538523833253809,"myA3":6.679608307138345,"myB1":3.223657326586322,"myB2":6.794198765108672,"myB3":1.44259298831368,"simA1":6.32742163492367,"simA2":6.24415603699163,"simA3":7.2123027429916,"simB1":8.06688474491239,"simB2":6.47832395741716,"simB3":0.795702091418207}