{"ppntid":5,"myBweight":0.7067271671612801,"simBweight":0.260427771368995,"simval1":8.42826245093175,"simval2":7.93129150742815,"simval3":7.41952566533329,"myval1":6.501392439172645,"myval2":5.84747050189404,"myval3":4.250783288977926,"mychoice":2,"simchoice":3,"oraclechoice":1,"myA1":0.44613752343977797,"myA2":1.0300849068527507,"myA3":1.253209278465084,"myB1":8.56802341426195,"myB2":6.816471502562074,"myB3":4.241486884610981,"simA1":6.32742163492367,"simA2":6.24415603699163,"simA3":7.2123027429916,"simB1":8.06688474491239,"simB2":6.47832395741716,"simB3":0.795702091418207}