{"ppntid":9,"myBweight":0.42958562006139267,"simBweight":0.073144469410181,"simval1":1.66881667906129,"simval2":5.76632893279192,"simval3":6.20554479909089,"myval1":4.7382943602043355,"myval2":4.109458998413926,"myval3":7.501422410958007,"mychoice":3,"simchoice":2,"oraclechoice":3,"myA1":0.6849322219533205,"myA2":2.6429797930011167,"myA3":4.976998010810389,"myB1":9.435516341705627,"myB2":3.413706457872665,"myB3":5.876417371202624,"simA1":1.06841044733301,"simA2":5.48331617377698,"simA3":5.79234702978283,"simB1":8.20849801180884,"simB2":3.86922977631912,"simB3":5.64906373154372}