{"ppntid":2,"myBweight":0.8619671645578701,"simBweight":0.293739611981437,"simval1":3.15092335747899,"simval2":2.5344835664353,"simval3":4.53447992873584,"myval1":10.164540145704684,"myval2":8.97833457178702,"myval3":11.079832056914675,"mychoice":3,"simchoice":1,"oraclechoice":3,"myA1":7.876447873543242,"myA2":7.018828041783738,"myA3":6.169944195424593,"myB1":2.6545005033168234,"myB2":2.273296026314846,"myB3":5.696142571751577,"simA1":2.20709017245099,"simA2":1.57184537500143,"simA3":2.44585283799097,"simB1":3.21316276909783,"simB2":3.27718207612634,"simB3":7.11047133430839}