{"ppntid":8,"myBweight":0.19722755138808415,"simBweight":0.949040221050382,"simval1":12.0638099184515,"simval2":17.3476121600122,"simval3":6.85406398835167,"myval1":9.107923872326682,"myval2":10.126334723044655,"myval3":2.029552425315054,"mychoice":1,"simchoice":2,"oraclechoice":2,"myA1":7.621882430818334,"myA2":9.432722373146454,"myA3":1.9449922854267365,"myB1":7.5346544184603665,"myB2":3.516812661398312,"myB3":0.42874405372466784,"simA1":7.14630752336234,"simA2":8.22015926474705,"simA3":3.87473117792979,"simB1":5.1815532008186,"simB2":9.61756171425804,"simB3":3.13931142678484}