{"ppntid":0,"myBweight":0.39215600567178627,"simBweight":0.585800305008888,"simval1":4.1973811316826,"simval2":6.45019663482405,"simval3":11.5149256174062,"myval1":8.692580874759615,"myval2":7.908712681704351,"myval3":11.869231769038475,"mychoice":3,"simchoice":3,"oraclechoice":3,"myA1":8.306606118562975,"myA2":7.221130270854559,"myA3":9.109140549766206,"myB1":0.984237779389463,"myB2":1.7533389796540866,"myB3":7.0382479914952985,"simA1":1.02557973470539,"simA2":3.33464161725715,"simA3":6.13869413500652,"simB1":5.41447549592704,"simB2":5.31845919322222,"simB3":9.17758395895362}