{"ppntid":9,"myBweight":0.3154472854730948,"simBweight":0.073144469410181,"simval1":3.29262930719993,"simval2":8.22939057442898,"simval3":1.45447994631488,"myval1":5.5335401147011805,"myval2":7.208066405231003,"myval3":0.5357585291477979,"mychoice":1,"simchoice":2,"oraclechoice":2,"myA1":3.6643437722111893,"myA2":5.856490730353368,"myA3":0.02173284796430197,"myB1":5.925542645537898,"myB2":4.28463244770231,"myB3":1.6295137249717695,"simA1":2.85226068925112,"simA2":7.94943025801331,"simA3":1.36154596460983,"simB1":6.02053198963404,"simB2":3.8274980825372,"simB3":1.27055377466604}