{"ppntid":7,"myBweight":0.7218831392816338,"simBweight":0.906092151300982,"simval1":8.50606606980271,"simval2":8.98919490567979,"simval3":10.9109193391336,"myval1":6.389604865017599,"myval2":7.534285799657066,"myval3":8.966822170993389,"mychoice":1,"simchoice":1,"oraclechoice":3,"myA1":0.03830128237155783,"myA2":6.449329387961155,"myA3":6.793915780251671,"myB1":8.798243423397313,"myB2":1.5029529748756576,"myB3":3.010052836119761,"simA1":1.06841044733301,"simA2":5.48331617377698,"simA3":5.79234702978283,"simB1":8.20849801180884,"simB2":3.86922977631912,"simB3":5.64906373154372}