{"ppntid":9,"myBweight":0.21454742034369986,"simBweight":0.073144469410181,"simval1":4.08257461268842,"simval2":0.957101686377563,"simval3":4.84667348742801,"myval1":7.070331063957515,"myval2":1.4585402393268703,"myval3":6.948273598159996,"mychoice":3,"simchoice":3,"oraclechoice":3,"myA1":5.099491477023339,"myA2":1.3167181982811593,"myA3":6.941757128925527,"myB1":9.18603255064516,"myB2":0.6610288803217279,"myB3":0.030373095253393156,"simA1":3.50641574244946,"simA2":0.692847419995815,"simA3":4.7204016125761,"simB1":7.87699842359871,"simB2":3.61277166288346,"simB3":1.72633523587137}