{"ppntid":9,"myBweight":0.62125510680602,"simBweight":0.073144469410181,"simval1":4.08257461268842,"simval2":0.957101686377563,"simval3":4.84667348742801,"myval1":10.433108649850386,"myval2":5.040210826109165,"myval3":7.654971829272217,"mychoice":1,"simchoice":3,"oraclechoice":3,"myA1":5.153423918047741,"myA2":2.034831520675755,"myA3":5.761337956499277,"myB1":8.49841663104617,"myB2":4.837592918768241,"myB3":3.0480777574746054,"simA1":3.50641574244946,"simA2":0.692847419995815,"simA3":4.7204016125761,"simB1":7.87699842359871,"simB2":3.61277166288346,"simB3":1.72633523587137}