{"ppntid":5,"myBweight":0.5349466934981061,"simBweight":0.260427771368995,"simval1":3.04388699145297,"simval2":2.42531459945743,"simval3":4.29761704096803,"myval1":5.4770613972445545,"myval2":4.583083159352789,"myval3":7.943972841865093,"mychoice":3,"simchoice":1,"oraclechoice":3,"myA1":2.6929480595604582,"myA2":2.1831347743321317,"myA3":3.1855431981198423,"myB1":5.204468728422851,"myB2":4.4863318423878695,"myB3":8.89514731389231,"simA1":2.20709017245099,"simA2":1.57184537500143,"simA3":2.44585283799097,"simB1":3.21316276909783,"simB2":3.27718207612634,"simB3":7.11047133430839}