{"ppntid":1,"myBweight":0.7283022485284798,"simBweight":0.00894579570740461,"simval1":5.00227185433537,"simval2":3.79453025777253,"simval3":1.93033520773897,"myval1":15.299932425080673,"myval2":13.346554764689746,"myval3":10.01617401181058,"mychoice":1,"simchoice":3,"oraclechoice":1,"myA1":9.8006963658604,"myA2":7.700784443069406,"myA3":4.189088380444945,"myB1":7.5507607869279125,"myB2":7.751960580964163,"myB3":8.000916711625077,"simA1":4.93442194536328,"simA2":3.72630221536383,"simA3":1.86676760902628,"simB1":7.58455828763545,"simB2":7.62682768981904,"simB3":7.10586299886927}