{"ppntid":6,"myBweight":0.11449006787668521,"simBweight":0.724405892658979,"simval1":10.8998551951613,"simval2":15.187177643567,"simval3":6.1488668743844,"myval1":7.154021980515026,"myval2":10.821623792881642,"myval3":1.1180966292691807,"mychoice":2,"simchoice":2,"oraclechoice":2,"myA1":6.450169832699732,"myA2":9.936361776094646,"myA3":0.9109666884388501,"myB1":6.147713604060381,"myB2":7.732216717178398,"myB3":1.8091520484853407,"simA1":7.14630752336234,"simA2":8.22015926474705,"simA3":3.87473117792979,"simB1":5.1815532008186,"simB2":9.61756171425804,"simB3":3.13931142678484}