{"ppntid":3,"myBweight":0.7600628331922207,"simBweight":0.277374957920983,"simval1":5.69129784873881,"simval2":1.69493980796624,"simval3":5.19924377598343,"myval1":12.230401498941392,"myval2":4.0895710045488665,"myval3":14.675707466357872,"mychoice":1,"simchoice":1,"oraclechoice":1,"myA1":6.615645835476396,"myA2":1.9276606192751689,"myA3":7.760068267795599,"myB1":7.387225658546335,"myB2":2.844383767844294,"myB3":9.098773017905614,"simA1":3.50641574244946,"simA2":0.692847419995815,"simA3":4.7204016125761,"simB1":7.87699842359871,"simB2":3.61277166288346,"simB3":1.72633523587137}