{"ppntid":3,"myBweight":0.7315103840881348,"simBweight":0.277374957920983,"simval1":4.5222054965378,"simval2":9.01108237759971,"simval3":1.71396576439417,"myval1":12.033165508448313,"myval2":6.2684052884231,"myval3":8.694101489397738,"mychoice":1,"simchoice":2,"oraclechoice":2,"myA1":8.658888487832623,"myA2":4.067882640477465,"myA3":7.615217858186596,"myB1":4.612753412683128,"myB2":3.0081905818585186,"myB3":1.4748712454109936,"simA1":2.85226068925112,"simA2":7.94943025801331,"simA3":1.36154596460983,"simB1":6.02053198963404,"simB2":3.8274980825372,"simB3":1.27055377466604}