{"ppntid":4,"myBweight":0.6956923993048392,"simBweight":0.813574214931577,"simval1":7.75041027618808,"simval2":11.0633840056656,"simval3":2.39523575436211,"myval1":8.33856137068372,"myval2":9.014007421907984,"myval3":1.2453236855561851,"mychoice":2,"simchoice":1,"oraclechoice":2,"myA1":2.672484288375492,"myA2":5.422115206839278,"myA3":0.9910217951131872,"myB1":8.144514857385213,"myB2":5.163046511156155,"myB3":0.3655378306520318,"simA1":2.85226068925112,"simA2":7.94943025801331,"simA3":1.36154596460983,"simB1":6.02053198963404,"simB2":3.8274980825372,"simB3":1.27055377466604}