{"ppntid":4,"myBweight":0.3461397013190826,"simBweight":0.813574214931577,"simval1":11.1050229998291,"simval2":9.93129256552677,"simval3":7.64791451974269,"myval1":8.76054978405854,"myval2":5.7783322069864305,"myval3":3.757151631028563,"mychoice":1,"simchoice":3,"oraclechoice":1,"myA1":7.402335174618944,"myA2":4.174811610714297,"myA3":2.2597188780870425,"myB1":3.9238914353472287,"myB2":4.632582134211633,"myB3":4.326093618371559,"simA1":4.93442194536328,"simA2":3.72630221536383,"simA3":1.86676760902628,"simB1":7.58455828763545,"simB2":7.62682768981904,"simB3":7.10586299886927}