{"ppntid":0,"myBweight":0.12754033366580353,"simBweight":0.585800305008888,"simval1":0.970701152753612,"simval2":13.632012416104,"simval3":8.48660893667745,"myval1":2.3797397541863803,"myval2":10.084300700028955,"myval3":9.685085471155375,"mychoice":2,"simchoice":2,"oraclechoice":2,"myA1":1.6228928820895727,"myA2":9.622680402491486,"myA3":8.97096092321126,"myB1":5.934176666653457,"myB2":3.61940638125553,"myB3":5.599205580058695,"simA1":0.0122929364442825,"simA2":8.57054706430063,"simA3":7.79470579931512,"simB1":1.63606643443927,"simB2":8.6402572831139,"simB3":1.1811245768331}