{"ppntid":6,"myBweight":0.4402502590225646,"simBweight":0.724405892658979,"simval1":4.5347242164579,"simval2":3.94585538226373,"simval3":7.59672017214672,"myval1":5.374166247508049,"myval2":5.6779236241814095,"myval3":9.421507015247073,"mychoice":3,"simchoice":1,"oraclechoice":3,"myA1":4.295534212961312,"myA2":4.540435095744795,"myA3":6.077041540338211,"myB1":2.450042929995082,"myB2":2.5837316506344488,"myB3":7.596737097518538,"simA1":2.20709017245099,"simA2":1.57184537500143,"simA3":2.44585283799097,"simB1":3.21316276909783,"simB2":3.27718207612634,"simB3":7.11047133430839}