{"ppntid":8,"myBweight":0.39100347971091465,"simBweight":0.949040221050382,"simval1":13.9832197164233,"simval2":12.3923460375748,"simval3":7.96745603172138,"myval1":8.117365897230906,"myval2":6.523458708013765,"myval3":6.37540016278993,"mychoice":1,"simchoice":1,"oraclechoice":1,"myA1":4.9051410880525825,"myA2":4.010069300605926,"myA3":4.683136363174494,"myB1":8.215335606612138,"myB2":6.428048694774007,"myB3":4.328001891099788,"simA1":6.32742163492367,"simA2":6.24415603699163,"simA3":7.2123027429916,"simB1":8.06688474491239,"simB2":6.47832395741716,"simB3":0.795702091418207}