{"ppntid":0,"myBweight":0.8304038228637546,"simBweight":0.585800305008888,"simval1":4.1973811316826,"simval2":6.45019663482405,"simval3":11.5149256174062,"myval1":4.049638126671325,"myval2":6.9484537280162435,"myval3":14.609559191840253,"mychoice":3,"simchoice":3,"oraclechoice":3,"myA1":0.9042784503253909,"myA2":3.384633765576932,"myA3":6.5595132798993045,"myB1":3.787747105376702,"myB2":4.291670948899318,"myB3":9.694133974695983,"simA1":1.02557973470539,"simA2":3.33464161725715,"simA3":6.13869413500652,"simB1":5.41447549592704,"simB2":5.31845919322222,"simB3":9.17758395895362}