{"ppntid":7,"myBweight":0.4798675760026068,"simBweight":0.906092151300982,"simval1":10.6437021898825,"simval2":3.96635146817711,"simval3":6.28462042031348,"myval1":5.69216016207218,"myval2":3.489594441088216,"myval3":7.5308266082705915,"mychoice":1,"simchoice":1,"oraclechoice":1,"myA1":1.9168280451467923,"myA2":2.580081836457524,"myA3":7.19693383879992,"myB1":7.867445740707597,"myB2":1.8953408192466648,"myB3":0.6958018965400115,"simA1":3.50641574244946,"simA2":0.692847419995815,"simA3":4.7204016125761,"simB1":7.87699842359871,"simB2":3.61277166288346,"simB3":1.72633523587137}