{"ppntid":2,"myBweight":0.31799344897297505,"simBweight":0.293739611981437,"simval1":8.6969852297932,"simval2":8.14709640253339,"simval3":7.4460319665776,"myval1":10.591670814036917,"myval2":10.368536671320175,"myval3":11.913696417366396,"mychoice":1,"simchoice":2,"oraclechoice":1,"myA1":9.03038411403328,"myA2":9.292593902161624,"myA3":8.806579072958154,"myB1":4.9098077493298415,"myB2":3.383537530831311,"myB3":9.771010548938392,"simA1":6.32742163492367,"simA2":6.24415603699163,"simA3":7.2123027429916,"simB1":8.06688474491239,"simB2":6.47832395741716,"simB3":0.795702091418207}