{"ppntid":2,"myBweight":0.45301662266431586,"simBweight":0.293739611981437,"simval1":7.16230715382391,"simval2":5.96660362162055,"simval3":3.95404104910739,"myval1":12.325812782521302,"myval2":9.966270445987412,"myval3":7.4570559053933145,"mychoice":1,"simchoice":1,"oraclechoice":1,"myA1":8.73484532445791,"myA2":9.095838422009386,"myA3":6.900847955137264,"myB1":7.926789610818079,"myB2":1.9214129911144862,"myB3":1.2277870665867363,"simA1":4.93442194536328,"simA2":3.72630221536383,"simA3":1.86676760902628,"simB1":7.58455828763545,"simB2":7.62682768981904,"simB3":7.10586299886927}