{"ppntid":0,"myBweight":0.9340268423211978,"simBweight":0.585800305008888,"simval1":9.37745850361782,"simval2":8.19410020231006,"simval3":6.02938432111528,"myval1":16.981558157008692,"myval2":14.721466658949389,"myval3":9.977461696709899,"mychoice":1,"simchoice":1,"oraclechoice":1,"myA1":9.362234795052506,"myA2":7.708038567817019,"myA3":2.072706626056857,"myB1":8.157499353038949,"myB2":7.508807855781683,"myB3":8.463091971755897,"simA1":4.93442194536328,"simA2":3.72630221536383,"simA3":1.86676760902628,"simB1":7.58455828763545,"simB2":7.62682768981904,"simB3":7.10586299886927}