{"ppntid":5,"myBweight":0.4257882789436844,"simBweight":0.260427771368995,"simval1":5.55780488698436,"simval2":1.63371349262561,"simval3":5.16998725068985,"myval1":5.911435312182748,"myval2":1.261384911005416,"myval3":7.879134726137531,"mychoice":3,"simchoice":1,"oraclechoice":1,"myA1":2.4661442225015207,"myA2":0.9446721198735508,"myA3":7.146418366646268,"myB1":8.09155925623051,"myB2":0.7438269365177952,"myB3":1.720846711208257,"simA1":3.50641574244946,"simA2":0.692847419995815,"simA3":4.7204016125761,"simB1":7.87699842359871,"simB2":3.61277166288346,"simB3":1.72633523587137}