{"ppntid":3,"myBweight":0.7263773982046406,"simBweight":0.277374957920983,"simval1":7.03818848124541,"simval2":5.84179322489798,"simval3":3.83775605932992,"myval1":12.875958510992081,"myval2":11.44667906249443,"myval3":5.272977218604359,"mychoice":2,"simchoice":2,"oraclechoice":1,"myA1":9.129307724775593,"myA2":4.771908176815717,"myA3":1.8660523266236684,"myB1":5.157994722133347,"myB2":9.189122489461388,"myB3":4.6902958440081655,"simA1":4.93442194536328,"simA2":3.72630221536383,"simA3":1.86676760902628,"simB1":7.58455828763545,"simB2":7.62682768981904,"simB3":7.10586299886927}