{"ppntid":1,"myBweight":0.37127249683509167,"simBweight":0.00894579570740461,"simval1":6.03337539241306,"simval2":0.720548976640022,"simval3":5.29011617996409,"myval1":9.21817341823524,"myval2":3.8571315366678856,"myval3":9.02280733870473,"mychoice":1,"simchoice":3,"oraclechoice":1,"myA1":6.821806961764613,"myA2":1.0716076536515406,"myA3":7.34687235169914,"myB1":6.454468017152973,"myB2":7.5026399928933944,"myB3":4.514029456240576,"simA1":5.9566758479923,"simA2":0.710090156644583,"simA3":5.26116543915123,"simB1":8.57380907516927,"simB2":1.16913244361058,"simB3":3.23623987846076}