{"ppntid":5,"myBweight":0.7769684213301116,"simBweight":0.260427771368995,"simval1":8.49572787568141,"simval2":10.7248394279951,"simval3":4.69229505644059,"myval1":11.948909897782531,"myval2":15.982078203161432,"myval3":12.46107905329228,"mychoice":2,"simchoice":2,"oraclechoice":2,"myA1":8.630687486855628,"myA2":9.325825778982326,"myA3":6.936963505190099,"myB1":4.270730083529464,"myB2":8.566953612843239,"myB3":7.1098327762733415,"simA1":7.14630752336234,"simA2":8.22015926474705,"simA3":3.87473117792979,"simB1":5.1815532008186,"simB2":9.61756171425804,"simB3":3.13931142678484}