{"ppntid":9,"myBweight":0.46206372139324386,"simBweight":0.073144469410181,"simval1":2.4421152583252,"simval2":1.81155311912025,"simval3":2.96594449099526,"myval1":8.809555629973328,"myval2":5.791771588304714,"myval3":6.153992385994448,"mychoice":1,"simchoice":3,"oraclechoice":3,"myA1":7.673313763335006,"myA2":5.054071254444079,"myA3":4.452156530960567,"myB1":2.459058813819559,"myB2":1.5965337673260183,"myB3":3.6831193972606147,"simA1":2.20709017245099,"simA2":1.57184537500143,"simA3":2.44585283799097,"simB1":3.21316276909783,"simB2":3.27718207612634,"simB3":7.11047133430839}