{"ppntid":1,"myBweight":0.7573360742406724,"simBweight":0.00894579570740461,"simval1":2.23583447015798,"simval2":1.60116237635042,"simval3":2.50946166193105,"myval1":9.324746844892154,"myval2":8.17550861754482,"myval3":11.895762456222945,"mychoice":1,"simchoice":1,"oraclechoice":3,"myA1":8.08724083021347,"myA2":7.460031727580101,"myA3":8.376677366160802,"myB1":1.6340249154504405,"myB2":0.9447283898130387,"myB3":4.646662439248628,"simA1":2.20709017245099,"simA2":1.57184537500143,"simA3":2.44585283799097,"simB1":3.21316276909783,"simB2":3.27718207612634,"simB3":7.11047133430839}