{"ppntid":2,"myBweight":0.4157357589073465,"simBweight":0.293739611981437,"simval1":3.47957146827213,"simval2":6.61986222693998,"simval3":7.45170081834489,"myval1":4.081863013675951,"myval2":6.597777457133632,"myval3":8.539817196929521,"mychoice":3,"simchoice":3,"oraclechoice":3,"myA1":1.7319084947987928,"myA2":6.196881402728593,"myA3":6.822160087927999,"myB1":5.652519583721651,"myB2":0.9643049600993914,"myB3":4.131607811452007,"simA1":1.06841044733301,"simA2":5.48331617377698,"simA3":5.79234702978283,"simB1":8.20849801180884,"simB2":3.86922977631912,"simB3":5.64906373154372}