{"ppntid":8,"myBweight":0.5169034839378165,"simBweight":0.949040221050382,"simval1":6.16413475623186,"simval2":8.3820733056402,"simval3":14.8485904441203,"myval1":9.86753004135748,"myval2":6.987384468032138,"myval3":11.198516105936864,"mychoice":3,"simchoice":3,"oraclechoice":3,"myA1":6.598754142071295,"myA2":4.199347120523913,"myA3":6.9357342534406445,"myB1":6.32376449542255,"myB2":5.393729069629614,"myB3":8.246765566410907,"simA1":1.02557973470539,"simA2":3.33464161725715,"simA3":6.13869413500652,"simB1":5.41447549592704,"simB2":5.31845919322222,"simB3":9.17758395895362}