{"ppntid":6,"myBweight":0.5978921062000428,"simBweight":0.724405892658979,"simval1":12.171120479539,"simval2":10.9370920862985,"simval3":7.78871402681602,"myval1":7.483163799503686,"myval2":7.660819226436601,"myval3":5.868386034231593,"mychoice":1,"simchoice":1,"oraclechoice":1,"myA1":3.036072899348383,"myA2":2.250907692259001,"myA3":2.5595726392901574,"myB1":7.437948844013327,"myB2":9.048307341872734,"myB3":5.534131259853716,"simA1":6.32742163492367,"simA2":6.24415603699163,"simA3":7.2123027429916,"simB1":8.06688474491239,"simB2":6.47832395741716,"simB3":0.795702091418207}