{"ppntid":2,"myBweight":0.5981602463116094,"simBweight":0.293739611981437,"simval1":3.15092335747899,"simval2":2.5344835664353,"simval3":4.53447992873584,"myval1":8.08646189071968,"myval2":7.917637576254993,"myval3":8.863347003504549,"mychoice":3,"simchoice":1,"oraclechoice":3,"myA1":6.868427195873251,"myA2":6.435343884784368,"myA3":6.173255529689183,"myB1":2.0363016471875306,"myB2":2.4780879381583465,"myB3":4.497275588612039,"simA1":2.20709017245099,"simA2":1.57184537500143,"simA3":2.44585283799097,"simB1":3.21316276909783,"simB2":3.27718207612634,"simB3":7.11047133430839}