{"ppntid":2,"myBweight":0.47181054714439546,"simBweight":0.293739611981437,"simval1":8.66833495003196,"simval2":11.0452181109007,"simval3":4.79687129832246,"myval1":8.328952910164507,"myval2":13.23850572687509,"myval3":8.41799312438875,"mychoice":2,"simchoice":2,"oraclechoice":2,"myA1":7.985620212201843,"myA2":9.262695532750303,"myA3":6.275406314966585,"myB1":0.7276918670866173,"myB2":8.426709021636196,"myB3":4.541201595407395,"simA1":7.14630752336234,"simA2":8.22015926474705,"simA3":3.87473117792979,"simB1":5.1815532008186,"simB2":9.61756171425804,"simB3":3.13931142678484}