{"ppntid":6,"myBweight":0.7892721515084722,"simBweight":0.724405892658979,"simval1":12.171120479539,"simval2":10.9370920862985,"simval3":7.78871402681602,"myval1":10.08321068657177,"myval2":9.097932812862012,"myval3":5.738564607225476,"mychoice":1,"simchoice":1,"oraclechoice":1,"myA1":3.176604584273892,"myA2":3.4953295794702943,"myA3":3.2972531154069684,"myB1":8.750601537249018,"myB2":7.098442815553437,"myB3":3.0931174844476983,"simA1":6.32742163492367,"simA2":6.24415603699163,"simA3":7.2123027429916,"simB1":8.06688474491239,"simB2":6.47832395741716,"simB3":0.795702091418207}