{"ppntid":0,"myBweight":0.5507844091283327,"simBweight":0.585800305008888,"simval1":10.1816629688217,"simval2":13.8541298504012,"simval3":5.71374076925824,"myval1":10.026843653843086,"myval2":14.321978590656109,"myval3":6.943454829905882,"mychoice":2,"simchoice":2,"oraclechoice":2,"myA1":7.9331430972797286,"myA2":9.626273698908625,"myA3":6.620877245234844,"myB1":3.801306866831673,"myB2":8.52548622278338,"myB3":0.5856694186052702,"simA1":7.14630752336234,"simA2":8.22015926474705,"simA3":3.87473117792979,"simB1":5.1815532008186,"simB2":9.61756171425804,"simB3":3.13931142678484}