{"ppntid":9,"myBweight":0.8069948640921268,"simBweight":0.073144469410181,"simval1":6.91746963938337,"simval2":6.71800960552417,"simval3":7.27050395027695,"myval1":8.017402937026487,"myval2":7.151152800833774,"myval3":5.124603683287166,"mychoice":1,"simchoice":2,"oraclechoice":3,"myA1":0.33426570067716765,"myA2":1.2351664014268615,"myA3":1.1996192181275789,"myB1":9.520676745561307,"myB2":7.330884820515465,"myB3":4.863704392437755,"simA1":6.32742163492367,"simA2":6.24415603699163,"simA3":7.2123027429916,"simB1":8.06688474491239,"simB2":6.47832395741716,"simB3":0.795702091418207}