{"ppntid":3,"myBweight":0.8011756532791717,"simBweight":0.277374957920983,"simval1":5.69129784873881,"simval2":1.69493980796624,"simval3":5.19924377598343,"myval1":9.072050496603596,"myval2":4.8469650852996295,"myval3":13.316150678045371,"mychoice":1,"simchoice":1,"oraclechoice":1,"myA1":3.992177203418985,"myA2":1.1711717569789992,"myA3":7.155305655762434,"myB1":6.340523794492436,"myB2":4.587999289888294,"myB3":7.689755669767184,"simA1":3.50641574244946,"simA2":0.692847419995815,"simA3":4.7204016125761,"simB1":7.87699842359871,"simB2":3.61277166288346,"simB3":1.72633523587137}