{"ppntid":6,"myBweight":0.5713951023613743,"simBweight":0.724405892658979,"simval1":10.8998551951613,"simval2":15.187177643567,"simval3":6.1488668743844,"myval1":9.277120381595623,"myval2":13.009838926465225,"myval3":6.401316104205495,"mychoice":2,"simchoice":2,"oraclechoice":2,"myA1":5.764346937515128,"myA2":9.936361776094646,"myA3":4.118851883645258,"myB1":6.147713604060381,"myB2":5.378900059991734,"myB3":3.994546350025785,"simA1":7.14630752336234,"simA2":8.22015926474705,"simA3":3.87473117792979,"simB1":5.1815532008186,"simB2":9.61756171425804,"simB3":3.13931142678484}