{"ppntid":6,"myBweight":0.8081842255761891,"simBweight":0.724405892658979,"simval1":7.01469477696684,"simval2":8.28620902379413,"simval3":9.88456208491922,"myval1":7.902480920507426,"myval2":7.515268176488398,"myval3":10.10916224933729,"mychoice":3,"simchoice":3,"oraclechoice":3,"myA1":1.2763274319184448,"myA2":4.538174205556935,"myA3":5.231209369674106,"myB1":8.198815664664716,"myB2":3.6836823544891217,"myB3":6.0356942455607605,"simA1":1.06841044733301,"simA2":5.48331617377698,"simA3":5.79234702978283,"simB1":8.20849801180884,"simB2":3.86922977631912,"simB3":5.64906373154372}