{"ppntid":3,"myBweight":0.6987968107860956,"simBweight":0.277374957920983,"simval1":4.5222054965378,"simval2":9.01108237759971,"simval3":1.71396576439417,"myval1":6.018856789277924,"myval2":9.749164518148726,"myval3":2.029443321715638,"mychoice":2,"simchoice":2,"oraclechoice":2,"myA1":2.78482595889729,"myA2":6.853508424825248,"myA3":0.3303770287560992,"myB1":4.627998840954333,"myB2":4.143774053671018,"myB3":2.4314167820087973,"simA1":2.85226068925112,"simA2":7.94943025801331,"simA3":1.36154596460983,"simB1":6.02053198963404,"simB2":3.8274980825372,"simB3":1.27055377466604}