{"ppntid":8,"myBweight":0.5112822305140556,"simBweight":0.949040221050382,"simval1":8.85860521495169,"simval2":9.1553708559896,"simval3":11.1535357222948,"myval1":2.8773873886173877,"myval2":11.313638784389843,"myval3":10.004004753690309,"mychoice":3,"simchoice":1,"oraclechoice":3,"myA1":0.15292270251296314,"myA2":8.716822210674419,"myA3":8.242827550537193,"myB1":5.328690346553177,"myB2":5.079027626492165,"myB3":3.444628226923485,"simA1":1.06841044733301,"simA2":5.48331617377698,"simA3":5.79234702978283,"simB1":8.20849801180884,"simB2":3.86922977631912,"simB3":5.64906373154372}