{"ppntid":0,"myBweight":0.6910748708219933,"simBweight":0.585800305008888,"simval1":11.0530051789649,"simval2":10.039160187193,"simval3":7.67842527084059,"myval1":9.225795155539522,"myval2":7.95462549440346,"myval3":8.389751395950412,"mychoice":2,"simchoice":1,"oraclechoice":1,"myA1":2.784243791328098,"myA2":2.396644390553444,"myA3":7.432402817955442,"myB1":9.32106148867716,"myB2":8.04251657601024,"myB3":1.3853037035715987,"simA1":6.32742163492367,"simA2":6.24415603699163,"simA3":7.2123027429916,"simB1":8.06688474491239,"simB2":6.47832395741716,"simB3":0.795702091418207}