{"ppntid":1,"myBweight":0.49271782076195386,"simBweight":0.00894579570740461,"simval1":7.19266063974391,"simval2":8.30619600704616,"simval3":3.90281481661573,"myval1":6.567973846412112,"myval2":14.028442502415981,"myval3":3.214418680189859,"mychoice":2,"simchoice":2,"oraclechoice":2,"myA1":3.906346511477985,"myA2":9.167987748387567,"myA3":1.0581151963021607,"myB1":5.401930319504389,"myB2":9.864580799030282,"myB3":4.376345634410228,"simA1":7.14630752336234,"simA2":8.22015926474705,"simA3":3.87473117792979,"simB1":5.1815532008186,"simB2":9.61756171425804,"simB3":3.13931142678484}