{"ppntid":3,"myBweight":0.42749233474088677,"simBweight":0.277374957920983,"simval1":5.69129784873881,"simval2":1.69493980796624,"simval3":5.19924377598343,"myval1":7.791474351020582,"myval2":1.5079684673911826,"myval3":7.012931389000509,"mychoice":1,"simchoice":1,"oraclechoice":1,"myA1":5.173834041865639,"myA2":0.2411257921631904,"myA3":6.858523964348427,"myB1":6.123245018513741,"myB2":2.963427814432873,"myB3":0.3611934346043233,"simA1":3.50641574244946,"simA2":0.692847419995815,"simA3":4.7204016125761,"simB1":7.87699842359871,"simB2":3.61277166288346,"simB3":1.72633523587137}