{"ppntid":5,"myBweight":0.40417139291414106,"simBweight":0.260427771368995,"simval1":8.42826245093175,"simval2":7.93129150742815,"simval3":7.41952566533329,"myval1":8.895499761809663,"myval2":6.274003116491794,"myval3":7.655910741431388,"mychoice":1,"simchoice":3,"oraclechoice":1,"myA1":5.432540349635784,"myA2":3.339937011396301,"myA3":5.272485312226887,"myB1":8.56804680609724,"myB2":7.259460111564062,"myB3":5.897066123407743,"simA1":6.32742163492367,"simA2":6.24415603699163,"simA3":7.2123027429916,"simB1":8.06688474491239,"simB2":6.47832395741716,"simB3":0.795702091418207}