{"ppntid":8,"myBweight":0.33535876585429336,"simBweight":0.949040221050382,"simval1":5.25651087710646,"simval2":4.68202297695072,"simval3":9.1939761248754,"myval1":2.6817471716833743,"myval2":2.721746815388016,"myval3":4.344706121637499,"mychoice":3,"simchoice":2,"oraclechoice":3,"myA1":1.2144114358308244,"myA2":1.4718142654900679,"myA3":1.2051926835285776,"myB1":4.375420848519218,"myB2":3.7271503749540247,"myB3":9.361656106144476,"simA1":2.20709017245099,"simA2":1.57184537500143,"simA3":2.44585283799097,"simB1":3.21316276909783,"simB2":3.27718207612634,"simB3":7.11047133430839}