{"ppntid":8,"myBweight":0.10002269335520751,"simBweight":0.949040221050382,"simval1":14.0935655079347,"simval2":1.81964386936594,"simval3":8.33248724877769,"myval1":6.883932631641996,"myval2":0.7216496711076414,"myval3":5.658729801910008,"mychoice":1,"simchoice":1,"oraclechoice":1,"myA1":6.102462091714269,"myA2":0.6310074154337197,"myA3":5.1566627970380585,"myB1":7.81293238277952,"myB2":0.9062169057178515,"myB3":5.019530948731552,"simA1":5.9566758479923,"simA2":0.710090156644583,"simA3":5.26116543915123,"simB1":8.57380907516927,"simB2":1.16913244361058,"simB3":3.23623987846076}