{"ppntid":2,"myBweight":0.28425863088721226,"simBweight":0.293739611981437,"simval1":0.492870456072327,"simval2":11.1085328860623,"simval3":8.14164887421582,"myval1":0.8356766897681001,"myval2":9.905374992313973,"myval3":9.574265098738026,"mychoice":3,"simchoice":2,"oraclechoice":2,"myA1":0.8146884510916141,"myA2":8.39118508560169,"myA3":9.333274148976244,"myB1":0.07383500937501397,"myB2":5.326803629449273,"myB3":0.8477876256900796,"simA1":0.0122929364442825,"simA2":8.57054706430063,"simA3":7.79470579931512,"simB1":1.63606643443927,"simB2":8.6402572831139,"simB3":1.1811245768331}