{"ppntid":0,"myBweight":0.5119318873997467,"simBweight":0.585800305008888,"simval1":5.87695108631548,"simval2":7.7499121568942,"simval3":9.10157028673579,"myval1":9.094173101763653,"myval2":9.4298197425489,"myval3":10.08125795161595,"mychoice":1,"simchoice":3,"oraclechoice":3,"myA1":5.92162890571478,"myA2":7.851163338727409,"myA3":8.639044470947022,"myB1":6.197199811410778,"myB2":3.0837235239241556,"myB3":2.8171979831034877,"simA1":1.06841044733301,"simA2":5.48331617377698,"simA3":5.79234702978283,"simB1":8.20849801180884,"simB2":3.86922977631912,"simB3":5.64906373154372}