{"ppntid":6,"myBweight":0.12079754407233742,"simBweight":0.724405892658979,"simval1":12.1675936645779,"simval2":1.55701658809488,"simval3":7.60551667716618,"myval1":7.4151793557444545,"myval2":1.2400400940674792,"myval3":6.096179023875202,"mychoice":1,"simchoice":1,"oraclechoice":1,"myA1":6.324444260780371,"myA2":1.1369580023382198,"myA3":5.633160993105955,"myB1":9.029447604588025,"myB2":0.8533459228900431,"myB3":3.8330086453742562,"simA1":5.9566758479923,"simA2":0.710090156644583,"simA3":5.26116543915123,"simB1":8.57380907516927,"simB2":1.16913244361058,"simB3":3.23623987846076}