{"ppntid":7,"myBweight":0.4341501306526375,"simBweight":0.906092151300982,"simval1":8.30741747171501,"simval2":11.4174962297198,"simval3":2.51278476764057,"myval1":5.3127058382665275,"myval2":9.766406674116435,"myval3":2.0783605984392794,"mychoice":2,"simchoice":1,"oraclechoice":2,"myA1":1.0572198370100394,"myA2":6.141675710170304,"myA3":0.05289443021222251,"myB1":9.801876587850881,"myB2":8.349026541803045,"myB3":4.665358882150441,"simA1":2.85226068925112,"simA2":7.94943025801331,"simA3":1.36154596460983,"simB1":6.02053198963404,"simB2":3.8274980825372,"simB3":1.27055377466604}