{"ppntid":6,"myBweight":0.4524107095820632,"simBweight":0.724405892658979,"simval1":4.5347242164579,"simval2":3.94585538226373,"simval3":7.59672017214672,"myval1":5.9876205134320575,"myval2":6.04917518735066,"myval3":7.157214438991851,"mychoice":1,"simchoice":1,"oraclechoice":3,"myA1":4.515453115983417,"myA2":4.606025186516975,"myA3":4.601898662130772,"myB1":3.2540507248571293,"myB2":3.1899112250611106,"myB3":5.648221235128759,"simA1":2.20709017245099,"simA2":1.57184537500143,"simA3":2.44585283799097,"simB1":3.21316276909783,"simB2":3.27718207612634,"simB3":7.11047133430839}