{"ppntid":3,"myBweight":0.4770523508242997,"simBweight":0.277374957920983,"simval1":2.52741964755235,"simval2":4.80984901218163,"simval3":8.68432609943757,"myval1":5.505092787729957,"myval2":8.247428544471166,"myval3":13.669269226318484,"mychoice":3,"simchoice":3,"oraclechoice":3,"myA1":1.3287071939105521,"myA2":5.3229183362386845,"myA3":9.198648219712425,"myB1":8.754564539097272,"myB2":6.1303758448715655,"myB3":9.37134257672405,"simA1":1.02557973470539,"simA2":3.33464161725715,"simA3":6.13869413500652,"simB1":5.41447549592704,"simB2":5.31845919322222,"simB3":9.17758395895362}