{"ppntid":4,"myBweight":0.2308720908668398,"simBweight":0.813574214931577,"simval1":12.8904310582093,"simval2":11.5147533647197,"simval3":7.85966544733658,"myval1":6.621690186921448,"myval2":9.98715080239254,"myval3":6.5434238823543485,"mychoice":3,"simchoice":2,"oraclechoice":1,"myA1":4.363578131214392,"myA2":8.359913571579646,"myA3":5.309193794860294,"myB1":9.780792677142898,"myB2":7.048219751045764,"myB3":5.345947545500087,"simA1":6.32742163492367,"simA2":6.24415603699163,"simA3":7.2123027429916,"simB1":8.06688474491239,"simB2":6.47832395741716,"simB3":0.795702091418207}