{"ppntid":6,"myBweight":0.8301327858745748,"simBweight":0.724405892658979,"simval1":7.21356953948391,"simval2":10.7220924231442,"simval3":2.28194260591802,"myval1":11.408991882773524,"myval2":13.390888953887227,"myval3":4.738018575168796,"mychoice":2,"simchoice":1,"oraclechoice":2,"myA1":5.508456845652194,"myA2":9.476637301320947,"myA3":4.210382443020979,"myB1":7.107941208351269,"myB2":4.715211492872764,"myB3":0.6356044974081265,"simA1":2.85226068925112,"simA2":7.94943025801331,"simA3":1.36154596460983,"simB1":6.02053198963404,"simB2":3.8274980825372,"simB3":1.27055377466604}