{"ppntid":2,"myBweight":0.6346849904270594,"simBweight":0.293739611981437,"simval1":5.82020220297573,"simval2":1.75406156642873,"simval3":5.22749465491084,"myval1":9.684743947077994,"myval2":5.088193532770433,"myval3":6.484818774156496,"mychoice":1,"simchoice":1,"oraclechoice":1,"myA1":5.047950941911303,"myA2":3.831168685063082,"myA3":6.267849465989828,"myB1":7.305660406506133,"myB2":1.9805491963210575,"myB3":0.34185353591027257,"simA1":3.50641574244946,"simA2":0.692847419995815,"simA3":4.7204016125761,"simB1":7.87699842359871,"simB2":3.61277166288346,"simB3":1.72633523587137}