{"ppntid":3,"myBweight":0.030220443541935153,"simBweight":0.277374957920983,"simval1":4.5222054965378,"simval2":9.01108237759971,"simval3":1.71396576439417,"myval1":5.938156639918328,"myval2":9.37523449901665,"myval3":2.7452813233812874,"mychoice":2,"simchoice":2,"oraclechoice":2,"myA1":5.799725472413848,"myA2":9.209929428420224,"myA3":2.6677375506975243,"myB1":4.580712632903207,"myB2":5.4699749977872125,"myB3":2.565937610285578,"simA1":2.85226068925112,"simA2":7.94943025801331,"simA3":1.36154596460983,"simB1":6.02053198963404,"simB2":3.8274980825372,"simB3":1.27055377466604}