{"ppntid":3,"myBweight":0.497022809933362,"simBweight":0.277374957920983,"simval1":3.09834106032277,"simval2":2.48085361546637,"simval3":4.41811952514312,"myval1":6.701966458806224,"myval2":8.22180840099428,"myval3":7.630185214098605,"mychoice":3,"simchoice":3,"oraclechoice":3,"myA1":4.657938672092577,"myA2":4.238746892953378,"myA3":4.300424964502079,"myB1":4.112543219068153,"myB2":8.013840468559035,"myB3":6.699411340986465,"simA1":2.20709017245099,"simA2":1.57184537500143,"simA3":2.44585283799097,"simB1":3.21316276909783,"simB2":3.27718207612634,"simB3":7.11047133430839}