{"ppntid":5,"myBweight":0.12040868363581546,"simBweight":0.260427771368995,"simval1":5.55780488698436,"simval2":1.63371349262561,"simval3":5.16998725068985,"myval1":5.8082001796438,"myval2":1.9597685157864273,"myval3":5.2132874953307065,"mychoice":1,"simchoice":1,"oraclechoice":1,"myA1":4.8401828414741015,"myA2":1.2815524272146694,"myA3":5.193143732798875,"myB1":8.039431284686533,"myB2":5.632617748924737,"myB3":0.16729493192332967,"simA1":3.50641574244946,"simA2":0.692847419995815,"simA3":4.7204016125761,"simB1":7.87699842359871,"simB2":3.61277166288346,"simB3":1.72633523587137}