{"ppntid":8,"myBweight":0.4838624735710611,"simBweight":0.949040221050382,"simval1":10.9820040675951,"simval2":4.12151303754329,"simval3":6.35876318643453,"myval1":8.969089671367446,"myval2":3.1121465536048234,"myval3":2.4010896344135713,"mychoice":1,"simchoice":1,"oraclechoice":1,"myA1":5.928065638811628,"myA2":1.8648579782759667,"myA3":2.001385838277585,"myB1":6.284893329528285,"myB2":2.577774974205924,"myB3":0.8260690133418347,"simA1":3.50641574244946,"simA2":0.692847419995815,"simA3":4.7204016125761,"simB1":7.87699842359871,"simB2":3.61277166288346,"simB3":1.72633523587137}