{"ppntid":8,"myBweight":0.34401983754567267,"simBweight":0.949040221050382,"simval1":8.56598769953431,"simval2":11.5818798843343,"simval3":2.56735259977529,"myval1":5.751670453688776,"myval2":10.843151486855646,"myval3":0.49629154051969,"mychoice":2,"simchoice":1,"oraclechoice":2,"myA1":4.0413275788502485,"myA2":7.861673127968142,"myA3":0.10962159311683539,"myB1":4.971640260749382,"myB2":8.666588473961701,"myB3":1.123975728148292,"simA1":2.85226068925112,"simA2":7.94943025801331,"simA3":1.36154596460983,"simB1":6.02053198963404,"simB2":3.8274980825372,"simB3":1.27055377466604}