{"ppntid":2,"myBweight":0.45270059628177417,"simBweight":0.293739611981437,"simval1":4.62072941980805,"simval2":9.07371805963748,"simval3":1.73475793738178,"myval1":7.38682133093825,"myval2":9.452865598132124,"myval3":3.340853465399475,"mychoice":2,"simchoice":2,"oraclechoice":2,"myA1":5.571772524853563,"myA2":8.114282195389412,"myA3":2.4810619712245763,"myB1":4.009380197403027,"myB2":2.9568845584412218,"myB3":1.8992497496949157,"simA1":2.85226068925112,"simA2":7.94943025801331,"simA3":1.36154596460983,"simB1":6.02053198963404,"simB2":3.8274980825372,"simB3":1.27055377466604}