{"ppntid":4,"myBweight":0.806647157710484,"simBweight":0.813574214931577,"simval1":12.8904310582093,"simval2":11.5147533647197,"simval3":7.85966544733658,"myval1":11.463413374165452,"myval2":9.965935429177708,"myval3":6.535010122204637,"mychoice":1,"simchoice":2,"oraclechoice":1,"myA1":5.17763815791235,"myA2":4.920515772913108,"myA3":5.15404916865198,"myB1":7.792471784186398,"myB2":6.254803736723096,"myB3":1.7119764699503248,"simA1":6.32742163492367,"simA2":6.24415603699163,"simA3":7.2123027429916,"simB1":8.06688474491239,"simB2":6.47832395741716,"simB3":0.795702091418207}