{"ppntid":1,"myBweight":0.5222589178082828,"simBweight":0.00894579570740461,"simval1":1.14184199361129,"simval2":5.51792951290094,"simval3":5.84288239986333,"myval1":9.8925252059304,"myval2":10.373828644741163,"myval3":10.359037870353754,"mychoice":3,"simchoice":2,"oraclechoice":3,"myA1":5.4832935630636825,"myA2":7.023670521575031,"myA3":6.854083519895273,"myB1":8.442616281921133,"myB2":6.414745653794558,"myB3":6.7111431340749705,"simA1":1.06841044733301,"simA2":5.48331617377698,"simA3":5.79234702978283,"simB1":8.20849801180884,"simB2":3.86922977631912,"simB3":5.64906373154372}