{"ppntid":5,"myBweight":0.42538934697469455,"simBweight":0.260427771368995,"simval1":8.49572787568141,"simval2":10.7248394279951,"simval3":4.69229505644059,"myval1":6.831014644765199,"myval2":11.874120549566825,"myval3":7.187452162742886,"mychoice":2,"simchoice":2,"oraclechoice":2,"myA1":5.493137931445711,"myA2":8.202386738130647,"myA3":3.9885150114295143,"myB1":3.145063981583618,"myB2":8.631466296814905,"myB3":7.52002177314438,"simA1":7.14630752336234,"simA2":8.22015926474705,"simA3":3.87473117792979,"simB1":5.1815532008186,"simB2":9.61756171425804,"simB3":3.13931142678484}