{"ppntid":4,"myBweight":0.579742781756275,"simBweight":0.813574214931577,"simval1":7.75041027618808,"simval2":11.0633840056656,"simval3":2.39523575436211,"myval1":9.286334156789486,"myval2":11.034385529880263,"myval3":4.750862278040991,"mychoice":1,"simchoice":1,"oraclechoice":2,"myA1":5.311082332896914,"myA2":9.838262539663713,"myA3":4.3971705701580905,"myB1":6.856923361512028,"myB2":2.063196003222343,"myB3":0.6100838492743721,"simA1":2.85226068925112,"simA2":7.94943025801331,"simA3":1.36154596460983,"simB1":6.02053198963404,"simB2":3.8274980825372,"simB3":1.27055377466604}