{"ppntid":9,"myBweight":0.7732960644153787,"simBweight":0.073144469410181,"simval1":5.48919043702297,"simval2":4.28416248001852,"simval3":2.38652218778001,"myval1":10.174119442379551,"myval2":8.788570084835348,"myval3":4.535647098997249,"mychoice":1,"simchoice":1,"oraclechoice":1,"myA1":7.871366722595141,"myA2":6.554024693443294,"myA3":2.0836795361335847,"myB1":2.9778409922793525,"myB2":2.8896376099901633,"myB3":3.1708005196138966,"simA1":4.93442194536328,"simA2":3.72630221536383,"simA3":1.86676760902628,"simB1":7.58455828763545,"simB2":7.62682768981904,"simB3":7.10586299886927}