{"ppntid":3,"myBweight":0.6919717610222471,"simBweight":0.277374957920983,"simval1":4.5222054965378,"simval2":9.01108237759971,"simval3":1.71396576439417,"myval1":14.641394668989314,"myval2":12.07679350856998,"myval3":4.393792283577921,"mychoice":1,"simchoice":2,"oraclechoice":2,"myA1":8.075533546855615,"myA2":9.995210574150802,"myA3":4.113347792796834,"myB1":9.48862582547296,"myB2":3.0081905818585186,"myB3":0.4052831438768356,"simA1":2.85226068925112,"simA2":7.94943025801331,"simA3":1.36154596460983,"simB1":6.02053198963404,"simB2":3.8274980825372,"simB3":1.27055377466604}