{"ppntid":5,"myBweight":0.46645437061162975,"simBweight":0.260427771368995,"simval1":4.42017441776726,"simval2":8.94621705356757,"simval3":1.69243345255057,"myval1":10.019107173746784,"myval2":8.915119750939429,"myval3":3.6046392255213977,"mychoice":2,"simchoice":1,"oraclechoice":2,"myA1":6.0690219498960385,"myA2":8.020787197331318,"myA3":1.8962358244027078,"myB1":8.468320746295653,"myB2":1.9172991185299315,"myB3":3.662530589816486,"simA1":2.85226068925112,"simA2":7.94943025801331,"simA3":1.36154596460983,"simB1":6.02053198963404,"simB2":3.8274980825372,"simB3":1.27055377466604}