{"ppntid":6,"myBweight":0.3363492792820952,"simBweight":0.724405892658979,"simval1":7.01469477696684,"simval2":8.28620902379413,"simval3":9.88456208491922,"myval1":3.2164284059679016,"myval2":7.244598064907825,"myval3":3.109282403701038,"mychoice":2,"simchoice":3,"oraclechoice":3,"myA1":0.1487721969619482,"myA2":4.767143731377354,"myA3":1.4404431196005674,"myB1":9.12044828980626,"myB2":7.365719167938627,"myB3":4.961625866011801,"simA1":1.06841044733301,"simA2":5.48331617377698,"simA3":5.79234702978283,"simB1":8.20849801180884,"simB2":3.86922977631912,"simB3":5.64906373154372}