{"ppntid":9,"myBweight":0.5097342834583836,"simBweight":0.073144469410181,"simval1":1.66881667906129,"simval2":5.76632893279192,"simval3":6.20554479909089,"myval1":6.365205011984749,"myval2":9.145105649868626,"myval3":9.111177426417228,"mychoice":3,"simchoice":2,"oraclechoice":3,"myA1":2.2548958040789024,"myA2":6.563851173658016,"myA3":5.8836820867687845,"myB1":8.063631074642885,"myB2":5.063921654823032,"myB3":6.331721142535134,"simA1":1.06841044733301,"simA2":5.48331617377698,"simA3":5.79234702978283,"simB1":8.20849801180884,"simB2":3.86922977631912,"simB3":5.64906373154372}