{"ppntid":1,"myBweight":0.12408814040859019,"simBweight":0.00894579570740461,"simval1":2.90611913848029,"simval2":7.98367027393017,"simval3":1.37291207911327,"myval1":5.124026424462917,"myval2":10.330143510150203,"myval3":0.9842171747304147,"mychoice":2,"simchoice":2,"oraclechoice":2,"myA1":4.284038614040511,"myA2":9.673719430332186,"myA3":0.830628822238848,"myB1":6.7692835726004414,"myB2":5.289982408122018,"myB3":1.2377359511218389,"simA1":2.85226068925112,"simA2":7.94943025801331,"simA3":1.36154596460983,"simB1":6.02053198963404,"simB2":3.8274980825372,"simB3":1.27055377466604}