{"ppntid":0,"myBweight":0.42124738853611154,"simBweight":0.585800305008888,"simval1":6.37909016509451,"simval2":10.1915798021845,"simval3":2.10583675333939,"myval1":6.501087862466655,"myval2":10.720129772645532,"myval3":1.5812941477542668,"mychoice":2,"simchoice":1,"oraclechoice":2,"myA1":3.138368659515265,"myA2":8.547125904724098,"myA3":0.42384008759513314,"myB1":7.982765696512133,"myB2":5.158498134487905,"myB3":2.747682458475136,"simA1":2.85226068925112,"simA2":7.94943025801331,"simA3":1.36154596460983,"simB1":6.02053198963404,"simB2":3.8274980825372,"simB3":1.27055377466604}