{"ppntid":3,"myBweight":0.7665116182483945,"simBweight":0.277374957920983,"simval1":7.03818848124541,"simval2":5.84179322489798,"simval3":3.83775605932992,"myval1":14.432896523402729,"myval2":8.994459572451712,"myval3":7.495376242122498,"mychoice":2,"simchoice":2,"oraclechoice":1,"myA1":8.737246640965193,"myA2":2.5948856488367578,"myA3":0.6800204066454207,"myB1":7.430611287344915,"myB2":8.348958804093584,"myB3":8.891392737205067,"simA1":4.93442194536328,"simA2":3.72630221536383,"simA3":1.86676760902628,"simB1":7.58455828763545,"simB2":7.62682768981904,"simB3":7.10586299886927}