{"ppntid":4,"myBweight":0.7316478819139023,"simBweight":0.813574214931577,"simval1":9.91493855094605,"simval2":3.63210528935328,"simval3":6.12490344680887,"myval1":11.289532367317106,"myval2":7.425689419661184,"myval3":11.055463515944181,"mychoice":1,"simchoice":1,"oraclechoice":1,"myA1":5.591686251094103,"myA2":2.4791009218385596,"myA3":9.946050141215498,"myB1":7.787688937632304,"myB2":6.7608867873476886,"myB3":1.5163214466316677,"simA1":3.50641574244946,"simA2":0.692847419995815,"simA3":4.7204016125761,"simB1":7.87699842359871,"simB2":3.61277166288346,"simB3":1.72633523587137}