{"ppntid":9,"myBweight":0.5348152755614225,"simBweight":0.073144469410181,"simval1":3.29262930719993,"simval2":8.22939057442898,"simval3":1.45447994631488,"myval1":6.865720151776438,"myval2":13.220366184849546,"myval3":5.351271777699829,"mychoice":2,"simchoice":2,"oraclechoice":2,"myA1":2.760638739021668,"myA2":9.949803773345582,"myA3":4.479782945847932,"myB1":7.675699630017972,"myB2":6.115312260052201,"myB3":1.6295137249717695,"simA1":2.85226068925112,"simA2":7.94943025801331,"simA3":1.36154596460983,"simB1":6.02053198963404,"simB2":3.8274980825372,"simB3":1.27055377466604}