{"ppntid":1,"myBweight":0.4350137961046512,"simBweight":0.00894579570740461,"simval1":7.19266063974391,"simval2":8.30619600704616,"simval3":3.90281481661573,"myval1":4.197801740229415,"myval2":12.552459976105043,"myval3":6.113104918925554,"mychoice":2,"simchoice":2,"oraclechoice":2,"myA1":3.0064544135776994,"myA2":9.28913899679767,"myA3":5.486524276053794,"myB1":2.738642630003194,"myB2":7.501649392568499,"myB3":1.440369589384296,"simA1":7.14630752336234,"simA2":8.22015926474705,"simA3":3.87473117792979,"simB1":5.1815532008186,"simB2":9.61756171425804,"simB3":3.13931142678484}