{"ppntid":4,"myBweight":0.2815352005690964,"simBweight":0.813574214931577,"simval1":7.75041027618808,"simval2":11.0633840056656,"simval3":2.39523575436211,"myval1":5.799215390356672,"myval2":8.358634666388005,"myval3":1.4258127715458095,"mychoice":2,"simchoice":1,"oraclechoice":2,"myA1":3.4783702867802035,"myA2":7.216582684339679,"myA3":1.0241707267952749,"myB1":8.243534374689565,"myB2":4.056515774012544,"myB3":1.4266139507196751,"simA1":2.85226068925112,"simA2":7.94943025801331,"simA3":1.36154596460983,"simB1":6.02053198963404,"simB2":3.8274980825372,"simB3":1.27055377466604}