{"ppntid":0,"myBweight":0.37875760827433097,"simBweight":0.585800305008888,"simval1":6.37909016509451,"simval2":10.1915798021845,"simval3":2.10583675333939,"myval1":6.198031946619631,"myval2":7.529293389084223,"myval3":6.009846293035516,"mychoice":2,"simchoice":1,"oraclechoice":2,"myA1":4.153463458728774,"myA2":5.988010270092998,"myA3":5.393831226307892,"myB1":5.398092192012134,"myB2":4.069312629820194,"myB3":1.6264097493229746,"simA1":2.85226068925112,"simA2":7.94943025801331,"simA3":1.36154596460983,"simB1":6.02053198963404,"simB2":3.8274980825372,"simB3":1.27055377466604}