{"ppntid":9,"myBweight":0.9321288407342797,"simBweight":0.073144469410181,"simval1":6.58380256361975,"simval2":0.795605728902707,"simval3":5.49787848794531,"myval1":13.295895673203134,"myval2":3.928059344712352,"myval3":8.86776165941848,"mychoice":1,"simchoice":2,"oraclechoice":1,"myA1":4.6150019696270554,"myA2":2.6010093868120876,"myA3":4.878304399340263,"myB1":9.312976194082514,"myB2":1.4236765347319236,"myB3":4.279941876849924,"simA1":5.9566758479923,"simA2":0.710090156644583,"simA3":5.26116543915123,"simB1":8.57380907516927,"simB2":1.16913244361058,"simB3":3.23623987846076}