{"ppntid":3,"myBweight":0.5591693774978458,"simBweight":0.277374957920983,"simval1":7.03818848124541,"simval2":5.84179322489798,"simval3":3.83775605932992,"myval1":14.075780891923749,"myval2":11.439757406353156,"myval3":6.243615043400617,"mychoice":1,"simchoice":2,"oraclechoice":1,"myA1":9.489171771745134,"myA2":7.061837019559036,"myA3":3.0779223683908175,"myB1":8.202539882821615,"myB2":7.829327861951787,"myB3":5.661419960398306,"simA1":4.93442194536328,"simA2":3.72630221536383,"simA3":1.86676760902628,"simB1":7.58455828763545,"simB2":7.62682768981904,"simB3":7.10586299886927}