{"ppntid":9,"myBweight":0.4133452374743337,"simBweight":0.073144469410181,"simval1":6.58380256361975,"simval2":0.795605728902707,"simval3":5.49787848794531,"myval1":10.464439535835819,"myval2":3.5055891001611776,"myval3":2.036778694121266,"mychoice":1,"simchoice":2,"oraclechoice":1,"myA1":8.31333147638383,"myA2":2.646287165605059,"myA3":0.4594150821971854,"myB1":5.204143811105504,"myB2":2.078896420354852,"myB3":3.8160923821507087,"simA1":5.9566758479923,"simA2":0.710090156644583,"simA3":5.26116543915123,"simB1":8.57380907516927,"simB2":1.16913244361058,"simB3":3.23623987846076}