{"ppntid":6,"myBweight":0.375424872531018,"simBweight":0.724405892658979,"simval1":4.5347242164579,"simval2":3.94585538226373,"simval3":7.59672017214672,"myval1":5.2153412676502375,"myval2":5.448897356003133,"myval3":7.592527150434261,"mychoice":3,"simchoice":1,"oraclechoice":3,"myA1":4.295534212961312,"myA2":4.540435095744795,"myA3":5.141155464012311,"myB1":2.450042929995082,"myB2":2.4198243822624743,"myB3":6.529593177712048,"simA1":2.20709017245099,"simA2":1.57184537500143,"simA3":2.44585283799097,"simB1":3.21316276909783,"simB2":3.27718207612634,"simB3":7.11047133430839}