{"ppntid":7,"myBweight":0.8753400609196169,"simBweight":0.906092151300982,"simval1":11.8067306808746,"simval2":10.6369109244339,"simval3":8.30533430052179,"myval1":14.688277369246602,"myval2":8.918001469595417,"myval3":6.031203860655768,"mychoice":1,"simchoice":3,"oraclechoice":1,"myA1":9.548310930301845,"myA2":3.6375778656264934,"myA3":0.05709907126961067,"myB1":5.871965272039301,"myB2":6.0324253849657055,"myB3":6.824895896013108,"simA1":4.93442194536328,"simA2":3.72630221536383,"simA3":1.86676760902628,"simB1":7.58455828763545,"simB2":7.62682768981904,"simB3":7.10586299886927}