{"ppntid":3,"myBweight":0.5901040845105014,"simBweight":0.277374957920983,"simval1":3.34524223795296,"simval2":6.55654362017012,"simval3":7.35925584461272,"myval1":9.609898743992677,"myval2":10.212430691182435,"myval3":11.561736646124842,"mychoice":1,"simchoice":3,"oraclechoice":3,"myA1":5.572077222317482,"myA2":8.801291116638804,"myA3":8.778282626164891,"myB1":6.842558165013579,"myB2":2.391340123859993,"myB3":4.716886551071511,"simA1":1.06841044733301,"simA2":5.48331617377698,"simA3":5.79234702978283,"simB1":8.20849801180884,"simB2":3.86922977631912,"simB3":5.64906373154372}