{"ppntid":1,"myBweight":0.10345008743504452,"simBweight":0.00894579570740461,"simval1":5.00227185433537,"simval2":3.79453025777253,"simval3":1.93033520773897,"myval1":7.716057228091304,"myval2":6.361130878824853,"myval3":4.230805029588713,"mychoice":1,"simchoice":3,"oraclechoice":1,"myA1":7.486204005601936,"myA2":6.164072822020497,"myA3":4.028288438732465,"myB1":2.2218755748630103,"myB2":1.9048611914232305,"myB3":1.9576260965792458,"simA1":4.93442194536328,"simA2":3.72630221536383,"simA3":1.86676760902628,"simB1":7.58455828763545,"simB2":7.62682768981904,"simB3":7.10586299886927}