{"ppntid":3,"myBweight":0.5148330392263992,"simBweight":0.277374957920983,"simval1":2.52741964755235,"simval2":4.80984901218163,"simval3":8.68432609943757,"myval1":5.952721479626568,"myval2":7.508098445780387,"myval3":12.1927761084651,"mychoice":3,"simchoice":3,"oraclechoice":3,"myA1":3.406209384450547,"myA2":4.747683090907779,"myA3":7.293833354784416,"myB1":4.946287244894913,"myB2":5.361768077317796,"myB3":9.515595116121446,"simA1":1.02557973470539,"simA2":3.33464161725715,"simA3":6.13869413500652,"simB1":5.41447549592704,"simB2":5.31845919322222,"simB3":9.17758395895362}