{"ppntid":1,"myBweight":0.8666836564620315,"simBweight":0.00894579570740461,"simval1":0.0269288525305181,"simval2":8.64784104081478,"simval3":7.80527189848447,"myval1":5.361425025149833,"myval2":11.36673495338636,"myval3":6.370494882728587,"mychoice":2,"simchoice":2,"oraclechoice":2,"myA1":4.266968719414077,"myA2":5.755633646233875,"myA3":5.746624481440952,"myB1":1.2628094433019954,"myB2":6.474220744000265,"myB3":0.7198363516330675,"simA1":0.0122929364442825,"simA2":8.57054706430063,"simA3":7.79470579931512,"simB1":1.63606643443927,"simB2":8.6402572831139,"simB3":1.1811245768331}