{"ppntid":4,"myBweight":0.07690874698124077,"simBweight":0.813574214931577,"simval1":9.91493855094605,"simval2":3.63210528935328,"simval3":6.12490344680887,"myval1":3.516497639024185,"myval2":2.066922278303534,"myval3":8.749768794491622,"mychoice":3,"simchoice":1,"oraclechoice":1,"myA1":2.9365781320663964,"myA2":1.72284747694871,"myA3":8.642219981862088,"myB1":7.540358278093384,"myB2":4.473805839519773,"myB3":1.3983950701442116,"simA1":3.50641574244946,"simA2":0.692847419995815,"simA3":4.7204016125761,"simB1":7.87699842359871,"simB2":3.61277166288346,"simB3":1.72633523587137}