{"ppntid":0,"myBweight":0.7609056552966081,"simBweight":0.585800305008888,"simval1":10.1816629688217,"simval2":13.8541298504012,"simval3":5.71374076925824,"myval1":11.498166321731269,"myval2":14.41785437278062,"myval3":6.209982250761753,"mychoice":1,"simchoice":2,"oraclechoice":2,"myA1":9.421045869452055,"myA2":7.769053329210857,"myA3":4.306991476562256,"myB1":2.7298002555514356,"myB2":8.738009761509788,"myB3":2.5009549619626537,"simA1":7.14630752336234,"simA2":8.22015926474705,"simA3":3.87473117792979,"simB1":5.1815532008186,"simB2":9.61756171425804,"simB3":3.13931142678484}