{"ppntid":8,"myBweight":0.4460395025088407,"simBweight":0.949040221050382,"simval1":10.9820040675951,"simval2":4.12151303754329,"simval3":6.35876318643453,"myval1":6.612233558444407,"myval2":3.1308395021324578,"myval3":5.5649395737343506,"mychoice":1,"simchoice":1,"oraclechoice":1,"myA1":2.3612288932907655,"myA2":0.6122638841552019,"myA3":5.342529318074671,"myB1":9.530556466956387,"myB2":5.646530416725448,"myB3":0.49863353897734886,"simA1":3.50641574244946,"simA2":0.692847419995815,"simA3":4.7204016125761,"simB1":7.87699842359871,"simB2":3.61277166288346,"simB3":1.72633523587137}