{"ppntid":6,"myBweight":0.8144530335140018,"simBweight":0.724405892658979,"simval1":12.1675936645779,"simval2":1.55701658809488,"simval3":7.60551667716618,"myval1":11.188049758470179,"myval2":16.22953275262512,"myval3":4.04724210700589,"mychoice":2,"simchoice":1,"oraclechoice":1,"myA1":7.117418805044238,"myA2":8.497472974350188,"myA3":1.3824939399835245,"myB1":4.9979934826480825,"myB2":9.493561273772338,"myB3":3.271825455085071,"simA1":5.9566758479923,"simA2":0.710090156644583,"simA3":5.26116543915123,"simB1":8.57380907516927,"simB2":1.16913244361058,"simB3":3.23623987846076}