{"ppntid":6,"myBweight":0.8731708479291095,"simBweight":0.724405892658979,"simval1":10.4287206621419,"simval2":9.25122113616341,"simval3":7.01429663783458,"myval1":14.249168792720873,"myval2":13.19371346955536,"myval3":11.22691382386254,"mychoice":1,"simchoice":1,"oraclechoice":1,"myA1":8.64104137772298,"myA2":7.635731438853616,"myA3":6.476692685232601,"myB1":6.422714899722813,"myB2":6.365285835966185,"myB3":5.440196669295581,"simA1":4.93442194536328,"simA2":3.72630221536383,"simA3":1.86676760902628,"simB1":7.58455828763545,"simB2":7.62682768981904,"simB3":7.10586299886927}