{"ppntid":3,"myBweight":0.5846558816522436,"simBweight":0.277374957920983,"simval1":8.33483577943992,"simval2":1.03437821899512,"simval3":6.15881733926149,"myval1":13.010905675595055,"myval2":2.7630472473762437,"myval3":6.597231263806521,"mychoice":1,"simchoice":1,"oraclechoice":1,"myA1":9.439792875052698,"myA2":1.7375702422109884,"myA3":4.7553041939870555,"myB1":6.108059309093676,"myB2":1.7539839029195203,"myB3":3.150446489333454,"simA1":5.9566758479923,"simA2":0.710090156644583,"simA3":5.26116543915123,"simB1":8.57380907516927,"simB2":1.16913244361058,"simB3":3.23623987846076}