{"ppntid":0,"myBweight":0.40725697612617434,"simBweight":0.585800305008888,"simval1":4.1973811316826,"simval2":6.45019663482405,"simval3":11.5149256174062,"myval1":5.394628365785332,"myval2":9.114271205974559,"myval3":11.986229619300108,"mychoice":3,"simchoice":3,"oraclechoice":3,"myA1":3.5978603944269216,"myA2":6.983156412929072,"myA3":8.851312937051418,"myB1":4.411877700535065,"myB2":5.232850308217274,"myB3":7.69763777177741,"simA1":1.02557973470539,"simA2":3.33464161725715,"simA3":6.13869413500652,"simB1":5.41447549592704,"simB2":5.31845919322222,"simB3":9.17758395895362}