{"ppntid":9,"myBweight":0.15709976914367993,"simBweight":0.073144469410181,"simval1":1.4216186719894,"simval2":3.72365749302509,"simval3":6.80998364415157,"myval1":7.313396674313641,"myval2":6.6005537561019665,"myval3":7.435697792932709,"mychoice":3,"simchoice":3,"oraclechoice":3,"myA1":6.82913941226105,"myA2":6.248875723759422,"myA3":6.464493032263818,"myB1":3.08248232758191,"myB2":2.2385649212565517,"myB3":6.1820890378307825,"simA1":1.02557973470539,"simA2":3.33464161725715,"simA3":6.13869413500652,"simB1":5.41447549592704,"simB2":5.31845919322222,"simB3":9.17758395895362}