{"ppntid":3,"myBweight":0.2032748833345932,"simBweight":0.277374957920983,"simval1":8.58354062440473,"simval2":10.8878300405418,"simval3":4.7454975528351,"myval1":6.231259139785727,"myval2":11.524624596461734,"myval3":8.997482356649215,"mychoice":2,"simchoice":2,"oraclechoice":2,"myA1":5.393457753446307,"myA2":9.779296281315686,"myA3":8.538823483405377,"myB1":4.12151945481817,"myB2":8.586050015206329,"myB3":2.2563479841672285,"simA1":7.14630752336234,"simA2":8.22015926474705,"simA3":3.87473117792979,"simB1":5.1815532008186,"simB2":9.61756171425804,"simB3":3.13931142678484}