{"ppntid":5,"myBweight":0.44570202616865207,"simBweight":0.260427771368995,"simval1":3.20613129083521,"simval2":6.49097106133833,"simval3":7.26352010771018,"myval1":2.01919921863739,"myval2":2.522714583924254,"myval3":3.329991508702654,"mychoice":3,"simchoice":3,"oraclechoice":3,"myA1":0.09449157908985706,"myA2":1.835502713386179,"myA3":1.116089215339211,"myB1":4.3183730980375445,"myB2":1.5418639139819312,"myB3":4.967225104167936,"simA1":1.06841044733301,"simA2":5.48331617377698,"simA3":5.79234702978283,"simB1":8.20849801180884,"simB2":3.86922977631912,"simB3":5.64906373154372}