{"ppntid":6,"myBweight":0.04061012528798766,"simBweight":0.724405892658979,"simval1":10.8998551951613,"simval2":15.187177643567,"simval3":6.1488668743844,"myval1":6.43941642084129,"myval2":9.296401511552776,"myval3":1.820039125999134,"mychoice":2,"simchoice":2,"oraclechoice":2,"myA1":6.213078807780974,"myA2":9.006917275144268,"myA3":1.6358121839723672,"myB1":5.573428091029959,"myB2":7.128375850988502,"myB3":4.53647805123272,"simA1":7.14630752336234,"simA2":8.22015926474705,"simA3":3.87473117792979,"simB1":5.1815532008186,"simB2":9.61756171425804,"simB3":3.13931142678484}