{"ppntid":9,"myBweight":0.5530433466390595,"simBweight":0.073144469410181,"simval1":3.29262930719993,"simval2":8.22939057442898,"simval3":1.45447994631488,"myval1":6.037720674362413,"myval2":9.642191195974751,"myval3":0.9229245718169694,"mychoice":2,"simchoice":2,"oraclechoice":2,"myA1":2.760638739021668,"myA2":7.3214350506375165,"myA3":0.02173284796430197,"myB1":5.925542645537898,"myB2":4.1963367960954105,"myB3":1.6295137249717695,"simA1":2.85226068925112,"simA2":7.94943025801331,"simA3":1.36154596460983,"simB1":6.02053198963404,"simB2":3.8274980825372,"simB3":1.27055377466604}