{"ppntid":5,"myBweight":0.3734871103280154,"simBweight":0.260427771368995,"simval1":4.42017441776726,"simval2":8.94621705356757,"simval3":1.69243345255057,"myval1":8.668399417745375,"myval2":10.138714726908976,"myval3":0.5399529340259053,"mychoice":2,"simchoice":1,"oraclechoice":2,"myA1":6.361778922882733,"myA2":8.31885304015702,"myA3":0.2820637637027179,"myB1":6.175903882832396,"myB2":4.87262247190716,"myB3":0.6904901486337667,"simA1":2.85226068925112,"simA2":7.94943025801331,"simA3":1.36154596460983,"simB1":6.02053198963404,"simB2":3.8274980825372,"simB3":1.27055377466604}