{"ppntid":5,"myBweight":0.7053334081486362,"simBweight":0.260427771368995,"simval1":2.4356595212417,"simval2":4.71971609206496,"simval3":8.52879187198865,"myval1":4.022272923256281,"myval2":6.980760867621734,"myval3":11.13358878525431,"mychoice":3,"simchoice":3,"oraclechoice":3,"myA1":3.1059839667447675,"myA2":6.010645549874349,"myA3":7.544671810162922,"myB1":1.299086284480122,"myB2":1.375399642977,"myB3":5.088256041226802,"simA1":1.02557973470539,"simA2":3.33464161725715,"simA3":6.13869413500652,"simB1":5.41447549592704,"simB2":5.31845919322222,"simB3":9.17758395895362}