{"ppntid":7,"myBweight":0.619662176689742,"simBweight":0.906092151300982,"simval1":13.7253369577563,"simval2":1.76943188763147,"simval3":8.19349699275177,"myval1":9.594042209089729,"myval2":4.020726022726472,"myval3":7.3899213801396595,"mychoice":1,"simchoice":1,"oraclechoice":1,"myA1":5.4393745354628305,"myA2":3.34996355501489,"myA3":4.636172374731857,"myB1":6.704730141544681,"myB2":1.082464757321191,"myB3":4.44395205806885,"simA1":5.9566758479923,"simA2":0.710090156644583,"simA3":5.26116543915123,"simB1":8.57380907516927,"simB2":1.16913244361058,"simB3":3.23623987846076}