{"ppntid":2,"myBweight":0.33572418550019273,"simBweight":0.293739611981437,"simval1":8.66833495003196,"simval2":11.0452181109007,"simval3":4.79687129832246,"myval1":8.755567735326338,"myval2":8.609386782799387,"myval3":4.842597132288002,"mychoice":1,"simchoice":2,"oraclechoice":2,"myA1":6.819363098592994,"myA2":5.815323235500323,"myA3":4.208715485277141,"myB1":5.767247998080949,"myB2":8.322497061497705,"myB3":1.8881024197480634,"simA1":7.14630752336234,"simA2":8.22015926474705,"simA3":3.87473117792979,"simB1":5.1815532008186,"simB2":9.61756171425804,"simB3":3.13931142678484}