{"ppntid":1,"myBweight":0.6580678538264286,"simBweight":0.00894579570740461,"simval1":1.14184199361129,"simval2":5.51792951290094,"simval3":5.84288239986333,"myval1":10.69617362349167,"myval2":9.470336972613744,"myval3":11.827578002283861,"mychoice":3,"simchoice":2,"oraclechoice":3,"myA1":4.511077285602836,"myA2":7.76623303691792,"myA3":7.035718207228703,"myB1":9.3988732346136,"myB2":2.5895565719964453,"myB3":7.281710795007248,"simA1":1.06841044733301,"simA2":5.48331617377698,"simA3":5.79234702978283,"simB1":8.20849801180884,"simB2":3.86922977631912,"simB3":5.64906373154372}