{"ppntid":8,"myBweight":0.27543367804870694,"simBweight":0.949040221050382,"simval1":8.56598769953431,"simval2":11.5818798843343,"simval3":2.56735259977529,"myval1":4.7024449613177985,"myval2":7.958843136209684,"myval3":0.17373907823360907,"mychoice":1,"simchoice":1,"oraclechoice":2,"myA1":2.681461370512932,"myA2":6.9691069983405125,"myA3":0.008710169514933863,"myB1":7.3374599835517635,"myB2":3.593373711163055,"myB3":0.5991602402720408,"simA1":2.85226068925112,"simA2":7.94943025801331,"simA3":1.36154596460983,"simB1":6.02053198963404,"simB2":3.8274980825372,"simB3":1.27055377466604}