{"ppntid":4,"myBweight":0.6992293967386416,"simBweight":0.813574214931577,"simval1":11.1050229998291,"simval2":9.93129256552677,"simval3":7.64791451974269,"myval1":6.091767257832521,"myval2":7.958711078331202,"myval3":5.691091161255811,"mychoice":2,"simchoice":3,"oraclechoice":1,"myA1":4.081348779881906,"myA2":2.9579739567171814,"myA3":0.38338000642049064,"myB1":2.8751915856622223,"myB2":7.151783298783703,"myB3":7.590800929697239,"simA1":4.93442194536328,"simA2":3.72630221536383,"simA3":1.86676760902628,"simB1":7.58455828763545,"simB2":7.62682768981904,"simB3":7.10586299886927}