{"ppntid":5,"myBweight":0.3274274962521326,"simBweight":0.260427771368995,"simval1":2.4356595212417,"simval2":4.71971609206496,"simval3":8.52879187198865,"myval1":5.527635688094879,"myval2":3.993543763204895,"myval3":9.03497084325138,"mychoice":2,"simchoice":3,"oraclechoice":3,"myA1":2.3535445288159607,"myA2":3.8008305768620576,"myA3":7.544671810162922,"myB1":9.694027519407648,"myB2":0.5885675105136579,"myB3":4.551539043443276,"simA1":1.02557973470539,"simA2":3.33464161725715,"simA3":6.13869413500652,"simB1":5.41447549592704,"simB2":5.31845919322222,"simB3":9.17758395895362}