{"ppntid":9,"myBweight":0.4239936678513063,"simBweight":0.073144469410181,"simval1":7.52530948295684,"simval2":8.92363071335613,"simval3":4.10435444655529,"myval1":9.478592435008029,"myval2":12.665146086683967,"myval3":1.976990736280766,"mychoice":2,"simchoice":2,"oraclechoice":2,"myA1":7.534895028476571,"myA2":9.041290474249799,"myA3":0.8598259938528652,"myB1":4.584260459316831,"myB2":8.54695691753832,"myB3":2.6348618555777303,"simA1":7.14630752336234,"simA2":8.22015926474705,"simA3":3.87473117792979,"simB1":5.1815532008186,"simB2":9.61756171425804,"simB3":3.13931142678484}