{"ppntid":1,"myBweight":0.17489362114722176,"simBweight":0.00894579570740461,"simval1":3.57688176113452,"simval2":0.72516653722947,"simval3":4.7358450549187,"myval1":4.376261462435227,"myval2":1.106855703795839,"myval3":6.668222943883743,"mychoice":3,"simchoice":1,"oraclechoice":3,"myA1":2.6850728606889573,"myA2":0.49478831502876686,"myA3":6.651365016075356,"myB1":9.669812944879578,"myB2":3.4996553033334865,"myB3":0.0963896092825256,"simA1":3.50641574244946,"simA2":0.692847419995815,"simA3":4.7204016125761,"simB1":7.87699842359871,"simB2":3.61277166288346,"simB3":1.72633523587137}