{"ppntid":3,"myBweight":0.6629555100882656,"simBweight":0.277374957920983,"simval1":3.34524223795296,"simval2":6.55654362017012,"simval3":7.35925584461272,"myval1":9.930455556069447,"myval2":10.583127822725128,"myval3":11.272660644288699,"mychoice":1,"simchoice":3,"oraclechoice":3,"myA1":5.461504567131621,"myA2":9.721590986271917,"myA3":8.922986470513077,"myB1":6.740951573572156,"myB2":1.2995394462269516,"myB3":3.5442411112365413,"simA1":1.06841044733301,"simA2":5.48331617377698,"simA3":5.79234702978283,"simB1":8.20849801180884,"simB2":3.86922977631912,"simB3":5.64906373154372}