{"ppntid":3,"myBweight":0.7413890763444206,"simBweight":0.277374957920983,"simval1":7.03818848124541,"simval2":5.84179322489798,"simval3":3.83775605932992,"myval1":14.70272263738141,"myval2":10.89617682109701,"myval3":4.523974027305849,"mychoice":1,"simchoice":2,"oraclechoice":1,"myA1":8.621449169978021,"myA2":5.238157349337889,"myA3":0.5490526635646908,"myB1":8.202539882821615,"myB2":7.631646664740748,"myB3":5.3614512144424475,"simA1":4.93442194536328,"simA2":3.72630221536383,"simA3":1.86676760902628,"simB1":7.58455828763545,"simB2":7.62682768981904,"simB3":7.10586299886927}