{"ppntid":9,"myBweight":0.4676211130854098,"simBweight":0.073144469410181,"simval1":4.08257461268842,"simval2":0.957101686377563,"simval3":4.84667348742801,"myval1":9.950640291198065,"myval2":3.5304499400307483,"myval3":7.705508836333547,"mychoice":1,"simchoice":3,"oraclechoice":3,"myA1":5.750962180828871,"myA2":2.275384417065809,"myA3":6.943551870760087,"myB1":8.980942033731768,"myB2":2.683936819456021,"myB3":1.6294323422353485,"simA1":3.50641574244946,"simA2":0.692847419995815,"simA3":4.7204016125761,"simB1":7.87699842359871,"simB2":3.61277166288346,"simB3":1.72633523587137}