{"ppntid":0,"myBweight":0.4060640340451751,"simBweight":0.585800305008888,"simval1":9.37745850361782,"simval2":8.19410020231006,"simval3":6.02938432111528,"myval1":9.68312651039994,"myval2":6.008531251244147,"myval3":3.4580340327246875,"mychoice":1,"simchoice":1,"oraclechoice":1,"myA1":6.712104437805464,"myA2":3.143511796435805,"myA3":0.5639987844695948,"myB1":7.316634381522073,"myB2":7.0555853624051945,"myB3":7.1270415639251805,"simA1":4.93442194536328,"simA2":3.72630221536383,"simA3":1.86676760902628,"simB1":7.58455828763545,"simB2":7.62682768981904,"simB3":7.10586299886927}