{"ppntid":1,"myBweight":0.44586030139804544,"simBweight":0.00894579570740461,"simval1":3.57688176113452,"simval2":0.72516653722947,"simval3":4.7358450549187,"myval1":6.575471072934699,"myval2":3.9424622291868388,"myval3":6.25631457000624,"mychoice":3,"simchoice":1,"oraclechoice":3,"myA1":3.411269776660273,"myA2":1.2587565074842688,"myA3":4.820133181684829,"myB1":7.096844653701426,"myB2":6.019162758575964,"myB3":3.221146587435799,"simA1":3.50641574244946,"simA2":0.692847419995815,"simA3":4.7204016125761,"simB1":7.87699842359871,"simB2":3.61277166288346,"simB3":1.72633523587137}