{"ppntid":8,"myBweight":0.6007177656651083,"simBweight":0.949040221050382,"simval1":8.56598769953431,"simval2":11.5818798843343,"simval3":2.56735259977529,"myval1":10.02703790496077,"myval2":13.969499330806062,"myval3":1.2381019816601242,"mychoice":2,"simchoice":1,"oraclechoice":2,"myA1":6.846403739646392,"myA2":8.06423505941887,"myA3":0.5629097935850691,"myB1":5.294722991574609,"myB2":9.830347309354083,"myB3":1.123975728148292,"simA1":2.85226068925112,"simA2":7.94943025801331,"simA3":1.36154596460983,"simB1":6.02053198963404,"simB2":3.8274980825372,"simB3":1.27055377466604}