{"ppntid":7,"myBweight":0.5927949987968634,"simBweight":0.906092151300982,"simval1":11.8412722101725,"simval2":16.9345564486891,"simval3":6.71923662222902,"myval1":12.220147024744506,"myval2":12.634149731169074,"myval3":5.565582138063239,"mychoice":2,"simchoice":2,"oraclechoice":2,"myA1":8.464251132204367,"myA2":6.823354580416046,"myA3":3.5676172934141337,"myB1":6.335910222189973,"myB2":9.802368715233122,"myB3":3.370414474994179,"simA1":7.14630752336234,"simA2":8.22015926474705,"simA3":3.87473117792979,"simB1":5.1815532008186,"simB2":9.61756171425804,"simB3":3.13931142678484}