{"ppntid":1,"myBweight":0.4549552697161301,"simBweight":0.00894579570740461,"simval1":7.19266063974391,"simval2":8.30619600704616,"simval3":3.90281481661573,"myval1":5.8727709146605145,"myval2":9.696891224464224,"myval3":0.6757892830075665,"mychoice":2,"simchoice":2,"oraclechoice":2,"myA1":2.926535931127703,"myA2":6.20308558018322,"myA3":0.04131845995863692,"myB1":6.475878354747091,"myB2":7.679448677363312,"myB3":1.3945784679993012,"simA1":7.14630752336234,"simA2":8.22015926474705,"simA3":3.87473117792979,"simB1":5.1815532008186,"simB2":9.61756171425804,"simB3":3.13931142678484}