{"ppntid":8,"myBweight":0.024189420388986513,"simBweight":0.949040221050382,"simval1":14.0935655079347,"simval2":1.81964386936594,"simval3":8.33248724877769,"myval1":6.43042156138706,"myval2":1.2279677375897655,"myval3":5.876808802981084,"mychoice":1,"simchoice":1,"oraclechoice":1,"myA1":6.266834057336248,"myA2":1.194906794756816,"myA3":5.7559983648086295,"myB1":6.762770724564129,"myB2":1.3667521710442565,"myB3":4.994350266757928,"simA1":5.9566758479923,"simA2":0.710090156644583,"simA3":5.26116543915123,"simB1":8.57380907516927,"simB2":1.16913244361058,"simB3":3.23623987846076}