{"ppntid":6,"myBweight":0.8295239586593489,"simBweight":0.724405892658979,"simval1":10.8998551951613,"simval2":15.187177643567,"simval3":6.1488668743844,"myval1":10.864022663059227,"myval2":17.22096777286507,"myval3":7.035272819124845,"mychoice":2,"simchoice":2,"oraclechoice":2,"myA1":5.764346937515128,"myA2":9.936361776094646,"myA3":4.118851883645258,"myB1":6.147713604060381,"myB2":8.781670403521051,"myB3":3.5157766150516223,"simA1":7.14630752336234,"simA2":8.22015926474705,"simA3":3.87473117792979,"simB1":5.1815532008186,"simB2":9.61756171425804,"simB3":3.13931142678484}