{"ppntid":5,"myBweight":0.5817736058217168,"simBweight":0.260427771368995,"simval1":0.438370071776921,"simval2":10.8207100125967,"simval3":8.10230344056892,"myval1":1.7469050768450278,"myval2":14.077215260082268,"myval3":10.587200170563522,"mychoice":2,"simchoice":2,"oraclechoice":2,"myA1":1.5809941045902032,"myA2":8.93824181958707,"myA3":8.832089179759704,"myB1":0.2851813327290542,"myB2":8.833287363108777,"myB3":3.0168281497144234,"simA1":0.0122929364442825,"simA2":8.57054706430063,"simA3":7.79470579931512,"simB1":1.63606643443927,"simB2":8.6402572831139,"simB3":1.1811245768331}