{"ppntid":4,"myBweight":0.7411580633785209,"simBweight":0.813574214931577,"simval1":12.8904310582093,"simval2":11.5147533647197,"simval3":7.85966544733658,"myval1":9.621793183214304,"myval2":8.215458833789349,"myval3":7.2662736809568464,"mychoice":1,"simchoice":2,"oraclechoice":1,"myA1":4.5669991887252355,"myA2":4.692994888946453,"myA3":4.627900499063444,"myB1":6.820129530058836,"myB2":4.752648751854595,"myB3":3.5597982566182296,"simA1":6.32742163492367,"simA2":6.24415603699163,"simA3":7.2123027429916,"simB1":8.06688474491239,"simB2":6.47832395741716,"simB3":0.795702091418207}