{"ppntid":8,"myBweight":0.3989589798119705,"simBweight":0.949040221050382,"simval1":14.0935655079347,"simval2":1.81964386936594,"simval3":8.33248724877769,"myval1":7.233141433740923,"myval2":9.480912673379628,"myval3":11.86309826371954,"mychoice":3,"simchoice":1,"oraclechoice":1,"myA1":5.171811318463348,"myA2":8.877587385805459,"myA3":9.693076185676041,"myB1":5.166772073282022,"myB2":1.5122489230810565,"myB3":5.439211016296039,"simA1":5.9566758479923,"simA2":0.710090156644583,"simA3":5.26116543915123,"simB1":8.57380907516927,"simB2":1.16913244361058,"simB3":3.23623987846076}