{"ppntid":2,"myBweight":0.4147234208632477,"simBweight":0.293739611981437,"simval1":7.16230715382391,"simval2":5.96660362162055,"simval3":3.95404104910739,"myval1":8.84363010018006,"myval2":8.98594640992519,"myval3":4.629837773748796,"mychoice":1,"simchoice":1,"oraclechoice":1,"myA1":8.815300412113434,"myA2":7.855934530723248,"myA3":4.085654199052047,"myB1":0.06830983407606572,"myB2":2.7247361068970233,"myB3":1.3121602188852277,"simA1":4.93442194536328,"simA2":3.72630221536383,"simA3":1.86676760902628,"simB1":7.58455828763545,"simB2":7.62682768981904,"simB3":7.10586299886927}