{"ppntid":2,"myBweight":0.5304786417218091,"simBweight":0.293739611981437,"simval1":8.66833495003196,"simval2":11.0452181109007,"simval3":4.79687129832246,"myval1":8.316406322384692,"myval2":11.371841663656154,"myval3":2.464706110894468,"mychoice":2,"simchoice":2,"oraclechoice":2,"myA1":5.0777605858016965,"myA2":6.851605404579719,"myA3":1.99975588819147,"myB1":6.1051387970514925,"myB2":8.521052316837505,"myB3":0.8764730304576984,"simA1":7.14630752336234,"simA2":8.22015926474705,"simA3":3.87473117792979,"simB1":5.1815532008186,"simB2":9.61756171425804,"simB3":3.13931142678484}