{"ppntid":0,"myBweight":0.6977107310685016,"simBweight":0.585800305008888,"simval1":4.0893619026317,"simval2":3.4916196347659,"simval3":6.61116911438578,"myval1":6.5898287173905254,"myval2":6.452906265187482,"myval3":9.024121742559455,"mychoice":3,"simchoice":2,"oraclechoice":3,"myA1":5.334560259513315,"myA2":4.523844618663033,"myA3":5.190944648703346,"myB1":1.7991244823694252,"myB2":2.7648444557678054,"myB3":5.493934553630602,"simA1":2.20709017245099,"simA2":1.57184537500143,"simA3":2.44585283799097,"simB1":3.21316276909783,"simB2":3.27718207612634,"simB3":7.11047133430839}