{"ppntid":1,"myBweight":0.25999080321857565,"simBweight":0.00894579570740461,"simval1":2.90611913848029,"simval2":7.98367027393017,"simval3":1.37291207911327,"myval1":6.86599679850772,"myval2":8.717727435518901,"myval3":0.9205980044905143,"mychoice":1,"simchoice":2,"oraclechoice":2,"myA1":5.806815364937263,"myA2":8.070325439630295,"myA3":0.5462866719851567,"myB1":4.073918848121709,"myB2":2.490095756750026,"myB3":1.4397098969330546,"simA1":2.85226068925112,"simA2":7.94943025801331,"simA3":1.36154596460983,"simB1":6.02053198963404,"simB2":3.8274980825372,"simB3":1.27055377466604}