{"ppntid":9,"myBweight":0.28144332979124304,"simBweight":0.073144469410181,"simval1":1.4216186719894,"simval2":3.72365749302509,"simval3":6.80998364415157,"myval1":3.10169656917524,"myval2":4.607360279157102,"myval3":10.082556096149439,"mychoice":3,"simchoice":3,"oraclechoice":3,"myA1":2.0944007066358727,"myA2":3.820947521318634,"myA3":7.843955580698799,"myB1":3.579036189226854,"myB2":2.7942135222098874,"myB3":7.954000960374845,"simA1":1.02557973470539,"simA2":3.33464161725715,"simA3":6.13869413500652,"simB1":5.41447549592704,"simB2":5.31845919322222,"simB3":9.17758395895362}