{"ppntid":6,"myBweight":0.16645508197266753,"simBweight":0.724405892658979,"simval1":4.5347242164579,"simval2":3.94585538226373,"simval3":7.59672017214672,"myval1":6.1921332879713855,"myval2":5.380657255909497,"myval3":7.7823628141584855,"mychoice":3,"simchoice":1,"oraclechoice":3,"myA1":5.405048930311896,"myA2":4.9410688720871025,"myA3":6.135890156721244,"myB1":4.728509026769945,"myB2":2.6408829253682775,"myB3":9.891393148979361,"simA1":2.20709017245099,"simA2":1.57184537500143,"simA3":2.44585283799097,"simB1":3.21316276909783,"simB2":3.27718207612634,"simB3":7.11047133430839}