{"ppntid":8,"myBweight":0.48786176805185383,"simBweight":0.949040221050382,"simval1":8.56598769953431,"simval2":11.5818798843343,"simval3":2.56735259977529,"myval1":8.302030539846045,"myval2":9.399639255394273,"myval3":3.0898446031177143,"mychoice":2,"simchoice":1,"oraclechoice":2,"myA1":4.423814877318801,"myA2":8.826804498272097,"myA3":2.7975372289522227,"myB1":7.949415011579751,"myB2":1.1741743146007133,"myB3":0.5991602402720408,"simA1":2.85226068925112,"simA2":7.94943025801331,"simA3":1.36154596460983,"simB1":6.02053198963404,"simB2":3.8274980825372,"simB3":1.27055377466604}