{"ppntid":2,"myBweight":0.4298519369087527,"simBweight":0.293739611981437,"simval1":2.61602566596199,"simval2":4.89688375701335,"simval3":8.83451408603661,"myval1":2.7521681508740254,"myval2":4.5185960734082675,"myval3":5.237210508816709,"mychoice":3,"simchoice":3,"oraclechoice":3,"myA1":0.3001432316323882,"myA2":2.294492863949036,"myA3":1.3988469525293068,"myB1":5.7043477269759135,"myB2":5.174114662489833,"myB3":8.929501595109004,"simA1":1.02557973470539,"simA2":3.33464161725715,"simA3":6.13869413500652,"simB1":5.41447549592704,"simB2":5.31845919322222,"simB3":9.17758395895362}