{"ppntid":0,"myBweight":0.4114231301891413,"simBweight":0.585800305008888,"simval1":8.12076382154812,"simval2":2.80921016204041,"simval3":5.73168932029714,"myval1":4.162382175412486,"myval2":2.998719125033184,"myval3":8.292020686521132,"mychoice":2,"simchoice":1,"oraclechoice":1,"myA1":2.05367488691633,"myA2":1.4849149089098512,"myA3":5.24934626847843,"myB1":5.1253979996864345,"myB2":3.6794339088990946,"myB3":7.395487017572179,"simA1":3.50641574244946,"simA2":0.692847419995815,"simA3":4.7204016125761,"simB1":7.87699842359871,"simB2":3.61277166288346,"simB3":1.72633523587137}