{"ppntid":5,"myBweight":0.4895377159235349,"simBweight":0.260427771368995,"simval1":2.4356595212417,"simval2":4.71971609206496,"simval3":8.52879187198865,"myval1":3.5351186558170236,"myval2":7.661295143320082,"myval3":12.548646825378448,"mychoice":3,"simchoice":3,"oraclechoice":3,"myA1":1.6020442281916636,"myA2":5.798420184668265,"myA3":9.871544999514668,"myB1":3.9487752725620506,"myB2":3.805375761778478,"myB3":5.46863242357804,"simA1":1.02557973470539,"simA2":3.33464161725715,"simA3":6.13869413500652,"simB1":5.41447549592704,"simB2":5.31845919322222,"simB3":9.17758395895362}