{"ppntid":5,"myBweight":0.6167566082896685,"simBweight":0.260427771368995,"simval1":2.4356595212417,"simval2":4.71971609206496,"simval3":8.52879187198865,"myval1":5.340448222761719,"myval2":7.062160480228245,"myval3":9.51320651028825,"mychoice":3,"simchoice":3,"oraclechoice":3,"myA1":4.960356567257009,"myA2":6.213873661382929,"myA3":7.544671810162922,"myB1":0.6162749622719788,"myB2":1.375399642977,"myB3":3.191752911386363,"simA1":1.02557973470539,"simA2":3.33464161725715,"simA3":6.13869413500652,"simB1":5.41447549592704,"simB2":5.31845919322222,"simB3":9.17758395895362}