{"ppntid":6,"myBweight":0.07860581907629069,"simBweight":0.724405892658979,"simval1":1.19746910233366,"simval2":14.829600354278,"simval3":8.65031940273736,"myval1":1.0443451198941542,"myval2":8.924924481182941,"myval3":9.31525768492853,"mychoice":3,"simchoice":1,"oraclechoice":2,"myA1":0.7394997263341141,"myA2":8.710653585973962,"myA3":9.029808780813507,"myB1":3.8781530062573766,"myB2":2.7258910056139607,"myB3":3.6313965997604014,"simA1":0.0122929364442825,"simA2":8.57054706430063,"simA3":7.79470579931512,"simB1":1.63606643443927,"simB2":8.6402572831139,"simB3":1.1811245768331}