{"ppntid":0,"myBweight":0.27824319481525744,"simBweight":0.585800305008888,"simval1":6.37909016509451,"simval2":10.1915798021845,"simval3":2.10583675333939,"myval1":6.097400829645856,"myval2":6.813029080455968,"myval3":2.850531514592576,"mychoice":1,"simchoice":1,"oraclechoice":2,"myA1":4.234888254414524,"myA2":6.08795496954378,"myA3":2.641753870749155,"myB1":6.6938297501506465,"myB2":2.6059006093342507,"myB3":0.7503423182803837,"simA1":2.85226068925112,"simA2":7.94943025801331,"simA3":1.36154596460983,"simB1":6.02053198963404,"simB2":3.8274980825372,"simB3":1.27055377466604}