{"ppntid":4,"myBweight":0.7864495065951835,"simBweight":0.813574214931577,"simval1":11.1050229998291,"simval2":9.93129256552677,"simval3":7.64791451974269,"myval1":13.599599049851228,"myval2":10.575526657246648,"myval3":6.583363663850514,"mychoice":1,"simchoice":3,"oraclechoice":1,"myA1":6.289728185490954,"myA2":9.380601348870982,"myA3":3.9887951845342062,"myB1":9.294774557119727,"myB2":1.5193922792944692,"myB3":3.299090987480058,"simA1":4.93442194536328,"simA2":3.72630221536383,"simA3":1.86676760902628,"simB1":7.58455828763545,"simB2":7.62682768981904,"simB3":7.10586299886927}