{"ppntid":0,"myBweight":0.8876660156388652,"simBweight":0.585800305008888,"simval1":4.0893619026317,"simval2":3.4916196347659,"simval3":6.61116911438578,"myval1":4.73535166130686,"myval2":5.482986995829491,"myval3":10.173383692409827,"mychoice":3,"simchoice":2,"oraclechoice":3,"myA1":1.855449896612309,"myA2":2.1716051616950938,"myA3":2.554982781436601,"myB1":3.2443528466298743,"myB2":3.7304366459846405,"myB3":8.582508259584728,"simA1":2.20709017245099,"simA2":1.57184537500143,"simA3":2.44585283799097,"simB1":3.21316276909783,"simB2":3.27718207612634,"simB3":7.11047133430839}