{"ppntid":20,"trialid":1,"Aweight":0.39174972652490064,"Bweight":1.803923889179884,"calc1":20.329820265754034,"calc2":8.923787433129608,"calc3":17.618102523943087,"ordA12":"<","ordA13":"<","ordA23":"=","ordB12":">","ordB13":"=","ordB23":"=","mychoice":3,"myA1":2.838363259797916,"myA2":12.243977137841284,"myA3":10.66067326348275,"myB1":8.654237079899758,"myB2":6.670136502943933,"myB3":7.255972435232252,"simA1":3.44733079895377,"simA2":7.7077340404503,"simA3":9.79625159176067,"simB1":8.48892743932083,"simB2":5.46544744865969,"simB3":6.53410605853423}