{"ppntid":0,"trialid":17,"Aweight":1,"Bweight":1.392169805476442,"calc1":5.864718029002681,"calc2":5.848191067534922,"calc3":17.123407099667382,"ordA12":">","ordA13":"<","ordA23":"<","ordB12":"=","ordB13":"=","ordB23":"=","mychoice":3,"myA1":8.616596778156236,"myA2":2.4435803666710854,"myA3":13.080456935567781,"myB1":1.8143134389538318,"myB2":1.801817233208567,"myB3":2.438622188055888,"simA1":4.6794927935116,"simA2":0.534360217861831,"simA3":9.70275462605059,"simB1":2.69487160025164,"simB2":5.3922648075968,"simB3":3.03585562389344}