{"ppntid":0,"trialid":16,"Aweight":1,"Bweight":3.3404669899027795,"calc1":7.179282744737459,"calc2":20.960481999250963,"calc3":20.086838288470553,"ordA12":"=","ordA13":"<","ordA23":"<","ordB12":"<","ordB13":"=","ordB23":"=","mychoice":2,"myA1":5.314733977429569,"myA2":3.675237474963069,"myA3":9.518344807438552,"myB1":0.599937925580889,"myB2":3.8029307301621884,"myB3":0.9420744411181659,"simA1":3.04651591461152,"simA2":1.87292299000546,"simA3":8.16750949015841,"simB1":2.7922795410268,"simB2":6.04821721091866,"simB3":3.38662295835093}