{"ppntid":0,"trialid":26,"Aweight":1,"Bweight":1.9485153548885137,"calc1":-1.8490546040824762,"calc2":6.619419299169853,"calc3":23.81339377820565,"ordA12":"<","ordA13":"<","ordA23":"=","ordB12":"=","ordB13":"<","ordB23":"<","mychoice":3,"myA1":1.6795664280653,"myA2":5.687880485784262,"myA3":6.619307161308825,"myB1":2.5803710182663053,"myB2":1.897034626454115,"myB3":12.423530977685004,"simA1":0.420730954501778,"simA2":6.03010574355721,"simA3":4.27703767083585,"simB1":3.55239363852888,"simB2":0.756021263077855,"simB3":9.52888637548313}