{"ppntid":0,"trialid":24,"Aweight":1,"Bweight":1.9485153548885137,"calc1":6.337780805290636,"calc2":18.783234909624376,"calc3":15.16029388902922,"ordA12":"<","ordA13":"=","ordA23":"=","ordB12":"<","ordB13":"<","ordB23":"=","mychoice":2,"myA1":6.4122276508715,"myA2":10.529962963191792,"myA3":8.54949179571122,"myB1":0.6877498864196241,"myB2":3.9932511979714036,"myB3":1.1163108819164336,"simA1":0.989329111762345,"simA2":9.16007667547092,"simA3":1.7497731372714,"simB1":1.85851399088278,"simB2":5.78722845995799,"simB3":5.71751862764359}