{"ppntid":0,"trialid":21,"Aweight":1,"Bweight":3.3404669899027795,"calc1":16.798821114307216,"calc2":10.082673255075173,"calc3":20.5305839189555,"ordA12":"<","ordA13":"<","ordA23":"=","ordB12":">","ordB13":"=","ordB23":"=","mychoice":3,"myA1":0.35665662959218025,"myA2":12.687049970263615,"myA3":12.192349475808442,"myB1":6.374036088818684,"myB2":3.101658158702776,"myB3":3.777376563521102,"simA1":3.40520124649629,"simA2":8.95440582418814,"simA3":8.64797518588603,"simB1":4.75207760930061,"simB2":0.761112046893686,"simB3":1.8724691378884}