{"ppntid":0,"trialid":29,"Aweight":1,"Bweight":3.3404669899027795,"calc1":16.59064951774478,"calc2":17.56643105470406,"calc3":5.216015038795127,"ordA12":"<","ordA13":"=","ordA23":">","ordB12":"=","ordB13":">","ordB23":"=","mychoice":2,"myA1":1.7144750047009438,"myA2":7.849441267317161,"myA3":1.635682963533327,"myB1":12.181368781020865,"myB2":10.387286797631532,"myB3":8.216108030173928,"simA1":3.14332489855587,"simA2":8.58726553386077,"simA3":0.351831594016403,"simB1":4.77481295354664,"simB2":3.7194332992658,"simB3":2.86561590852216}