{"ppntid":0,"trialid":5,"Aweight":1,"Bweight":2.4202889937441796,"calc1":24.147103009374497,"calc2":-1.3699568370062631,"calc3":19.618563580030386,"ordA12":">","ordA13":"=","ordA23":"<","ordB12":">","ordB13":"=","ordB23":"<","mychoice":1,"myA1":7.227882292354479,"myA2":1.2057530495803803,"myA3":10.019028988899663,"myB1":7.929063679184765,"myB2":0.5890445178374648,"myB3":5.220901941647753,"simA1":8.39378722943366,"simA2":0.737763438373804,"simA3":9.02796564158052,"simB1":9.07501752953976,"simB2":0.14604820869863,"simB3":7.71205921890214}