{"ppntid":0,"trialid":23,"Aweight":1,"Bweight":3.3404669899027795,"calc1":6.439547287248019,"calc2":26.69705660912099,"calc3":22.501720399169585,"ordA12":"<","ordA13":">","ordA23":"=","ordB12":"<","ordB13":"<","ordB23":"=","mychoice":2,"myA1":0.9165200719144195,"myA2":8.283159979619086,"myA3":5.622271921020001,"myB1":1.6129202884621918,"myB2":5.089994380250573,"myB3":5.705721240956336,"simA1":2.57789223222062,"simA2":8.64902123808861,"simA3":5.74169455328956,"simB1":0.0158312311396003,"simB2":7.22433473914862,"simB3":5.00715818023309}