{"ppntid":0,"trialid":18,"Aweight":1,"Bweight":3.3404669899027795,"calc1":19.869371345014386,"calc2":27.361102390231988,"calc3":46.976230253063456,"ordA12":"=","ordA13":"<","ordA23":"<","ordB12":"=","ordB13":"<","ordB23":"<","mychoice":3,"myA1":2.0562004193197936,"myA2":4.773837371030822,"myA3":9.162806061794981,"myB1":4.665828411234543,"myB2":6.3225064147263765,"myB3":12.176430872641504,"simA1":3.21668911725283,"simA2":4.34108043089509,"simA3":9.63302112417296,"simB1":4.08555867150426,"simB2":6.08102107653394,"simB3":9.77082550525665}