{"ppntid":0,"trialid":19,"Aweight":1,"Bweight":3.3404669899027795,"calc1":12.876967420767112,"calc2":18.38486192201963,"calc3":24.686631012889848,"ordA12":"=","ordA13":"=","ordA23":"=","ordB12":"=","ordB13":"=","ordB23":"<","mychoice":3,"myA1":6.058486474212259,"myA2":5.91238968889229,"myA3":7.764173489995301,"myB1":6.015318108256906,"myB2":4.847453632391989,"myB3":8.19251514854841,"simA1":5.0472562527284,"simA2":5.22066032979637,"simA3":5.31262512784451,"simB1":2.9207472759299,"simB2":4.4082949613221,"simB3":6.50717998389155}