{"ppntid":0,"trialid":8,"Aweight":1,"Bweight":1.392169805476442,"calc1":11.538671705070218,"calc2":4.985100258404328,"calc3":5.265444585296949,"ordA12":">","ordA13":">","ordA23":"=","ordB12":"=","ordB13":">","ordB23":"=","mychoice":1,"myA1":8.471971191465855,"myA2":2.913856403902173,"myA3":4.825046769110486,"myB1":12.340052223298699,"myB2":9.350593927083537,"myB3":2.496928470209241,"simA1":8.91313169384375,"simA2":2.29380517965183,"simA3":1.85019911266863,"simB1":4.43676650989801,"simB2":2.41301263449714,"simB3":0.557394896168262}