{"ppntid":0,"trialid":22,"Aweight":1,"Bweight":1.9485153548885137,"calc1":29.215983922421277,"calc2":11.561602555249916,"calc3":11.347659899927999,"ordA12":"=","ordA13":"=","ordA23":"=","ordB12":">","ordB13":">","ordB23":"=","mychoice":1,"myA1":9.778653719695285,"myA2":9.37991860206239,"myA3":8.473394305910915,"myB1":13.072538967244327,"myB2":3.4862183046061546,"myB3":1.5284386882558465,"simA1":8.1287957704626,"simA2":6.10309598734602,"simA3":7.31510496931151,"simB1":9.6102004032582,"simB2":2.80141149647534,"simB3":5.45359223382547}