{"ppntid":0,"trialid":4,"Aweight":1,"Bweight":2.7745667193084955,"calc1":24.477008061670258,"calc2":28.64102348207326,"calc3":28.180622827467417,"ordA12":"=","ordA13":"=","ordA23":"=","ordB12":"=","ordB13":"=","ordB23":"=","mychoice":2,"myA1":5.069447422865778,"myA2":3.89576694695279,"myA3":5.237395808799192,"myB1":10.078738873125985,"myB2":12.025865897303447,"myB3":10.330968193011358,"simA1":1.58158730249852,"simA2":3.06550125358626,"simA3":4.93618091568351,"simB1":8.18738446105272,"simB2":9.55175729002804,"simB3":9.60501343011856}