{"ppntid":0,"trialid":22,"Aweight":1,"Bweight":1.9485153548885137,"calc1":24.731746039045923,"calc2":8.209670251378187,"calc3":14.747650177208826,"ordA12":"=","ordA13":"=","ordA23":"=","ordB12":">","ordB13":">","ordB23":"=","mychoice":1,"myA1":14.2733240139205,"myA2":12.451419682474807,"myA3":14.092642535688356,"myB1":5.7461335498373955,"myB2":1.1352261167485267,"myB3":0.5781354673672467,"simA1":8.1287957704626,"simA2":6.10309598734602,"simA3":7.31510496931151,"simB1":9.6102004032582,"simB2":2.80141149647534,"simB3":5.45359223382547}