{"ppntid":0,"trialid":16,"Aweight":1,"Bweight":3.3404669899027795,"calc1":8.675416916496912,"calc2":22.54085528774991,"calc3":19.968154013429768,"ordA12":"=","ordA13":"<","ordA23":"<","ordB12":"<","ordB13":"=","ordB23":"=","mychoice":3,"myA1":5.016319780843332,"myA2":4.558666268130764,"myA3":9.555718166520819,"myB1":0.7275215559639037,"myB2":4.498535867314786,"myB3":3.5815859120339155,"simA1":3.04651591461152,"simA2":1.87292299000546,"simA3":8.16750949015841,"simB1":2.7922795410268,"simB2":6.04821721091866,"simB3":3.38662295835093}