{"ppntid":0,"trialid":26,"Aweight":1,"Bweight":1.9485153548885137,"calc1":6.856418458515953,"calc2":13.08822202687757,"calc3":20.579710796241955,"ordA12":"<","ordA13":"=","ordA23":"=","ordB12":"=","ordB13":"<","ordB23":"<","mychoice":3,"myA1":8.898086413973942,"myA2":10.837666061706841,"myA3":10.985501997638494,"myB1":1.3060823280829936,"myB2":1.4152866799850017,"myB3":4.532379135489464,"simA1":0.420730954501778,"simA2":6.03010574355721,"simA3":4.27703767083585,"simB1":3.55239363852888,"simB2":0.756021263077855,"simB3":9.52888637548313}