{"ppntid":0,"trialid":12,"Aweight":1,"Bweight":3.3404669899027795,"calc1":31.38248467637985,"calc2":36.27621298812654,"calc3":6.48428895061076,"ordA12":"=","ordA13":"=","ordA23":">","ordB12":"<","ordB13":">","ordB23":">","mychoice":2,"myA1":7.116183286998421,"myA2":7.794976778095588,"myA3":4.278447073884308,"myB1":5.877287888433784,"myB2":10.106671547982842,"myB3":2.8213665971998125,"simA1":3.20852837292477,"simA2":5.95825222786516,"simA3":2.49748300760984,"simB1":9.51917973579839,"simB2":9.62475342443213,"simB3":2.62047795113176}