{"ppntid":0,"trialid":24,"Aweight":1,"Bweight":3.3404669899027795,"calc1":6.197856073499597,"calc2":29.587791017742518,"calc3":20.64451711899408,"ordA12":"<","ordA13":"=","ordA23":">","ordB12":"<","ordB13":"<","ordB23":"=","mychoice":2,"myA1":1.9857552694156766,"myA2":12.451681159436703,"myA3":0.13900549965910614,"myB1":0.5276666977442801,"myB2":5.807462161174044,"myB3":5.7701033691409975,"simA1":0.989329111762345,"simA2":9.16007667547092,"simA3":1.7497731372714,"simB1":1.85851399088278,"simB2":5.78722845995799,"simB3":5.71751862764359}