{"ppntid":0,"trialid":26,"Aweight":1,"Bweight":1.392169805476442,"calc1":-0.44867032874184165,"calc2":5.519043306642924,"calc3":17.359300537804298,"ordA12":"<","ordA13":"<","ordA23":"=","ordB12":"=","ordB13":"<","ordB23":"<","mychoice":3,"myA1":3.6644284974317998,"myA2":6.845459042815492,"myA3":8.247833928326145,"myB1":1.99737633112818,"myB2":2.824529833160341,"myB3":6.119548111455515,"simA1":0.420730954501778,"simA2":6.03010574355721,"simA3":4.27703767083585,"simB1":3.55239363852888,"simB2":0.756021263077855,"simB3":9.52888637548313}