{"ppntid":0,"trialid":13,"Aweight":1,"Bweight":4.904966147150844,"calc1":47.26158862669688,"calc2":18.130908474115753,"calc3":58.52437562051583,"ordA12":"<","ordA13":"<","ordA23":">","ordB12":"=","ordB13":"=","ordB23":"<","mychoice":3,"myA1":2.358812877209857,"myA2":5.953758872346953,"myA3":1.0633782937657088,"myB1":8.984654751839116,"myB2":6.968638479011133,"myB3":11.178649611538276,"simA1":1.86005981639028,"simA2":8.42553070746362,"simA3":8.11919365543872,"simB1":9.17810374870896,"simB2":1.51240932522342,"simB3":9.96909169945866}