{"ppntid":0,"trialid":29,"Aweight":1,"Bweight":3.3404669899027795,"calc1":29.482489192929233,"calc2":17.87933573591636,"calc3":6.252130225777327,"ordA12":"<","ordA13":"=","ordA23":">","ordB12":"=","ordB13":"=","ordB23":"=","mychoice":1,"myA1":3.9878165849950165,"myA2":8.951183140743524,"myA3":2.3529528512153774,"myB1":6.798381661064923,"myB2":4.36536337598227,"myB3":4.687607669038698,"simA1":3.14332489855587,"simA2":8.58726553386077,"simA3":0.351831594016403,"simB1":4.77481295354664,"simB2":3.7194332992658,"simB3":2.86561590852216}