{"ppntid":0,"trialid":22,"Aweight":1,"Bweight":1.392169805476442,"calc1":20.023815254792137,"calc2":0.8900716815338647,"calc3":9.217153732082574,"ordA12":"=","ordA13":"=","ordA23":"=","ordB12":">","ordB13":">","ordB23":"=","mychoice":1,"myA1":6.041909992927685,"myA2":6.768621968803927,"myA3":4.069403889589012,"myB1":8.16830946248956,"myB2":0.09070864878594875,"myB3":0.6666917726397514,"simA1":8.1287957704626,"simA2":6.10309598734602,"simA3":7.31510496931151,"simB1":9.6102004032582,"simB2":2.80141149647534,"simB3":5.45359223382547}