{"ppntid":0,"trialid":22,"Aweight":1,"Bweight":1.9485153548885137,"calc1":24.138143445803067,"calc2":20.04791710335195,"calc3":7.462647247832477,"ordA12":"=","ordA13":"=","ordA23":"=","ordB12":">","ordB13":">","ordB23":"=","mychoice":1,"myA1":8.189438438275829,"myA2":7.440416923491284,"myA3":8.718882825924084,"myB1":11.804655601736158,"myB2":3.7298015656415373,"myB3":1.9046819361392409,"simA1":8.1287957704626,"simA2":6.10309598734602,"simA3":7.31510496931151,"simB1":9.6102004032582,"simB2":2.80141149647534,"simB3":5.45359223382547}