{"ppntid":0,"trialid":3,"Aweight":1,"Bweight":1.9485153548885137,"calc1":10.417163375537509,"calc2":19.897913958562683,"calc3":4.672406038446374,"ordA12":"=","ordA13":"<","ordA23":"=","ordB12":"=","ordB13":"=","ordB23":">","mychoice":2,"myA1":1.6315089154522866,"myA2":2.4243054224643856,"myA3":5.413985486375168,"myB1":8.209844963857904,"myB2":11.193138447124511,"myB3":8.122377673862502,"simA1":3.1719257379882,"simA2":0.18154481658712,"simA3":6.33394056931138,"simB1":3.16195522435009,"simB2":6.95029358845204,"simB3":1.01433182833716}