{"ppntid":0,"trialid":7,"Aweight":1,"Bweight":3.3404669899027795,"calc1":28.916681411866197,"calc2":28.826222150705476,"calc3":26.47910471733071,"ordA12":"=","ordA13":">","ordA23":">","ordB12":"=","ordB13":"=","ordB23":"=","mychoice":2,"myA1":13.365185869624838,"myA2":13.609199248021469,"myA3":2.2552212013397366,"myB1":4.7184488258790225,"myB2":5.622728870948777,"myB3":7.504019635962322,"simA1":9.74268093239516,"simA2":7.87472704425454,"simA3":1.78666759980842,"simB1":6.90122544532642,"simB2":7.15154525591061,"simB3":9.34879306936637}