{"ppntid":0,"trialid":1,"Aweight":1,"Bweight":1.6162540158256888,"calc1":9.934488370004926,"calc2":14.498460739704559,"calc3":14.796836314948198,"ordA12":">","ordA13":"<","ordA23":"=","ordB12":">","ordB13":"=","ordB23":"<","mychoice":1,"myA1":6.67909219278954,"myA2":3.024921021424234,"myA3":3.2246033067349344,"myB1":9.760476211085916,"myB2":1.533485302934423,"myB3":7.452395452419296,"simA1":1.95723988814279,"simA2":8.72834477107972,"simA3":6.29885389935225,"simB1":6.00115596316755,"simB2":2.16901220846921,"simB3":5.718498819042}