{"ppntid":0,"trialid":10,"Aweight":1,"Bweight":1.9485153548885137,"calc1":8.685093053633096,"calc2":16.28398911249309,"calc3":26.962557043894172,"ordA12":"=","ordA13":"<","ordA23":"<","ordB12":"<","ordB13":"<","ordB23":"<","mychoice":3,"myA1":6.550359494285658,"myA2":9.036402313504368,"myA3":13.411887731635943,"myB1":2.2591970313806087,"myB2":6.591080997604877,"myB3":9.658136805519462,"simA1":4.34119588462636,"simA2":2.31800572248176,"simA3":8.05309789255261,"simB1":2.52373051131144,"simB2":6.41027750447392,"simB3":9.69243492698297}