{"ppntid":0,"trialid":3,"Aweight":1,"Bweight":3.3404669899027795,"calc1":12.696061266696134,"calc2":31.2900714363646,"calc3":5.20320924660185,"ordA12":"<","ordA13":"<","ordA23":"<","ordB12":"<","ordB13":"=","ordB23":">","mychoice":2,"myA1":1.9705943518783897,"myA2":5.517964723985642,"myA3":9.753831548150629,"myB1":3.9000700903125107,"myB2":11.647056830115616,"myB3":1.0439392912667245,"simA1":3.1719257379882,"simA2":0.18154481658712,"simA3":6.33394056931138,"simB1":3.16195522435009,"simB2":6.95029358845204,"simB3":1.01433182833716}