{"ppntid":0,"trialid":10,"Aweight":1,"Bweight":3.3404669899027795,"calc1":12.253894927711398,"calc2":22.993877890030735,"calc3":37.65148339613839,"ordA12":"=","ordA13":">","ordA23":"=","ordB12":"<","ordB13":"<","ordB23":"<","mychoice":3,"myA1":13.563028501812369,"myA2":13.923731337999925,"myA3":1.0182598989922553,"myB1":0.24059631046839058,"myB2":6.254874584265053,"myB3":14.160863966681063,"simA1":4.34119588462636,"simA2":2.31800572248176,"simA3":8.05309789255261,"simB1":2.52373051131144,"simB2":6.41027750447392,"simB3":9.69243492698297}