{"ppntid":0,"trialid":10,"Aweight":1,"Bweight":4.0989526733756065,"calc1":12.257562517971785,"calc2":30.073048540130387,"calc3":46.57180393330849,"ordA12":"<","ordA13":"<","ordA23":">","ordB12":"<","ordB13":"<","ordB23":"<","mychoice":3,"myA1":1.6327499889302999,"myA2":9.752372426446527,"myA3":5.146812892053276,"myB1":1.1708053154870868,"myB2":4.776887845946476,"myB3":12.075639056274667,"simA1":4.34119588462636,"simA2":2.31800572248176,"simA3":8.05309789255261,"simB1":2.52373051131144,"simB2":6.41027750447392,"simB3":9.69243492698297}