{"ppntid":0,"trialid":3,"Aweight":1,"Bweight":4.03079615556635,"calc1":15.490449092531458,"calc2":38.4277585861879,"calc3":17.575035971763295,"ordA12":"=","ordA13":"=","ordA23":"<","ordB12":"<","ordB13":"=","ordB23":">","mychoice":2,"myA1":10.930313249118626,"myA2":13.548121789935976,"myA3":11.24928500619717,"myB1":1.0972259764093906,"myB2":6.812283501494676,"myB3":1.7200022551696748,"simA1":3.1719257379882,"simA2":0.18154481658712,"simA3":6.33394056931138,"simB1":3.16195522435009,"simB2":6.95029358845204,"simB3":1.01433182833716}