{"ppntid":0,"trialid":23,"Aweight":1,"Bweight":3.3404669899027795,"calc1":12.096685165185567,"calc2":35.994173159309035,"calc3":23.485575144308353,"ordA12":"<","ordA13":"<","ordA23":"=","ordB12":"<","ordB13":"<","ordB23":"=","mychoice":2,"myA1":1.1618808831553906,"myA2":10.125000133411959,"myA3":8.111957553774118,"myB1":3.5068318946287036,"myB2":7.844845169456676,"myB3":6.827085313852876,"simA1":2.57789223222062,"simA2":8.64902123808861,"simA3":5.74169455328956,"simB1":0.0158312311396003,"simB2":7.22433473914862,"simB3":5.00715818023309}