{"ppntid":0,"trialid":18,"Aweight":1,"Bweight":3.3404669899027795,"calc1":22.536014498628816,"calc2":21.45658178956721,"calc3":43.34310271464212,"ordA12":"=","ordA13":"<","ordA23":"<","ordB12":"=","ordB13":"<","ordB23":"<","mychoice":3,"myA1":6.649061415810138,"myA2":5.7430806825868785,"myA3":12.831356608076021,"myB1":4.784232631791383,"myB2":4.92534679826349,"myB3":8.92452058964409,"simA1":3.21668911725283,"simA2":4.34108043089509,"simA3":9.63302112417296,"simB1":4.08555867150426,"simB2":6.08102107653394,"simB3":9.77082550525665}