{"ppntid":0,"trialid":5,"Aweight":1,"Bweight":1.9485153548885137,"calc1":25.041821953289624,"calc2":0.3075486303192374,"calc3":27.33906654336996,"ordA12":">","ordA13":"=","ordA23":"<","ordB12":">","ordB13":"=","ordB23":"<","mychoice":3,"myA1":10.931598414899781,"myA2":0.8744653221219778,"myA3":9.397104751551524,"myB1":9.350452803773805,"myB2":1.716812860686332,"myB3":11.693963496945798,"simA1":8.39378722943366,"simA2":0.737763438373804,"simA3":9.02796564158052,"simB1":9.07501752953976,"simB2":0.14604820869863,"simB3":7.71205921890214}