{"ppntid":0,"trialid":16,"Aweight":1,"Bweight":3.3404669899027795,"calc1":15.022294805208071,"calc2":16.92822668251158,"calc3":17.372215388464205,"ordA12":"=","ordA13":"<","ordA23":"<","ordB12":"=","ordB13":"=","ordB23":"=","mychoice":3,"myA1":3.093181442236528,"myA2":2.197687412844971,"myA3":11.23918496654369,"myB1":4.371097086695954,"myB2":2.870407293085009,"myB3":2.323383194161579,"simA1":3.04651591461152,"simA2":1.87292299000546,"simA3":8.16750949015841,"simB1":2.7922795410268,"simB2":6.04821721091866,"simB3":3.38662295835093}