{"ppntid":0,"trialid":9,"Aweight":1,"Bweight":3.3404669899027795,"calc1":-0.7274994217219906,"calc2":33.52629708668819,"calc3":-1.8530213404404048,"ordA12":"=","ordA13":"<","ordA23":"<","ordB12":"<","ordB13":">","ordB23":">","mychoice":2,"myA1":4.5034330256748945,"myA2":4.597104202257469,"myA3":10.843638789374381,"myB1":3.4936966106761247,"myB2":9.81127492734231,"myB3":0.06294976570643485,"simA1":1.3156188535504,"simA2":0.961971294600517,"simA3":7.0756730157882,"simB1":0.283582140691578,"simB2":9.57877810113132,"simB3":0.423672434408218}