{"ppntid":0,"trialid":9,"Aweight":1,"Bweight":1.9485153548885137,"calc1":3.4204554481947986,"calc2":18.143529000213356,"calc3":9.765624911052177,"ordA12":"=","ordA13":"=","ordA23":"<","ordB12":"<","ordB13":"=","ordB23":">","mychoice":2,"myA1":12.226819389034063,"myA2":10.40560302673839,"myA3":14.129893627250567,"myB1":2.983226445503533,"myB2":7.67329630907625,"myB3":1.2923797639086843,"simA1":1.3156188535504,"simA2":0.961971294600517,"simA3":7.0756730157882,"simB1":0.283582140691578,"simB2":9.57877810113132,"simB3":0.423672434408218}