{"ppntid":0,"trialid":20,"Aweight":1,"Bweight":3.3404669899027795,"calc1":17.216010920231653,"calc2":26.881595620952048,"calc3":15.11492689564174,"ordA12":"=","ordA13":">","ordA23":">","ordB12":"<","ordB13":"<","ordB23":"=","mychoice":2,"myA1":7.691660028649494,"myA2":8.484971869038418,"myA3":3.0800726206507534,"myB1":1.8656094709876925,"myB2":6.850210181437433,"myB3":5.730570339364931,"simA1":6.35498477844521,"simA2":4.84276535455137,"simA3":1.61378592019901,"simB1":0.103883419651538,"simB2":7.14141314383596,"simB3":5.34827178344131}