{"ppntid":0,"trialid":6,"Aweight":1,"Bweight":1.9485153548885137,"calc1":20.09715841077535,"calc2":9.629003926153914,"calc3":16.940389451939797,"ordA12":">","ordA13":">","ordA23":"=","ordB12":"=","ordB13":"<","ordB23":"=","mychoice":1,"myA1":12.040398133685812,"myA2":6.105770186986774,"myA3":7.987822860013694,"myB1":4.420590901281685,"myB2":1.6472878935746849,"myB3":4.567060995614156,"simA1":8.37697070091963,"simA2":2.72995244478807,"simA3":1.56540370546281,"simB1":2.63156997738406,"simB2":3.75615949742496,"simB3":6.70366015750915}