{"ppntid":0,"trialid":20,"Aweight":1,"Bweight":0.8864661282859743,"calc1":6.025647874647466,"calc2":11.016525689035133,"calc3":6.829799586059913,"ordA12":"=","ordA13":">","ordA23":">","ordB12":"<","ordB13":"<","ordB23":"=","mychoice":2,"myA1":8.645144366892055,"myA2":9.363016665447503,"myA3":2.4639773438684642,"myB1":2.220236761495471,"myB2":5.4374549828935415,"myB3":6.759058297611773,"simA1":6.35498477844521,"simA2":4.84276535455137,"simA3":1.61378592019901,"simB1":0.103883419651538,"simB2":7.14141314383596,"simB3":5.34827178344131}