{"ppntid":0,"trialid":12,"Aweight":1,"Bweight":3.3404669899027795,"calc1":31.38248467637985,"calc2":36.27621298812654,"calc3":6.48428895061076,"ordA12":"=","ordA13":"=","ordA23":">","ordB12":"<","ordB13":">","ordB23":">","mychoice":2,"myA1":4.496080696117133,"myA2":3.3706604002509266,"myA3":1.661529578268528,"myB1":6.122733688680455,"myB2":11.599991658004,"myB3":1.2661775015294552,"simA1":3.20852837292477,"simA2":5.95825222786516,"simA3":2.49748300760984,"simB1":9.51917973579839,"simB2":9.62475342443213,"simB3":2.62047795113176}