{"ppntid":0,"trialid":18,"Aweight":1,"Bweight":1.392169805476442,"calc1":11.686623633292974,"calc2":7.92211426340633,"calc3":23.74818501541103,"ordA12":"=","ordA13":"<","ordA23":"<","ordB12":"=","ordB13":"<","ordB23":"<","mychoice":3,"myA1":1.9604668789543211,"myA2":1.9590297108516097,"myA3":9.080226849764585,"myB1":1.98935734690167,"myB2":2.224298967048526,"myB3":10.375208234181628,"simA1":3.21668911725283,"simA2":4.34108043089509,"simA3":9.63302112417296,"simB1":4.08555867150426,"simB2":6.08102107653394,"simB3":9.77082550525665}