{"ppntid":0,"trialid":10,"Aweight":1,"Bweight":2.2526769584510475,"calc1":11.952332731600062,"calc2":17.799536991781125,"calc3":28.4154911025513,"ordA12":">","ordA13":"<","ordA23":"<","ordB12":">","ordB13":"<","ordB23":"<","mychoice":3,"myA1":4.609293857356533,"myA2":1.2339615623932332,"myA3":9.158688497263938,"myB1":6.752045749453828,"myB2":2.9403292830102146,"myB3":10.240361796459183,"simA1":4.34119588462636,"simA2":2.31800572248176,"simA3":8.05309789255261,"simB1":2.52373051131144,"simB2":6.41027750447392,"simB3":9.69243492698297}