{"ppntid":0,"trialid":13,"Aweight":1,"Bweight":1.392169805476442,"calc1":14.21242007373004,"calc2":6.330429728772165,"calc3":20.43017308443249,"ordA12":"<","ordA13":"<","ordA23":"=","ordB12":">","ordB13":"=","ordB23":"<","mychoice":3,"myA1":0.02711238688789308,"myA2":11.095656986581162,"myA3":9.852597262943164,"myB1":13.000418519368395,"myB2":8.759642215445638,"myB3":13.22082441067323,"simA1":1.86005981639028,"simA2":8.42553070746362,"simA3":8.11919365543872,"simB1":9.17810374870896,"simB2":1.51240932522342,"simB3":9.96909169945866}