{"ppntid":0,"trialid":4,"Aweight":1,"Bweight":3.3404669899027795,"calc1":34.721237009126014,"calc2":37.03534473443847,"calc3":33.12498307454574,"ordA12":"=","ordA13":">","ordA23":"=","ordB12":"=","ordB13":"=","ordB23":"=","mychoice":1,"myA1":10.838805438252166,"myA2":4.744988896418363,"myA3":5.823586396872997,"myB1":7.820978021482006,"myB2":9.378709428710863,"myB3":6.59605530789122,"simA1":1.58158730249852,"simA2":3.06550125358626,"simA3":4.93618091568351,"simB1":8.18738446105272,"simB2":9.55175729002804,"simB3":9.60501343011856}