{"ppntid":0,"trialid":28,"Aweight":1,"Bweight":3.3404669899027795,"calc1":19.454302047533897,"calc2":11.615347109659673,"calc3":17.290631638629943,"ordA12":">","ordA13":">","ordA23":">","ordB12":"=","ordB13":"<","ordB23":"=","mychoice":3,"myA1":7.271994953043759,"myA2":3.0573950707912445,"myA3":0.051910855108872056,"myB1":4.292562125483528,"myB2":5.809706698637456,"myB3":7.439198058564216,"simA1":9.4170446950011,"simA2":5.04811249440536,"simA3":0.612245274242014,"simB1":3.73225670075044,"simB2":2.78762091649696,"simB3":4.20625507831573}