{"ppntid":0,"trialid":25,"Aweight":1,"Bweight":3.3404669899027795,"calc1":42.00995317823859,"calc2":23.939963534468372,"calc3":5.766999054306027,"ordA12":">","ordA13":">","ordA23":"=","ordB12":"=","ordB13":">","ordB23":">","mychoice":1,"myA1":7.853665428701788,"myA2":4.12524733459577,"myA3":4.551843398949131,"myB1":9.547253418713808,"myB2":7.047838167054579,"myB3":1.4723599457647651,"simA1":9.9918304849416,"simA2":2.31992638204247,"simA3":1.71494130510837,"simB1":9.41250982927158,"simB2":6.62222635699436,"simB3":1.64602370932698}