{"ppntid":0,"trialid":19,"Aweight":1,"Bweight":1.9485153548885137,"calc1":8.819479484389344,"calc2":8.114398647065538,"calc3":16.662405206700676,"ordA12":"=","ordA13":"=","ordA23":"=","ordB12":"=","ordB13":"<","ordB23":"=","mychoice":3,"myA1":7.0770894340239465,"myA2":8.578649702249095,"myA3":9.545491797616705,"myB1":3.0602989287581295,"myB2":3.0369862471707165,"myB3":8.286387159023434,"simA1":5.0472562527284,"simA2":5.22066032979637,"simA3":5.31262512784451,"simB1":2.9207472759299,"simB2":4.4082949613221,"simB3":6.50717998389155}