{"ppntid":0,"trialid":3,"Aweight":1,"Bweight":3.3404669899027795,"calc1":12.696061266696134,"calc2":24.286157405356875,"calc3":14.64158793270213,"ordA12":"=","ordA13":"<","ordA23":"<","ordB12":"<","ordB13":"=","ordB23":">","mychoice":2,"myA1":5.591442586155608,"myA2":5.375316973077133,"myA3":12.98432597774081,"myB1":0.6965875765308738,"myB2":5.613810990471393,"myB3":1.5620331570971757,"simA1":3.1719257379882,"simA2":0.18154481658712,"simA3":6.33394056931138,"simB1":3.16195522435009,"simB2":6.95029358845204,"simB3":1.01433182833716}