{"ppntid":0,"trialid":15,"Aweight":1,"Bweight":1.9485153548885137,"calc1":23.078127416369036,"calc2":18.841462387112877,"calc3":6.383748301458822,"ordA12":"=","ordA13":">","ordA23":">","ordB12":">","ordB13":">","ordB23":"=","mychoice":1,"myA1":10.911192940548062,"myA2":11.320182618219405,"myA3":4.03489432297647,"myB1":5.507093112682924,"myB2":2.5037821603473276,"myB3":0.6006628135219216,"simA1":3.68415320757776,"simA2":4.64447123464197,"simA3":0.0986176868900657,"simB1":7.97461394220591,"simB2":4.65023029595613,"simB3":3.52380316471681}