{"ppntid":0,"trialid":8,"Aweight":1,"Bweight":4.368640212342143,"calc1":26.322734699963238,"calc2":10.864500965446553,"calc3":4.288975291569282,"ordA12":">","ordA13":">","ordA23":"=","ordB12":"=","ordB13":">","ordB23":"=","mychoice":1,"myA1":5.901747273746878,"myA2":0.08816435001790524,"myA3":0.5067043157760054,"myB1":6.170179919572547,"myB2":4.00938460486941,"myB3":3.1193150393664837,"simA1":8.91313169384375,"simA2":2.29380517965183,"simA3":1.85019911266863,"simB1":4.43676650989801,"simB2":2.41301263449714,"simB3":0.557394896168262}