{"ppntid":0,"trialid":10,"Aweight":1,"Bweight":3.3404669899027795,"calc1":12.253894927711398,"calc2":22.993877890030735,"calc3":39.76108389913579,"ordA12":"=","ordA13":">","ordA23":"=","ordB12":"<","ordB13":"<","ordB23":"<","mychoice":3,"myA1":11.060037149582058,"myA2":8.302995725534856,"myA3":0.5176801246125251,"myB1":0.1821117172949016,"myB2":3.567094561876729,"myB3":7.057709387736395,"simA1":4.34119588462636,"simA2":2.31800572248176,"simA3":8.05309789255261,"simB1":2.52373051131144,"simB2":6.41027750447392,"simB3":9.69243492698297}