{"ppntid":0,"trialid":28,"Aweight":1,"Bweight":1.392169805476442,"calc1":10.45135047050314,"calc2":7.19587249765515,"calc3":7.890659811619131,"ordA12":">","ordA13":">","ordA23":">","ordB12":"=","ordB13":"<","ordB23":">","mychoice":2,"myA1":10.622349375626072,"myA2":7.3354706866666675,"myA3":4.258052377263084,"myB1":6.508299558190629,"myB2":8.92176641151309,"myB3":3.2729360600933433,"simA1":9.4170446950011,"simA2":5.04811249440536,"simA3":0.612245274242014,"simB1":3.73225670075044,"simB2":2.78762091649696,"simB3":4.20625507831573}