{"ppntid":0,"trialid":22,"Aweight":1,"Bweight":1.9485153548885137,"calc1":28.901619579613808,"calc2":6.342993843544307,"calc3":16.10401953916669,"ordA12":"=","ordA13":"=","ordA23":"=","ordB12":">","ordB13":">","ordB23":"=","mychoice":1,"myA1":7.765835558529943,"myA2":6.029033130034804,"myA3":7.912529617315158,"myB1":13.738556311000139,"myB2":10.588592870626599,"myB3":10.002573084784672,"simA1":8.1287957704626,"simA2":6.10309598734602,"simA3":7.31510496931151,"simB1":9.6102004032582,"simB2":2.80141149647534,"simB3":5.45359223382547}