{"ppntid":0,"trialid":15,"Aweight":1,"Bweight":3.3404669899027795,"calc1":34.30831779642151,"calc2":14.476914010409839,"calc3":16.019006835957658,"ordA12":"=","ordA13":">","ordA23":">","ordB12":">","ordB13":">","ordB23":"=","mychoice":1,"myA1":9.14049447630532,"myA2":8.759166800882667,"myA3":2.8008826507721096,"myB1":6.889457374345511,"myB2":0.7288388628512621,"myB3":0.8105664141476154,"simA1":3.68415320757776,"simA2":4.64447123464197,"simA3":0.0986176868900657,"simB1":7.97461394220591,"simB2":4.65023029595613,"simB3":3.52380316471681}