{"ppntid":0,"trialid":7,"Aweight":1,"Bweight":3.0022561212535948,"calc1":32.02173980096405,"calc2":32.26000697380949,"calc3":27.237864648594666,"ordA12":"=","ordA13":">","ordA23":">","ordB12":"=","ordB13":"=","ordB23":"=","mychoice":2,"myA1":6.263257364043966,"myA2":6.092537299264222,"myA3":0.09534801123663783,"myB1":7.307477260474116,"myB2":8.71486411197111,"myB3":8.085949919186532,"simA1":9.74268093239516,"simA2":7.87472704425454,"simA3":1.78666759980842,"simB1":6.90122544532642,"simB2":7.15154525591061,"simB3":9.34879306936637}