{"ppntid":0,"trialid":8,"Aweight":1,"Bweight":1.9485153548885137,"calc1":14.137965048745908,"calc2":8.138840466147569,"calc3":0.18979811745745634,"ordA12":">","ordA13":">","ordA23":"=","ordB12":"=","ordB13":">","ordB23":"=","mychoice":1,"myA1":9.023453848203644,"myA2":1.4633551554288715,"myA3":0.4749055299907923,"myB1":7.153691936982796,"myB2":4.884237726218998,"myB3":3.343509837286547,"simA1":8.91313169384375,"simA2":2.29380517965183,"simA3":1.85019911266863,"simB1":4.43676650989801,"simB2":2.41301263449714,"simB3":0.557394896168262}