{"ppntid":0,"trialid":5,"Aweight":1,"Bweight":4.411616949364543,"calc1":51.297042004842545,"calc2":-0.2558475034800509,"calc3":44.7250266014907,"ordA12":">","ordA13":"<","ordA23":"<","ordB12":">","ordB13":"=","ordB23":"<","mychoice":1,"myA1":7.2616368101444095,"myA2":2.3967424978036433,"myA3":14.997887348290533,"myB1":9.873398897470906,"myB2":3.6457463807892054,"myB3":7.497378507396206,"simA1":8.39378722943366,"simA2":0.737763438373804,"simA3":9.02796564158052,"simB1":9.07501752953976,"simB2":0.14604820869863,"simB3":7.71205921890214}