{"ppntid":0,"trialid":6,"Aweight":1,"Bweight":2.4202889937441796,"calc1":15.49734978228897,"calc2":8.44983633853788,"calc3":18.304046852878063,"ordA12":">","ordA13":">","ordA23":"=","ordB12":"=","ordB13":"<","ordB23":"=","mychoice":3,"myA1":7.212763046845794,"myA2":1.8617973360233009,"myA3":0.32144486205652356,"myB1":4.454618910094723,"myB2":4.692679663421586,"myB3":7.638854765100405,"simA1":8.37697070091963,"simA2":2.72995244478807,"simA3":1.56540370546281,"simB1":2.63156997738406,"simB2":3.75615949742496,"simB3":6.70366015750915}