{"ppntid":0,"trialid":23,"Aweight":1,"Bweight":0.8864661282859743,"calc1":0.38149097405373666,"calc2":7.958183400811648,"calc3":9.73665395090759,"ordA12":"<","ordA13":"<","ordA23":"=","ordB12":"<","ordB13":"<","ordB23":"=","mychoice":3,"myA1":2.2225492272991687,"myA2":6.7872685042675585,"myA3":6.297413958236575,"myB1":0.15364592894911766,"myB2":1.563873739214614,"myB3":4.3248724832665175,"simA1":2.57789223222062,"simA2":8.64902123808861,"simA3":5.74169455328956,"simB1":0.0158312311396003,"simB2":7.22433473914862,"simB3":5.00715818023309}