{"ppntid":0,"trialid":28,"Aweight":1,"Bweight":1.9485153548885137,"calc1":8.432884849923376,"calc2":11.37137659129556,"calc3":4.984252493339819,"ordA12":">","ordA13":"=","ordA23":">","ordB12":"=","ordB13":"=","ordB23":"=","mychoice":2,"myA1":7.178906297776848,"myA2":10.918334590969607,"myA3":7.502360714133829,"myB1":9.12339529604651,"myB2":9.742376490030438,"myB3":10.432164275553077,"simA1":9.4170446950011,"simA2":5.04811249440536,"simA3":0.612245274242014,"simB1":3.73225670075044,"simB2":2.78762091649696,"simB3":4.20625507831573}