{"ppntid":0,"trialid":7,"Aweight":1,"Bweight":2.037931907689199,"calc1":30.18209308307113,"calc2":23.390238554519854,"calc3":18.200974018918117,"ordA12":">","ordA13":">","ordA23":">","ordB12":"=","ordB13":"=","ordB23":"=","mychoice":1,"myA1":14.380852823378518,"myA2":8.443824701244012,"myA3":1.285143499262631,"myB1":9.91982941981405,"myB2":8.353763760533184,"myB3":7.671565760392696,"simA1":9.74268093239516,"simA2":7.87472704425454,"simA3":1.78666759980842,"simB1":6.90122544532642,"simB2":7.15154525591061,"simB3":9.34879306936637}