{"ppntid":0,"trialid":10,"Aweight":1,"Bweight":3.3404669899027795,"calc1":9.05026060750171,"calc2":22.993877890030735,"calc3":37.65148339613839,"ordA12":"=","ordA13":">","ordA23":"<","ordB12":"<","ordB13":"<","ordB23":"<","mychoice":3,"myA1":13.360109293134883,"myA2":13.301256025442854,"myA3":1.118206582032144,"myB1":0.5220077256672084,"myB2":5.345923870336264,"myB3":9.271494975546375,"simA1":4.34119588462636,"simA2":2.31800572248176,"simA3":8.05309789255261,"simB1":2.52373051131144,"simB2":6.41027750447392,"simB3":9.69243492698297}