{"ppntid":0,"trialid":25,"Aweight":1,"Bweight":3.3404669899027795,"calc1":38.373938743144755,"calc2":21.9505173832819,"calc3":3.0478148869197046,"ordA12":">","ordA13":">","ordA23":"=","ordB12":"=","ordB13":"=","ordB23":">","mychoice":1,"myA1":6.293857453856617,"myA2":1.155490156961605,"myA3":0.5098773690406233,"myB1":8.870698657119647,"myB2":9.25453141448088,"myB3":6.095897146733478,"simA1":9.9918304849416,"simA2":2.31992638204247,"simA3":1.71494130510837,"simB1":9.41250982927158,"simB2":6.62222635699436,"simB3":1.64602370932698}