{"ppntid":0,"trialid":14,"Aweight":1,"Bweight":1.9485153548885137,"calc1":15.610586098411495,"calc2":22.59409484074448,"calc3":9.015531191829538,"ordA12":"<","ordA13":"=","ordA23":"=","ordB12":"=","ordB13":">","ordB23":">","mychoice":2,"myA1":1.3398546644020826,"myA2":4.620466330088675,"myA3":4.145812337519601,"myB1":9.86452474608086,"myB2":11.036407122155651,"myB3":5.3290430281776935,"simA1":1.94943448994309,"simA2":7.94562598224729,"simA3":1.60481928149238,"simB1":6.37492659967393,"simB2":6.6169921355322,"simB3":3.29448562115431}