{"ppntid":0,"trialid":20,"Aweight":1,"Bweight":1.9485153548885137,"calc1":8.675372482811131,"calc2":19.871989889275866,"calc3":12.927201442334152,"ordA12":"=","ordA13":">","ordA23":">","ordB12":"<","ordB13":"<","ordB23":"=","mychoice":2,"myA1":13.093444582773373,"myA2":12.44331618072465,"myA3":5.890893774339929,"myB1":1.9561158015858382,"myB2":7.029109401628375,"myB3":5.606418015668169,"simA1":6.35498477844521,"simA2":4.84276535455137,"simA3":1.61378592019901,"simB1":0.103883419651538,"simB2":7.14141314383596,"simB3":5.34827178344131}