{"ppntid":0,"trialid":26,"Aweight":1,"Bweight":3.3404669899027795,"calc1":13.89184844996169,"calc2":8.481782809104457,"calc3":35.8159067458697,"ordA12":"<","ordA13":"<","ordA23":"=","ordB12":"=","ordB13":"<","ordB23":"<","mychoice":3,"myA1":2.031021430157125,"myA2":8.913022043416277,"myA3":7.828987383982167,"myB1":3.093487381702289,"myB2":2.413422481622547,"myB3":8.544114696560428,"simA1":0.420730954501778,"simA2":6.03010574355721,"simA3":4.27703767083585,"simB1":3.55239363852888,"simB2":0.756021263077855,"simB3":9.52888637548313}