{"ppntid":0,"trialid":18,"Aweight":1,"Bweight":3.3404669899027795,"calc1":21.086148065401062,"calc2":24.98088420722658,"calc3":33.150842678909626,"ordA12":"=","ordA13":"<","ordA23":"<","ordB12":"=","ordB13":"<","ordB23":"=","mychoice":3,"myA1":7.111110656987876,"myA2":4.399066512705758,"myA3":10.53780239308253,"myB1":0.5233533738646656,"myB2":3.4676793962717056,"myB3":5.648684701882303,"simA1":3.21668911725283,"simA2":4.34108043089509,"simA3":9.63302112417296,"simB1":4.08555867150426,"simB2":6.08102107653394,"simB3":9.77082550525665}