{"ppntid":0,"trialid":27,"Aweight":1,"Bweight":3.3404669899027795,"calc1":23.2106994925929,"calc2":12.304532213424071,"calc3":37.233962851855466,"ordA12":"<","ordA13":"<","ordA23":"=","ordB12":">","ordB13":"=","ordB23":"<","mychoice":3,"myA1":1.513053373200819,"myA2":14.045413228450343,"myA3":12.856331693474203,"myB1":7.4477986979763955,"myB2":0.47638818388804793,"myB3":8.312602794030681,"simA1":1.13813327625394,"simA2":8.34869364043698,"simA3":5.95196410315111,"simB1":6.53089314699173,"simB2":2.766918677371,"simB3":7.83264182507992}