{"ppntid":0,"trialid":15,"Aweight":1,"Bweight":0.8864661282859743,"calc1":9.198276535650535,"calc2":22.003248905965602,"calc3":4.708246868924641,"ordA12":"=","ordA13":"=","ordA23":">","ordB12":">","ordB13":">","ordB23":"=","mychoice":1,"myA1":7.751412622164935,"myA2":10.067014668602496,"myA3":6.147923389216885,"myB1":8.661548596573994,"myB2":2.2448718175292015,"myB3":5.193458287976682,"simA1":3.68415320757776,"simA2":4.64447123464197,"simA3":0.0986176868900657,"simB1":7.97461394220591,"simB2":4.65023029595613,"simB3":3.52380316471681}