{"ppntid":0,"trialid":8,"Aweight":1,"Bweight":1.392169805476442,"calc1":11.538671705070218,"calc2":4.985100258404328,"calc3":5.265444585296949,"ordA12":"<","ordA13":">","ordA23":"=","ordB12":"=","ordB13":">","ordB23":"=","mychoice":2,"myA1":1.5745511278510094,"myA2":7.527539668371901,"myA3":7.631672902498394,"myB1":5.401444454910234,"myB2":2.748359424294904,"myB3":1.177550449501723,"simA1":8.91313169384375,"simA2":2.29380517965183,"simA3":1.85019911266863,"simB1":4.43676650989801,"simB2":2.41301263449714,"simB3":0.557394896168262}