{"ppntid":0,"trialid":11,"Aweight":1,"Bweight":3.3404669899027795,"calc1":33.81391742004732,"calc2":12.130833941366314,"calc3":37.954208717953726,"ordA12":"<","ordA13":"<","ordA23":"=","ordB12":">","ordB13":"=","ordB23":"<","mychoice":3,"myA1":1.760462875245139,"myA2":13.109549599466845,"myA3":12.295539124170318,"myB1":9.997132583521307,"myB2":0.34692661953158677,"myB3":7.866825959645212,"simA1":0.400069444440305,"simA2":6.08044839696959,"simA3":6.42102890415117,"simB1":9.5571158779785,"simB2":0.160704387817532,"simB3":7.56760822609067}