{"ppntid":0,"trialid":10,"Aweight":1,"Bweight":3.5010796459391713,"calc1":6.589849466671239,"calc2":8.993158419600654,"calc3":19.891846815590647,"ordA12":"=","ordA13":"=","ordA23":"<","ordB12":"<","ordB13":"<","ordB23":"<","mychoice":3,"myA1":6.800930971512571,"myA2":4.371485095471144,"myA3":7.422882858663797,"myB1":0.8344939013477415,"myB2":4.699755145702511,"myB3":8.121417596703395,"simA1":4.34119588462636,"simA2":2.31800572248176,"simA3":8.05309789255261,"simB1":2.52373051131144,"simB2":6.41027750447392,"simB3":9.69243492698297}