{"ppntid":0,"trialid":8,"Aweight":1,"Bweight":3.3404669899027795,"calc1":26.74125374045491,"calc2":10.95970634437761,"calc3":5.061499962502783,"ordA12":">","ordA13":">","ordA23":"=","ordB12":"=","ordB13":"=","ordB23":"=","mychoice":1,"myA1":14.633435873547569,"myA2":0.647646370343864,"myA3":3.203055850462988,"myB1":2.1805930067785084,"myB2":1.0905016784090549,"myB3":2.339677606942132,"simA1":8.91313169384375,"simA2":2.29380517965183,"simA3":1.85019911266863,"simB1":4.43676650989801,"simB2":2.41301263449714,"simB3":0.557394896168262}