{"ppntid":0,"trialid":26,"Aweight":1,"Bweight":1.9485153548885137,"calc1":6.867591534856728,"calc2":10.166816127855586,"calc3":26.64279680140386,"ordA12":"<","ordA13":"<","ordA23":"=","ordB12":"=","ordB13":"<","ordB23":"<","mychoice":3,"myA1":2.8265948651824147,"myA2":6.965381690533832,"myA3":5.714102959027514,"myB1":5.207807997940108,"myB2":7.177923250710592,"myB3":11.192643247777596,"simA1":0.420730954501778,"simA2":6.03010574355721,"simA3":4.27703767083585,"simB1":3.55239363852888,"simB2":0.756021263077855,"simB3":9.52888637548313}