{"ppntid":0,"trialid":23,"Aweight":1,"Bweight":3.3404669899027795,"calc1":4.149993388696052,"calc2":31.56628772602983,"calc3":27.20769399626455,"ordA12":"<","ordA13":"<","ordA23":"=","ordB12":"<","ordB13":"<","ordB23":"=","mychoice":3,"myA1":3.5478011704981327,"myA2":10.398179398616776,"myA3":12.270670995349064,"myB1":0.5879994062706828,"myB2":5.650075612356886,"myB3":5.683856955729425,"simA1":2.57789223222062,"simA2":8.64902123808861,"simA3":5.74169455328956,"simB1":0.0158312311396003,"simB2":7.22433473914862,"simB3":5.00715818023309}