{"ppntid":0,"trialid":28,"Aweight":1,"Bweight":3.3404669899027795,"calc1":19.66107154561532,"calc2":17.975369720456474,"calc3":17.62189676639374,"ordA12":">","ordA13":">","ordA23":">","ordB12":"=","ordB13":"=","ordB23":">","mychoice":2,"myA1":9.915574196493253,"myA2":5.920875531155616,"myA3":1.7981977597810328,"myB1":6.5188683941960335,"myB2":9.162406562827528,"myB3":4.302473732968792,"simA1":9.4170446950011,"simA2":5.04811249440536,"simA3":0.612245274242014,"simB1":3.73225670075044,"simB2":2.78762091649696,"simB3":4.20625507831573}