{"ppntid":0,"trialid":2,"Aweight":1,"Bweight":4.428372920956463,"calc1":19.228344660874892,"calc2":29.78657912408557,"calc3":33.95913559795427,"ordA12":"<","ordA13":"<","ordA23":"=","ordB12":"=","ordB13":"=","ordB23":"=","mychoice":3,"myA1":0.7758866739459336,"myA2":9.953856967622414,"myA3":11.082434447016567,"myB1":4.894538571825251,"myB2":4.537774587515742,"myB3":5.08243648102507,"simA1":2.3651837464422,"simA2":6.00488829193637,"simA3":8.13246078789234,"simB1":4.48913048487157,"simB2":5.11691393330693,"simB3":5.71495153009892}