{"ppntid":0,"trialid":27,"Aweight":1,"Bweight":1.9485153548885137,"calc1":13.00755474984428,"calc2":16.187443971063384,"calc3":21.644552257305524,"ordA12":"<","ordA13":"<","ordA23":"<","ordB12":">","ordB13":"=","ordB23":"<","mychoice":3,"myA1":1.6978910495527089,"myA2":9.165772721171379,"myA3":14.690722210798413,"myB1":9.94048923952505,"myB2":3.1468271801713854,"myB3":9.841364636085927,"simA1":1.13813327625394,"simA2":8.34869364043698,"simA3":5.95196410315111,"simB1":6.53089314699173,"simB2":2.766918677371,"simB3":7.83264182507992}