{"ppntid":0,"trialid":12,"Aweight":1,"Bweight":0.8864661282859743,"calc1":12.81211643066562,"calc2":18.865791665669075,"calc3":4.520281416988438,"ordA12":"=","ordA13":"=","ordA23":">","ordB12":"=","ordB13":">","ordB23":">","mychoice":1,"myA1":12.794468613574281,"myA2":13.176561151631176,"myA3":4.41679842886515,"myB1":6.338813302572817,"myB2":5.5541424988768995,"myB3":0.19929289002902806,"simA1":3.20852837292477,"simA2":5.95825222786516,"simA3":2.49748300760984,"simB1":9.51917973579839,"simB2":9.62475342443213,"simB3":2.62047795113176}