{"ppntid":0,"trialid":27,"Aweight":1,"Bweight":1.9485153548885137,"calc1":15.315263836840112,"calc2":12.027866341572846,"calc3":23.416968866293466,"ordA12":"<","ordA13":"<","ordA23":"=","ordB12":">","ordB13":"=","ordB23":"<","mychoice":3,"myA1":1.6385610541328788,"myA2":9.260335700819269,"myA3":10.171017972752452,"myB1":8.923846080433577,"myB2":1.2996981118340045,"myB3":9.659245717339218,"simA1":1.13813327625394,"simA2":8.34869364043698,"simA3":5.95196410315111,"simB1":6.53089314699173,"simB2":2.766918677371,"simB3":7.83264182507992}