{"ppntid":0,"trialid":6,"Aweight":1,"Bweight":1.392169805476442,"calc1":5.468109860116758,"calc2":9.656986795779911,"calc3":14.214224582974284,"ordA12":">","ordA13":">","ordA23":"=","ordB12":"=","ordB13":"<","ordB23":"=","mychoice":2,"myA1":4.362740245414898,"myA2":0.9346946363802999,"myA3":0.18044516793452203,"myB1":1.1973711813334376,"myB2":7.768469246802852,"myB3":6.431350921047851,"simA1":8.37697070091963,"simA2":2.72995244478807,"simA3":1.56540370546281,"simB1":2.63156997738406,"simB2":3.75615949742496,"simB3":6.70366015750915}