{"ppntid":0,"trialid":8,"Aweight":1,"Bweight":0.8864661282859743,"calc1":17.151557235624242,"calc2":1.9682406333752565,"calc3":3.06327020619546,"ordA12":">","ordA13":">","ordA23":"=","ordB12":">","ordB13":">","ordB23":"=","mychoice":1,"myA1":8.450236623175442,"myA2":3.645804802654311,"myA3":1.8811416439712048,"myB1":14.234747202135623,"myB2":0.5639513104688376,"myB3":1.6924025758635253,"simA1":8.91313169384375,"simA2":2.29380517965183,"simA3":1.85019911266863,"simB1":4.43676650989801,"simB2":2.41301263449714,"simB3":0.557394896168262}