{"ppntid":0,"trialid":3,"Aweight":1,"Bweight":1.9485153548885137,"calc1":9.365489008726552,"calc2":19.897913958562683,"calc3":4.672406038446374,"ordA12":"=","ordA13":"<","ordA23":"=","ordB12":"<","ordB13":"=","ordB23":">","mychoice":2,"myA1":10.94100927002728,"myA2":12.860964210703969,"myA3":14.502437682822347,"myB1":2.0063834788743407,"myB2":13.988556802505627,"myB3":0.3634325007442385,"simA1":3.1719257379882,"simA2":0.18154481658712,"simA3":6.33394056931138,"simB1":3.16195522435009,"simB2":6.95029358845204,"simB3":1.01433182833716}