{"ppntid":0,"trialid":17,"Aweight":1,"Bweight":3.3404669899027795,"calc1":13.862064577101737,"calc2":21.99567696770075,"calc3":19.70107887758571,"ordA12":">","ordA13":"<","ordA23":"<","ordB12":"=","ordB13":"=","ordB23":"=","mychoice":3,"myA1":3.743159518344328,"myA2":0.4241664265282452,"myA3":10.140684699872509,"myB1":2.8849323943722993,"myB2":5.301905764499679,"myB3":5.786927203880623,"simA1":4.6794927935116,"simA2":0.534360217861831,"simA3":9.70275462605059,"simB1":2.69487160025164,"simB2":5.3922648075968,"simB3":3.03585562389344}