{"ppntid":0,"trialid":3,"Aweight":1,"Bweight":1.9485153548885137,"calc1":10.417163375537509,"calc2":19.897913958562683,"calc3":4.672406038446374,"ordA12":"=","ordA13":"<","ordA23":"=","ordB12":"=","ordB13":"=","ordB23":">","mychoice":2,"myA1":4.5844458031933755,"myA2":6.109735106583685,"myA3":8.104406845523044,"myB1":4.255696126492694,"myB2":6.420776542508975,"myB3":2.674331412417814,"simA1":3.1719257379882,"simA2":0.18154481658712,"simA3":6.33394056931138,"simB1":3.16195522435009,"simB2":6.95029358845204,"simB3":1.01433182833716}