{"ppntid":0,"trialid":3,"Aweight":1,"Bweight":4.420176956336945,"calc1":15.737201758413521,"calc2":26.498811658802513,"calc3":10.553808560565896,"ordA12":"=","ordA13":"<","ordA23":"<","ordB12":"<","ordB13":"=","ordB23":">","mychoice":2,"myA1":6.839987657731399,"myA2":8.176720031769946,"myA3":13.485947696026415,"myB1":1.647728173993528,"myB2":5.109509713947773,"myB3":1.4193591149523854,"simA1":3.1719257379882,"simA2":0.18154481658712,"simA3":6.33394056931138,"simB1":3.16195522435009,"simB2":6.95029358845204,"simB3":1.01433182833716}