{"ppntid":0,"trialid":23,"Aweight":1,"Bweight":3.3404669899027795,"calc1":4.149993388696052,"calc2":31.56628772602983,"calc3":27.20769399626455,"ordA12":"<","ordA13":"<","ordA23":"=","ordB12":"<","ordB13":"<","ordB23":"=","mychoice":2,"myA1":1.0558387404307723,"myA2":4.12494916585274,"myA3":6.026130829704925,"myB1":0.7189542066771537,"myB2":9.412541915662587,"myB3":7.7884697110857815,"simA1":2.57789223222062,"simA2":8.64902123808861,"simA3":5.74169455328956,"simB1":0.0158312311396003,"simB2":7.22433473914862,"simB3":5.00715818023309}