{"ppntid":0,"trialid":2,"Aweight":1,"Bweight":1.392169805476442,"calc1":4.587664834213632,"calc2":18.644649283239595,"calc3":9.79868015361652,"ordA12":"<","ordA13":"<","ordA23":"=","ordB12":"=","ordB13":"=","ordB23":"=","mychoice":2,"myA1":2.3872050445061177,"myA2":8.987893851008266,"myA3":10.385562587762251,"myB1":4.2531650851015,"myB2":5.736635526409373,"myB3":3.3888877707067877,"simA1":2.3651837464422,"simA2":6.00488829193637,"simA3":8.13246078789234,"simB1":4.48913048487157,"simB2":5.11691393330693,"simB3":5.71495153009892}