{"ppntid":0,"trialid":4,"Aweight":1,"Bweight":4.368640212342143,"calc1":43.72322376100867,"calc2":45.78290103981061,"calc3":50.053187357815695,"ordA12":"=","ordA13":"<","ordA23":"=","ordB12":"=","ordB13":"=","ordB23":"=","mychoice":3,"myA1":5.15086671570316,"myA2":8.15087478957139,"myA3":9.953824218828231,"myB1":8.168393676169217,"myB2":8.571126877795905,"myB3":8.81114715244621,"simA1":1.58158730249852,"simA2":3.06550125358626,"simA3":4.93618091568351,"simB1":8.18738446105272,"simB2":9.55175729002804,"simB3":9.60501343011856}