{"ppntid":0,"trialid":18,"Aweight":1,"Bweight":1.9485153548885137,"calc1":9.544275444574742,"calc2":15.183221773062428,"calc3":31.65623560369212,"ordA12":"=","ordA13":"<","ordA23":"<","ordB12":"=","ordB13":"<","ordB23":">","mychoice":3,"myA1":3.3122977532912046,"myA2":2.5970450858585536,"myA3":10.284945628372952,"myB1":4.352392461150885,"myB2":4.878018221352249,"myB3":11.86436671181582,"simA1":3.21668911725283,"simA2":4.34108043089509,"simA3":9.63302112417296,"simB1":4.08555867150426,"simB2":6.08102107653394,"simB3":9.77082550525665}