{"ppntid":0,"trialid":8,"Aweight":1,"Bweight":3.9231459563598037,"calc1":21.693705797126526,"calc2":17.650266046110467,"calc3":4.198907220541596,"ordA12":">","ordA13":">","ordA23":"=","ordB12":"=","ordB13":">","ordB23":">","mychoice":2,"myA1":4.963384042493999,"myA2":1.7102025880012661,"myA3":1.5983461879659444,"myB1":5.946360917296261,"myB2":8.239748517517,"myB3":0.6435279885772616,"simA1":8.91313169384375,"simA2":2.29380517965183,"simA3":1.85019911266863,"simB1":4.43676650989801,"simB2":2.41301263449714,"simB3":0.557394896168262}