{"ppntid":0,"trialid":7,"Aweight":1,"Bweight":2.7535176905803382,"calc1":32.28448909268249,"calc2":29.35479624133307,"calc3":28.452686813915886,"ordA12":"=","ordA13":">","ordA23":">","ordB12":"=","ordB13":"=","ordB23":"=","mychoice":1,"myA1":11.731546375667676,"myA2":12.737061604857445,"myA3":8.679525037296116,"myB1":6.279662592569366,"myB2":5.581909093307331,"myB3":5.96591369365342,"simA1":9.74268093239516,"simA2":7.87472704425454,"simA3":1.78666759980842,"simB1":6.90122544532642,"simB2":7.15154525591061,"simB3":9.34879306936637}