{"ppntid":0,"trialid":6,"Aweight":1,"Bweight":3.3404669899027795,"calc1":21.553384892618517,"calc2":15.14983828948483,"calc3":28.120173694391074,"ordA12":">","ordA13":">","ordA23":"=","ordB12":"=","ordB13":"<","ordB23":">","mychoice":3,"myA1":12.094443730311468,"myA2":2.0342542917933315,"myA3":2.5751448597293347,"myB1":3.0967190105002373,"myB2":3.334107615519315,"myB3":9.454860569676384,"simA1":8.37697070091963,"simA2":2.72995244478807,"simA3":1.56540370546281,"simB1":2.63156997738406,"simB2":3.75615949742496,"simB3":6.70366015750915}