{"ppntid":0,"trialid":4,"Aweight":1,"Bweight":2.8642449562903494,"calc1":24.020700675570524,"calc2":32.126112955057835,"calc3":37.294588842811514,"ordA12":"=","ordA13":"<","ordA23":"=","ordB12":"=","ordB13":"=","ordB23":"=","mychoice":3,"myA1":6.721596401184797,"myA2":5.990282194688916,"myA3":12.729432148626074,"myB1":7.81354722683318,"myB2":8.453846223419532,"myB3":8.359136326471344,"simA1":1.58158730249852,"simA2":3.06550125358626,"simA3":4.93618091568351,"simB1":8.18738446105272,"simB2":9.55175729002804,"simB3":9.60501343011856}