{"ppntid":0,"trialid":21,"Aweight":1,"Bweight":3.3404669899027795,"calc1":16.798821114307216,"calc2":10.082673255075173,"calc3":20.5305839189555,"ordA12":"<","ordA13":"<","ordA23":"=","ordB12":">","ordB13":"=","ordB23":"=","mychoice":3,"myA1":5.970861007226631,"myA2":12.989334639860317,"myA3":11.526616819901392,"myB1":3.4459276939742267,"myB2":0.31045776908285916,"myB3":1.8068127043079585,"simA1":3.40520124649629,"simA2":8.95440582418814,"simA3":8.64797518588603,"simB1":4.75207760930061,"simB2":0.761112046893686,"simB3":1.8724691378884}