{"ppntid":0,"trialid":5,"Aweight":1,"Bweight":4.428372920956463,"calc1":42.15649339781844,"calc2":-5.042775433940243,"calc3":42.16569082764373,"ordA12":">","ordA13":"<","ordA23":"<","ordB12":"=","ordB13":"=","ordB23":"<","mychoice":3,"myA1":4.339842213084921,"myA2":1.097558531910181,"myA3":8.42917608562857,"myB1":11.579582100966945,"myB2":9.39349822467193,"myB3":14.574798792600632,"simA1":8.39378722943366,"simA2":0.737763438373804,"simA3":9.02796564158052,"simB1":9.07501752953976,"simB2":0.14604820869863,"simB3":7.71205921890214}