{"ppntid":0,"trialid":12,"Aweight":1,"Bweight":3.3404669899027795,"calc1":31.38248467637985,"calc2":36.27621298812654,"calc3":6.48428895061076,"ordA12":"=","ordA13":"=","ordA23":">","ordB12":"<","ordB13":">","ordB23":">","mychoice":2,"myA1":11.512783766957,"myA2":13.968090821290389,"myA3":8.862411794252694,"myB1":6.757422415539622,"myB2":7.088639144785702,"myB3":0.30823017354123294,"simA1":3.20852837292477,"simA2":5.95825222786516,"simA3":2.49748300760984,"simB1":9.51917973579839,"simB2":9.62475342443213,"simB3":2.62047795113176}