{"ppntid":0,"trialid":22,"Aweight":1,"Bweight":3.3404669899027795,"calc1":41.68875780887286,"calc2":25.359131238129127,"calc3":25.28695446340488,"ordA12":"=","ordA13":"=","ordA23":"=","ordB12":">","ordB13":">","ordB23":"=","mychoice":1,"myA1":3.0960725771728903,"myA2":3.5953605081886053,"myA3":1.1500010336749256,"myB1":13.319716217229143,"myB2":5.865040918579325,"myB3":8.703004134586081,"simA1":8.1287957704626,"simA2":6.10309598734602,"simA3":7.31510496931151,"simB1":9.6102004032582,"simB2":2.80141149647534,"simB3":5.45359223382547}