{"ppntid":0,"trialid":21,"Aweight":1,"Bweight":1.9485153548885137,"calc1":13.768820903908336,"calc2":13.202666993077667,"calc3":8.077442294941047,"ordA12":"<","ordA13":"<","ordA23":"=","ordB12":">","ordB13":"=","ordB23":"=","mychoice":3,"myA1":2.456914004869759,"myA2":8.832181667676196,"myA3":7.519108696142212,"myB1":8.043452880810946,"myB2":4.571765303844586,"myB3":6.77235497860238,"simA1":3.40520124649629,"simA2":8.95440582418814,"simA3":8.64797518588603,"simB1":4.75207760930061,"simB2":0.761112046893686,"simB3":1.8724691378884}