{"ppntid":0,"trialid":1,"Aweight":1,"Bweight":1.9485153548885137,"calc1":11.830238324039108,"calc2":9.692611636689605,"calc3":24.263344523047316,"ordA12":"<","ordA13":"<","ordA23":"=","ordB12":">","ordB13":"=","ordB23":"<","mychoice":3,"myA1":0.579558564350009,"myA2":7.411328848684207,"myA3":5.253291944973171,"myB1":13.680705386213958,"myB2":2.394827917451039,"myB3":12.431479459628463,"simA1":1.95723988814279,"simA2":8.72834477107972,"simA3":6.29885389935225,"simB1":6.00115596316755,"simB2":2.16901220846921,"simB3":5.718498819042}