{"ppntid":0,"trialid":25,"Aweight":1,"Bweight":1.9485153548885137,"calc1":26.05314115521262,"calc2":17.19112864882992,"calc3":6.976409238038107,"ordA12":">","ordA13":">","ordA23":"=","ordB12":"=","ordB13":">","ordB23":">","mychoice":1,"myA1":7.734888520790264,"myA2":1.5352243871893734,"myA3":3.0712624022271484,"myB1":7.3358420468866825,"myB2":8.324214426102117,"myB3":4.156537656672299,"simA1":9.9918304849416,"simA2":2.31992638204247,"simA3":1.71494130510837,"simB1":9.41250982927158,"simB2":6.62222635699436,"simB3":1.64602370932698}