{"ppntid":0,"trialid":22,"Aweight":1,"Bweight":0.8864661282859743,"calc1":14.894473362376473,"calc2":8.146654095054846,"calc3":10.681311452803639,"ordA12":"=","ordA13":"=","ordA23":"=","ordB12":">","ordB13":"<","ordB23":"=","mychoice":1,"myA1":8.968916817102581,"myA2":7.522908041719347,"myA3":10.141510093817487,"myB1":14.64340782025829,"myB2":8.329817061312497,"myB3":8.459243914112449,"simA1":8.1287957704626,"simA2":6.10309598734602,"simA3":7.31510496931151,"simB1":9.6102004032582,"simB2":2.80141149647534,"simB3":5.45359223382547}