{"ppntid":0,"trialid":10,"Aweight":1,"Bweight":1.392169805476442,"calc1":6.589849466671239,"calc2":8.993158419600654,"calc3":19.891846815590647,"ordA12":"=","ordA13":"=","ordA23":"<","ordB12":"<","ordB13":"<","ordB23":"<","mychoice":3,"myA1":13.279358320869505,"myA2":10.803671824978665,"myA3":12.956635669106618,"myB1":3.968700715340674,"myB2":7.631306857801974,"myB3":10.713575554545969,"simA1":4.34119588462636,"simA2":2.31800572248176,"simA3":8.05309789255261,"simB1":2.52373051131144,"simB2":6.41027750447392,"simB3":9.69243492698297}