{"ppntid":0,"trialid":23,"Aweight":1,"Bweight":3.3404669899027795,"calc1":-0.4423411684893348,"calc2":36.68289361959013,"calc3":21.8449388159895,"ordA12":"<","ordA13":"<","ordA23":"=","ordB12":"<","ordB13":"<","ordB23":"=","mychoice":2,"myA1":2.0647278777323663,"myA2":9.235455536982045,"myA3":10.365473963320255,"myB1":0.39558679098263383,"myB2":7.034607884706929,"myB3":5.226998731959611,"simA1":2.57789223222062,"simA2":8.64902123808861,"simA3":5.74169455328956,"simB1":0.0158312311396003,"simB2":7.22433473914862,"simB3":5.00715818023309}