{"ppntid":0,"trialid":13,"Aweight":1,"Bweight":3.3404669899027795,"calc1":34.713984484193105,"calc2":16.02061197557405,"calc3":36.765298376909556,"ordA12":">","ordA13":"<","ordA23":"=","ordB12":">","ordB13":"=","ordB23":">","mychoice":3,"myA1":9.41468972247094,"myA2":0.5815395957324654,"myA3":1.1448010755702853,"myB1":7.99615622498095,"myB2":4.930388760985807,"myB3":10.594487353228033,"simA1":1.86005981639028,"simA2":8.42553070746362,"simA3":8.11919365543872,"simB1":9.17810374870896,"simB2":1.51240932522342,"simB3":9.96909169945866}