{"ppntid":0,"trialid":2,"Aweight":1,"Bweight":4.268147415714338,"calc1":15.947815005703012,"calc2":32.66343613928575,"calc3":31.235096617513438,"ordA12":">","ordA13":"<","ordA23":"=","ordB12":"=","ordB13":"=","ordB23":"=","mychoice":3,"myA1":9.640590052586049,"myA2":6.156266707694158,"myA3":13.959115699399263,"myB1":2.2141027310863137,"myB2":4.103131924057379,"myB3":4.665235884021968,"simA1":2.3651837464422,"simA2":6.00488829193637,"simA3":8.13246078789234,"simB1":4.48913048487157,"simB2":5.11691393330693,"simB3":5.71495153009892}