{"ppntid":0,"trialid":8,"Aweight":1,"Bweight":4.268147415714338,"calc1":26.163094484031948,"calc2":15.42629162259197,"calc3":4.894384677732479,"ordA12":">","ordA13":">","ordA23":"=","ordB12":"=","ordB13":">","ordB23":"=","mychoice":1,"myA1":6.516140098683536,"myA2":2.6208702579606324,"myA3":0.1851790223736316,"myB1":14.536555873928592,"myB2":1.0823735513258725,"myB3":2.228140899678692,"simA1":8.91313169384375,"simA2":2.29380517965183,"simA3":1.85019911266863,"simB1":4.43676650989801,"simB2":2.41301263449714,"simB3":0.557394896168262}