{"ppntid":0,"trialid":16,"Aweight":1,"Bweight":3.3404669899027795,"calc1":15.022294805208071,"calc2":16.92822668251158,"calc3":17.372215388464205,"ordA12":"=","ordA13":"<","ordA23":"<","ordB12":"=","ordB13":"=","ordB23":"=","mychoice":2,"myA1":0.5703064554836601,"myA2":0.6528908922336996,"myA3":5.210388181731105,"myB1":5.582508140942082,"myB2":6.152169476263225,"myB3":3.4495007735677063,"simA1":3.04651591461152,"simA2":1.87292299000546,"simA3":8.16750949015841,"simB1":2.7922795410268,"simB2":6.04821721091866,"simB3":3.38662295835093}