{"ppntid":0,"trialid":15,"Aweight":1,"Bweight":1.9485153548885137,"calc1":22.903670952836503,"calc2":11.528339840293015,"calc3":2.698115899048661,"ordA12":"=","ordA13":">","ordA23":">","ordB12":">","ordB13":">","ordB23":">","mychoice":1,"myA1":6.085304373409599,"myA2":8.377886699745432,"myA3":2.6802253676578403,"myB1":9.34613756253384,"myB2":4.963611213024706,"myB3":0.2630897064227611,"simA1":3.68415320757776,"simA2":4.64447123464197,"simA3":0.0986176868900657,"simB1":7.97461394220591,"simB2":4.65023029595613,"simB3":3.52380316471681}