{"ppntid":0,"trialid":1,"Aweight":1,"Bweight":2.132891317596659,"calc1":6.477831153075568,"calc2":10.255229008699544,"calc3":20.536066691737346,"ordA12":"<","ordA13":"<","ordA23":">","ordB12":">","ordB13":"=","ordB23":"<","mychoice":3,"myA1":1.138246989576146,"myA2":11.88893397222273,"myA3":8.759654777823016,"myB1":7.95201372471638,"myB2":0.8046218461822718,"myB3":5.596249104710296,"simA1":1.95723988814279,"simA2":8.72834477107972,"simA3":6.29885389935225,"simB1":6.00115596316755,"simB2":2.16901220846921,"simB3":5.718498819042}