{"ppntid":0,"trialid":18,"Aweight":1,"Bweight":3.3404669899027795,"calc1":13.94655782809037,"calc2":26.791328070213037,"calc3":46.95469699434741,"ordA12":"=","ordA13":"<","ordA23":"<","ordB12":"=","ordB13":"<","ordB23":"<","mychoice":3,"myA1":7.5417964335065335,"myA2":7.117763778660446,"myA3":12.828880737069994,"myB1":2.3073789244517684,"myB2":0.9001336118672043,"myB3":8.327214553719386,"simA1":3.21668911725283,"simA2":4.34108043089509,"simA3":9.63302112417296,"simB1":4.08555867150426,"simB2":6.08102107653394,"simB3":9.77082550525665}