{"ppntid":0,"trialid":6,"Aweight":1,"Bweight":0.8864661282859743,"calc1":2.344801487581895,"calc2":-0.637735433858988,"calc3":11.773601439554106,"ordA12":">","ordA13":">","ordA23":"=","ordB12":"=","ordB13":"<","ordB23":"=","mychoice":1,"myA1":6.688122984487563,"myA2":4.164135006722063,"myA3":1.7274419905152172,"myB1":4.7582743386738,"myB2":7.493024891009554,"myB3":8.380128516582772,"simA1":8.37697070091963,"simA2":2.72995244478807,"simA3":1.56540370546281,"simB1":2.63156997738406,"simB2":3.75615949742496,"simB3":6.70366015750915}