{"ppntid":0,"trialid":4,"Aweight":1,"Bweight":1.9485153548885137,"calc1":26.032576726010735,"calc2":21.18154887053686,"calc3":14.009731376173825,"ordA12":"=","ordA13":"<","ordA23":"=","ordB12":"=","ordB13":"=","ordB23":"=","mychoice":3,"myA1":0.14366863179020584,"myA2":2.434470917796716,"myA3":5.2357706415932626,"myB1":10.684893020661548,"myB2":11.23662321944721,"myB3":10.061959368176758,"simA1":1.58158730249852,"simA2":3.06550125358626,"simA3":4.93618091568351,"simB1":8.18738446105272,"simB2":9.55175729002804,"simB3":9.60501343011856}