{"ppntid":0,"trialid":23,"Aweight":1,"Bweight":1.9485153548885137,"calc1":3.5770375562916996,"calc2":24.692593501099605,"calc3":23.88812220876133,"ordA12":"<","ordA13":"<","ordA23":"=","ordB12":"<","ordB13":"<","ordB23":"=","mychoice":2,"myA1":0.4395620652940124,"myA2":5.492094475775957,"myA3":6.237219145987183,"myB1":3.398793371161446,"myB2":9.987420797115192,"myB3":8.23175180470571,"simA1":2.57789223222062,"simA2":8.64902123808861,"simA3":5.74169455328956,"simB1":0.0158312311396003,"simB2":7.22433473914862,"simB3":5.00715818023309}