{"ppntid":0,"trialid":2,"Aweight":1,"Bweight":3.3404669899027795,"calc1":21.169746080999538,"calc2":21.73841020806505,"calc3":20.494560331426264,"ordA12":"<","ordA13":"<","ordA23":"=","ordB12":"=","ordB13":"=","ordB23":"=","mychoice":2,"myA1":9.723593780072406,"myA2":13.107564394595101,"myA3":13.220016814302653,"myB1":5.291667996207252,"myB2":7.564653918379918,"myB3":2.418632752960548,"simA1":2.3651837464422,"simA2":6.00488829193637,"simA3":8.13246078789234,"simB1":4.48913048487157,"simB2":5.11691393330693,"simB3":5.71495153009892}