{"ppntid":0,"trialid":9,"Aweight":1,"Bweight":4.788533810060471,"calc1":8.360310952755336,"calc2":49.617217444920264,"calc3":-1.0929244369971478,"ordA12":"=","ordA13":"<","ordA23":"<","ordB12":"<","ordB13":"=","ordB23":">","mychoice":2,"myA1":1.733702220954001,"myA2":3.397602679906413,"myA3":7.745782099664211,"myB1":2.5882713322062045,"myB2":7.846201679203659,"myB3":0.7487167208455503,"simA1":1.3156188535504,"simA2":0.961971294600517,"simA3":7.0756730157882,"simB1":0.283582140691578,"simB2":9.57877810113132,"simB3":0.423672434408218}