{"ppntid":0,"trialid":11,"Aweight":1,"Bweight":3.3404669899027795,"calc1":29.284193137522486,"calc2":13.115968624342605,"calc3":35.72242591777316,"ordA12":"<","ordA13":"<","ordA23":"=","ordB12":">","ordB13":"=","ordB23":"<","mychoice":3,"myA1":3.5097530018538237,"myA2":10.547110161278397,"myA3":9.891758258454502,"myB1":8.484915004810318,"myB2":2.533450940391049,"myB3":8.820088624488562,"simA1":0.400069444440305,"simA2":6.08044839696959,"simA3":6.42102890415117,"simB1":9.5571158779785,"simB2":0.160704387817532,"simB3":7.56760822609067}