{"ppntid":0,"trialid":3,"Aweight":1,"Bweight":1.392169805476442,"calc1":8.487248773798656,"calc2":8.28925910042583,"calc3":7.731098575328242,"ordA12":"=","ordA13":"<","ordA23":"<","ordB12":">","ordB13":"=","ordB23":">","mychoice":1,"myA1":2.9157499771099538,"myA2":3.2926109398249537,"myA3":7.792096644407138,"myB1":9.295881085563451,"myB2":5.5927662388421595,"myB3":0.13002696563489735,"simA1":3.1719257379882,"simA2":0.18154481658712,"simA3":6.33394056931138,"simB1":3.16195522435009,"simB2":6.95029358845204,"simB3":1.01433182833716}