{"ppntid":0,"trialid":22,"Aweight":1,"Bweight":3.3404669899027795,"calc1":36.3710750700999,"calc2":21.227549263701732,"calc3":21.87144249574714,"ordA12":"=","ordA13":"=","ordA23":"=","ordB12":">","ordB13":">","ordB23":"=","mychoice":1,"myA1":8.27719763154164,"myA2":8.986202501691878,"myA3":8.169949755538255,"myB1":10.48340281820856,"myB2":2.475742686074227,"myB3":4.727863512234762,"simA1":8.1287957704626,"simA2":6.10309598734602,"simA3":7.31510496931151,"simB1":9.6102004032582,"simB2":2.80141149647534,"simB3":5.45359223382547}