{"ppntid":0,"trialid":15,"Aweight":1,"Bweight":1.9485153548885137,"calc1":22.903670952836503,"calc2":14.213811045174605,"calc3":2.698115899048661,"ordA12":"=","ordA13":">","ordA23":">","ordB12":"<","ordB13":">","ordB23":"=","mychoice":1,"myA1":10.395050895167515,"myA2":8.705859206384048,"myA3":1.4079866779502481,"myB1":5.13184227864258,"myB2":2.5893081666436046,"myB3":1.4076188032049686,"simA1":3.68415320757776,"simA2":4.64447123464197,"simA3":0.0986176868900657,"simB1":7.97461394220591,"simB2":4.65023029595613,"simB3":3.52380316471681}