{"ppntid":0,"trialid":15,"Aweight":1,"Bweight":3.3404669899027795,"calc1":31.040699455538633,"calc2":15.903123886392448,"calc3":10.573061962819185,"ordA12":"=","ordA13":">","ordA23":">","ordB12":">","ordB13":">","ordB23":"=","mychoice":1,"myA1":14.809635694837198,"myA2":12.886283079860732,"myA3":8.497810335829854,"myB1":4.759934765752405,"myB2":0.7230032002553344,"myB3":1.614979358855635,"simA1":3.68415320757776,"simA2":4.64447123464197,"simA3":0.0986176868900657,"simB1":7.97461394220591,"simB2":4.65023029595613,"simB3":3.52380316471681}