{"ppntid":0,"trialid":20,"Aweight":1,"Bweight":1.392169805476442,"calc1":13.854152022572748,"calc2":19.592140355508306,"calc3":3.880387539349,"ordA12":"=","ordA13":">","ordA23":">","ordB12":"<","ordB13":"<","ordB23":"=","mychoice":2,"myA1":7.853909317636862,"myA2":9.07311544753611,"myA3":3.2805246545467526,"myB1":2.717988307122141,"myB2":6.697328116279095,"myB3":7.780318397562951,"simA1":6.35498477844521,"simA2":4.84276535455137,"simA3":1.61378592019901,"simB1":0.103883419651538,"simB2":7.14141314383596,"simB3":5.34827178344131}