{"ppntid":0,"trialid":9,"Aweight":1,"Bweight":2.565610782476142,"calc1":0.3574638581754199,"calc2":28.44531588105081,"calc3":13.288144308362055,"ordA12":"=","ordA13":"<","ordA23":">","ordB12":"<","ordB13":"=","ordB23":">","mychoice":2,"myA1":1.4739156584255397,"myA2":4.1747970739379525,"myA3":5.02834681305103,"myB1":1.4080386806745082,"myB2":9.014743011211976,"myB3":3.7273394863586873,"simA1":1.3156188535504,"simA2":0.961971294600517,"simA3":7.0756730157882,"simB1":0.283582140691578,"simB2":9.57877810113132,"simB3":0.423672434408218}