{"ppntid":0,"trialid":4,"Aweight":1,"Bweight":3.160723802866414,"calc1":27.924902291615798,"calc2":31.641368033296523,"calc3":37.023548384584984,"ordA12":"=","ordA13":"<","ordA23":"=","ordB12":"=","ordB13":"=","ordB23":"=","mychoice":3,"myA1":7.778161499882117,"myA2":8.45023077679798,"myA3":8.399461634689942,"myB1":7.203260259702802,"myB2":7.532166192540899,"myB3":8.66964229149744,"simA1":1.58158730249852,"simA2":3.06550125358626,"simA3":4.93618091568351,"simB1":8.18738446105272,"simB2":9.55175729002804,"simB3":9.60501343011856}