{"ppntid":0,"trialid":23,"Aweight":1,"Bweight":1.9485153548885137,"calc1":6.836375068049847,"calc2":27.383131800981865,"calc3":19.261964154308306,"ordA12":"<","ordA13":"<","ordA23":"=","ordB12":"<","ordB13":"<","ordB23":"=","mychoice":2,"myA1":0.7811342168133706,"myA2":6.160635334672406,"myA3":7.6092302484903485,"myB1":4.519970241235569,"myB2":10.059564113616943,"myB3":7.926219835644588,"simA1":2.57789223222062,"simA2":8.64902123808861,"simA3":5.74169455328956,"simB1":0.0158312311396003,"simB2":7.22433473914862,"simB3":5.00715818023309}