{"ppntid":0,"trialid":7,"Aweight":1,"Bweight":1.9485153548885137,"calc1":26.972023180347765,"calc2":19.825860525472052,"calc3":26.001972697201726,"ordA12":"=","ordA13":">","ordA23":">","ordB12":"=","ordB13":"=","ordB23":"=","mychoice":1,"myA1":5.702441884204745,"myA2":3.9855160180013627,"myA3":0.9247531509026885,"myB1":12.093111671274528,"myB2":12.111067440127954,"myB3":12.439261435065418,"simA1":9.74268093239516,"simA2":7.87472704425454,"simA3":1.78666759980842,"simB1":6.90122544532642,"simB2":7.15154525591061,"simB3":9.34879306936637}