{"ppntid":0,"trialid":19,"Aweight":1,"Bweight":3.3404669899027795,"calc1":12.981586269815486,"calc2":21.201524113355845,"calc3":24.506824776436375,"ordA12":"=","ordA13":"=","ordA23":"=","ordB12":"=","ordB13":"<","ordB23":"=","mychoice":1,"myA1":1.5077858220320195,"myA2":2.6305049867369235,"myA3":0.3802805137820542,"myB1":14.840316547779366,"myB2":12.107516129035503,"myB3":10.171086508780718,"simA1":5.0472562527284,"simA2":5.22066032979637,"simA3":5.31262512784451,"simB1":2.9207472759299,"simB2":4.4082949613221,"simB3":6.50717998389155}