{"ppntid":0,"trialid":16,"Aweight":1,"Bweight":1.9485153548885137,"calc1":5.848965496360215,"calc2":8.107304218351796,"calc3":18.64841569644616,"ordA12":"=","ordA13":"=","ordA23":"<","ordB12":"<","ordB13":"=","ordB23":"=","mychoice":2,"myA1":6.876303692115471,"myA2":5.951355689903721,"myA3":7.001265278086066,"myB1":5.546847372315824,"myB2":10.066128313774243,"myB3":8.379377780947834,"simA1":3.04651591461152,"simA2":1.87292299000546,"simA3":8.16750949015841,"simB1":2.7922795410268,"simB2":6.04821721091866,"simB3":3.38662295835093}