{"ppntid":0,"trialid":16,"Aweight":1,"Bweight":1.392169805476442,"calc1":13.386576466009835,"calc2":13.000373845499,"calc3":9.396822621257801,"ordA12":"=","ordA13":">","ordA23":"<","ordB12":"<","ordB13":">","ordB23":"=","mychoice":1,"myA1":11.67458808165975,"myA2":1.8823717162013054,"myA3":7.829677686095238,"myB1":12.124810946406797,"myB2":8.14574372023344,"myB3":7.403579758247361,"simA1":3.04651591461152,"simA2":1.87292299000546,"simA3":8.16750949015841,"simB1":2.7922795410268,"simB2":6.04821721091866,"simB3":3.38662295835093}