{"ppntid":0,"trialid":15,"Aweight":1,"Bweight":3.3404669899027795,"calc1":31.49109004049457,"calc2":12.538231032989689,"calc3":15.196871653937459,"ordA12":"=","ordA13":"=","ordA23":">","ordB12":">","ordB13":">","ordB23":"=","mychoice":1,"myA1":8.086260964628309,"myA2":10.789869076106697,"myA3":5.125797518994659,"myB1":7.867207479430363,"myB2":2.051268109353259,"myB3":4.609639471163973,"simA1":3.68415320757776,"simA2":4.64447123464197,"simA3":0.0986176868900657,"simB1":7.97461394220591,"simB2":4.65023029595613,"simB3":3.52380316471681}