{"ppntid":0,"trialid":18,"Aweight":1,"Bweight":3.3404669899027795,"calc1":10.451135919422537,"calc2":22.768415375299718,"calc3":43.411783335156294,"ordA12":"=","ordA13":"<","ordA23":"<","ordB12":"=","ordB13":"<","ordB23":"<","mychoice":3,"myA1":9.853305907454342,"myA2":9.499143281718716,"myA3":13.93345193238929,"myB1":2.265942741651088,"myB2":2.9240129131358117,"myB3":11.203914382494986,"simA1":3.21668911725283,"simA2":4.34108043089509,"simA3":9.63302112417296,"simB1":4.08555867150426,"simB2":6.08102107653394,"simB3":9.77082550525665}