{"ppntid":0,"trialid":25,"Aweight":1,"Bweight":3.3404669899027795,"calc1":45.98805069694863,"calc2":21.14009062422971,"calc3":8.801409169342827,"ordA12":">","ordA13":">","ordA23":"=","ordB12":"=","ordB13":">","ordB23":">","mychoice":1,"myA1":13.15659445244819,"myA2":8.840082676615566,"myA3":7.633211592910811,"myB1":5.664186724461615,"myB2":4.274852910311893,"myB3":1.2741344526875764,"simA1":9.9918304849416,"simA2":2.31992638204247,"simA3":1.71494130510837,"simB1":9.41250982927158,"simB2":6.62222635699436,"simB3":1.64602370932698}