{"ppntid":0,"trialid":24,"Aweight":1,"Bweight":1.392169805476442,"calc1":8.30897514304548,"calc2":12.070554921298278,"calc3":17.368064824669492,"ordA12":"<","ordA13":"=","ordA23":">","ordB12":"<","ordB13":"<","ordB23":"=","mychoice":2,"myA1":0.2832657506223768,"myA2":5.657403368968517,"myA3":0.6981646036729217,"myB1":3.1121020205318928,"myB2":7.34234870178625,"myB3":7.532691224478185,"simA1":0.989329111762345,"simA2":9.16007667547092,"simA3":1.7497731372714,"simB1":1.85851399088278,"simB2":5.78722845995799,"simB3":5.71751862764359}