{"ppntid":0,"trialid":11,"Aweight":1,"Bweight":0.8864661282859743,"calc1":7.22771442726812,"calc2":2.907238010985225,"calc3":10.128640340162043,"ordA12":"<","ordA13":"<","ordA23":"=","ordB12":">","ordB13":"=","ordB23":"<","mychoice":3,"myA1":2.834804174490273,"myA2":6.655316844116896,"myA3":5.975397911388427,"myB1":4.738130446057767,"myB2":0.9204289200715721,"myB3":6.14077516598627,"simA1":0.400069444440305,"simA2":6.08044839696959,"simA3":6.42102890415117,"simB1":9.5571158779785,"simB2":0.160704387817532,"simB3":7.56760822609067}