{"ppntid":0,"trialid":13,"Aweight":1,"Bweight":1.9485153548885137,"calc1":22.835390374051514,"calc2":19.633484153779555,"calc3":25.288986932336517,"ordA12":"<","ordA13":"<","ordA23":"=","ordB12":"<","ordB13":"=","ordB23":"<","mychoice":3,"myA1":3.1790809775702655,"myA2":9.866212309570983,"myA3":9.310225120279938,"myB1":8.397917646216229,"myB2":1.249820968369022,"myB3":6.85705445241183,"simA1":1.86005981639028,"simA2":8.42553070746362,"simA3":8.11919365543872,"simB1":9.17810374870896,"simB2":1.51240932522342,"simB3":9.96909169945866}