{"ppntid":0,"trialid":8,"Aweight":1,"Bweight":0.8864661282859743,"calc1":19.642335270885805,"calc2":1.9682406333752565,"calc3":3.06327020619546,"ordA12":">","ordA13":">","ordA23":"=","ordB12":">","ordB13":">","ordB23":"=","mychoice":1,"myA1":6.347301020286977,"myA2":3.177115903235972,"myA3":1.077373861335218,"myB1":12.09024629672058,"myB2":3.1918515963479877,"myB3":4.146329630166292,"simA1":8.91313169384375,"simA2":2.29380517965183,"simA3":1.85019911266863,"simB1":4.43676650989801,"simB2":2.41301263449714,"simB3":0.557394896168262}