{"ppntid":0,"trialid":2,"Aweight":1,"Bweight":4.142655892064795,"calc1":19.450639500058827,"calc2":24.299658459258747,"calc3":23.0406054775879,"ordA12":"<","ordA13":"<","ordA23":"=","ordB12":"=","ordB13":"=","ordB23":"=","mychoice":3,"myA1":2.8647374315187335,"myA2":6.026378818787634,"myA3":8.712436283240095,"myB1":5.997133125783876,"myB2":6.111586508341134,"myB3":6.352666178718209,"simA1":2.3651837464422,"simA2":6.00488829193637,"simA3":8.13246078789234,"simB1":4.48913048487157,"simB2":5.11691393330693,"simB3":5.71495153009892}