{"ppntid":0,"trialid":20,"Aweight":1,"Bweight":1.9485153548885137,"calc1":8.826936148487015,"calc2":24.046245656734698,"calc3":5.524736726980393,"ordA12":"=","ordA13":">","ordA23":">","ordB12":"<","ordB13":"<","ordB23":"=","mychoice":2,"myA1":9.145313106710091,"myA2":8.102452349849045,"myA3":1.3790787616744637,"myB1":1.0236635897308588,"myB2":12.327823134837672,"myB3":10.005626130150631,"simA1":6.35498477844521,"simA2":4.84276535455137,"simA3":1.61378592019901,"simB1":0.103883419651538,"simB2":7.14141314383596,"simB3":5.34827178344131}