{"ppntid":0,"trialid":16,"Aweight":1,"Bweight":0.8864661282859743,"calc1":-0.6888781506001918,"calc2":3.1811723593854424,"calc3":16.931073864064434,"ordA12":"=","ordA13":"<","ordA23":"<","ordB12":"<","ordB13":"=","ordB23":"=","mychoice":3,"myA1":0.33927175565622747,"myA2":0.25939611601643264,"myA3":13.791828114772215,"myB1":2.2737735870759934,"myB2":5.437136013060808,"myB3":2.4602557718753815,"simA1":3.04651591461152,"simA2":1.87292299000546,"simA3":8.16750949015841,"simB1":2.7922795410268,"simB2":6.04821721091866,"simB3":3.38662295835093}