{"ppntid":0,"trialid":20,"Aweight":1,"Bweight":1.9485153548885137,"calc1":9.948599757603336,"calc2":24.873701409995732,"calc3":13.120093155496106,"ordA12":">","ordA13":">","ordA23":">","ordB12":"<","ordB13":"<","ordB23":"=","mychoice":2,"myA1":12.29935034061782,"myA2":9.754818869987503,"myA3":0.873672264860943,"myB1":0.7997711654752493,"myB2":7.124926761025563,"myB3":6.489976791199297,"simA1":6.35498477844521,"simA2":4.84276535455137,"simA3":1.61378592019901,"simB1":0.103883419651538,"simB2":7.14141314383596,"simB3":5.34827178344131}