{"ppntid":0,"trialid":21,"Aweight":1,"Bweight":3.3404669899027795,"calc1":28.922308265435767,"calc2":10.759690461286414,"calc3":10.471062362177317,"ordA12":"<","ordA13":"<","ordA23":"=","ordB12":">","ordB13":"=","ordB23":"=","mychoice":1,"myA1":0.9953288454562426,"myA2":9.26509908400476,"myA3":6.382494253339246,"myB1":9.250221317633986,"myB2":2.7612832572776824,"myB3":0.87760767666623,"simA1":3.40520124649629,"simA2":8.95440582418814,"simA3":8.64797518588603,"simB1":4.75207760930061,"simB2":0.761112046893686,"simB3":1.8724691378884}