{"ppntid":0,"trialid":21,"Aweight":1,"Bweight":3.3404669899027795,"calc1":24.50019948292639,"calc2":5.173160189114436,"calc3":13.319693044894434,"ordA12":"<","ordA13":"<","ordA23":"=","ordB12":">","ordB13":"=","ordB23":"=","mychoice":3,"myA1":0.6687532947398722,"myA2":6.7010833660606295,"myA3":9.027984535787255,"myB1":9.356331884628162,"myB2":5.7338633690960705,"myB3":7.948190064635128,"simA1":3.40520124649629,"simA2":8.95440582418814,"simA3":8.64797518588603,"simB1":4.75207760930061,"simB2":0.761112046893686,"simB3":1.8724691378884}