{"ppntid":0,"trialid":22,"Aweight":1,"Bweight":1.392169805476442,"calc1":22.1607781516034,"calc2":16.314821985715078,"calc3":25.525315887949706,"ordA12":"=","ordA13":"=","ordA23":"=","ordB12":">","ordB13":">","ordB23":">","mychoice":1,"myA1":2.3252814263105392,"myA2":0.40593856014311314,"myA3":3.3927117695566267,"myB1":13.71495463536121,"myB2":6.537998953135684,"myB3":3.43875884776935,"simA1":8.1287957704626,"simA2":6.10309598734602,"simA3":7.31510496931151,"simB1":9.6102004032582,"simB2":2.80141149647534,"simB3":5.45359223382547}