{"ppntid":0,"trialid":15,"Aweight":1,"Bweight":3.3404669899027795,"calc1":30.805846735150553,"calc2":25.600606798108977,"calc3":4.306810222751368,"ordA12":"=","ordA13":">","ordA23":"<","ordB12":">","ordB13":">","ordB23":">","mychoice":1,"myA1":5.010551424929872,"myA2":2.6487294724211097,"myA3":1.1650003551039845,"myB1":12.252166477264836,"myB2":6.94161198916845,"myB3":1.6463084507267922,"simA1":3.68415320757776,"simA2":4.64447123464197,"simA3":0.0986176868900657,"simB1":7.97461394220591,"simB2":4.65023029595613,"simB3":3.52380316471681}