{"ppntid":0,"trialid":9,"Aweight":1,"Bweight":3.3404669899027795,"calc1":8.777176031692608,"calc2":33.52629708668819,"calc3":-1.8530213404404048,"ordA12":"=","ordA13":"<","ordA23":"<","ordB12":"<","ordB13":">","ordB23":">","mychoice":2,"myA1":1.4401581510901451,"myA2":1.221455413615331,"myA3":7.694910618010908,"myB1":5.065064001828432,"myB2":8.952881614677608,"myB3":0.4912512539885938,"simA1":1.3156188535504,"simA2":0.961971294600517,"simA3":7.0756730157882,"simB1":0.283582140691578,"simB2":9.57877810113132,"simB3":0.423672434408218}