{"ppntid":0,"trialid":9,"Aweight":1,"Bweight":2.7745667193084955,"calc1":3.0980087606886233,"calc2":25.778741219753947,"calc3":1.4216146064362825,"ordA12":"=","ordA13":"=","ordA23":"<","ordB12":"<","ordB13":"=","ordB23":">","mychoice":2,"myA1":7.254412287147716,"myA2":5.244817746570334,"myA3":9.741663322784007,"myB1":1.3038585882168263,"myB2":10.233533286955208,"myB3":2.279160905163735,"simA1":1.3156188535504,"simA2":0.961971294600517,"simA3":7.0756730157882,"simB1":0.283582140691578,"simB2":9.57877810113132,"simB3":0.423672434408218}