{"ppntid":0,"trialid":12,"Aweight":1,"Bweight":1.9485153548885137,"calc1":22.539671115368698,"calc2":26.15852886370476,"calc3":9.956067747286447,"ordA12":"=","ordA13":"=","ordA23":">","ordB12":"=","ordB13":">","ordB23":">","mychoice":2,"myA1":5.7499381131492555,"myA2":7.579147584037855,"myA3":4.325904187280685,"myB1":8.93359502311796,"myB2":11.545442944625393,"myB3":3.5569173528347164,"simA1":3.20852837292477,"simA2":5.95825222786516,"simA3":2.49748300760984,"simB1":9.51917973579839,"simB2":9.62475342443213,"simB3":2.62047795113176}