{"ppntid":0,"trialid":4,"Aweight":1,"Bweight":3.5495703236665577,"calc1":31.507287921152756,"calc2":44.598359126447875,"calc3":40.559437760037994,"ordA12":"=","ordA13":"<","ordA23":"=","ordB12":"=","ordB13":"=","ordB23":"=","mychoice":1,"myA1":4.041048344224691,"myA2":6.284928942332044,"myA3":7.720117896096781,"myB1":8.237508659949526,"myB2":7.541380967013538,"myB3":6.449465774931014,"simA1":1.58158730249852,"simA2":3.06550125358626,"simA3":4.93618091568351,"simB1":8.18738446105272,"simB2":9.55175729002804,"simB3":9.60501343011856}