{"ppntid":0,"trialid":10,"Aweight":1,"Bweight":1.9485153548885137,"calc1":8.685093053633096,"calc2":16.28398911249309,"calc3":26.962557043894172,"ordA12":"=","ordA13":"<","ordA23":"<","ordB12":"<","ordB13":"<","ordB23":"<","mychoice":3,"myA1":3.8862823555245996,"myA2":5.926107846898958,"myA3":14.037979098502547,"myB1":0.111709552584216,"myB2":5.470736796269193,"myB3":7.930703224847093,"simA1":4.34119588462636,"simA2":2.31800572248176,"simA3":8.05309789255261,"simB1":2.52373051131144,"simB2":6.41027750447392,"simB3":9.69243492698297}