{"ppntid":0,"trialid":30,"Aweight":1,"Bweight":3.3404669899027795,"calc1":8.309768384019634,"calc2":10.596962616177962,"calc3":34.211833935006844,"ordA12":"=","ordA13":"=","ordA23":"=","ordB12":">","ordB13":"<","ordB23":"<","mychoice":3,"myA1":6.670217294013128,"myA2":5.496395363006741,"myA3":4.884449439123273,"myB1":3.1739529047627,"myB2":1.6230776393786073,"myB3":10.45208438532427,"simA1":1.34202221641317,"simA2":3.39263814734295,"simA3":3.7229393562302,"simB1":4.35946489451453,"simB2":0.252228833269328,"simB3":8.15171025693417}