{"ppntid":0,"trialid":7,"Aweight":1,"Bweight":1.9485153548885137,"calc1":25.154144039323157,"calc2":14.537287920551314,"calc3":26.001972697201726,"ordA12":"=","ordA13":">","ordA23":">","ordB12":"=","ordB13":"=","ordB23":"=","mychoice":2,"myA1":10.452172391815111,"myA2":9.917117182631046,"myA3":1.9478026300203055,"myB1":6.498854162637144,"myB2":8.661722311517224,"myB3":9.62258362560533,"simA1":9.74268093239516,"simA2":7.87472704425454,"simA3":1.78666759980842,"simB1":6.90122544532642,"simB2":7.15154525591061,"simB3":9.34879306936637}