{"ppntid":0,"trialid":5,"Aweight":1,"Bweight":1.392169805476442,"calc1":21.173204188902986,"calc2":1.0751305189939093,"calc3":12.487699842674076,"ordA12":">","ordA13":"=","ordA23":"<","ordB12":">","ordB13":"=","ordB23":"<","mychoice":1,"myA1":10.587366807740182,"myA2":2.0769118750467896,"myA3":10.186761453514919,"myB1":8.22976371156983,"myB2":0.9834811405744404,"myB3":6.4781487244181335,"simA1":8.39378722943366,"simA2":0.737763438373804,"simA3":9.02796564158052,"simB1":9.07501752953976,"simB2":0.14604820869863,"simB3":7.71205921890214}