{"ppntid":0,"trialid":5,"Aweight":1,"Bweight":1.2673828308470547,"calc1":17.991492715012114,"calc2":4.487310388505739,"calc3":22.23802858285487,"ordA12":">","ordA13":"=","ordA23":"<","ordB12":">","ordB13":"=","ordB23":"<","mychoice":3,"myA1":8.060093784006312,"myA2":2.0491066854447126,"myA3":9.632541874889284,"myB1":8.496657873038203,"myB2":2.001183918910101,"myB3":11.050356243504211,"simA1":8.39378722943366,"simA2":0.737763438373804,"simA3":9.02796564158052,"simB1":9.07501752953976,"simB2":0.14604820869863,"simB3":7.71205921890214}