{"ppntid":0,"trialid":9,"Aweight":1,"Bweight":4.411616949364543,"calc1":-3.03995104486635,"calc2":44.915288050904344,"calc3":5.777701957474539,"ordA12":"=","ordA13":"<","ordA23":"<","ordB12":"<","ordB13":"=","ordB23":">","mychoice":2,"myA1":1.430590501986444,"myA2":3.6776506633032113,"myA3":14.02690370217897,"myB1":1.4159416733309627,"myB2":9.009651811793447,"myB3":0.5214892071671784,"simA1":1.3156188535504,"simA2":0.961971294600517,"simA3":7.0756730157882,"simB1":0.283582140691578,"simB2":9.57877810113132,"simB3":0.423672434408218}