{"ppntid":0,"trialid":24,"Aweight":1,"Bweight":3.3404669899027795,"calc1":5.732853790520396,"calc2":19.079684124651305,"calc3":19.318523343269185,"ordA12":"<","ordA13":"=","ordA23":">","ordB12":"<","ordB13":"<","ordB23":">","mychoice":2,"myA1":6.240674899891019,"myA2":11.108387050917372,"myA3":5.310025551589206,"myB1":0.07355271955020726,"myB2":12.203873499529436,"myB3":7.368163465289399,"simA1":0.989329111762345,"simA2":9.16007667547092,"simA3":1.7497731372714,"simB1":1.85851399088278,"simB2":5.78722845995799,"simB3":5.71751862764359}