{"ppntid":0,"trialid":18,"Aweight":1,"Bweight":1.9485153548885137,"calc1":14.686629614346483,"calc2":14.780844546014299,"calc3":31.88299724281196,"ordA12":"=","ordA13":"<","ordA23":"<","ordB12":"=","ordB13":"<","ordB23":"<","mychoice":3,"myA1":8.81993870716542,"myA2":8.020421520341188,"myA3":14.037675987929106,"myB1":7.336832620203495,"myB2":5.342316871974617,"myB3":10.793105650227517,"simA1":3.21668911725283,"simA2":4.34108043089509,"simA3":9.63302112417296,"simB1":4.08555867150426,"simB2":6.08102107653394,"simB3":9.77082550525665}