{"ppntid":0,"trialid":6,"Aweight":1,"Bweight":3.3404669899027795,"calc1":12.872823037774145,"calc2":12.153929738590538,"calc3":23.743732133659375,"ordA12":">","ordA13":">","ordA23":"=","ordB12":"=","ordB13":"<","ordB23":"=","mychoice":3,"myA1":13.091540881432593,"myA2":6.892707464285195,"myA3":7.27832866134122,"myB1":0.0978578464128077,"myB2":2.9808952182065696,"myB3":4.447050760500133,"simA1":8.37697070091963,"simA2":2.72995244478807,"simA3":1.56540370546281,"simB1":2.63156997738406,"simB2":3.75615949742496,"simB3":6.70366015750915}