{"ppntid":0,"trialid":1,"Aweight":1,"Bweight":1.993773338617757,"calc1":22.2848723831208,"calc2":14.575868181440049,"calc3":17.98836807280225,"ordA12":"<","ordA13":"<","ordA23":"=","ordB12":">","ordB13":"=","ordB23":"<","mychoice":1,"myA1":4.950377277564257,"myA2":12.145155229372904,"myA3":8.987670658389106,"myB1":7.035104006063193,"myB2":1.7176710488274693,"myB3":4.811830900143832,"simA1":1.95723988814279,"simA2":8.72834477107972,"simA3":6.29885389935225,"simB1":6.00115596316755,"simB2":2.16901220846921,"simB3":5.718498819042}