{"ppntid":0,"trialid":4,"Aweight":1,"Bweight":0.8864661282859743,"calc1":8.514747569387373,"calc2":12.199108062650849,"calc3":11.769612924395105,"ordA12":"=","ordA13":"<","ordA23":"=","ordB12":"=","ordB13":"=","ordB23":"=","mychoice":3,"myA1":5.724283702438697,"myA2":7.00868769781664,"myA3":8.789323969976977,"myB1":9.006013454636559,"myB2":10.9950200188905,"myB3":9.133242642274126,"simA1":1.58158730249852,"simA2":3.06550125358626,"simA3":4.93618091568351,"simB1":8.18738446105272,"simB2":9.55175729002804,"simB3":9.60501343011856}