{"ppntid":0,"trialid":26,"Aweight":1,"Bweight":3.3404669899027795,"calc1":13.306337056080284,"calc2":12.357103294156266,"calc3":25.25673516681143,"ordA12":"<","ordA13":"<","ordA23":"=","ordB12":"=","ordB13":"<","ordB23":"<","mychoice":3,"myA1":2.9891332460101694,"myA2":9.693981392774731,"myA3":7.513735578395426,"myB1":2.925062756985426,"myB2":5.474082268774509,"myB3":9.68888019444421,"simA1":0.420730954501778,"simA2":6.03010574355721,"simA3":4.27703767083585,"simB1":3.55239363852888,"simB2":0.756021263077855,"simB3":9.52888637548313}