{"ppntid":0,"trialid":8,"Aweight":1,"Bweight":3.3404669899027795,"calc1":31.992742793867336,"calc2":10.956144745211189,"calc3":0.19064568128145032,"ordA12":"<","ordA13":">","ordA23":"=","ordB12":"=","ordB13":">","ordB23":"=","mychoice":2,"myA1":2.33180049341172,"myA2":9.68476188951172,"myA3":7.819050424732268,"myB1":11.10390544636175,"myB2":9.940536307403818,"myB3":7.887163935229182,"simA1":8.91313169384375,"simA2":2.29380517965183,"simA3":1.85019911266863,"simB1":4.43676650989801,"simB2":2.41301263449714,"simB3":0.557394896168262}