{"ppntid":0,"trialid":19,"Aweight":1,"Bweight":3.3404669899027795,"calc1":14.44075675120383,"calc2":23.568323123405197,"calc3":23.10985167552293,"ordA12":"=","ordA13":"=","ordA23":"=","ordB12":"=","ordB13":"<","ordB23":"=","mychoice":3,"myA1":5.9859765123110265,"myA2":8.827058585593477,"myA3":6.251013987930492,"myB1":2.7255725220311433,"myB2":4.953414362389594,"myB3":5.950620446819812,"simA1":5.0472562527284,"simA2":5.22066032979637,"simA3":5.31262512784451,"simB1":2.9207472759299,"simB2":4.4082949613221,"simB3":6.50717998389155}