{"ppntid":0,"trialid":11,"Aweight":1,"Bweight":0.8864661282859743,"calc1":7.22771442726812,"calc2":2.907238010985225,"calc3":10.128640340162043,"ordA12":"<","ordA13":"<","ordA23":"=","ordB12":">","ordB13":"=","ordB23":"<","mychoice":3,"myA1":1.4845227648038417,"myA2":6.595346698304638,"myA3":5.268695923732594,"myB1":9.266889084829018,"myB2":0.35049574566073716,"myB3":9.712415062822402,"simA1":0.400069444440305,"simA2":6.08044839696959,"simA3":6.42102890415117,"simB1":9.5571158779785,"simB2":0.160704387817532,"simB3":7.56760822609067}