{"ppntid":0,"trialid":3,"Aweight":1,"Bweight":4.411616949364543,"calc1":14.806500086640227,"calc2":36.55893065033252,"calc3":10.412780519531387,"ordA12":"=","ordA13":"<","ordA23":"<","ordB12":"<","ordB13":"=","ordB23":">","mychoice":2,"myA1":1.8026325618848205,"myA2":3.069721623323858,"myA3":8.79979154211469,"myB1":1.8270967388525605,"myB2":6.249752724543214,"myB3":0.9281915961764753,"simA1":3.1719257379882,"simA2":0.18154481658712,"simA3":6.33394056931138,"simB1":3.16195522435009,"simB2":6.95029358845204,"simB3":1.01433182833716}