{"ppntid":0,"trialid":19,"Aweight":1,"Bweight":3.3404669899027795,"calc1":10.073921871973038,"calc2":19.65991178059385,"calc3":30.800744048319586,"ordA12":"=","ordA13":"=","ordA23":"=","ordB12":"=","ordB13":"<","ordB23":"=","mychoice":3,"myA1":9.382630395703018,"myA2":9.862306028371677,"myA3":11.3023555430118,"myB1":1.9301964633632451,"myB2":4.2103482387028635,"myB3":7.010567549150437,"simA1":5.0472562527284,"simA2":5.22066032979637,"simA3":5.31262512784451,"simB1":2.9207472759299,"simB2":4.4082949613221,"simB3":6.50717998389155}