{"ppntid":0,"trialid":5,"Aweight":1,"Bweight":3.3404669899027795,"calc1":32.89519385233923,"calc2":-1.8798700354483582,"calc3":42.75982116049083,"ordA12":"<","ordA13":"=","ordA23":">","ordB12":">","ordB13":"=","ordB23":"<","mychoice":1,"myA1":3.075051651103422,"myA2":6.409892012597993,"myA3":0.8601148263551295,"myB1":12.501763188047335,"myB2":0.7615779165644199,"myB3":10.955055167432874,"simA1":8.39378722943366,"simA2":0.737763438373804,"simA3":9.02796564158052,"simB1":9.07501752953976,"simB2":0.14604820869863,"simB3":7.71205921890214}