{"ppntid":0,"trialid":7,"Aweight":1,"Bweight":3.3404669899027795,"calc1":28.916681411866197,"calc2":28.826222150705476,"calc3":25.479519312378915,"ordA12":"=","ordA13":">","ordA23":">","ordB12":"=","ordB13":"=","ordB23":"=","mychoice":1,"myA1":7.694576232461259,"myA2":8.561054432066157,"myA3":2.9105512518435717,"myB1":6.310181405860931,"myB2":4.446788113564253,"myB3":7.318307189270854,"simA1":9.74268093239516,"simA2":7.87472704425454,"simA3":1.78666759980842,"simB1":6.90122544532642,"simB2":7.15154525591061,"simB3":9.34879306936637}