{"ppntid":0,"trialid":7,"Aweight":1,"Bweight":1.392169805476442,"calc1":21.711924060221442,"calc2":17.844361837335548,"calc3":13.938808346349562,"ordA12":"=","ordA13":">","ordA23":">","ordB12":"=","ordB13":"=","ordB23":"=","mychoice":2,"myA1":11.366666665999219,"myA2":12.803286707494408,"myA3":6.272416374413297,"myB1":5.3432468441314995,"myB2":6.521011018194258,"myB3":4.809873509220779,"simA1":9.74268093239516,"simA2":7.87472704425454,"simA3":1.78666759980842,"simB1":6.90122544532642,"simB2":7.15154525591061,"simB3":9.34879306936637}