{"ppntid":0,"trialid":23,"Aweight":1,"Bweight":1.9485153548885137,"calc1":-1.0965242061192892,"calc2":25.356778685742505,"calc3":5.404809301223713,"ordA12":"<","ordA13":"<","ordA23":"=","ordB12":"<","ordB13":"<","ordB23":"=","mychoice":2,"myA1":1.9121288589667529,"myA2":8.84135904838331,"myA3":6.0490816191304475,"myB1":3.4890639153309166,"myB2":12.440306172939017,"myB3":12.80384689453058,"simA1":2.57789223222062,"simA2":8.64902123808861,"simA3":5.74169455328956,"simB1":0.0158312311396003,"simB2":7.22433473914862,"simB3":5.00715818023309}