{"ppntid":0,"trialid":29,"Aweight":1,"Bweight":3.3404669899027795,"calc1":19.51958162962599,"calc2":24.545622417126495,"calc3":8.276923467403709,"ordA12":"<","ordA13":"<","ordA23":">","ordB12":"=","ordB13":"=","ordB23":"=","mychoice":2,"myA1":3.791726081399247,"myA2":12.55540692480281,"myA3":9.015114507637918,"myB1":2.56222463096492,"myB2":2.9369769513141364,"myB3":0.8419141452759504,"simA1":3.14332489855587,"simA2":8.58726553386077,"simA3":0.351831594016403,"simB1":4.77481295354664,"simB2":3.7194332992658,"simB3":2.86561590852216}