{"ppntid":0,"trialid":28,"Aweight":1,"Bweight":3.3404669899027795,"calc1":20.096688239053616,"calc2":17.597710871934986,"calc3":17.590935381182852,"ordA12":">","ordA13":">","ordA23":">","ordB12":"=","ordB13":"=","ordB23":"=","mychoice":1,"myA1":9.011466909432784,"myA2":5.869184484472498,"myA3":0.7332753587979823,"myB1":9.486784755717963,"myB2":8.599956234684214,"myB3":7.493515847017989,"simA1":9.4170446950011,"simA2":5.04811249440536,"simA3":0.612245274242014,"simB1":3.73225670075044,"simB2":2.78762091649696,"simB3":4.20625507831573}