{"ppntid":0,"trialid":15,"Aweight":1,"Bweight":1.9485153548885137,"calc1":19.79574831429465,"calc2":12.393177327443263,"calc3":3.287701098226184,"ordA12":"=","ordA13":">","ordA23":">","ordB12":">","ordB13":">","ordB23":"=","mychoice":1,"myA1":10.123365840408951,"myA2":11.557883756468073,"myA3":0.6678895291406661,"myB1":5.957103349501267,"myB2":2.0435297407675534,"myB3":1.8343840911984444,"simA1":3.68415320757776,"simA2":4.64447123464197,"simA3":0.0986176868900657,"simB1":7.97461394220591,"simB2":4.65023029595613,"simB3":3.52380316471681}