{"ppntid":0,"trialid":12,"Aweight":1,"Bweight":4.268147415714338,"calc1":49.971124689483176,"calc2":58.28619859496075,"calc3":9.689573843446524,"ordA12":"=","ordA13":"=","ordA23":">","ordB12":"=","ordB13":">","ordB23":">","mychoice":2,"myA1":4.696685067610815,"myA2":6.342210777802393,"myA3":4.116958159720525,"myB1":9.408338415669277,"myB2":10.759941480355337,"myB3":5.612350279698148,"simA1":3.20852837292477,"simA2":5.95825222786516,"simA3":2.49748300760984,"simB1":9.51917973579839,"simB2":9.62475342443213,"simB3":2.62047795113176}