{"ppntid":0,"trialid":5,"Aweight":1,"Bweight":4.035760145634413,"calc1":43.54349919947661,"calc2":-2.2130506728276043,"calc3":44.7195959617451,"ordA12":">","ordA13":"=","ordA23":"<","ordB12":">","ordB13":"=","ordB23":"<","mychoice":3,"myA1":6.407810810487717,"myA2":1.3630103948526084,"myA3":8.633790544699878,"myB1":10.787072028033435,"myB2":6.666400321992114,"myB3":10.553842429071665,"simA1":8.39378722943366,"simA2":0.737763438373804,"simA3":9.02796564158052,"simB1":9.07501752953976,"simB2":0.14604820869863,"simB3":7.71205921890214}