{"ppntid":0,"trialid":21,"Aweight":1,"Bweight":1.9485153548885137,"calc1":13.914446240844637,"calc2":4.200733738137545,"calc3":6.009235367839619,"ordA12":"<","ordA13":"<","ordA23":"=","ordB12":">","ordB13":"=","ordB23":"=","mychoice":3,"myA1":0.32797796186059713,"myA2":5.4260595759842545,"myA3":4.641234133159742,"myB1":7.154093664139509,"myB2":3.6602056317497045,"myB3":5.560860758414492,"simA1":3.40520124649629,"simA2":8.95440582418814,"simA3":8.64797518588603,"simB1":4.75207760930061,"simB2":0.761112046893686,"simB3":1.8724691378884}