{"ppntid":0,"trialid":25,"Aweight":1,"Bweight":3.3404669899027795,"calc1":42.90422139362499,"calc2":21.23603698828687,"calc3":9.108796584339098,"ordA12":">","ordA13":">","ordA23":"<","ordB12":"=","ordB13":">","ordB23":">","mychoice":1,"myA1":8.59286678954959,"myA2":0.9711409953888506,"myA3":4.574813697254285,"myB1":10.11050881119445,"myB2":7.6315376395359635,"myB3":1.494036455405876,"simA1":9.9918304849416,"simA2":2.31992638204247,"simA3":1.71494130510837,"simB1":9.41250982927158,"simB2":6.62222635699436,"simB3":1.64602370932698}