{"ppntid":0,"trialid":18,"Aweight":1,"Bweight":3.3404669899027795,"calc1":19.869371345014386,"calc2":27.361102390231988,"calc3":46.976230253063456,"ordA12":"=","ordA13":"<","ordA23":"<","ordB12":"=","ordB13":"<","ordB23":"<","mychoice":3,"myA1":0.4802171140909195,"myA2":2.0822186465375125,"myA3":10.30068323831074,"myB1":5.277941026724875,"myB2":7.81882933457382,"myB3":12.138647743267938,"simA1":3.21668911725283,"simA2":4.34108043089509,"simA3":9.63302112417296,"simB1":4.08555867150426,"simB2":6.08102107653394,"simB3":9.77082550525665}