{"ppntid":0,"trialid":29,"Aweight":1,"Bweight":1.9485153548885137,"calc1":15.257235293537127,"calc2":18.556594062265873,"calc3":9.346518994418442,"ordA12":"<","ordA13":"=","ordA23":">","ordB12":"=","ordB13":"=","ordB23":"=","mychoice":2,"myA1":1.240957430563867,"myA2":4.970790644874796,"myA3":0.7795061822980642,"myB1":8.572564346250147,"myB2":8.110665692947805,"myB3":6.935039061354473,"simA1":3.14332489855587,"simA2":8.58726553386077,"simA3":0.351831594016403,"simB1":4.77481295354664,"simB2":3.7194332992658,"simB3":2.86561590852216}