{"ppntid":0,"trialid":10,"Aweight":1,"Bweight":3.3404669899027795,"calc1":9.05026060750171,"calc2":22.993877890030735,"calc3":37.65148339613839,"ordA12":"=","ordA13":">","ordA23":"<","ordB12":"<","ordB13":"<","ordB23":"<","mychoice":3,"myA1":5.362065938534215,"myA2":2.6747273246292025,"myA3":14.565116695594043,"myB1":4.210195747436956,"myB2":7.328300859080628,"myB3":9.609903503442183,"simA1":4.34119588462636,"simA2":2.31800572248176,"simA3":8.05309789255261,"simB1":2.52373051131144,"simB2":6.41027750447392,"simB3":9.69243492698297}