{"ppntid":0,"trialid":12,"Aweight":1,"Bweight":1.9485153548885137,"calc1":22.539671115368698,"calc2":26.15852886370476,"calc3":9.956067747286447,"ordA12":"=","ordA13":"=","ordA23":">","ordB12":"=","ordB13":">","ordB23":">","mychoice":2,"myA1":4.290542216040194,"myA2":6.786436778493226,"myA3":3.6130660492926836,"myB1":10.264277713140473,"myB2":9.447378037730232,"myB3":3.478413464035839,"simA1":3.20852837292477,"simA2":5.95825222786516,"simA3":2.49748300760984,"simB1":9.51917973579839,"simB2":9.62475342443213,"simB3":2.62047795113176}