{"ppntid":0,"trialid":8,"Aweight":1,"Bweight":1.9485153548885137,"calc1":22.66863991799983,"calc2":4.058501092076675,"calc3":3.3297285842573783,"ordA12":">","ordA13":">","ordA23":"<","ordB12":"=","ordB13":">","ordB23":"=","mychoice":1,"myA1":9.592973089311272,"myA2":0.3720736561808735,"myA3":4.358878161292523,"myB1":10.82549337297678,"myB2":10.34534474951215,"myB3":7.50829883152619,"simA1":8.91313169384375,"simA2":2.29380517965183,"simA3":1.85019911266863,"simB1":4.43676650989801,"simB2":2.41301263449714,"simB3":0.557394896168262}