{"ppntid":0,"trialid":27,"Aweight":1,"Bweight":1.9485153548885137,"calc1":18.066220122508412,"calc2":22.763751648684604,"calc3":18.9632910660957,"ordA12":"<","ordA13":"<","ordA23":"=","ordB12":">","ordB13":"=","ordB23":"<","mychoice":3,"myA1":2.772441746201366,"myA2":9.96637350646779,"myA3":9.169833135092631,"myB1":8.905928211752325,"myB2":2.5500263914000243,"myB3":7.283993469318375,"simA1":1.13813327625394,"simA2":8.34869364043698,"simA3":5.95196410315111,"simB1":6.53089314699173,"simB2":2.766918677371,"simB3":7.83264182507992}