{"ppntid":0,"trialid":2,"Aweight":1,"Bweight":3.522692520637065,"calc1":12.937196048405372,"calc2":24.904588637450704,"calc3":25.17634403697513,"ordA12":"<","ordA13":"<","ordA23":"=","ordB12":"=","ordB13":"=","ordB23":"=","mychoice":2,"myA1":4.0031394304241985,"myA2":12.27394200162962,"myA3":9.291822616942227,"myB1":4.156926133437082,"myB2":6.481212006183341,"myB3":6.428378928685561,"simA1":2.3651837464422,"simA2":6.00488829193637,"simA3":8.13246078789234,"simB1":4.48913048487157,"simB2":5.11691393330693,"simB3":5.71495153009892}