{"ppntid":0,"trialid":19,"Aweight":1,"Bweight":1.9485153548885137,"calc1":8.369089098679675,"calc2":13.721911490663604,"calc3":19.856264231045362,"ordA12":"=","ordA13":"=","ordA23":"<","ordB12":"=","ordB13":"<","ordB23":"=","mychoice":3,"myA1":7.308199382387102,"myA2":4.410754853161052,"myA3":9.869034677976742,"myB1":4.093531201360747,"myB2":6.347451667534187,"myB3":9.020327985053882,"simA1":5.0472562527284,"simA2":5.22066032979637,"simA3":5.31262512784451,"simB1":2.9207472759299,"simB2":4.4082949613221,"simB3":6.50717998389155}