{"ppntid":0,"trialid":15,"Aweight":1,"Bweight":1.9485153548885137,"calc1":22.903670952836503,"calc2":14.213811045174605,"calc3":2.698115899048661,"ordA12":"=","ordA13":">","ordA23":">","ordB12":">","ordB13":">","ordB23":"=","mychoice":1,"myA1":11.360129857202992,"myA2":9.836859792703763,"myA3":5.7831509958487,"myB1":7.367864915868267,"myB2":2.685419989284128,"myB3":0.18095575156621635,"simA1":3.68415320757776,"simA2":4.64447123464197,"simA3":0.0986176868900657,"simB1":7.97461394220591,"simB2":4.65023029595613,"simB3":3.52380316471681}