{"ppntid":0,"trialid":5,"Aweight":1,"Bweight":4.788533810060471,"calc1":42.54385926187598,"calc2":2.4583429784968613,"calc3":46.08982357110031,"ordA12":">","ordA13":"=","ordA23":"<","ordB12":">","ordB13":"=","ordB23":"<","mychoice":1,"myA1":6.3347660936415195,"myA2":2.461889530532062,"myA3":8.081554159289226,"myB1":8.505316050723195,"myB2":0.4635029670316726,"myB3":7.543200699146837,"simA1":8.39378722943366,"simA2":0.737763438373804,"simA3":9.02796564158052,"simB1":9.07501752953976,"simB2":0.14604820869863,"simB3":7.71205921890214}