{"ppntid":0,"trialid":7,"Aweight":1,"Bweight":3.3404669899027795,"calc1":28.916681411866197,"calc2":28.826222150705476,"calc3":25.479519312378915,"ordA12":"=","ordA13":">","ordA23":">","ordB12":"=","ordB13":"=","ordB23":"=","mychoice":2,"myA1":5.919304200215265,"myA2":8.481139191426337,"myA3":0.5134287534747273,"myB1":6.455709004076198,"myB2":8.618090230738744,"myB3":8.979177904548123,"simA1":9.74268093239516,"simA2":7.87472704425454,"simA3":1.78666759980842,"simB1":6.90122544532642,"simB2":7.15154525591061,"simB3":9.34879306936637}