{"ppntid":0,"trialid":24,"Aweight":1,"Bweight":1.392169805476442,"calc1":7.056475965935885,"calc2":14.425161894320645,"calc3":8.747075061563542,"ordA12":"<","ordA13":"=","ordA23":">","ordB12":"<","ordB13":"<","ordB23":"=","mychoice":2,"myA1":4.325237473240122,"myA2":8.8711479306221,"myA3":4.55476229893975,"myB1":0.6294369127135724,"myB2":5.049112119013444,"myB3":5.0126166245900095,"simA1":0.989329111762345,"simA2":9.16007667547092,"simA3":1.7497731372714,"simB1":1.85851399088278,"simB2":5.78722845995799,"simB3":5.71751862764359}