{"ppntid":0,"trialid":1,"Aweight":1,"Bweight":2.2756569471675903,"calc1":13.201688931532873,"calc2":16.890182204822338,"calc3":20.583779667352538,"ordA12":"<","ordA13":"<","ordA23":"=","ordB12":">","ordB13":"=","ordB23":"<","mychoice":3,"myA1":0.4096221027430147,"myA2":3.7703965441323817,"myA3":2.34798313700594,"myB1":9.80149662005715,"myB2":5.158948780735955,"myB3":10.297208373667672,"simA1":1.95723988814279,"simA2":8.72834477107972,"simA3":6.29885389935225,"simB1":6.00115596316755,"simB2":2.16901220846921,"simB3":5.718498819042}