{"ppntid":0,"trialid":24,"Aweight":1,"Bweight":3.3404669899027795,"calc1":5.740013229305169,"calc2":30.858903428461247,"calc3":16.57047042710684,"ordA12":"<","ordA13":"=","ordA23":">","ordB12":"<","ordB13":"<","ordB23":"=","mychoice":2,"myA1":1.2415748764760792,"myA2":6.930076768621802,"myA3":0.8091827330645174,"myB1":7.188805101905018,"myB2":10.46131148468703,"myB3":11.254049342824146,"simA1":0.989329111762345,"simA2":9.16007667547092,"simA3":1.7497731372714,"simB1":1.85851399088278,"simB2":5.78722845995799,"simB3":5.71751862764359}