{"ppntid":0,"trialid":13,"Aweight":1,"Bweight":1.392169805476442,"calc1":14.21242007373004,"calc2":6.330429728772165,"calc3":20.43017308443249,"ordA12":"<","ordA13":"<","ordA23":"=","ordB12":">","ordB13":"=","ordB23":"<","mychoice":3,"myA1":4.97873320709914,"myA2":11.553337824298069,"myA3":13.618613326689228,"myB1":10.071601804811507,"myB2":0.6147032068111002,"myB3":8.275904764886945,"simA1":1.86005981639028,"simA2":8.42553070746362,"simA3":8.11919365543872,"simB1":9.17810374870896,"simB2":1.51240932522342,"simB3":9.96909169945866}