{"ppntid":0,"trialid":25,"Aweight":1,"Bweight":1.9485153548885137,"calc1":26.05314115521262,"calc2":17.19112864882992,"calc3":6.976409238038107,"ordA12":">","ordA13":">","ordA23":"=","ordB12":"=","ordB13":">","ordB23":">","mychoice":1,"myA1":8.535152164986357,"myA2":3.2393300731200725,"myA3":4.557558418018743,"myB1":5.583531529409811,"myB2":6.413780600996688,"myB3":2.208454281790182,"simA1":9.9918304849416,"simA2":2.31992638204247,"simA3":1.71494130510837,"simB1":9.41250982927158,"simB2":6.62222635699436,"simB3":1.64602370932698}