{"ppntid":0,"trialid":7,"Aweight":1,"Bweight":1.392169805476442,"calc1":21.711924060221442,"calc2":17.844361837335548,"calc3":13.938808346349562,"ordA12":"=","ordA13":">","ordA23":">","ordB12":"=","ordB13":"=","ordB23":"=","mychoice":2,"myA1":7.1599664515815675,"myA2":10.12180341174826,"myA3":1.9103661586996168,"myB1":5.937800105893984,"myB2":8.456737990491092,"myB3":8.430904853157699,"simA1":9.74268093239516,"simA2":7.87472704425454,"simA3":1.78666759980842,"simB1":6.90122544532642,"simB2":7.15154525591061,"simB3":9.34879306936637}