{"ppntid":0,"trialid":20,"Aweight":1,"Bweight":3.3404669899027795,"calc1":4.262342065250616,"calc2":33.73265702205301,"calc3":19.949302659195745,"ordA12":"=","ordA13":">","ordA23":">","ordB12":"<","ordB13":"<","ordB23":"=","mychoice":2,"myA1":7.188427189830691,"myA2":8.36704962537624,"myA3":4.0667935309465975,"myB1":4.951939461752772,"myB2":10.434820821974427,"myB3":9.762150981696323,"simA1":6.35498477844521,"simA2":4.84276535455137,"simA3":1.61378592019901,"simB1":0.103883419651538,"simB2":7.14141314383596,"simB3":5.34827178344131}