{"ppntid":0,"trialid":9,"Aweight":1,"Bweight":3.3686863735783845,"calc1":6.306670827735152,"calc2":35.42680657476663,"calc3":7.2894920004103,"ordA12":"=","ordA13":"<","ordA23":"<","ordB12":"<","ordB13":"=","ordB23":">","mychoice":2,"myA1":1.7519870633259416,"myA2":1.586873527849093,"myA3":5.894325437257066,"myB1":3.685836852528155,"myB2":14.17065536021255,"myB3":5.496342976111919,"simA1":1.3156188535504,"simA2":0.961971294600517,"simA3":7.0756730157882,"simB1":0.283582140691578,"simB2":9.57877810113132,"simB3":0.423672434408218}