{"ppntid":0,"trialid":21,"Aweight":1,"Bweight":3.3404669899027795,"calc1":23.509552074814316,"calc2":18.03649768503576,"calc3":10.603028755443926,"ordA12":"<","ordA13":"<","ordA23":"=","ordB12":">","ordB13":"=","ordB23":"=","mychoice":1,"myA1":1.38245215639472,"myA2":4.623437637928873,"myA3":6.3281263306271285,"myB1":6.630983889335766,"myB2":3.6225740087684244,"myB3":3.803605738794431,"simA1":3.40520124649629,"simA2":8.95440582418814,"simA3":8.64797518588603,"simB1":4.75207760930061,"simB2":0.761112046893686,"simB3":1.8724691378884}