{"ppntid":0,"trialid":19,"Aweight":1,"Bweight":1.9485153548885137,"calc1":14.842660116385447,"calc2":14.163424833189564,"calc3":22.787024463567484,"ordA12":"=","ordA13":"=","ordA23":"=","ordB12":"=","ordB13":"<","ordB23":"=","mychoice":3,"myA1":7.0495214173570275,"myA2":6.855646896874532,"myA3":5.2794979338068515,"myB1":7.81635208404623,"myB2":8.84727472322993,"myB3":11.000666680047289,"simA1":5.0472562527284,"simA2":5.22066032979637,"simA3":5.31262512784451,"simB1":2.9207472759299,"simB2":4.4082949613221,"simB3":6.50717998389155}