{"ppntid":0,"trialid":4,"Aweight":1,"Bweight":4.22438727109693,"calc1":30.66710448995478,"calc2":37.70296156057221,"calc3":47.53538674480397,"ordA12":"=","ordA13":">","ordA23":"=","ordB12":"=","ordB13":"=","ordB23":"=","mychoice":3,"myA1":1.6027042432688177,"myA2":3.7181912013329566,"myA3":12.56486066384241,"myB1":6.9153838022612035,"myB2":6.478559821844101,"myB3":4.528725530253723,"simA1":1.58158730249852,"simA2":3.06550125358626,"simA3":4.93618091568351,"simB1":8.18738446105272,"simB2":9.55175729002804,"simB3":9.60501343011856}