{"ppntid":0,"trialid":9,"Aweight":1,"Bweight":0.8864661282859743,"calc1":8.008032907425022,"calc2":10.093672677614729,"calc3":5.706099730677292,"ordA12":"=","ordA13":"<","ordA23":"<","ordB12":"<","ordB13":"=","ordB23":">","mychoice":3,"myA1":4.000563297886401,"myA2":1.3028695830143988,"myA3":10.881428879220039,"myB1":2.9759623564314097,"myB2":8.331670261686668,"myB3":1.1760779691394418,"simA1":1.3156188535504,"simA2":0.961971294600517,"simA3":7.0756730157882,"simB1":0.283582140691578,"simB2":9.57877810113132,"simB3":0.423672434408218}