{"ppntid":0,"trialid":5,"Aweight":1,"Bweight":4.03079615556635,"calc1":37.66175836518981,"calc2":5.432034910885077,"calc3":43.90991157149532,"ordA12":">","ordA13":"=","ordA23":"<","ordB12":">","ordB13":"=","ordB23":"<","mychoice":3,"myA1":8.885316773084924,"myA2":2.8930839872919023,"myA3":8.414639689726755,"myB1":7.587793150451034,"myB2":1.8769783212337643,"myB3":9.748127746861428,"simA1":8.39378722943366,"simA2":0.737763438373804,"simA3":9.02796564158052,"simB1":9.07501752953976,"simB2":0.14604820869863,"simB3":7.71205921890214}