{"ppntid":0,"trialid":3,"Aweight":1,"Bweight":4.22438727109693,"calc1":17.15408404448275,"calc2":31.782847623432467,"calc3":15.722060485354021,"ordA12":"=","ordA13":"<","ordA23":"<","ordB12":"<","ordB13":"=","ordB23":"<","mychoice":3,"myA1":4.381553273415193,"myA2":7.12421027594246,"myA3":7.527342176763341,"myB1":2.4521239078603685,"myB2":5.994466671254486,"myB3":11.012440746417269,"simA1":3.1719257379882,"simA2":0.18154481658712,"simA3":6.33394056931138,"simB1":3.16195522435009,"simB2":6.95029358845204,"simB3":1.01433182833716}