{"ppntid":0,"trialid":5,"Aweight":1,"Bweight":3.3404669899027795,"calc1":40.932499879909734,"calc2":-1.8798700354483582,"calc3":42.75982116049083,"ordA12":"=","ordA13":"=","ordA23":">","ordB12":">","ordB13":"=","ordB23":"<","mychoice":3,"myA1":2.4751055357046425,"myA2":4.3455114983953536,"myA3":14.050337359076366,"myB1":11.112787197344005,"myB2":3.561220953706652,"myB3":9.864188694627956,"simA1":8.39378722943366,"simA2":0.737763438373804,"simA3":9.02796564158052,"simB1":9.07501752953976,"simB2":0.14604820869863,"simB3":7.71205921890214}