{"ppntid":0,"trialid":22,"Aweight":1,"Bweight":1.9485153548885137,"calc1":24.846359186219736,"calc2":10.838477496630594,"calc3":24.383149013211817,"ordA12":"=","ordA13":"=","ordA23":"=","ordB12":">","ordB13":">","ordB23":"=","mychoice":1,"myA1":4.111580295721069,"myA2":7.0726494351401925,"myA3":6.983790078666061,"myB1":14.079201382119209,"myB2":3.424467908916995,"myB3":4.7296820464544,"simA1":8.1287957704626,"simA2":6.10309598734602,"simA3":7.31510496931151,"simB1":9.6102004032582,"simB2":2.80141149647534,"simB3":5.45359223382547}