{"ppntid":0,"trialid":27,"Aweight":1,"Bweight":1.9485153548885137,"calc1":18.066220122508412,"calc2":22.763751648684604,"calc3":18.9632910660957,"ordA12":"=","ordA13":"<","ordA23":"=","ordB12":">","ordB13":"=","ordB23":"<","mychoice":3,"myA1":2.8148355369921774,"myA2":10.493208520347252,"myA3":8.60680841607973,"myB1":10.091375241754577,"myB2":5.2260754408780485,"myB3":8.378747524693608,"simA1":1.13813327625394,"simA2":8.34869364043698,"simA3":5.95196410315111,"simB1":6.53089314699173,"simB2":2.766918677371,"simB3":7.83264182507992}