{"ppntid":0,"trialid":24,"Aweight":1,"Bweight":0.8864661282859743,"calc1":-3.4422317785457324,"calc2":15.925534697707269,"calc3":18.770478802521176,"ordA12":"=","ordA13":"=","ordA23":">","ordB12":"<","ordB13":"<","ordB23":"=","mychoice":2,"myA1":6.687777395127341,"myA2":5.55277097504586,"myA3":5.601044335635379,"myB1":6.97007427806966,"myB2":14.012149956542999,"myB3":10.90967504074797,"simA1":0.989329111762345,"simA2":9.16007667547092,"simA3":1.7497731372714,"simB1":1.85851399088278,"simB2":5.78722845995799,"simB3":5.71751862764359}