{"ppntid":0,"trialid":19,"Aweight":1,"Bweight":3.3404669899027795,"calc1":19.541238700706153,"calc2":10.749436744548694,"calc3":25.29384135770485,"ordA12":"=","ordA13":"=","ordA23":"=","ordB12":"=","ordB13":"<","ordB23":"=","mychoice":3,"myA1":8.677924174116924,"myA2":9.086714282166213,"myA3":6.9686210341751575,"myB1":3.48455787752755,"myB2":2.0361345552373677,"myB3":10.889304243028164,"simA1":5.0472562527284,"simA2":5.22066032979637,"simA3":5.31262512784451,"simB1":2.9207472759299,"simB2":4.4082949613221,"simB3":6.50717998389155}