{"ppntid":0,"trialid":6,"Aweight":1,"Bweight":3.5815822542645037,"calc1":15.049180820327992,"calc2":11.380628199769847,"calc3":24.483669398503462,"ordA12":">","ordA13":">","ordA23":"=","ordB12":">","ordB13":"<","ordB23":"=","mychoice":1,"myA1":5.126838128780946,"myA2":0.8718918752856553,"myA3":1.3756001915317029,"myB1":6.0108838230371475,"myB2":2.9943603894207627,"myB3":4.703524316428229,"simA1":8.37697070091963,"simA2":2.72995244478807,"simA3":1.56540370546281,"simB1":2.63156997738406,"simB2":3.75615949742496,"simB3":6.70366015750915}