{"ppntid":0,"trialid":13,"Aweight":1,"Bweight":3.3404669899027795,"calc1":34.713984484193105,"calc2":16.02061197557405,"calc3":36.765298376909556,"ordA12":">","ordA13":"<","ordA23":"=","ordB12":">","ordB13":"=","ordB23":">","mychoice":1,"myA1":0.08300238638184965,"myA2":13.120748779037967,"myA3":12.997402818873525,"myB1":9.502949807792902,"myB2":0.6138428393751383,"myB3":2.6399038347881287,"simA1":1.86005981639028,"simA2":8.42553070746362,"simA3":8.11919365543872,"simB1":9.17810374870896,"simB2":1.51240932522342,"simB3":9.96909169945866}