{"ppntid":0,"trialid":16,"Aweight":1,"Bweight":1.392169805476442,"calc1":9.355579474225495,"calc2":4.764372816049375,"calc3":5.753999233985267,"ordA12":"=","ordA13":"<","ordA23":"<","ordB12":"<","ordB13":"=","ordB23":"=","mychoice":2,"myA1":1.588715185644105,"myA2":4.10813054535538,"myA3":10.11274819378741,"myB1":2.6124766271095723,"myB2":9.272287177154794,"myB3":4.304614739958197,"simA1":3.04651591461152,"simA2":1.87292299000546,"simA3":8.16750949015841,"simB1":2.7922795410268,"simB2":6.04821721091866,"simB3":3.38662295835093}