{"ppntid":0,"trialid":11,"Aweight":1,"Bweight":1.392169805476442,"calc1":18.177835400818708,"calc2":7.137263139015706,"calc3":16.058910930285908,"ordA12":"<","ordA13":"<","ordA23":"=","ordB12":">","ordB13":"=","ordB23":"<","mychoice":3,"myA1":3.2598189858254045,"myA2":6.872754954965785,"myA3":6.948845617007464,"myB1":10.664906676393002,"myB2":5.5815397028345615,"myB3":12.726712308358401,"simA1":0.400069444440305,"simA2":6.08044839696959,"simA3":6.42102890415117,"simB1":9.5571158779785,"simB2":0.160704387817532,"simB3":7.56760822609067}