{"ppntid":0,"trialid":28,"Aweight":1,"Bweight":1.9485153548885137,"calc1":23.678149302146636,"calc2":4.199924142933789,"calc3":7.28533725823302,"ordA12":">","ordA13":">","ordA23":">","ordB12":"=","ordB13":"<","ordB23":"=","mychoice":1,"myA1":14.587825579801574,"myA2":10.74067106586881,"myA3":1.0025235603097826,"myB1":1.8805238732602447,"myB2":1.0565052030142397,"myB3":5.284962955629453,"simA1":9.4170446950011,"simA2":5.04811249440536,"simA3":0.612245274242014,"simB1":3.73225670075044,"simB2":2.78762091649696,"simB3":4.20625507831573}