{"ppntid":0,"trialid":10,"Aweight":1,"Bweight":1.392169805476442,"calc1":6.589849466671239,"calc2":8.993158419600654,"calc3":19.891846815590647,"ordA12":"=","ordA13":"=","ordA23":"<","ordB12":"<","ordB13":"<","ordB23":"<","mychoice":3,"myA1":11.195241295499727,"myA2":9.409621492959559,"myA3":13.939424474956468,"myB1":2.5809175323229283,"myB2":8.370000352151692,"myB3":12.653068281942979,"simA1":4.34119588462636,"simA2":2.31800572248176,"simA3":8.05309789255261,"simB1":2.52373051131144,"simB2":6.41027750447392,"simB3":9.69243492698297}