{"ppntid":0,"trialid":5,"Aweight":1,"Bweight":0.8864661282859743,"calc1":11.391176710191148,"calc2":-2.8120826878231866,"calc3":16.05204686480488,"ordA12":">","ordA13":"=","ordA23":"<","ordB12":">","ordB13":"=","ordB23":"<","mychoice":3,"myA1":11.768577431794256,"myA2":0.7942022115457803,"myA3":13.553742341464385,"myB1":6.848205506103113,"myB2":2.060627262108028,"myB3":9.465483961394057,"simA1":8.39378722943366,"simA2":0.737763438373804,"simA3":9.02796564158052,"simB1":9.07501752953976,"simB2":0.14604820869863,"simB3":7.71205921890214}