{"ppntid":0,"trialid":25,"Aweight":1,"Bweight":1.392169805476442,"calc1":19.465631287220074,"calc2":10.496573291545142,"calc3":8.518185082652526,"ordA12":">","ordA13":">","ordA23":"=","ordB12":"=","ordB13":">","ordB23":">","mychoice":1,"myA1":12.459855624474585,"myA2":4.714972546789795,"myA3":6.613802856300026,"myB1":7.776007640641183,"myB2":7.644483398180455,"myB3":1.1365068855229765,"simA1":9.9918304849416,"simA2":2.31992638204247,"simA3":1.71494130510837,"simB1":9.41250982927158,"simB2":6.62222635699436,"simB3":1.64602370932698}