{"ppntid":0,"trialid":21,"Aweight":1,"Bweight":1.9485153548885137,"calc1":13.914446240844637,"calc2":4.200733738137545,"calc3":6.009235367839619,"ordA12":"<","ordA13":"<","ordA23":"=","ordB12":">","ordB13":"=","ordB23":"=","mychoice":1,"myA1":2.718863671179861,"myA2":8.39625432388857,"myA3":9.003170676296577,"myB1":7.4634355085436255,"myB2":0.6137517001479864,"myB3":1.0999545094091445,"simA1":3.40520124649629,"simA2":8.95440582418814,"simA3":8.64797518588603,"simB1":4.75207760930061,"simB2":0.761112046893686,"simB3":1.8724691378884}