{"ppntid":0,"trialid":3,"Aweight":1,"Bweight":3.989574327133596,"calc1":18.010119507765022,"calc2":30.533815506513466,"calc3":5.870092619061628,"ordA12":">","ordA13":"<","ordA23":"<","ordB12":"<","ordB13":"=","ordB23":">","mychoice":2,"myA1":0.763073789421469,"myA2":0.08544349344447255,"myA3":6.063417474506423,"myB1":4.675948239164427,"myB2":7.741546682082117,"myB3":3.620226352941245,"simA1":3.1719257379882,"simA2":0.18154481658712,"simA3":6.33394056931138,"simB1":3.16195522435009,"simB2":6.95029358845204,"simB3":1.01433182833716}