{"ppntid":0,"trialid":12,"Aweight":1,"Bweight":2.8642449562903494,"calc1":29.035022429599014,"calc2":33.78394726932077,"calc3":13.3769134812957,"ordA12":">","ordA13":"=","ordA23":">","ordB12":"=","ordB13":">","ordB23":">","mychoice":1,"myA1":11.971385143697262,"myA2":7.155331126414239,"myA3":0.47429588972590864,"myB1":9.053258652566,"myB2":8.051692609442398,"myB3":4.591251636156812,"simA1":3.20852837292477,"simA2":5.95825222786516,"simA3":2.49748300760984,"simB1":9.51917973579839,"simB2":9.62475342443213,"simB3":2.62047795113176}