{"ppntid":0,"trialid":16,"Aweight":1,"Bweight":0.8864661282859743,"calc1":2.9167504719388617,"calc2":1.5766749579184083,"calc3":5.497926077669805,"ordA12":"=","ordA13":"=","ordA23":"<","ordB12":"<","ordB13":"<","ordB23":"=","mychoice":3,"myA1":11.781784817576408,"myA2":0.9366730658803135,"myA3":8.936885800212622,"myB1":1.3670573243871331,"myB2":5.965846386970952,"myB3":8.61560188117437,"simA1":3.04651591461152,"simA2":1.87292299000546,"simA3":8.16750949015841,"simB1":2.7922795410268,"simB2":6.04821721091866,"simB3":3.38662295835093}