{"ppntid":0,"trialid":11,"Aweight":1,"Bweight":3.3404669899027795,"calc1":33.81391742004732,"calc2":12.130833941366314,"calc3":37.954208717953726,"ordA12":"<","ordA13":"<","ordA23":"=","ordB12":">","ordB13":"=","ordB23":"<","mychoice":3,"myA1":2.971969584468752,"myA2":13.275001487927511,"myA3":13.438786428887397,"myB1":8.260722697013989,"myB2":0.12895811232738197,"myB3":7.20093296142295,"simA1":0.400069444440305,"simA2":6.08044839696959,"simA3":6.42102890415117,"simB1":9.5571158779785,"simB2":0.160704387817532,"simB3":7.56760822609067}