{"ppntid":0,"trialid":11,"Aweight":1,"Bweight":1.9485153548885137,"calc1":18.536248565889903,"calc2":7.365492550576121,"calc3":20.073733745295108,"ordA12":"<","ordA13":"<","ordA23":"<","ordB12":">","ordB13":"=","ordB23":"<","mychoice":3,"myA1":0.3305794461630285,"myA2":7.0835403457749635,"myA3":13.203157318057492,"myB1":4.794746332336217,"myB2":0.14366027084179223,"myB3":3.3503664541058242,"simA1":0.400069444440305,"simA2":6.08044839696959,"simA3":6.42102890415117,"simB1":9.5571158779785,"simB2":0.160704387817532,"simB3":7.56760822609067}