{"ppntid":0,"trialid":21,"Aweight":1,"Bweight":0.8864661282859743,"calc1":15.124776643454545,"calc2":6.830658509473934,"calc3":11.133983968770194,"ordA12":"<","ordA13":"<","ordA23":"=","ordB12":">","ordB13":"=","ordB23":"=","mychoice":3,"myA1":1.4329720521345735,"myA2":9.284512706799433,"myA3":10.176204785238951,"myB1":4.252938700374216,"myB2":0.534279893618077,"myB3":1.7003634141292423,"simA1":3.40520124649629,"simA2":8.95440582418814,"simA3":8.64797518588603,"simB1":4.75207760930061,"simB2":0.761112046893686,"simB3":1.8724691378884}