{"ppntid":0,"trialid":12,"Aweight":1,"Bweight":3.3404669899027795,"calc1":31.38248467637985,"calc2":40.969117848393594,"calc3":6.48428895061076,"ordA12":"=","ordA13":"=","ordA23":">","ordB12":"<","ordB13":">","ordB23":">","mychoice":2,"myA1":11.646471130661666,"myA2":12.433906516525894,"myA3":3.906367718009278,"myB1":6.2421214452479035,"myB2":9.644383520353585,"myB3":0.8088405313901603,"simA1":3.20852837292477,"simA2":5.95825222786516,"simA3":2.49748300760984,"simB1":9.51917973579839,"simB2":9.62475342443213,"simB3":2.62047795113176}