{"ppntid":0,"trialid":14,"Aweight":1,"Bweight":3.3404669899027795,"calc1":12.811756765995542,"calc2":31.66819706756799,"calc3":11.924077636795097,"ordA12":"=","ordA13":"=","ordA23":">","ordB12":"=","ordB13":">","ordB23":"<","mychoice":1,"myA1":1.660273001762107,"myA2":6.894993017194793,"myA3":3.6647765000816435,"myB1":10.48159564496018,"myB2":2.11927866213955,"myB3":5.233069503447041,"simA1":1.94943448994309,"simA2":7.94562598224729,"simA3":1.60481928149238,"simB1":6.37492659967393,"simB2":6.6169921355322,"simB3":3.29448562115431}