{"estA":12.910768515257033,"estB":10.010901883836706,"estC":24.449909432592193,"est_pa":0.7842530868911277,"est_pb":0.654737640788767,"est_pc":0.7862478274445163,"est_va":16.462502642401894,"est_vb":15.289944032813667,"est_vc":31.096950069878023,"sim_pA":0.68,"sim_pB":0.57,"sim_pC":0.68,"sim_vA":14,"sim_vB":25,"sim_vC":19,"sim_ppntid":0,"est_calcsd":1,"est_returnchoice":3}