{"estA":7.388334239570302,"estB":12.55871056478764,"estC":1.658570403657557,"est_pa":0.33239270297753715,"est_pb":0.7128324963232576,"est_pc":0.04437928685211089,"est_va":22.2277269428192,"est_vb":17.61803878129102,"est_vc":37.37262406186384,"sim_pA":0.59,"sim_pB":0.9,"sim_pC":0.45,"sim_vA":12,"sim_vB":10,"sim_vC":23,"sim_ppntid":1,"est_calcsd":15,"est_returnchoice":2}