{"estA":10.258661913755878,"estB":11.005694150700418,"estC":9.594057272651364,"est_pa":0.931773270293655,"est_pb":0.41077095834097405,"est_pc":0.6139634110676977,"est_va":11.009826361001736,"est_vb":26.79277569950497,"est_vc":15.626431640229274,"sim_pA":0.76,"sim_pB":0.42,"sim_pC":0.62,"sim_vA":11,"sim_vB":27,"sim_vC":13,"sim_ppntid":0,"est_calcsd":1,"est_returnchoice":2}