{"estA":6.756360121937187,"estB":14.756440111009741,"estC":13.704693461454168,"est_pa":0.44088980950174894,"est_pb":0.5341206372345031,"est_pc":0.7001961723622075,"est_va":15.324373519933637,"est_vb":27.627541574528223,"est_vc":19.57264835541661,"sim_pA":0.59,"sim_pB":0.61,"sim_pC":0.85,"sim_vA":11,"sim_vB":23,"sim_vC":13,"sim_ppntid":0,"est_calcsd":1,"est_returnchoice":2}