{"estA":6.627660189260715,"estB":7.657801776176542,"estC":4.506894354395547,"est_pa":0.21564633432362174,"est_pb":0.35571893412855776,"est_pc":0.5140708803456451,"est_va":30.73393392031671,"est_vb":21.527675480465124,"est_vc":8.76706797974095,"sim_pA":0.16,"sim_pB":0.78,"sim_pC":0.91,"sim_vA":14,"sim_vB":24,"sim_vC":16,"sim_ppntid":1,"est_calcsd":15,"est_returnchoice":2}