{"estA":10.896317527906287,"estB":5.061953666028521,"estC":11.341477801285123,"est_pa":0.949015268118918,"est_pb":0.15525744679435358,"est_pc":0.5648462233194178,"est_va":11.481709403373799,"est_vb":32.60361271258916,"est_vc":20.07887692801581,"sim_pA":0.97,"sim_pB":0.43,"sim_pC":0.71,"sim_vA":11,"sim_vB":27,"sim_vC":15,"sim_ppntid":0,"est_calcsd":1,"est_returnchoice":3}