{"estA":4.551402215920591,"estB":9.523614206102186,"estC":15.789973910576215,"est_pa":0.20954588346768557,"est_pb":0.3384219104188473,"est_pc":0.8544259726429153,"est_va":21.72031318678933,"est_vb":28.141245920854537,"est_vc":18.480212933760168,"sim_pA":0.17,"sim_pB":0.4,"sim_pC":0.91,"sim_vA":19,"sim_vB":23,"sim_vC":14,"sim_ppntid":1,"est_calcsd":15,"est_returnchoice":3}