{"estA":3.0422462055310335,"estB":6.59839292943978,"estC":13.55803335006431,"est_pa":0.14120885870874966,"est_pb":0.17665268098157466,"est_pc":0.5523312415563673,"est_va":21.544301351559103,"est_vb":37.35235091126644,"est_vc":24.546924616938707,"sim_pA":0.59,"sim_pB":0.61,"sim_pC":0.85,"sim_vA":11,"sim_vB":23,"sim_vC":13,"sim_ppntid":0,"est_calcsd":1,"est_returnchoice":3}