{"estA":12.26399303948897,"estB":0.5402064046585467,"estC":14.21691239799806,"est_pa":0.6926291173554195,"est_pb":0.03608708331030564,"est_pc":0.8688087637813299,"est_va":17.70643585749768,"est_vb":14.969522474659962,"est_vc":16.363684381038667,"sim_pA":0.68,"sim_pB":0.047,"sim_pC":0.62,"sim_vA":17,"sim_vB":11,"sim_vC":24,"sim_ppntid":1,"est_calcsd":1,"est_returnchoice":3}