{"estA":4.471829965799306,"estB":3.1035788307104295,"estC":0.7306856385190046,"est_pa":0.2896072496779185,"est_pb":0.4158942283839311,"est_pc":0.06872886250906382,"est_va":15.44101527421213,"est_vb":7.462423421383413,"est_vc":10.63142342014817,"sim_pA":0.44,"sim_pB":0.96,"sim_pC":0.012,"sim_vA":23,"sim_vB":13,"sim_vC":21,"sim_ppntid":1,"est_calcsd":15,"est_returnchoice":1}