{"estA":11.052473555997167,"estB":12.992283599461866,"estC":1.0886623307797063,"est_pa":0.38301896621028264,"est_pb":0.9608532646184744,"est_pc":0.044428782345529626,"est_va":28.856204342448173,"est_vb":13.521610507948584,"est_vc":24.503537421147584,"sim_pA":0.44,"sim_pB":0.96,"sim_pC":0.012,"sim_vA":23,"sim_vB":13,"sim_vC":21,"sim_ppntid":0,"est_calcsd":1,"est_returnchoice":2}