{"estA":7.711441121286307,"estB":7.81292885819523,"estC":10.870634590331774,"est_pa":0.4782941585880976,"est_pb":0.9055796321078515,"est_pc":0.32087337619997314,"est_va":16.122800127959177,"est_vb":8.627544813491053,"est_vc":33.87826911372363,"sim_pA":0.59,"sim_pB":0.9,"sim_pC":0.45,"sim_vA":12,"sim_vB":10,"sim_vC":23,"sim_ppntid":0,"est_calcsd":1,"est_returnchoice":3}