{"estA":2.4763927977386455,"estB":0.4326550726113775,"estC":8.103125939220655,"est_pa":0.12618209344242104,"est_pb":0.02487811663237438,"est_pc":0.3501623350940016,"est_va":19.625548524194237,"est_vb":17.39098980058462,"est_vc":23.141055239551562,"sim_pA":0.3,"sim_pB":0.35,"sim_pC":0.47,"sim_vA":27,"sim_vB":18,"sim_vC":13,"sim_ppntid":1,"est_calcsd":15,"est_returnchoice":3}