{"estA":2.0532675911801594,"estB":9.801562719318884,"estC":9.169553728588275,"est_pa":0.19651149282970498,"est_pb":0.3540519577844392,"est_pc":0.5271856924337815,"est_va":10.448587823611426,"est_vb":27.68396701053257,"est_vc":17.393403994437953,"sim_pA":0.12,"sim_pB":0.41,"sim_pC":0.47,"sim_vA":12,"sim_vB":29,"sim_vC":16,"sim_ppntid":0,"est_calcsd":1,"est_returnchoice":2}