{"estA":10.023682126660066,"estB":8.034238876703574,"estC":11.875284867027489,"est_pa":0.48604732480055296,"est_pb":0.9205764618772693,"est_pc":0.5439419602739579,"est_va":20.622852169329875,"est_vb":8.727399851523353,"est_vc":21.831897030055316,"sim_pA":0.37,"sim_pB":0.63,"sim_pC":0.36,"sim_vA":16,"sim_vB":11,"sim_vC":27,"sim_ppntid":1,"est_calcsd":15,"est_returnchoice":3}