{"estA":1.5089954801505676,"estB":8.14784723305505,"estC":8.543577691719628,"est_pa":0.1147706236155598,"est_pb":0.386278477170312,"est_pc":0.561491721938474,"est_va":13.147924378324877,"est_vb":21.093194973590585,"est_vc":15.215856900301372,"sim_pA":0.16,"sim_pB":0.78,"sim_pC":0.91,"sim_vA":14,"sim_vB":24,"sim_vC":16,"sim_ppntid":1,"est_calcsd":15,"est_returnchoice":3}