{"estA":3.335222539796106,"estB":13.11543119004199,"estC":12.790259011763066,"est_pa":0.4005915815826672,"est_pb":0.6515983729872177,"est_pc":0.8265555834304228,"est_va":8.325742958998852,"est_vb":20.128090759212615,"est_vc":15.474166853583073,"sim_pA":0.29,"sim_pB":0.64,"sim_pC":0.86,"sim_vA":12,"sim_vB":22,"sim_vC":14,"sim_ppntid":0,"est_calcsd":1,"est_returnchoice":2}