{"estA":3.8430616284218084,"estB":7.603877645015977,"estC":5.994153545053161,"est_pa":0.2971354476776729,"est_pb":0.3064017749407424,"est_pc":0.42055388704087027,"est_va":12.93370299120518,"est_vb":24.816689284801157,"est_vc":14.252997605680521,"sim_pA":0.59,"sim_pB":0.61,"sim_pC":0.85,"sim_vA":11,"sim_vB":23,"sim_vC":13,"sim_ppntid":1,"est_calcsd":15,"est_returnchoice":2}