{"estA":2.103549429456982,"estB":10.25813902144855,"estC":16.648303008542076,"est_pa":0.08864487864398694,"est_pb":0.3378589501455066,"est_pc":0.6267900187496246,"est_va":23.73007286642241,"est_vb":30.362194096177266,"est_vc":26.561212703663603,"sim_pA":0.16,"sim_pB":0.78,"sim_pC":0.91,"sim_vA":14,"sim_vB":24,"sim_vC":16,"sim_ppntid":1,"est_calcsd":15,"est_returnchoice":3}