{"estA":5.872052229430306,"estB":11.482819566715612,"estC":1.4864315261254444,"est_pa":0.33239270297753715,"est_pb":0.7128324963232576,"est_pc":0.07612550361024323,"est_va":17.66600823913735,"est_vb":16.108720668520625,"est_vc":19.526064927410665,"sim_pA":0.59,"sim_pB":0.9,"sim_pC":0.45,"sim_vA":12,"sim_vB":10,"sim_vC":23,"sim_ppntid":1,"est_calcsd":15,"est_returnchoice":2}