{"estA":0.3242943060789299,"estB":8.996331403875695,"estC":14.974510688437283,"est_pa":0.0218258871852971,"est_pb":0.31340930883433676,"est_pc":0.8830815158285774,"est_va":14.858241652480874,"est_vb":28.704735788913705,"est_vc":16.95711032337372,"sim_pA":0.29,"sim_pB":0.64,"sim_pC":0.86,"sim_vA":12,"sim_vB":22,"sim_vC":14,"sim_ppntid":1,"est_calcsd":15,"est_returnchoice":3}