{"estA":2.6543660070554465,"estB":13.216172560940969,"estC":8.64354784632735,"est_pa":0.16353590654883585,"est_pb":0.4896236112083129,"est_pc":0.38134665713127414,"est_va":16.23108993658703,"est_vb":26.992514777474813,"est_vc":22.66585450453263,"sim_pA":0.12,"sim_pB":0.41,"sim_pC":0.47,"sim_vA":12,"sim_vB":29,"sim_vC":16,"sim_ppntid":0,"est_calcsd":1,"est_returnchoice":2}