{"estA":6.443601737076738,"estB":9.05654531657268,"estC":13.2303239867511,"est_pa":0.20350753172319322,"est_pb":0.4881687448650758,"est_pc":0.6361018903376812,"est_va":31.66271873338424,"est_vb":18.552079402534886,"est_vc":20.799064092904437,"sim_pA":0.37,"sim_pB":0.63,"sim_pC":0.36,"sim_vA":16,"sim_vB":11,"sim_vC":27,"sim_ppntid":1,"est_calcsd":15,"est_returnchoice":3}