{"estA":8.234288291428907,"estB":5.876090427922615,"estC":17.69749245957713,"est_pa":0.30700379188903315,"est_pb":0.23989962268152634,"est_pc":0.786135909520421,"est_va":26.821454682244443,"est_vb":24.49395443911679,"est_vc":22.512001099623365,"sim_pA":0.3,"sim_pB":0.35,"sim_pC":0.47,"sim_vA":27,"sim_vB":18,"sim_vC":13,"sim_ppntid":1,"est_calcsd":15,"est_returnchoice":3}