{"estA":8.502211193844223,"estB":12.098658128592524,"estC":3.6304348799402275,"est_pa":0.9255956692410952,"est_pb":0.388930097592817,"est_pc":0.281157118178394,"est_va":9.185664406592641,"est_vb":31.107538870028478,"est_vc":12.912477206558643,"sim_pA":0.76,"sim_pB":0.42,"sim_pC":0.62,"sim_vA":11,"sim_vB":27,"sim_vC":13,"sim_ppntid":0,"est_calcsd":1,"est_returnchoice":2}