{"estA":4.436756620630107,"estB":8.061281835899445,"estC":14.896193980021522,"est_pa":0.28515013643144516,"est_pb":0.26002713161087415,"est_pc":0.44666815265457904,"est_va":15.559370499185356,"est_vb":31.001695038358555,"est_vc":33.34957706631295,"sim_pA":0.5,"sim_pB":0.56,"sim_pC":0.88,"sim_vA":11,"sim_vB":26,"sim_vC":13,"sim_ppntid":1,"est_calcsd":15,"est_returnchoice":3}