{"estA":0.735934426353976,"estB":6.804028002021756,"estC":6.635575220936283,"est_pa":0.03962425138869009,"est_pb":0.19051992347308358,"est_pc":0.30385757419877846,"est_va":18.572828521980178,"est_vb":35.71294738097573,"est_vc":21.83778119875137,"sim_pA":0.29,"sim_pB":0.64,"sim_pC":0.86,"sim_vA":12,"sim_vB":22,"sim_vC":14,"sim_ppntid":1,"est_calcsd":15,"est_returnchoice":2}