{"estA":0.0415724159986514,"estB":0.6143298505477134,"estC":4.224265544259832,"est_pa":0.0014318775326997012,"est_pb":0.1796059925047676,"est_pc":0.3584768638960748,"est_va":29.033499757671052,"est_vb":3.4204306993343003,"est_vc":11.783927973339107,"sim_pA":0.079,"sim_pB":0.75,"sim_pC":0.97,"sim_vA":29,"sim_vB":26,"sim_vC":16,"sim_ppntid":1,"est_calcsd":1,"est_returnchoice":3}