{"estA":9.635848616242033,"estB":8.756824024992687,"estC":6.978844916897093,"est_pa":0.7544184792703995,"est_pb":0.3246745221629081,"est_pc":0.4418007485002319,"est_va":12.77255115166438,"est_vb":26.971084662438894,"est_vc":15.796362818732142,"sim_pA":0.76,"sim_pB":0.42,"sim_pC":0.62,"sim_vA":11,"sim_vB":27,"sim_vC":13,"sim_ppntid":0,"est_calcsd":1,"est_returnchoice":1}