{"estA":9.987334888422357,"estB":4.258780839853187,"estC":5.5083210409629695,"est_pa":0.25195042116893546,"est_pb":0.21478004183802502,"est_pc":0.3877365756594222,"est_va":39.64008014785473,"est_vb":19.82856881583494,"est_vc":14.206348811934978,"sim_pA":0.38,"sim_pB":0.4,"sim_pC":0.64,"sim_vA":30,"sim_vB":21,"sim_vC":10,"sim_ppntid":0,"est_calcsd":1,"est_returnchoice":1}