{"estA":6.09199364746884,"estB":9.83952516627684,"estC":7.9739924037167,"est_pa":0.29990114842873333,"est_pb":0.7162416975927316,"est_pc":0.6695827751890355,"est_va":20.313338843103843,"est_vb":13.737716191820734,"est_vc":11.908897150864574,"sim_pA":0.77,"sim_pB":0.9,"sim_pC":0.91,"sim_vA":23,"sim_vB":17,"sim_vC":12,"sim_ppntid":1,"est_calcsd":15,"est_returnchoice":2}