{"estA":0.7904892079855386,"estB":22.81228214798178,"estC":15.253495597433599,"est_pa":0.2686782135094666,"est_pb":0.7899307452098403,"est_pc":0.9681070817411477,"est_va":2.9421410752297064,"est_vb":28.878838159314633,"est_vc":15.756000431274684,"sim_pA":0.29,"sim_pB":0.64,"sim_pC":0.86,"sim_vA":12,"sim_vB":22,"sim_vC":14,"sim_ppntid":1,"est_calcsd":15,"est_returnchoice":2}