{"estA":2.5025702718127585,"estB":13.62111056522135,"estC":7.981724384380428,"est_pa":0.09887450358128702,"est_pb":0.391932288903703,"est_pc":0.4115740437264959,"est_va":25.31057230295308,"est_vb":34.75373412923381,"est_vc":19.39316753824383,"sim_pA":0.12,"sim_pB":0.41,"sim_pC":0.47,"sim_vA":12,"sim_vB":29,"sim_vC":16,"sim_ppntid":0,"est_calcsd":1,"est_returnchoice":2}