{"estA":0.06381426587345455,"estB":4.321994029035789,"estC":12.362798335812567,"est_pa":0.0040645468271222175,"est_pb":0.15172409770023496,"est_pc":0.6730057168303736,"est_va":15.700216675480242,"est_vb":28.485877290072004,"est_vc":18.369529450711227,"sim_pA":0.29,"sim_pB":0.64,"sim_pC":0.86,"sim_vA":12,"sim_vB":22,"sim_vC":14,"sim_ppntid":0,"est_calcsd":1,"est_returnchoice":3}