{"estA":1.8780590375200394,"estB":28.883508263179305,"estC":9.65598138361843,"est_pa":0.3418896499331502,"est_pb":0.8301974382362719,"est_pc":0.810862497895377,"est_va":5.493173127315369,"est_vb":34.79113152232968,"est_vc":11.90828458423084,"sim_pA":0.12,"sim_pB":0.41,"sim_pC":0.47,"sim_vA":12,"sim_vB":29,"sim_vC":16,"sim_ppntid":0,"est_calcsd":1,"est_returnchoice":2}