{"estA":2.022892798958548,"estB":11.571441313246973,"estC":6.791690348631153,"est_pa":0.41687303012404714,"est_pb":0.747652475735202,"est_pc":0.6916075787366301,"est_va":4.852539389167498,"est_vb":15.477032028641688,"est_vc":9.820150266481514,"sim_pA":0.12,"sim_pB":0.41,"sim_pC":0.47,"sim_vA":12,"sim_vB":29,"sim_vC":16,"sim_ppntid":0,"est_calcsd":1,"est_returnchoice":2}