{"estA":9.351190426566285,"estB":10.440067607631931,"estC":13.428657173673539,"est_pa":0.9323107555636273,"est_pb":0.36543514244985686,"est_pc":0.5725007654575269,"est_va":10.030121792291277,"est_vb":28.568865976168297,"est_vc":23.45613837379191,"sim_pA":0.97,"sim_pB":0.43,"sim_pC":0.71,"sim_vA":11,"sim_vB":27,"sim_vC":15,"sim_ppntid":0,"est_calcsd":1,"est_returnchoice":3}