{"estA":9.807093071776393,"estB":15.356887055205867,"estC":12.206577001268684,"est_pa":0.4012139771327982,"est_pb":0.5036631891005497,"est_pc":0.8891502691767823,"est_va":24.443547908926245,"est_vb":30.49038998190528,"est_vc":13.728362262736663,"sim_pA":0.5,"sim_pB":0.56,"sim_pC":0.88,"sim_vA":11,"sim_vB":26,"sim_vC":13,"sim_ppntid":0,"est_calcsd":1,"est_returnchoice":2}