{"estA":5.6937491555765956,"estB":4.91226405644975,"estC":8.96831144460297,"est_pa":0.9294730620611745,"est_pb":0.9979516070423619,"est_pc":0.8660838355206942,"est_va":6.125781787532702,"est_vb":4.922346957292119,"est_vc":10.355015388563594,"sim_pA":0.31,"sim_pB":0.42,"sim_pC":0.29,"sim_vA":20,"sim_vB":11,"sim_vC":27,"sim_ppntid":0,"est_calcsd":1,"est_returnchoice":3}