{"estA":3.456644930977446,"estB":10.31417496980847,"estC":16.6210458661306,"est_pa":0.4399657639131731,"est_pb":0.5719500268192811,"est_pc":0.47978194416980463,"est_va":7.856622524973584,"est_vb":18.033349918991153,"est_vc":34.64291657513496,"sim_pA":0.12,"sim_pB":0.41,"sim_pC":0.47,"sim_vA":12,"sim_vB":29,"sim_vC":16,"sim_ppntid":1,"est_calcsd":15,"est_returnchoice":3}