{"estA":0.8122674555874442,"estB":17.690371835049298,"estC":14.541646668949914,"est_pa":0.045727035772929685,"est_pb":0.6112452144330554,"est_pc":0.8925158662624809,"est_va":17.76339624595358,"est_vb":28.941530203156752,"est_vc":16.292871890160153,"sim_pA":0.17,"sim_pB":0.4,"sim_pC":0.91,"sim_vA":19,"sim_vB":23,"sim_vC":14,"sim_ppntid":1,"est_calcsd":15,"est_returnchoice":2}