{"estA":9.051585213851125,"estB":5.876090427922615,"estC":12.227490329307487,"est_pa":0.32259846049625873,"est_pb":0.23989962268152634,"est_pc":0.5736435942018618,"est_va":28.05836456853178,"est_vb":24.49395443911679,"est_vc":21.315483085486534,"sim_pA":0.3,"sim_pB":0.35,"sim_pC":0.47,"sim_vA":27,"sim_vB":18,"sim_vC":13,"sim_ppntid":1,"est_calcsd":15,"est_returnchoice":3}