{"estA":8.012402850919504,"estB":7.627769017048065,"estC":5.831388021331003,"est_pa":0.2266620954046951,"est_pb":0.2830737864620927,"est_pc":0.27873997287779234,"est_va":35.34954901309685,"est_vb":26.94622173385003,"est_vc":20.92053020284842,"sim_pA":0.46,"sim_pB":0.51,"sim_pC":0.52,"sim_vA":28,"sim_vB":16,"sim_vC":14,"sim_ppntid":0,"est_calcsd":1,"est_returnchoice":1}