{"estA":11.606077495804723,"estB":3.254861187613144,"estC":8.215024014432721,"est_pa":0.9969461407667884,"est_pb":0.18889530083865658,"est_pc":0.3029232165115044,"est_va":11.641629393216824,"est_vb":17.231033134028348,"est_vc":27.11916276684832,"sim_pA":0.69,"sim_pB":0.15,"sim_pC":0.28,"sim_vA":14,"sim_vB":17,"sim_vC":21,"sim_ppntid":1,"est_calcsd":15,"est_returnchoice":1}