{"estA":0.69153426095225,"estB":6.019547951315138,"estC":6.585691453104436,"est_pa":0.03937688997606405,"est_pb":0.2223272320072416,"est_pc":0.2395848060425256,"est_va":17.56193191927071,"est_vb":27.075171570161366,"est_vc":27.487934489199183,"sim_pA":0.19,"sim_pB":0.88,"sim_pC":0.96,"sim_vA":10,"sim_vB":19,"sim_vC":14,"sim_ppntid":1,"est_calcsd":15,"est_returnchoice":3}