{"estA":12.104874173556533,"estB":7.45490190515323,"estC":10.070384501407682,"est_pa":0.44677230974572224,"est_pb":0.49914277637536075,"est_pc":0.789946787641797,"est_va":27.094056434352318,"est_vb":14.935409782524957,"est_vc":12.74818083819352,"sim_pA":0.77,"sim_pB":0.81,"sim_pC":0.9,"sim_vA":29,"sim_vB":24,"sim_vC":19,"sim_ppntid":1,"est_calcsd":15,"est_returnchoice":1}