{"estA":3.77637597537102,"estB":5.876090427922615,"estC":9.447570368126835,"est_pa":0.1345900245236078,"est_pb":0.23989962268152634,"est_pc":0.44322572142686156,"est_va":28.05836456853178,"est_vb":24.49395443911679,"est_vc":21.315483085486534,"sim_pA":0.3,"sim_pB":0.35,"sim_pC":0.47,"sim_vA":27,"sim_vB":18,"sim_vC":13,"sim_ppntid":1,"est_calcsd":15,"est_returnchoice":3}