{"estA":19.925572364880395,"estB":13.228749573609075,"estC":7.476790201770293,"est_pa":0.8293823342337989,"est_pb":0.8672449035503996,"est_pc":0.9194734206501487,"est_va":24.024592208475315,"est_vb":15.253764558836973,"est_vc":8.131600146183175,"sim_pA":0.77,"sim_pB":0.81,"sim_pC":0.9,"sim_vA":29,"sim_vB":24,"sim_vC":19,"sim_ppntid":1,"est_calcsd":15,"est_returnchoice":1}