{"estA":4.091568208809783,"estB":12.977019458533407,"estC":12.667708254636523,"est_pa":0.4505649532452271,"est_pb":0.7679168016676898,"est_pc":0.5756853950468757,"est_va":9.080973074669842,"est_vb":16.898991440675776,"est_vc":22.004567709425814,"sim_pA":0.29,"sim_pB":0.64,"sim_pC":0.86,"sim_vA":12,"sim_vB":22,"sim_vC":14,"sim_ppntid":0,"est_calcsd":1,"est_returnchoice":2}