{"estA":9.96668608094173,"estB":23.604888732662783,"estC":17.95009289046293,"est_pa":0.540935699680604,"est_pb":0.721865324337679,"est_pc":0.7349740405776884,"est_va":18.42489982973313,"est_vb":32.69985125593971,"est_vc":24.42275767502507,"sim_pA":0.64,"sim_pB":0.9,"sim_pC":0.93,"sim_vA":17,"sim_vB":28,"sim_vC":22,"sim_ppntid":0,"est_calcsd":1,"est_returnchoice":2}