{"estA":12.993329314880256,"estB":10.489665215011653,"estC":9.87740084951181,"est_pa":0.41018227545302505,"est_pb":0.5092397531610987,"est_pc":0.583460724020383,"est_va":31.676964345984473,"est_vb":20.598677047298846,"est_vc":16.92899014941535,"sim_pA":0.52,"sim_pB":0.6,"sim_pC":0.71,"sim_vA":24,"sim_vB":20,"sim_vC":15,"sim_ppntid":0,"est_calcsd":1,"est_returnchoice":1}