{"estA":0.22805481322948304,"estB":2.618389740589351,"estC":11.280449531626566,"est_pa":0.021795324244814656,"est_pb":0.07070642775839414,"est_pc":0.6800245220234475,"est_va":10.46347421437145,"est_vb":37.03184878094057,"est_vc":16.588298166161735,"sim_pA":0.59,"sim_pB":0.61,"sim_pC":0.85,"sim_vA":11,"sim_vB":23,"sim_vC":13,"sim_ppntid":0,"est_calcsd":1,"est_returnchoice":3}