{"estA":16.552760423284724,"estB":9.222790898207071,"estC":9.62217492927139,"est_pa":0.4762082684110682,"est_pb":0.5314195090785693,"est_pc":0.5909812261441832,"est_va":34.75949814671466,"est_vb":17.35501000743934,"est_vc":16.28169306164024,"sim_pA":0.77,"sim_pB":0.81,"sim_pC":0.9,"sim_vA":29,"sim_vB":24,"sim_vC":19,"sim_ppntid":0,"est_calcsd":1,"est_returnchoice":1}