{"estA":11.481208551714488,"estB":-1.1683233785440295,"estC":16.780072342729394,"est_pa":0.8980466197544065,"est_pb":0.6163355470615606,"est_pc":0.9367367810038112,"est_va":12.784646475095373,"est_vb":-1.8955962934705362,"est_vc":17.91332707652175,"sim_pA":0.68,"sim_pB":0.047,"sim_pC":0.62,"sim_vA":17,"sim_vB":11,"sim_vC":24,"sim_ppntid":0,"est_calcsd":1,"est_returnchoice":3}