{"estA":0.2748904343702511,"estB":10.501436969412085,"estC":6.146177307823219,"est_pa":0.039742960418009815,"est_pb":0.33204566407195796,"est_pc":0.26442299484781273,"est_va":6.91670754968929,"est_vb":31.626484263129264,"est_vc":23.24373230611286,"sim_pA":0.12,"sim_pB":0.41,"sim_pC":0.47,"sim_vA":12,"sim_vB":29,"sim_vC":16,"sim_ppntid":1,"est_calcsd":15,"est_returnchoice":2}