{"estA":4.078057418793679,"estB":6.740789374814068,"estC":13.331792294823623,"est_pa":0.34392346167953297,"est_pb":0.36739966789175005,"est_pc":0.771782088849637,"est_va":11.857456304023838,"est_vb":18.34729305416836,"est_vc":17.274036917201638,"sim_pA":0.76,"sim_pB":0.76,"sim_pC":0.97,"sim_vA":30,"sim_vB":12,"sim_vC":20,"sim_ppntid":1,"est_calcsd":15,"est_returnchoice":3}