{"estA":9.138668588039334,"estB":22.928981882316442,"estC":22.113472757484868,"est_pa":0.501445514942045,"est_pb":0.7792579623073347,"est_pc":0.8945379185601677,"est_va":18.22464917069912,"est_vb":29.424122680023885,"est_vc":24.720553817414828,"sim_pA":0.29,"sim_pB":0.64,"sim_pC":0.86,"sim_vA":12,"sim_vB":22,"sim_vC":14,"sim_ppntid":1,"est_calcsd":15,"est_returnchoice":2}