{"estA":7.195567452347868,"estB":8.886670413349897,"estC":6.4562880833833365,"est_pa":0.22742330367526983,"est_pb":0.35200690691374176,"est_pc":0.40385537200772464,"est_va":31.63953445431511,"est_vb":25.245727395705757,"est_vc":15.986634153921432,"sim_pA":0.52,"sim_pB":0.6,"sim_pC":0.71,"sim_vA":24,"sim_vB":20,"sim_vC":15,"sim_ppntid":0,"est_calcsd":1,"est_returnchoice":2}