{"estA":7.115855473610521,"estB":6.223230622982798,"estC":4.258296376909023,"est_pa":0.374143870932517,"est_pb":0.3623116839756573,"est_pc":0.5942515846509094,"est_va":19.019035260085772,"est_vb":17.176455792689588,"est_vc":7.165814087665481,"sim_pA":0.71,"sim_pB":0.74,"sim_pC":0.86,"sim_vA":26,"sim_vB":20,"sim_vC":13,"sim_ppntid":1,"est_calcsd":15,"est_returnchoice":1}