{"estA":4.358933701012782,"estB":2.3835518847809762,"estC":12.849772520955982,"est_pa":0.22027396180050965,"est_pb":0.06912192734789722,"est_pc":0.6987734009669765,"est_va":19.788692523542277,"est_vb":34.48329605718795,"est_vc":18.389040715021796,"sim_pA":0.17,"sim_pB":0.4,"sim_pC":0.91,"sim_vA":19,"sim_vB":23,"sim_vC":14,"sim_ppntid":0,"est_calcsd":1,"est_returnchoice":3}