{"estA":0.3168908414811733,"estB":1.3494358097126176,"estC":8.939247124783618,"est_pa":0.014603099165200863,"est_pb":0.03492563083189506,"est_pc":0.32323844557615733,"est_va":21.70024581058267,"est_vb":38.63740690061567,"est_vc":27.655271973758662,"sim_pA":0.5,"sim_pB":0.56,"sim_pC":0.88,"sim_vA":11,"sim_vB":26,"sim_vC":13,"sim_ppntid":0,"est_calcsd":1,"est_returnchoice":3}