{"estA":18.6964912009822,"estB":10.28744073337899,"estC":5.289627203450033,"est_pa":0.533062566121379,"est_pb":0.430716563535203,"est_pc":0.9277477366501075,"est_va":35.07372753074728,"est_vb":23.884479038703567,"est_vc":5.701579205732919,"sim_pA":0.52,"sim_pB":0.6,"sim_pC":0.71,"sim_vA":24,"sim_vB":20,"sim_vC":15,"sim_ppntid":0,"est_calcsd":1,"est_returnchoice":1}