{"estA":4.170233135372588,"estB":6.002603290465997,"estC":8.142674604263023,"est_pa":0.17464598342319812,"est_pb":0.6556246729872016,"est_pc":0.259765414336618,"est_va":23.87820809636014,"est_vb":9.155548193628114,"est_vc":31.34626149157527,"sim_pA":0.37,"sim_pB":0.63,"sim_pC":0.36,"sim_vA":16,"sim_vB":11,"sim_vC":27,"sim_ppntid":0,"est_calcsd":1,"est_returnchoice":3}