{"estA":21.647561647513076,"estB":19.96081993190332,"estC":15.157237216156782,"est_pa":0.6525523799135473,"est_pb":0.6605298210444411,"est_pc":0.5909857780139547,"est_va":33.17367664857958,"est_vb":30.219407657236317,"est_vc":25.647380664715218,"sim_pA":0.77,"sim_pB":0.81,"sim_pC":0.9,"sim_vA":29,"sim_vB":24,"sim_vC":19,"sim_ppntid":0,"est_calcsd":1,"est_returnchoice":1}