{"estA":21.500257431319273,"estB":9.039683831258042,"estC":9.986263299374901,"est_pa":0.5596384390838866,"est_pb":0.5063712418460146,"est_pc":0.7156709577304079,"est_va":38.418121290086205,"est_vb":17.851890242232543,"est_vc":13.95370762430283,"sim_pA":0.43,"sim_pB":0.5,"sim_pC":0.74,"sim_vA":28,"sim_vB":20,"sim_vC":12,"sim_ppntid":1,"est_calcsd":15,"est_returnchoice":1}