{"estA":1.6125638156220576,"estB":17.025566369212623,"estC":14.605971107107399,"est_pa":0.11156926436941521,"est_pb":0.5674155506927594,"est_pc":0.7769927514674778,"est_va":14.453477171658346,"est_vb":30.00546310094261,"est_vc":18.798078977598742,"sim_pA":0.16,"sim_pB":0.78,"sim_pC":0.91,"sim_vA":14,"sim_vB":24,"sim_vC":16,"sim_ppntid":0,"est_calcsd":1,"est_returnchoice":2}