{"estA":1.676222767140992,"estB":5.8691945887387496,"estC":1.8630976633805192,"est_pa":0.08461519887910196,"est_pb":0.3483122698294016,"est_pc":0.06720305967123488,"est_va":19.809948913976744,"est_vb":16.850381387980956,"est_vc":27.72340534039682,"sim_pA":0.37,"sim_pB":0.63,"sim_pC":0.36,"sim_vA":16,"sim_vB":11,"sim_vC":27,"sim_ppntid":1,"est_calcsd":15,"est_returnchoice":2}