{"estA":6.6880262405840725,"estB":8.663907347479162,"estC":14.771240237187863,"est_pa":0.5562518262854145,"est_pb":0.6198710062063386,"est_pc":0.5057105148235388,"est_va":12.023378485327303,"est_vb":13.97695207669574,"est_vc":29.208884933591104,"sim_pA":0.31,"sim_pB":0.42,"sim_pC":0.29,"sim_vA":20,"sim_vB":11,"sim_vC":27,"sim_ppntid":1,"est_calcsd":15,"est_returnchoice":3}