{"estA":1.1432588588870112,"estB":4.856692218127068,"estC":5.647428212732584,"est_pa":0.07929198924175826,"est_pb":0.22111973660474574,"est_pc":0.4163077990819968,"est_va":14.418339983894949,"est_vb":21.964082866146253,"est_vc":13.565511444142453,"sim_pA":0.99,"sim_pB":0.71,"sim_pC":0.94,"sim_vA":13,"sim_vB":25,"sim_vC":13,"sim_ppntid":1,"est_calcsd":15,"est_returnchoice":3}