{"estA":7.665160316954582,"estB":10.250247453152545,"estC":10.78421388751629,"est_pa":0.8987106299810519,"est_pb":0.35812896648682413,"est_pc":0.5292008602593581,"est_va":8.529063817923452,"est_vb":28.621665412059485,"est_vc":20.378299994128906,"sim_pA":0.76,"sim_pB":0.42,"sim_pC":0.62,"sim_vA":11,"sim_vB":27,"sim_vC":13,"sim_ppntid":0,"est_calcsd":1,"est_returnchoice":3}