{"estA":9.343518881789825,"estB":9.789787025282505,"estC":6.569788647258232,"est_pa":0.3062172723633621,"est_pb":0.35119214859437686,"est_pc":0.3862804800781958,"est_va":30.512710173652984,"est_vb":27.875870985343706,"est_vc":17.007819411243073,"sim_pA":0.78,"sim_pB":0.8,"sim_pC":0.83,"sim_vA":26,"sim_vB":23,"sim_vC":12,"sim_ppntid":1,"est_calcsd":15,"est_returnchoice":2}