{"estA":15.400076949591933,"estB":16.19326896333317,"estC":11.313558038885766,"est_pa":0.4316630690431928,"est_pb":0.583068095761293,"est_pc":0.5460418507818848,"est_va":35.676151271701634,"est_vb":27.772517620244933,"est_vc":20.71921414573943,"sim_pA":0.77,"sim_pB":0.9,"sim_pC":0.91,"sim_vA":23,"sim_vB":17,"sim_vC":12,"sim_ppntid":0,"est_calcsd":1,"est_returnchoice":2}