{"estA":2.866142692689486,"estB":11.680011861056954,"estC":10.191648272027074,"est_pa":0.3183609114868011,"est_pb":0.48184797680465585,"est_pc":0.9616240988269967,"est_va":9.002809670647375,"est_vb":24.24003508017655,"est_vc":10.598370282586508,"sim_pA":0.29,"sim_pB":0.64,"sim_pC":0.86,"sim_vA":12,"sim_vB":22,"sim_vC":14,"sim_ppntid":0,"est_calcsd":1,"est_returnchoice":2}