{"estA":5.464128412489416,"estB":8.311915477292143,"estC":20.97539569787999,"est_pa":0.1673008747835069,"est_pb":0.2886648708415699,"est_pc":0.8108466139928087,"est_va":32.66048919086757,"est_vb":28.794343603569395,"est_vc":25.868512411480598,"sim_pA":0.16,"sim_pB":0.78,"sim_pC":0.91,"sim_vA":14,"sim_vB":24,"sim_vC":16,"sim_ppntid":1,"est_calcsd":15,"est_returnchoice":3}