{"estA":18.980151016553727,"estB":4.000828416275795,"estC":18.19229617489126,"est_pa":0.9778503070211206,"est_pb":0.1705241830404103,"est_pc":0.7404154497243361,"est_va":19.410078291404343,"est_vb":23.46194155539623,"est_vc":24.570389747626727,"sim_pA":0.69,"sim_pB":0.15,"sim_pC":0.28,"sim_vA":14,"sim_vB":17,"sim_vC":21,"sim_ppntid":1,"est_calcsd":15,"est_returnchoice":1}