{"estA":1.7853728394815787,"estB":2.1313085674114705,"estC":12.41416001234677,"est_pa":0.1941095682549359,"est_pb":0.09935417748122445,"est_pc":0.9045171476138815,"est_va":9.197758026728183,"est_vb":21.45162509965156,"est_vc":13.72462649834263,"sim_pA":0.5,"sim_pB":0.56,"sim_pC":0.88,"sim_vA":11,"sim_vB":26,"sim_vC":13,"sim_ppntid":0,"est_calcsd":1,"est_returnchoice":3}