{"estA":8.437471551005189,"estB":13.617825304796577,"estC":10.45256659742067,"est_pa":0.7731829490701756,"est_pb":0.5836699028968627,"est_pc":0.835639405882694,"est_va":10.91264565670005,"est_vb":23.33138172314311,"est_vc":12.5084654024657,"sim_pA":0.68,"sim_pB":0.57,"sim_pC":0.68,"sim_vA":14,"sim_vB":25,"sim_vC":19,"sim_ppntid":0,"est_calcsd":1,"est_returnchoice":2}