{"estA":12.104499277484953,"estB":9.945785109152085,"estC":4.5596871436942905,"est_pa":0.6030303658351117,"est_pb":0.7141731842928467,"est_pc":0.26386069510895377,"est_va":20.072785656029005,"est_vb":13.92629312874595,"est_vc":17.280660697916744,"sim_pA":0.44,"sim_pB":0.96,"sim_pC":0.012,"sim_vA":23,"sim_vB":13,"sim_vC":21,"sim_ppntid":0,"est_calcsd":1,"est_returnchoice":1}