{"estA":6.1495404133559,"estB":6.688552417901915,"estC":7.049542732443722,"est_pa":0.3060366980243685,"est_pb":0.9315889818522732,"est_pc":0.25427091220777615,"est_va":20.094127446330752,"est_vb":7.17972469425637,"est_vc":27.724534714703132,"sim_pA":0.31,"sim_pB":0.42,"sim_pC":0.29,"sim_vA":20,"sim_vB":11,"sim_vC":27,"sim_ppntid":0,"est_calcsd":1,"est_returnchoice":3}