{"estA":1.299580170351088,"estB":0.28236204801632503,"estC":14.50764318537215,"est_pa":0.08809644097282186,"est_pb":0.010371352361404984,"est_pc":0.7647622627210898,"est_va":14.75178969774743,"est_vb":27.225190908283253,"est_vc":18.970134762864355,"sim_pA":0.12,"sim_pB":0.41,"sim_pC":0.47,"sim_vA":12,"sim_vB":29,"sim_vC":16,"sim_ppntid":1,"est_calcsd":15,"est_returnchoice":3}