{"estA":7.5813004937219715,"estB":12.018581962131854,"estC":6.990787553170095,"est_pa":0.7255249701813306,"est_pb":0.46999444501300963,"est_pc":0.4262485490952769,"est_va":10.44939982124554,"est_vb":25.57175321891129,"est_vc":16.400730437694662,"sim_pA":0.12,"sim_pB":0.41,"sim_pC":0.47,"sim_vA":12,"sim_vB":29,"sim_vC":16,"sim_ppntid":1,"est_calcsd":15,"est_returnchoice":2}