{"estA":0.2767269730416428,"estB":5.891724630953965,"estC":6.90333878368363,"est_pa":0.049808687900553365,"est_pb":0.29966320612715164,"est_pc":0.38348186977062876,"est_va":5.5557972856893585,"est_vb":19.66115462454879,"est_vc":18.001734443958746,"sim_pA":0.64,"sim_pB":0.9,"sim_pC":0.93,"sim_vA":17,"sim_vB":28,"sim_vC":22,"sim_ppntid":1,"est_calcsd":15,"est_returnchoice":3}