{"estA":6.667386468291823,"estB":1.9720740397114707,"estC":27.928687726527457,"est_pa":0.2127736497021571,"est_pb":0.10812091178134975,"est_pc":0.9480480025079138,"est_va":31.33558350681536,"est_vb":18.23952468787488,"est_vc":29.459149381303952,"sim_pA":0.76,"sim_pB":0.76,"sim_pC":0.97,"sim_vA":30,"sim_vB":12,"sim_vC":20,"sim_ppntid":0,"est_calcsd":1,"est_returnchoice":3}