{"estA":4.984592367858533,"estB":10.596717011965527,"estC":8.265278890582126,"est_pa":0.42143592576554,"est_pb":0.3753695896449229,"est_pc":0.5638955998461144,"est_va":11.827639892835434,"est_vb":28.23008923549024,"est_vc":14.657462999955484,"sim_pA":0.5,"sim_pB":0.56,"sim_pC":0.88,"sim_vA":11,"sim_vB":26,"sim_vC":13,"sim_ppntid":0,"est_calcsd":1,"est_returnchoice":2}