{"estA":9.295086083328023,"estB":10.724217653568614,"estC":7.870631638884427,"est_pa":0.34656706178159774,"est_pb":0.44216666086565254,"est_pc":0.5087656311957296,"est_va":26.820454418099523,"est_vb":24.253790714508547,"est_vc":15.470053707021101,"sim_pA":0.77,"sim_pB":0.81,"sim_pC":0.9,"sim_vA":29,"sim_vB":24,"sim_vC":19,"sim_ppntid":1,"est_calcsd":15,"est_returnchoice":2}