{"estA":6.788369846665557,"estB":3.7782318064254614,"estC":5.1806343359128135,"est_pa":0.1926883735915047,"est_pb":0.1861884619447384,"est_pc":0.21168007629669444,"est_va":35.2297843410976,"est_vb":20.292513117954957,"est_vc":24.473887323488807,"sim_pA":0.65,"sim_pB":0.73,"sim_pC":0.76,"sim_vA":25,"sim_vB":11,"sim_vC":18,"sim_ppntid":1,"est_calcsd":15,"est_returnchoice":1}