{"estA":10.67236269453602,"estB":6.915878275936188,"estC":10.393997813018565,"est_pa":0.8212575560462964,"est_pb":0.2957284937917705,"est_pc":0.6591564483023737,"est_va":12.995147035133508,"est_vb":23.385904372156382,"est_vc":15.76863556411807,"sim_pA":0.97,"sim_pB":0.43,"sim_pC":0.71,"sim_vA":11,"sim_vB":27,"sim_vC":15,"sim_ppntid":0,"est_calcsd":1,"est_returnchoice":1}