{"estA":11.532682124978539,"estB":8.673536293762071,"estC":5.015513978793382,"est_pa":0.47381471243293494,"est_pb":0.5987708661361513,"est_pc":0.18939388478680447,"est_va":24.34006758836326,"est_vb":14.485568327216914,"est_vc":26.481921443446865,"sim_pA":0.37,"sim_pB":0.63,"sim_pC":0.36,"sim_vA":16,"sim_vB":11,"sim_vC":27,"sim_ppntid":1,"est_calcsd":15,"est_returnchoice":1}