{"estA":3.4879567804485236,"estB":9.617256771565398,"estC":3.794586991537259,"est_pa":0.6346090571825699,"est_pb":0.2725332462657933,"est_pc":0.6649182532748775,"est_va":5.496229120860274,"est_vb":35.288380053954896,"est_vc":5.706847379881712,"sim_pA":0.99,"sim_pB":0.71,"sim_pC":0.94,"sim_vA":13,"sim_vB":25,"sim_vC":13,"sim_ppntid":0,"est_calcsd":1,"est_returnchoice":2}