{"estA":2.9813639462238952,"estB":1.301778359817051,"estC":2.9494020678278323,"est_pa":0.37437006544730317,"est_pb":0.06305289702227145,"est_pc":0.18166795864857976,"est_va":7.963681451565085,"est_vb":20.645813615149812,"est_vc":16.235125278933662,"sim_pA":0.97,"sim_pB":0.43,"sim_pC":0.71,"sim_vA":11,"sim_vB":27,"sim_vC":15,"sim_ppntid":1,"est_calcsd":15,"est_returnchoice":1}