{"estA":13.896189316197527,"estB":14.895659268999397,"estC":18.309582389442404,"est_pa":0.553785048505457,"est_pb":0.8580664775764238,"est_pc":0.6514237284600739,"est_va":25.093110320873162,"est_vb":17.35956322530117,"est_vc":28.10702402985096,"sim_pA":0.31,"sim_pB":0.42,"sim_pC":0.29,"sim_vA":20,"sim_vB":11,"sim_vC":27,"sim_ppntid":1,"est_calcsd":15,"est_returnchoice":3}