{"estA":5.426828208375918,"estB":3.4552460147066073,"estC":5.40395550205036,"est_pa":0.49751110248900776,"est_pb":0.13900539001693243,"est_pc":0.1513653177861806,"est_va":10.907953975752372,"est_vb":24.856921118567556,"est_vc":35.7014115326208,"sim_pA":0.69,"sim_pB":0.15,"sim_pC":0.28,"sim_vA":14,"sim_vB":17,"sim_vC":21,"sim_ppntid":0,"est_calcsd":1,"est_returnchoice":1}