{"estA":9.089509577523074,"estB":3.6310242581115495,"estC":11.757643536587938,"est_pa":0.8843769710833157,"est_pb":0.1347140640268797,"est_pc":0.7510598065159385,"est_va":10.277867781189393,"est_vb":26.953564828888588,"est_vc":15.654736726133706,"sim_pA":0.97,"sim_pB":0.43,"sim_pC":0.71,"sim_vA":11,"sim_vB":27,"sim_vC":15,"sim_ppntid":1,"est_calcsd":15,"est_returnchoice":3}