{"estA":1.2739514349770813,"estB":8.75469073995024,"estC":8.994924137576202,"est_pa":0.04116161399572499,"est_pb":0.4050499109585327,"est_pc":0.44907106927005047,"est_va":30.949987410828758,"est_vb":21.613856720108025,"est_vc":20.030068185414706,"sim_pA":0.079,"sim_pB":0.75,"sim_pC":0.97,"sim_vA":29,"sim_vB":26,"sim_vC":16,"sim_ppntid":0,"est_calcsd":1,"est_returnchoice":3}