{"estA":20.586517624758145,"estB":13.101351984235617,"estC":10.498669258783256,"est_pa":0.6451482787338249,"est_pb":0.6161625514899495,"est_pc":0.5586555840217872,"est_va":31.909745872935552,"est_vb":21.262817664843624,"est_vc":18.792740212498824,"sim_pA":0.52,"sim_pB":0.6,"sim_pC":0.71,"sim_vA":24,"sim_vB":20,"sim_vC":15,"sim_ppntid":0,"est_calcsd":1,"est_returnchoice":1}