{"estA":12.233781054676154,"estB":11.632901406335609,"estC":10.847171130996598,"est_pa":0.6096025758255373,"est_pb":0.7480592211110964,"est_pc":0.5030177874248558,"est_va":20.068453677560164,"est_vb":15.550776032220014,"est_vc":21.56418997929973,"sim_pA":0.37,"sim_pB":0.63,"sim_pC":0.36,"sim_vA":16,"sim_vB":11,"sim_vC":27,"sim_ppntid":1,"est_calcsd":15,"est_returnchoice":1}