{"estA":6.959551706681676,"estB":2.1266375778925926,"estC":2.8371131620903047,"est_pa":0.5856512337388278,"est_pb":0.0969157311070476,"est_pc":0.16486792164322017,"est_va":11.883440699427094,"est_vb":21.943161895395804,"est_vc":17.208400116973117,"sim_pA":0.71,"sim_pB":0.41,"sim_pC":0.43,"sim_vA":10,"sim_vB":25,"sim_vC":20,"sim_ppntid":1,"est_calcsd":15,"est_returnchoice":1}