{"estA":13.358234803490554,"estB":8.3684869060645,"estC":17.829978766521375,"est_pa":0.5228318855596288,"est_pb":0.4276434435943293,"est_pc":0.7956453124128086,"est_va":25.54977072446943,"est_vb":19.56884182703151,"est_vc":22.409456184001947,"sim_pA":0.76,"sim_pB":0.76,"sim_pC":0.97,"sim_vA":30,"sim_vB":12,"sim_vC":20,"sim_ppntid":0,"est_calcsd":1,"est_returnchoice":3}