{"estA":8.113269656780627,"estB":14.67579503895135,"estC":12.573890177314137,"est_pa":0.26871976841789097,"est_pb":0.8218350910671105,"est_pc":0.3327585606778543,"est_va":30.192306671549133,"est_vb":17.857347779948878,"est_vc":37.78682703669644,"sim_pA":0.31,"sim_pB":0.42,"sim_pC":0.29,"sim_vA":20,"sim_vB":11,"sim_vC":27,"sim_ppntid":1,"est_calcsd":15,"est_returnchoice":2}