{"estA":15.13357553078185,"estB":11.062987690398122,"estC":14.703025860469099,"est_pa":0.8905940892302568,"est_pb":0.42943450046053044,"est_pc":0.836593069467876,"est_va":16.992674568345546,"est_vb":25.761758029534302,"est_vc":17.574883652599603,"sim_pA":0.99,"sim_pB":0.71,"sim_pC":0.94,"sim_vA":13,"sim_vB":25,"sim_vC":13,"sim_ppntid":0,"est_calcsd":1,"est_returnchoice":1}