{"estA":7.5129087527566565,"estB":2.164690563551922,"estC":7.661901466610211,"est_pa":0.4646931179030363,"est_pb":0.16483926564651669,"est_pc":0.3576697745915408,"est_va":16.167462919742043,"est_vb":13.13212938107787,"est_vc":21.421719169197647,"sim_pA":0.68,"sim_pB":0.047,"sim_pC":0.62,"sim_vA":17,"sim_vB":11,"sim_vC":24,"sim_ppntid":1,"est_calcsd":15,"est_returnchoice":3}