{"estA":18.317486575636337,"estB":13.223710697744723,"estC":13.072769109413608,"est_pa":0.8749797815184115,"est_pb":0.721239286208495,"est_pc":0.9762723007864387,"est_va":20.93475410808781,"est_vb":18.33470659545025,"est_vc":13.390494740947588,"sim_pA":0.72,"sim_pB":0.77,"sim_pC":0.79,"sim_vA":25,"sim_vB":19,"sim_vC":19,"sim_ppntid":0,"est_calcsd":1,"est_returnchoice":1}