{"estA":6.085890048971199,"estB":10.553850430609415,"estC":17.558358774031976,"est_pa":0.335151369932625,"est_pb":0.31936690636703885,"est_pc":0.7259096334552944,"est_va":18.15863097977083,"est_vb":33.04616170368069,"est_vc":24.18807791605554,"sim_pA":0.5,"sim_pB":0.56,"sim_pC":0.88,"sim_vA":11,"sim_vB":26,"sim_vC":13,"sim_ppntid":0,"est_calcsd":1,"est_returnchoice":3}