{"estA":15.927336461821454,"estB":15.112422272580531,"estC":3.019791809824547,"est_pa":0.723386973385019,"est_pb":0.9393047695797225,"est_pc":0.15460450653229868,"est_va":22.01772640069952,"est_vb":16.088944464044776,"est_vc":19.532366019315727,"sim_pA":0.44,"sim_pB":0.96,"sim_pC":0.012,"sim_vA":23,"sim_vB":13,"sim_vC":21,"sim_ppntid":1,"est_calcsd":15,"est_returnchoice":1}