{"estA":12.977086495251372,"estB":0.9733414938305098,"estC":3.494161063851694,"est_pa":0.7531864592595282,"est_pb":0.03878637113484108,"est_pc":0.1613238718702612,"est_va":17.229580186570786,"est_vb":25.094935807391764,"est_vc":21.65929334166827,"sim_pA":0.97,"sim_pB":0.43,"sim_pC":0.71,"sim_vA":11,"sim_vB":27,"sim_vC":15,"sim_ppntid":0,"est_calcsd":15,"est_returnchoice":1}