{"estA":11.839388027868528,"estB":14.081537884780793,"estC":2.051334067534175,"est_pa":0.35774718001419553,"est_pb":0.7863267896665387,"est_pc":0.15405577006696908,"est_va":33.094287500459785,"est_vb":17.90799712006813,"est_vc":13.315528958392445,"sim_pA":0.44,"sim_pB":0.96,"sim_pC":0.012,"sim_vA":23,"sim_vB":13,"sim_vC":21,"sim_ppntid":1,"est_calcsd":15,"est_returnchoice":2}