{"estA":1.799966372470811,"estB":2.6559040045085704,"estC":0.11987193567723524,"est_pa":0.08930388562576108,"est_pb":0.1629210028225,"est_pc":0.004849602799788618,"est_va":20.15552133995369,"est_vb":16.30179018356607,"est_vc":24.717887345837923,"sim_pA":0.68,"sim_pB":0.047,"sim_pC":0.62,"sim_vA":17,"sim_vB":11,"sim_vC":24,"sim_ppntid":1,"est_calcsd":15,"est_returnchoice":2}