{"estA":11.217867491811528,"estB":22.761868547969918,"estC":16.856703367869795,"est_pa":0.35961582029465095,"est_pb":0.6568031147366924,"est_pc":0.5818859759977507,"est_va":31.19403223868232,"est_vb":34.655542943177096,"est_vc":28.969083399829103,"sim_pA":0.64,"sim_pB":0.9,"sim_pC":0.93,"sim_vA":17,"sim_vB":28,"sim_vC":22,"sim_ppntid":0,"est_calcsd":1,"est_returnchoice":2}