{"estA":15.43375971991957,"estB":15.78862334020189,"estC":17.083419784641265,"est_pa":0.3721905927144486,"est_pb":0.42154878821486147,"est_pc":0.5080945977561291,"est_va":41.467355763504294,"est_vb":37.45384586932913,"est_vc":33.62251805094141,"sim_pA":0.77,"sim_pB":0.81,"sim_pC":0.9,"sim_vA":29,"sim_vB":24,"sim_vC":19,"sim_ppntid":0,"est_calcsd":1,"est_returnchoice":3}