{"estA":21.955453520158606,"estB":14.645101737476958,"estC":29.444097009304613,"est_pa":0.656212243655465,"est_pb":0.8121358338885971,"est_pc":0.9185190184221254,"est_va":33.45785412026845,"est_vb":18.032822991388738,"est_vc":32.05605591039917,"sim_pA":0.77,"sim_pB":0.9,"sim_pC":0.91,"sim_vA":23,"sim_vB":17,"sim_vC":12,"sim_ppntid":1,"est_calcsd":15,"est_returnchoice":3}