{"estA":13.287260359805432,"estB":22.748428342631286,"estC":6.19207601128613,"est_pa":0.28459071224421184,"est_pb":0.8052625225625235,"est_pc":0.7354405222827252,"est_va":46.68901614892977,"est_vb":28.249704543855778,"est_vc":8.419546956790766,"sim_pA":0.45,"sim_pB":0.55,"sim_pC":0.6,"sim_vA":30,"sim_vB":23,"sim_vC":11,"sim_ppntid":1,"est_calcsd":15,"est_returnchoice":2}