{"estA":3.6410655478618477,"estB":27.10047869541281,"estC":20.118460351829437,"est_pa":0.27694722845393904,"est_pb":0.8418697201463003,"est_pc":0.7444527903324375,"est_va":13.147145642829273,"est_vb":32.19082245968329,"est_vc":27.024494518780006,"sim_pA":0.34,"sim_pB":0.56,"sim_pC":0.65,"sim_vA":14,"sim_vB":27,"sim_vC":16,"sim_ppntid":1,"est_calcsd":15,"est_returnchoice":2}