{"estA":3.100073831332041,"estB":13.726545807132002,"estC":5.799818626327004,"est_pa":0.11776043530580485,"est_pb":0.970031426691539,"est_pc":0.26875490194951845,"est_va":26.32525791265674,"est_vb":14.150619690692677,"est_vc":21.580326848945855,"sim_pA":0.44,"sim_pB":0.96,"sim_pC":0.012,"sim_vA":23,"sim_vB":13,"sim_vC":21,"sim_ppntid":1,"est_calcsd":15,"est_returnchoice":2}