{"estA":11.247583274509884,"estB":5.932261210763797,"estC":5.842211108279716,"est_pa":0.5939033290544541,"est_pb":0.3638869447534039,"est_pc":0.9008820193939252,"est_va":18.938407522343777,"est_vb":16.30248431908962,"est_vc":6.484990245681788,"sim_pA":0.3,"sim_pB":0.35,"sim_pC":0.47,"sim_vA":27,"sim_vB":18,"sim_vC":13,"sim_ppntid":0,"est_calcsd":1,"est_returnchoice":1}