{"estA":10.650569397486974,"estB":5.511119300088289,"estC":1.9556276857709554,"est_pa":0.3212371825446325,"est_pb":0.22190905643233164,"est_pc":0.1464028478535967,"est_va":33.154846251358805,"est_vb":24.835035526226193,"est_vc":13.357852763401086,"sim_pA":0.77,"sim_pB":0.81,"sim_pC":0.9,"sim_vA":29,"sim_vB":24,"sim_vC":19,"sim_ppntid":1,"est_calcsd":15,"est_returnchoice":1}