{"score1":-1.6713133161521878,"score2":null,"score3":-0.20825493882045903,"ppntid":0,"est_calcsd":1}