{"ppntid":0,"trialid":5,"simBweight":2.92900152504444,"myBweight":1.7707084270659834,"myvalue1":19.920966980068034,"myvalue2":9.923861796317127,"myvalue3":6.728547122356199,"simvalue1":13.2756742221018,"simvalue2":30.3546781549135,"simvalue3":23.5392310011038,"mychoice":1,"simchoice":2,"myA1":5.5927066039294,"myA2":2.1913621108978987,"myA3":0.11496340855956078,"myB1":8.091823677532375,"myB2":4.366896077990532,"myB3":3.7349930754862726,"simA1":8.18546326132491,"simA2":4.21199968550354,"simA3":1.76696498412639,"simB1":1.73786558909342,"simB2":8.92545744543895,"simB3":7.43334062164649}