{"ppntid":0,"trialid":4,"simBweight":2.92900152504444,"myBweight":3.311877658125013,"myvalue1":34.111723420300876,"myvalue2":28.101921717790827,"myvalue3":20.440493565471787,"simvalue1":29.0820167366599,"simvalue2":31.8749931806181,"simvalue3":27.5839703264988,"mychoice":1,"simchoice":2,"myA1":8.015125619713217,"myA2":4.308535987511277,"myA3":4.66043793130666,"myB1":7.879698616452515,"myB2":7.184258655179292,"myB3":4.764685553964227,"simA1":7.23374933004379,"simA2":5.64809889299795,"simA3":3.88609998160973,"simB1":7.459288504906,"simB2":8.95420984365046,"simB3":8.0907674995251}