{"ppntid":0,"trialid":4,"simBweight":2.92900152504444,"myBweight":4.041622672230005,"myvalue1":46.54038174454415,"myvalue2":36.049736444420205,"myvalue3":22.236195924972908,"simvalue1":29.0820167366599,"simvalue2":31.8749931806181,"simvalue3":27.5839703264988,"mychoice":1,"simchoice":2,"myA1":9.80427595321089,"myA2":6.569111333228648,"myA3":1.134260562248528,"myB1":9.089444703422487,"myB2":7.294254684820771,"myB3":5.2211542427539825,"simA1":7.23374933004379,"simA2":5.64809889299795,"simA3":3.88609998160973,"simB1":7.459288504906,"simB2":8.95420984365046,"simB3":8.0907674995251}