{"ppntid":0,"trialid":4,"simBweight":2.92900152504444,"myBweight":2.8841912501957268,"myvalue1":19.47938287513925,"myvalue2":21.648101231822352,"myvalue3":20.46728542127038,"simvalue1":29.0820167366599,"simvalue2":31.8749931806181,"simvalue3":27.5839703264988,"mychoice":2,"simchoice":2,"myA1":5.593684834893793,"myA2":2.70002105506137,"myA3":2.0505264471285045,"myB1":4.814416533336043,"myB2":6.5696337493136525,"myB3":6.385415312834084,"simA1":7.23374933004379,"simA2":5.64809889299795,"simA3":3.88609998160973,"simB1":7.459288504906,"simB2":8.95420984365046,"simB3":8.0907674995251}