{"ppntid":0,"trialid":9,"simBweight":2.92900152504444,"myBweight":2.708744938718155,"myvalue1":17.31218042943953,"myvalue2":16.68314333068617,"myvalue3":29.81024668247347,"simvalue1":23.3903938429017,"simvalue2":18.0867040995148,"simvalue3":35.9628005125761,"mychoice":3,"simchoice":3,"myA1":2.583046373911202,"myA2":5.108202388510108,"myA3":5.9666082239709795,"myB1":5.437623101752251,"myB2":4.27317492198199,"myB3":8.802467193454504,"simA1":2.61885447893292,"simA2":1.33204466663301,"simA3":9.1047868761234,"simB1":7.09167925873771,"simB2":5.72026313049719,"simB3":9.16968236677349}