{"ppntid":0,"trialid":1,"simBweight":2.92900152504444,"myBweight":0.6663361843675375,"myvalue1":9.658711889433782,"myvalue2":6.226223549832572,"myvalue3":16.470751268048677,"simvalue1":24.8420819882576,"simvalue2":16.5181396438975,"simvalue3":37.2214369068358,"mychoice":3,"simchoice":3,"myA1":5.413104728795588,"myA2":5.626932710874826,"myA3":9.828800912946463,"myB1":6.371569277253002,"myB2":0.8993821032345295,"myB3":9.967866837978363,"simA1":5.67112212534994,"simA2":2.389488783665,"simA3":8.77995934104547,"simB1":6.54522017110139,"simB2":4.82370894635096,"simB3":9.71029797103256}