{"ppntid":0,"trialid":2,"simBweight":2.92900152504444,"myBweight":4.362311540171504,"myvalue1":5.983257755591479,"myvalue2":42.537777135370526,"myvalue3":15.398212337380361,"simvalue1":4.79336017374058,"simvalue2":33.7039452458313,"simvalue3":10.9773753368355,"mychoice":2,"simchoice":2,"myA1":5.2143572573550045,"myA2":8.172186978626996,"myA3":7.051589651964605,"myB1":0.17625987762585282,"myB2":7.8778394986875355,"myB3":1.9133486016653478,"simA1":4.60025910520926,"simA2":6.2205648701638,"simA3":3.88418034650385,"simB1":0.0659272680059075,"simB2":9.38319087261334,"simB3":2.42171092424542}