{"ppntid":0,"trialid":1,"simBweight":2.92900152504444,"myBweight":3.9833504531998187,"myvalue1":40.236932358377025,"myvalue2":17.52723157237753,"myvalue3":44.87217013116818,"simvalue1":24.8420819882576,"simvalue2":16.5181396438975,"simvalue3":37.2214369068358,"mychoice":3,"simchoice":3,"myA1":2.7218392747454345,"myA2":4.937624961603433,"myA3":9.000652735121548,"myB1":9.417974522802979,"myB2":3.1605571135878563,"myB3":9.005363152828068,"simA1":5.67112212534994,"simA2":2.389488783665,"simA3":8.77995934104547,"simB1":6.54522017110139,"simB2":4.82370894635096,"simB3":9.71029797103256}