{"ppntid":0,"trialid":1,"simBweight":2.92900152504444,"myBweight":1.2692403455730528,"myvalue1":13.419716526362627,"myvalue2":2.4304558121118234,"myvalue3":19.589588876907225,"simvalue1":24.8420819882576,"simvalue2":16.5181396438975,"simvalue3":37.2214369068358,"mychoice":3,"simchoice":3,"myA1":1.2147453241050243,"myA2":0.007983993273228407,"myA3":8.638167106546462,"myB1":9.61596536450088,"myB2":1.9085997599177063,"myB3":8.628327809274197,"simA1":5.67112212534994,"simA2":2.389488783665,"simA3":8.77995934104547,"simB1":6.54522017110139,"simB2":4.82370894635096,"simB3":9.71029797103256}