{"ppntid":0,"trialid":4,"simBweight":2.92900152504444,"myBweight":4.220587857998908,"myvalue1":39.354930776197605,"myvalue2":37.949808817653135,"myvalue3":42.75987752326172,"simvalue1":29.0820167366599,"simvalue2":31.8749931806181,"simvalue3":27.5839703264988,"mychoice":3,"simchoice":2,"myA1":7.7643967140465975,"myA2":9.630999476648867,"myA3":1.3667497620917857,"myB1":7.484865882433951,"myB2":6.709683649241924,"myB3":9.807431844528764,"simA1":7.23374933004379,"simA2":5.64809889299795,"simA3":3.88609998160973,"simB1":7.459288504906,"simB2":8.95420984365046,"simB3":8.0907674995251}