{"ppntid":0,"trialid":2,"simBweight":2.92900152504444,"myBweight":3.5445977293420583,"myvalue1":14.590576549619815,"myvalue2":21.552768948541555,"myvalue3":20.627545311652256,"simvalue1":4.79336017374058,"simvalue2":33.7039452458313,"simvalue3":10.9773753368355,"mychoice":2,"simchoice":2,"myA1":7.568507173564285,"myA2":8.304072134196758,"myA3":5.82754542818293,"myB1":1.9810624257661402,"myB2":3.737715200986713,"myB3":4.175367986317724,"simA1":4.60025910520926,"simA2":6.2205648701638,"simA3":3.88418034650385,"simB1":0.0659272680059075,"simB2":9.38319087261334,"simB3":2.42171092424542}