{"ppntid":0,"trialid":5,"simBweight":2.92900152504444,"myBweight":2.679473046446219,"myvalue1":30.17281680640103,"myvalue2":16.94499339947764,"myvalue3":13.70582484277006,"simvalue1":13.2756742221018,"simvalue2":30.3546781549135,"simvalue3":23.5392310011038,"mychoice":1,"simchoice":2,"myA1":8.986738002859056,"myA2":6.577385368291289,"myA3":5.121120777912438,"myB1":7.906807956751436,"myB2":3.869271252769977,"myB3":3.203877746127546,"simA1":8.18546326132491,"simA2":4.21199968550354,"simA3":1.76696498412639,"simB1":1.73786558909342,"simB2":8.92545744543895,"simB3":7.43334062164649}