{"ppntid":0,"trialid":4,"simBweight":2.92900152504444,"myBweight":4.451252990402281,"myvalue1":43.23442805712718,"myvalue2":28.614128900514462,"myvalue3":29.111881280211435,"simvalue1":29.0820167366599,"simvalue2":31.8749931806181,"simvalue3":27.5839703264988,"mychoice":1,"simchoice":2,"myA1":6.521692210808396,"myA2":1.4134109788574278,"myA3":0.29940515058115125,"myB1":8.247730678413063,"myB2":6.110800257883966,"myB3":6.47289115935564,"simA1":7.23374933004379,"simA2":5.64809889299795,"simA3":3.88609998160973,"simB1":7.459288504906,"simB2":8.95420984365046,"simB3":8.0907674995251}