{"ppntid":0,"trialid":1,"simBweight":2.92900152504444,"myBweight":1.3167726981919259,"myvalue1":14.691749784528014,"myvalue2":9.368499513029626,"myvalue3":21.589545120063086,"simvalue1":24.8420819882576,"simvalue2":16.5181396438975,"simvalue3":37.2214369068358,"mychoice":3,"simchoice":3,"myA1":5.1390268676914275,"myA2":4.50908224331215,"myA3":8.961653558071703,"myB1":7.2546483762562275,"myB2":3.690399471670389,"myB3":9.590031430125237,"simA1":5.67112212534994,"simA2":2.389488783665,"simA3":8.77995934104547,"simB1":6.54522017110139,"simB2":4.82370894635096,"simB3":9.71029797103256}