{"ppntid":0,"trialid":5,"simBweight":2.92900152504444,"myBweight":0.288101063342765,"myvalue1":9.69222983669403,"myvalue2":5.6883243730099124,"myvalue3":4.281789050813115,"simvalue1":13.2756742221018,"simvalue2":30.3546781549135,"simvalue3":23.5392310011038,"mychoice":1,"simchoice":2,"myA1":7.735514084342867,"myA2":4.775875480845571,"myA3":3.564989916048944,"myB1":6.791768588591367,"myB2":3.1671139341779053,"myB3":2.4880128051154315,"simA1":8.18546326132491,"simA2":4.21199968550354,"simA3":1.76696498412639,"simB1":1.73786558909342,"simB2":8.92545744543895,"simB3":7.43334062164649}