{"ppntid":0,"trialid":4,"simBweight":2.92900152504444,"myBweight":4.3333764432463795,"myvalue1":37.16080981262201,"myvalue2":46.25728631507562,"myvalue3":37.74410894101486,"simvalue1":29.0820167366599,"simvalue2":31.8749931806181,"simvalue3":27.5839703264988,"mychoice":2,"simchoice":2,"myA1":7.245908575132489,"myA2":4.557938645593822,"myA3":3.4521150146611035,"myB1":6.903370069339871,"myB2":9.62283065309748,"myB3":7.913458333350718,"simA1":7.23374933004379,"simA2":5.64809889299795,"simA3":3.88609998160973,"simB1":7.459288504906,"simB2":8.95420984365046,"simB3":8.0907674995251}