{"ppntid":0,"trialid":2,"simBweight":2.92900152504444,"myBweight":3.937938956078142,"myvalue1":17.381586442760543,"myvalue2":32.53966897565084,"myvalue3":19.29001193552591,"simvalue1":4.79336017374058,"simvalue2":33.7039452458313,"simvalue3":10.9773753368355,"mychoice":2,"simchoice":2,"myA1":0.9194924402981997,"myA2":8.487748852930963,"myA3":5.783255102578551,"myB1":4.180383237544447,"myB2":6.107743261381984,"myB3":3.429905080702156,"simA1":4.60025910520926,"simA2":6.2205648701638,"simA3":3.88418034650385,"simB1":0.0659272680059075,"simB2":9.38319087261334,"simB3":2.42171092424542}