{"ppntid":0,"trialid":1,"simBweight":2.92900152504444,"myBweight":0.7314059103373438,"myvalue1":11.198513412469271,"myvalue2":4.40543875235043,"myvalue3":13.286163668075574,"simvalue1":24.8420819882576,"simvalue2":16.5181396438975,"simvalue3":37.2214369068358,"mychoice":3,"simchoice":3,"myA1":8.424505377188325,"myA2":4.105499146971852,"myA3":7.890847381204367,"myB1":3.7927066162228584,"myB2":0.4100863845087588,"myB3":7.376637528650463,"simA1":5.67112212534994,"simA2":2.389488783665,"simA3":8.77995934104547,"simB1":6.54522017110139,"simB2":4.82370894635096,"simB3":9.71029797103256}