{"ppntid":0,"trialid":1,"simBweight":2.92900152504444,"myBweight":0.7410817034542561,"myvalue1":9.273075421499652,"myvalue2":1.892748880960217,"myvalue3":9.530097344246508,"simvalue1":24.8420819882576,"simvalue2":16.5181396438975,"simvalue3":37.2214369068358,"mychoice":3,"simchoice":3,"myA1":3.9865642320364714,"myA2":0.8136916835792363,"myA3":5.8341831411235034,"myB1":7.133506555110216,"myB2":1.456056993920356,"myB3":4.987188572995365,"simA1":5.67112212534994,"simA2":2.389488783665,"simA3":8.77995934104547,"simB1":6.54522017110139,"simB2":4.82370894635096,"simB3":9.71029797103256}