{"ppntid":0,"trialid":16,"simBweight":2.92900152504444,"myBweight":1.4848063583485782,"myvalue1":7.749298808510619,"myvalue2":7.969391801171051,"myvalue3":17.836429525584535,"simvalue1":9.16643344210556,"simvalue2":6.70268679125645,"simvalue3":29.7801212419152,"mychoice":3,"simchoice":3,"myA1":3.6623825831338763,"myA2":0.24823886808007956,"myA3":6.361579932272434,"myB1":2.752491058781743,"myB2":5.200107670389116,"myB3":7.728179185651243,"simA1":1.42642312915996,"simA2":3.93072782550007,"simA3":8.56437721289694,"simB1":2.64254226116464,"simB2":0.946383585687727,"simB3":7.24333662772551}