{"ppntid":0,"trialid":2,"simBweight":2.92900152504444,"myBweight":1.373951006680727,"myvalue1":8.53387871218572,"myvalue2":10.671110783462161,"myvalue3":10.064235669462088,"simvalue1":4.79336017374058,"simvalue2":33.7039452458313,"simvalue3":10.9773753368355,"mychoice":2,"simchoice":2,"myA1":1.8709663162007928,"myA2":4.743398758582771,"myA3":4.463635466527194,"myB1":4.849454138893634,"myB2":4.314354730304331,"myB3":4.076273590326309,"simA1":4.60025910520926,"simA2":6.2205648701638,"simA3":3.88418034650385,"simB1":0.0659272680059075,"simB2":9.38319087261334,"simB3":2.42171092424542}