{"ppntid":0,"trialid":4,"simBweight":2.92900152504444,"myBweight":1.7263652349356562,"myvalue1":21.51280390287514,"myvalue2":18.382531723318117,"myvalue3":17.532493343709437,"simvalue1":29.0820167366599,"simvalue2":31.8749931806181,"simvalue3":27.5839703264988,"mychoice":1,"simchoice":2,"myA1":7.813435464631766,"myA2":7.771554624196142,"myA3":9.280871246010065,"myB1":7.935382479336113,"myB2":6.146426540799439,"myB3":4.779766141436994,"simA1":7.23374933004379,"simA2":5.64809889299795,"simA3":3.88609998160973,"simB1":7.459288504906,"simB2":8.95420984365046,"simB3":8.0907674995251}