{"ppntid":0,"trialid":3,"simBweight":2.92900152504444,"myBweight":2.9421595740132034,"myvalue1":6.9703929096803385,"myvalue2":27.26555549010516,"myvalue3":34.106623540252066,"simvalue1":8.12483891560789,"simvalue2":28.2043243209439,"simvalue3":35.1603063288223,"mychoice":3,"simchoice":3,"myA1":2.1318331290967762,"myA2":9.680214803665876,"myA3":6.032645350787789,"myB1":1.6445606225170195,"myB2":5.977017984259874,"myB3":9.541963133960962,"simA1":5.65594530198723,"simA2":1.80899103172123,"simA3":9.04499290045351,"simB1":0.842913051601499,"simB2":9.01171715464443,"simB3":8.91611465718597}