{"ppntid":0,"trialid":3,"simBweight":2.92900152504444,"myBweight":0.32012227340601385,"myvalue1":5.479101394034858,"myvalue2":5.015548016105777,"myvalue3":10.841209957773344,"simvalue1":8.12483891560789,"simvalue2":28.2043243209439,"simvalue3":35.1603063288223,"mychoice":3,"simchoice":3,"myA1":4.522943776100874,"myA2":3.112801699899137,"myA3":7.896775119006634,"myB1":2.9868512670509517,"myB2":5.943811081815511,"myB3":9.197844334412366,"simA1":5.65594530198723,"simA2":1.80899103172123,"simA3":9.04499290045351,"simB1":0.842913051601499,"simB2":9.01171715464443,"simB3":8.91611465718597}