{"ppntid":0,"trialid":4,"simBweight":2.92900152504444,"myBweight":0.3418835799675435,"myvalue1":9.67215571248277,"myvalue2":8.430745086352943,"myvalue3":5.193354334354451,"simvalue1":29.0820167366599,"simvalue2":31.8749931806181,"simvalue3":27.5839703264988,"mychoice":1,"simchoice":2,"myA1":7.3909572791308165,"myA2":6.394685849081725,"myA3":4.0114797512069345,"myB1":6.672442220151424,"myB2":5.955416862852871,"myB3":3.45695041352883,"simA1":7.23374933004379,"simA2":5.64809889299795,"simA3":3.88609998160973,"simB1":7.459288504906,"simB2":8.95420984365046,"simB3":8.0907674995251}