{"ppntid":0,"trialid":4,"simBweight":2.92900152504444,"myBweight":0.8858276112005115,"myvalue1":16.664314675790735,"myvalue2":14.067264658684934,"myvalue3":9.47955464221062,"simvalue1":29.0820167366599,"simvalue2":31.8749931806181,"simvalue3":27.5839703264988,"mychoice":1,"simchoice":2,"myA1":8.093269427772611,"myA2":6.385572028812021,"myA3":4.842238530982286,"myB1":9.675748576410115,"myB2":8.671769239008427,"myB3":5.23500967072323,"simA1":7.23374933004379,"simA2":5.64809889299795,"simA3":3.88609998160973,"simB1":7.459288504906,"simB2":8.95420984365046,"simB3":8.0907674995251}