{"ppntid":0,"trialid":4,"simBweight":2.92900152504444,"myBweight":3.0525994847994298,"myvalue1":29.549880537148,"myvalue2":31.939369350010512,"myvalue3":28.436501653220596,"simvalue1":29.0820167366599,"simvalue2":31.8749931806181,"simvalue3":27.5839703264988,"mychoice":2,"simchoice":2,"myA1":4.230459704995155,"myA2":6.606139845680445,"myA3":7.042327988892794,"myB1":8.294380235020071,"myB2":8.298903813119978,"myB3":7.008509885054082,"simA1":7.23374933004379,"simA2":5.64809889299795,"simA3":3.88609998160973,"simB1":7.459288504906,"simB2":8.95420984365046,"simB3":8.0907674995251}