{"ppntid":0,"trialid":2,"simBweight":2.92900152504444,"myBweight":1.559994975104928,"myvalue1":8.570273165692637,"myvalue2":15.533157966429798,"myvalue3":10.092425240221583,"simvalue1":4.79336017374058,"simvalue2":33.7039452458313,"simvalue3":10.9773753368355,"mychoice":2,"simchoice":2,"myA1":3.758654792327434,"myA2":6.303295965772122,"myA3":3.4431728068739176,"myB1":3.084380687214434,"myB2":5.916597263421863,"myB3":4.262355032842606,"simA1":4.60025910520926,"simA2":6.2205648701638,"simA3":3.88418034650385,"simB1":0.0659272680059075,"simB2":9.38319087261334,"simB3":2.42171092424542}