{"ppntid":0,"trialid":10,"simBweight":2.92900152504444,"myBweight":4.505413800943643,"myvalue1":48.06721912264895,"myvalue2":27.25939707098666,"myvalue3":29.00887744871115,"simvalue1":37.9813174690878,"simvalue2":6.61483609034862,"simvalue3":27.6690730806335,"mychoice":1,"simchoice":1,"myA1":5.561376472469419,"myA2":2.1245162305422127,"myA3":2.2826299467124045,"myB1":9.434392605908215,"myB2":5.57881738524884,"myB3":5.932029483374208,"simA1":9.01910115499049,"simA2":0.586219872348011,"simA3":0.457009491510689,"simB1":9.88808509195223,"simB2":2.05824960023165,"simB3":9.29055972024798}