{"ppntid":0,"trialid":15,"simBweight":2.92900152504444,"myBweight":4.915756289847195,"myvalue1":52.02101580229416,"myvalue2":50.13458137296236,"myvalue3":2.5194054326180066,"simvalue1":30.7336370866232,"simvalue2":31.7994098581279,"simvalue3":6.46325227742265,"mychoice":1,"simchoice":2,"myA1":4.73733980441466,"myA2":3.571548922918737,"myA3":1.2916269269771874,"myB1":9.618799877353013,"myB2":9.472201163880527,"myB3":0.2497639087960124,"simA1":7.56775138666853,"simA2":5.10697468882427,"simA3":4.38148951623589,"simB1":7.90914088021964,"simB2":9.11315168021247,"simB3":0.710741439834237}