{"ppntid":0,"trialid":12,"simBweight":2.92900152504444,"myBweight":0.2211828692816198,"myvalue1":10.863307312607349,"myvalue2":4.958683107048192,"myvalue3":3.8805933732564384,"simvalue1":28.1951467835836,"simvalue2":11.8677511152072,"simvalue3":18.803283641035,"mychoice":1,"simchoice":1,"myA1":9.478814792819321,"myA2":4.291295553557575,"myA3":3.3886910206638277,"myB1":6.259492537938058,"myB2":3.0173564329743385,"myB3":2.223962254356593,"simA1":7.654377091676,"simA2":4.44485993124545,"simA3":0.361374919302762,"simB1":7.01289142947644,"simB2":2.53427358111367,"simB3":6.29631243413314}