{"ppntid":0,"trialid":8,"simBweight":2.92900152504444,"myBweight":0.2842061303090304,"myvalue1":4.9749506159902115,"myvalue2":4.5683840598684,"myvalue3":9.483041740553556,"simvalue1":24.3077395788662,"simvalue2":12.8486379765393,"simvalue3":21.1752809804918,"mychoice":3,"simchoice":3,"myA1":3.7674658675678074,"myA2":3.1718420959077775,"myA3":7.200841582380235,"myB1":4.248623163439333,"myB2":4.913834766484797,"myB3":8.030087724328041,"simA1":4.10054257372394,"simA2":3.45694060437381,"simA3":8.24872852535918,"simB1":6.89900528639555,"simB2":3.20645014755428,"simB3":4.41329659428447}