{"ppntid":0,"trialid":4,"simBweight":2.92900152504444,"myBweight":4.487827627453953,"myvalue1":40.83387779137008,"myvalue2":40.76645431661308,"myvalue3":33.20318992879805,"simvalue1":29.0820167366599,"simvalue2":31.8749931806181,"simvalue3":27.5839703264988,"mychoice":1,"simchoice":2,"myA1":1.7307298304513097,"myA2":9.637608546763659,"myA3":8.05198124377057,"myB1":8.713157279416919,"myB2":6.936283733230084,"myB3":5.604317004326731,"simA1":7.23374933004379,"simA2":5.64809889299795,"simA3":3.88609998160973,"simB1":7.459288504906,"simB2":8.95420984365046,"simB3":8.0907674995251}