{"ppntid":0,"trialid":3,"simBweight":2.92900152504444,"myBweight":3.4990052494686097,"myvalue1":9.631100718739397,"myvalue2":30.011470136626958,"myvalue3":35.52610345511244,"simvalue1":8.12483891560789,"simvalue2":28.2043243209439,"simvalue3":35.1603063288223,"mychoice":3,"simchoice":3,"myA1":9.279069686308503,"myA2":4.074854056816548,"myA3":9.165039197541773,"myB1":0.10060888947919011,"myB2":7.4125684960745275,"myB3":7.533873880747706,"simA1":5.65594530198723,"simA2":1.80899103172123,"simA3":9.04499290045351,"simB1":0.842913051601499,"simB2":9.01171715464443,"simB3":8.91611465718597}