{"ppntid":0,"trialid":4,"simBweight":2.92900152504444,"myBweight":4.056753175100312,"myvalue1":31.54116352671807,"myvalue2":20.257186801157324,"myvalue3":8.47983271028399,"simvalue1":29.0820167366599,"simvalue2":31.8749931806181,"simvalue3":27.5839703264988,"mychoice":1,"simchoice":2,"myA1":3.2354271900840104,"myA2":2.2749794460833073,"myA3":0.10073949582874775,"myB1":6.9774361699819565,"myB2":4.432659957092255,"myB3":2.065467839129269,"simA1":7.23374933004379,"simA2":5.64809889299795,"simA3":3.88609998160973,"simB1":7.459288504906,"simB2":8.95420984365046,"simB3":8.0907674995251}