{"ppntid":0,"trialid":1,"simBweight":2.92900152504444,"myBweight":2.70258312812075,"myvalue1":21.956424628264692,"myvalue2":10.40643028402706,"myvalue3":31.830520818466116,"simvalue1":24.8420819882576,"simvalue2":16.5181396438975,"simvalue3":37.2214369068358,"mychoice":3,"simchoice":3,"myA1":6.915505756624043,"myA2":2.800808772444725,"myA3":7.878214591182768,"myB1":5.565386209636927,"myB2":2.814204466994852,"myB3":8.862745414953679,"simA1":5.67112212534994,"simA2":2.389488783665,"simA3":8.77995934104547,"simB1":6.54522017110139,"simB2":4.82370894635096,"simB3":9.71029797103256}