{"ppntid":0,"trialid":2,"simBweight":2.92900152504444,"myBweight":1.8614702112972736,"myvalue1":9.569262227756672,"myvalue2":13.017888216975546,"myvalue3":11.648368169739525,"simvalue1":4.79336017374058,"simvalue2":33.7039452458313,"simvalue3":10.9773753368355,"mychoice":2,"simchoice":2,"myA1":4.729075338691473,"myA2":6.754277960862964,"myA3":5.605121371336281,"myB1":2.6001957268454134,"myB2":3.3648726786486804,"myB3":3.246491274330765,"simA1":4.60025910520926,"simA2":6.2205648701638,"simA3":3.88418034650385,"simB1":0.0659272680059075,"simB2":9.38319087261334,"simB3":2.42171092424542}