{"ppntid":0,"trialid":4,"simBweight":2.92900152504444,"myBweight":2.343852964695543,"myvalue1":21.31911462858473,"myvalue2":26.407164582846264,"myvalue3":22.824356372005475,"simvalue1":29.0820167366599,"simvalue2":31.8749931806181,"simvalue3":27.5839703264988,"mychoice":2,"simchoice":2,"myA1":9.704636912792921,"myA2":6.66095178341493,"myA3":5.484608472324908,"myB1":4.955292798113078,"myB2":8.424680684693158,"myB3":7.397967432625592,"simA1":7.23374933004379,"simA2":5.64809889299795,"simA3":3.88609998160973,"simB1":7.459288504906,"simB2":8.95420984365046,"simB3":8.0907674995251}