{"ppntid":0,"trialid":13,"simBweight":2.92900152504444,"myBweight":1.8659373349510133,"myvalue1":11.29355020955989,"myvalue2":16.05347108297415,"myvalue3":11.389194579941085,"simvalue1":19.4881299579769,"simvalue2":24.9032378382858,"simvalue3":10.8954607930942,"mychoice":2,"simchoice":2,"myA1":4.906987722497433,"myA2":3.9457159163430333,"myA3":2.033677266445011,"myB1":3.4227100596763194,"myB2":6.488832684699446,"myB3":5.013843250926584,"simA1":2.6640361500904,"simA2":5.32445900142193,"simA3":4.68264800496399,"simB1":5.74396894779056,"simB2":6.68445498216897,"simB3":2.12113675428554}