{"ppntid":0,"trialid":1,"simBweight":2.92900152504444,"myBweight":3.5747392382472754,"myvalue1":20.549129592536215,"myvalue2":15.405408072262897,"myvalue3":37.34833944091807,"simvalue1":24.8420819882576,"simvalue2":16.5181396438975,"simvalue3":37.2214369068358,"mychoice":3,"simchoice":3,"myA1":0.19054958131164312,"myA2":8.879901054315269,"myA3":5.622082802001387,"myB1":5.695123099721968,"myB2":1.8254497973248363,"myB3":8.87512473622337,"simA1":5.67112212534994,"simA2":2.389488783665,"simA3":8.77995934104547,"simB1":6.54522017110139,"simB2":4.82370894635096,"simB3":9.71029797103256}