{"ppntid":0,"trialid":10,"simBweight":2.92900152504444,"myBweight":1.4330792671535164,"myvalue1":21.23852678640832,"myvalue2":7.449727946720906,"myvalue3":11.178786613783364,"simvalue1":37.9813174690878,"simvalue2":6.61483609034862,"simvalue3":27.6690730806335,"mychoice":1,"simchoice":1,"myA1":8.987283206079155,"myA2":1.6652917419560254,"myA3":3.910409929230809,"myB1":8.548894580453634,"myB2":4.0363686345517635,"myB3":5.071859492454678,"simA1":9.01910115499049,"simA2":0.586219872348011,"simA3":0.457009491510689,"simB1":9.88808509195223,"simB2":2.05824960023165,"simB3":9.29055972024798}