{"ppntid":0,"trialid":16,"simBweight":2.92900152504444,"myBweight":4.035581403877586,"myvalue1":8.557614060300777,"myvalue2":5.632263930486117,"myvalue3":34.267948727732,"simvalue1":9.16643344210556,"simvalue2":6.70268679125645,"simvalue3":29.7801212419152,"mychoice":3,"simchoice":3,"myA1":3.859250438399613,"myA2":2.4387186695821583,"myA3":9.513423803728074,"myB1":1.1642346298322082,"myB2":0.7913470058701932,"myB3":6.134066556114703,"simA1":1.42642312915996,"simA2":3.93072782550007,"simA3":8.56437721289694,"simB1":2.64254226116464,"simB2":0.946383585687727,"simB3":7.24333662772551}