{"ppntid":0,"trialid":4,"simBweight":2.92900152504444,"myBweight":3.7384617573115975,"myvalue1":32.84436360461572,"myvalue2":25.812217808551537,"myvalue3":30.45237447175333,"simvalue1":29.0820167366599,"simvalue2":31.8749931806181,"simvalue3":27.5839703264988,"mychoice":1,"simchoice":2,"myA1":9.673070937860757,"myA2":8.85967958951369,"myA3":6.0188784170895815,"myB1":6.19808203773573,"myB2":4.534629299305379,"myB3":6.53570843860507,"simA1":7.23374933004379,"simA2":5.64809889299795,"simA3":3.88609998160973,"simB1":7.459288504906,"simB2":8.95420984365046,"simB3":8.0907674995251}