{"ppntid":0,"trialid":1,"simBweight":2.92900152504444,"myBweight":2.304446273483336,"myvalue1":15.290764584012127,"myvalue2":12.468719507433402,"myvalue3":28.90445519427651,"simvalue1":24.8420819882576,"simvalue2":16.5181396438975,"simvalue3":37.2214369068358,"mychoice":3,"simchoice":3,"myA1":2.466225710231811,"myA2":8.09753394452855,"myA3":8.7958681746386,"myB1":5.565128170419484,"myB2":1.8968485458754003,"myB3":8.725995155982673,"simA1":5.67112212534994,"simA2":2.389488783665,"simA3":8.77995934104547,"simB1":6.54522017110139,"simB2":4.82370894635096,"simB3":9.71029797103256}