{"ppntid":0,"trialid":2,"simBweight":2.92900152504444,"myBweight":2.0431633398402482,"myvalue1":9.97304220339331,"myvalue2":8.546758312937403,"myvalue3":11.602973527387771,"simvalue1":4.79336017374058,"simvalue2":33.7039452458313,"simvalue3":10.9773753368355,"mychoice":3,"simchoice":2,"myA1":7.119268679525703,"myA2":7.510229777544737,"myA3":5.985474321059883,"myB1":1.396742721553892,"myB2":0.507315550930798,"myB3":2.749412686098367,"simA1":4.60025910520926,"simA2":6.2205648701638,"simA3":3.88418034650385,"simB1":0.0659272680059075,"simB2":9.38319087261334,"simB3":2.42171092424542}