{"ppntid":0,"trialid":2,"simBweight":2.92900152504444,"myBweight":2.0746378414332867,"myvalue1":7.991570483586741,"myvalue2":15.98444170619136,"myvalue3":14.580968280628282,"simvalue1":4.79336017374058,"simvalue2":33.7039452458313,"simvalue3":10.9773753368355,"mychoice":2,"simchoice":2,"myA1":3.084380687214434,"myA2":5.916597263421863,"myA3":4.262355032842606,"myB1":2.3653235752135515,"myB2":4.852820208761841,"myB3":4.9736937414854765,"simA1":4.60025910520926,"simA2":6.2205648701638,"simA3":3.88418034650385,"simB1":0.0659272680059075,"simB2":9.38319087261334,"simB3":2.42171092424542}