{"ppntid":0,"trialid":4,"simBweight":2.92900152504444,"myBweight":4.76701793144457,"myvalue1":43.00485255751288,"myvalue2":41.690136179544595,"myvalue3":30.476350481806573,"simvalue1":29.0820167366599,"simvalue2":31.8749931806181,"simvalue3":27.5839703264988,"mychoice":1,"simchoice":2,"myA1":4.901390518061817,"myA2":5.212137210182846,"myA3":7.7758992672897875,"myB1":7.99314426491037,"myB2":7.652163153979927,"myB3":4.761981503106654,"simA1":7.23374933004379,"simA2":5.64809889299795,"simA3":3.88609998160973,"simB1":7.459288504906,"simB2":8.95420984365046,"simB3":8.0907674995251}