{"ppntid":0,"trialid":8,"simBweight":2.92900152504444,"myBweight":2.0287836680654436,"myvalue1":9.984047455999542,"myvalue2":7.9953269935785025,"myvalue3":22.535562191217853,"simvalue1":24.3077395788662,"simvalue2":12.8486379765393,"simvalue3":21.1752809804918,"mychoice":3,"simchoice":3,"myA1":1.9730945583432913,"myA2":1.4977976749651134,"myA3":4.995613819919527,"myB1":3.9486481598578393,"myB2":3.202672330662608,"myB3":8.645548881031573,"simA1":4.10054257372394,"simA2":3.45694060437381,"simA3":8.24872852535918,"simB1":6.89900528639555,"simB2":3.20645014755428,"simB3":4.41329659428447}