{"ppntid":0,"trialid":6,"simBweight":2.92900152504444,"myBweight":1.9341496645938605,"myvalue1":22.34908797731112,"myvalue2":2.996779798211308,"myvalue3":19.262478132729655,"simvalue1":32.3724469339229,"simvalue2":7.31317136996306,"simvalue3":26.9463834162194,"mychoice":1,"simchoice":1,"myA1":8.239555575419217,"myA2":1.017756387591362,"myA3":7.499090898782015,"myB1":7.2949537774547935,"myB2":1.0232007619924843,"myB3":6.081942596938461,"simA1":5.60983883915469,"simA2":0.712338301818818,"simA3":8.53584753349423,"simB1":9.13710964843631,"simB2":2.25361202843487,"simB3":6.28560133045539}