{"ppntid":0,"trialid":2,"simBweight":2.92900152504444,"myBweight":3.434937302954495,"myvalue1":14.927965796233051,"myvalue2":21.09519413608409,"myvalue3":10.468914127088878,"simvalue1":4.79336017374058,"simvalue2":33.7039452458313,"simvalue3":10.9773753368355,"mychoice":2,"simchoice":2,"myA1":4.729075338691473,"myA2":6.754277960862964,"myA3":5.605121371336281,"myB1":2.9691634979099035,"myB2":4.175015410874039,"myB3":1.4159771567210555,"simA1":4.60025910520926,"simA2":6.2205648701638,"simA3":3.88418034650385,"simB1":0.0659272680059075,"simB2":9.38319087261334,"simB3":2.42171092424542}