{"ppntid":0,"trialid":4,"simBweight":2.92900152504444,"myBweight":2.3960217728745192,"myvalue1":9.247136379247284,"myvalue2":11.09457629374988,"myvalue3":14.564134246903453,"simvalue1":29.0820167366599,"simvalue2":31.8749931806181,"simvalue3":27.5839703264988,"mychoice":3,"simchoice":2,"myA1":8.105196258984506,"myA2":6.407453690189868,"myA3":4.739262016955763,"myB1":0.47659839037805796,"myB2":1.9562103552743793,"myB3":4.100493718869984,"simA1":7.23374933004379,"simA2":5.64809889299795,"simA3":3.88609998160973,"simB1":7.459288504906,"simB2":8.95420984365046,"simB3":8.0907674995251}