{"ppntid":0,"trialid":3,"simBweight":2.92900152504444,"myBweight":2.4147345032542944,"myvalue1":15.612584650822292,"myvalue2":10.266415691448504,"myvalue3":32.120142400955096,"simvalue1":8.12483891560789,"simvalue2":28.2043243209439,"simvalue3":35.1603063288223,"mychoice":3,"simchoice":3,"myA1":3.8157158880494535,"myA2":5.118136976379901,"myA3":9.078834792599082,"myB1":4.885368866380304,"myB2":2.132026816252619,"myB3":9.541963133960962,"simA1":5.65594530198723,"simA2":1.80899103172123,"simA3":9.04499290045351,"simB1":0.842913051601499,"simB2":9.01171715464443,"simB3":8.91611465718597}