{"ppntid":0,"trialid":2,"simBweight":2.92900152504444,"myBweight":1.2841331935487688,"myvalue1":7.663358746370425,"myvalue2":17.788575401942644,"myvalue3":12.117446162883555,"simvalue1":4.79336017374058,"simvalue2":33.7039452458313,"simvalue3":10.9773753368355,"mychoice":2,"simchoice":2,"myA1":0.22700325585901737,"myA2":7.410932017955929,"myA3":5.157834272831678,"myB1":5.790953405667096,"myB2":8.081438464578241,"myB3":5.4196962784044445,"simA1":4.60025910520926,"simA2":6.2205648701638,"simA3":3.88418034650385,"simB1":0.0659272680059075,"simB2":9.38319087261334,"simB3":2.42171092424542}