{"ppntid":0,"trialid":6,"simBweight":2.92900152504444,"myBweight":1.0255180625244975,"myvalue1":16.177640278954282,"myvalue2":2.781065619623598,"myvalue3":14.84503254934895,"simvalue1":32.3724469339229,"simvalue2":7.31317136996306,"simvalue3":26.9463834162194,"mychoice":1,"simchoice":1,"myA1":5.926967056002468,"myA2":1.6123946313746274,"myA3":5.036407043226063,"myB1":9.99560475582257,"myB2":1.1395908379927278,"myB3":9.564556553959846,"simA1":5.60983883915469,"simA2":0.712338301818818,"simA3":8.53584753349423,"simB1":9.13710964843631,"simB2":2.25361202843487,"simB3":6.28560133045539}