{"ppntid":0,"trialid":1,"simBweight":2.92900152504444,"myBweight":4.365940929856151,"myvalue1":36.902417979801726,"myvalue2":20.59820383887097,"myvalue3":51.01218108930135,"simvalue1":24.8420819882576,"simvalue2":16.5181396438975,"simvalue3":37.2214369068358,"mychoice":3,"simchoice":3,"myA1":5.2290517021901906,"myA2":4.4861377379857,"myA3":9.352533691562712,"myB1":7.2546483762562275,"myB2":3.690399471670389,"myB3":9.541963133960962,"simA1":5.67112212534994,"simA2":2.389488783665,"simA3":8.77995934104547,"simB1":6.54522017110139,"simB2":4.82370894635096,"simB3":9.71029797103256}