{"ppntid":0,"trialid":3,"simBweight":2.92900152504444,"myBweight":0.5675157811492682,"myvalue1":6.969403219542915,"myvalue2":1.9549607670706055,"myvalue3":13.803524275884412,"simvalue1":8.12483891560789,"simvalue2":28.2043243209439,"simvalue3":35.1603063288223,"mychoice":3,"simchoice":3,"myA1":5.00616715522483,"myA2":1.929546243045479,"myA3":8.702273452654481,"myB1":3.4593506110832095,"myB2":0.04478205693885684,"myB3":8.98873827420175,"simA1":5.65594530198723,"simA2":1.80899103172123,"simA3":9.04499290045351,"simB1":0.842913051601499,"simB2":9.01171715464443,"simB3":8.91611465718597}