{"ppntid":0,"trialid":1,"simBweight":2.92900152504444,"myBweight":4.944408253068104,"myvalue1":38.73357993822238,"myvalue2":25.33959728356179,"myvalue3":57.22337038512038,"simvalue1":24.8420819882576,"simvalue2":16.5181396438975,"simvalue3":37.2214369068358,"mychoice":3,"simchoice":3,"myA1":6.462390765082091,"myA2":8.229298205114901,"myA3":9.768739470746368,"myB1":6.526805134490132,"myB2":3.460535255726427,"myB3":9.597636053804308,"simA1":5.67112212534994,"simA2":2.389488783665,"simA3":8.77995934104547,"simB1":6.54522017110139,"simB2":4.82370894635096,"simB3":9.71029797103256}