{"ppntid":0,"trialid":3,"simBweight":2.92900152504444,"myBweight":0.694240597076714,"myvalue1":6.857105733949237,"myvalue2":8.568111174793748,"myvalue3":14.994975395906264,"simvalue1":8.12483891560789,"simvalue2":28.2043243209439,"simvalue3":35.1603063288223,"mychoice":3,"simchoice":3,"myA1":5.698895512614399,"myA2":5.592560807708651,"myA3":8.731120668817312,"myB1":1.668312435504049,"myB2":4.286050656810403,"myB3":9.022599302697927,"simA1":5.65594530198723,"simA2":1.80899103172123,"simA3":9.04499290045351,"simB1":0.842913051601499,"simB2":9.01171715464443,"simB3":8.91611465718597}