{"ppntid":0,"trialid":2,"simBweight":2.92900152504444,"myBweight":0.9666445571929216,"myvalue1":6.59195262979172,"myvalue2":10.500048497267997,"myvalue3":14.347786503738952,"simvalue1":4.79336017374058,"simvalue2":33.7039452458313,"simvalue3":10.9773753368355,"mychoice":3,"simchoice":2,"myA1":0.8275020075961947,"myA2":1.8583121057599783,"myA3":7.69095397554338,"myB1":5.963361174799502,"myB2":8.939931774511933,"myB3":6.886535985395312,"simA1":4.60025910520926,"simA2":6.2205648701638,"simA3":3.88418034650385,"simB1":0.0659272680059075,"simB2":9.38319087261334,"simB3":2.42171092424542}