{"ppntid":0,"trialid":2,"simBweight":2.92900152504444,"myBweight":0.23952770163305104,"myvalue1":3.8876133275993627,"myvalue2":6.876370159911028,"myvalue3":8.04251956489927,"simvalue1":4.79336017374058,"simvalue2":33.7039452458313,"simvalue3":10.9773753368355,"mychoice":3,"simchoice":2,"myA1":2.297779000364244,"myA2":4.720627265051007,"myA3":5.864698418881744,"myB1":6.637371445540339,"myB2":8.999973197933286,"myB3":9.092147301416844,"simA1":4.60025910520926,"simA2":6.2205648701638,"simA3":3.88418034650385,"simB1":0.0659272680059075,"simB2":9.38319087261334,"simB3":2.42171092424542}