{"ppntid":0,"trialid":3,"simBweight":2.92900152504444,"myBweight":3.7436318350955844,"myvalue1":10.647724135305026,"myvalue2":16.17387924217148,"myvalue3":42.87729448410085,"simvalue1":8.12483891560789,"simvalue2":28.2043243209439,"simvalue3":35.1603063288223,"mychoice":3,"simchoice":3,"myA1":4.581725574098527,"myA2":4.642873068805784,"myA3":8.400999719742686,"myB1":1.6203512600623071,"myB2":3.080165646970272,"myB3":9.209317658096552,"simA1":5.65594530198723,"simA2":1.80899103172123,"simA3":9.04499290045351,"simB1":0.842913051601499,"simB2":9.01171715464443,"simB3":8.91611465718597}