{"ppntid":0,"trialid":4,"simBweight":2.92900152504444,"myBweight":2.7484014455694705,"myvalue1":28.3524371986325,"myvalue2":26.375116228150752,"myvalue3":19.451475753925543,"simvalue1":29.0820167366599,"simvalue2":31.8749931806181,"simvalue3":27.5839703264988,"mychoice":1,"simchoice":2,"myA1":9.673070937860757,"myA2":8.912459453567863,"myA3":6.0188784170895815,"myB1":6.796447546221316,"myB2":6.353750396519899,"myB3":4.88742187153548,"simA1":7.23374933004379,"simA2":5.64809889299795,"simA3":3.88609998160973,"simB1":7.459288504906,"simB2":8.95420984365046,"simB3":8.0907674995251}