{"ppntid":0,"trialid":3,"simBweight":2.92900152504444,"myBweight":3.9637649548240006,"myvalue1":23.93034897780768,"myvalue2":6.694102746404865,"myvalue3":42.67750789591428,"simvalue1":8.12483891560789,"simvalue2":28.2043243209439,"simvalue3":35.1603063288223,"mychoice":3,"simchoice":3,"myA1":2.9868512670509517,"myA2":5.943811081815511,"myA3":9.197844334412366,"myB1":5.283738553989679,"myB2":0.18928762758150697,"myB3":8.44643008429557,"simA1":5.65594530198723,"simA2":1.80899103172123,"simA3":9.04499290045351,"simB1":0.842913051601499,"simB2":9.01171715464443,"simB3":8.91611465718597}