{"ppntid":0,"trialid":1,"simBweight":2.92900152504444,"myBweight":1.1021860665641725,"myvalue1":11.242804534186407,"myvalue2":10.762733714664424,"myvalue3":18.270631772964627,"simvalue1":24.8420819882576,"simvalue2":16.5181396438975,"simvalue3":37.2214369068358,"mychoice":3,"simchoice":3,"myA1":5.287985443137586,"myA2":5.043378684204072,"myA3":8.74613146064803,"myB1":5.40273486636579,"myB2":5.189101190771908,"myB3":8.641463180538267,"simA1":5.67112212534994,"simA2":2.389488783665,"simA3":8.77995934104547,"simB1":6.54522017110139,"simB2":4.82370894635096,"simB3":9.71029797103256}