{"ppntid":0,"trialid":5,"simBweight":2.92900152504444,"myBweight":1.59827736672014,"myvalue1":19.039346633798914,"myvalue2":11.114395051043333,"myvalue3":9.013682646145849,"simvalue1":13.2756742221018,"simvalue2":30.3546781549135,"simvalue3":23.5392310011038,"mychoice":1,"simchoice":2,"myA1":7.6278799888677895,"myA2":4.502088928129524,"myA3":3.789099354762584,"myB1":7.139853746630251,"myB2":4.137145567219704,"myB3":3.2688839873299003,"simA1":8.18546326132491,"simA2":4.21199968550354,"simA3":1.76696498412639,"simB1":1.73786558909342,"simB2":8.92545744543895,"simB3":7.43334062164649}