{"ppntid":0,"trialid":3,"simBweight":2.92900152504444,"myBweight":4.73494827747345,"myvalue1":39.235077004626845,"myvalue2":16.8243792278872,"myvalue3":46.56788994806846,"simvalue1":8.12483891560789,"simvalue2":28.2043243209439,"simvalue3":35.1603063288223,"mychoice":3,"simchoice":3,"myA1":5.842342984396964,"myA2":2.3842520406469703,"myA3":9.51406914042309,"myB1":7.052396787330508,"myB2":3.0496905860491097,"myB3":7.825602020602673,"simA1":5.65594530198723,"simA2":1.80899103172123,"simA3":9.04499290045351,"simB1":0.842913051601499,"simB2":9.01171715464443,"simB3":8.91611465718597}