{"ppntid":0,"trialid":1,"simBweight":2.92900152504444,"myBweight":3.220207541016862,"myvalue1":25.31624416071716,"myvalue2":16.039787873956854,"myvalue3":40.744157734389695,"simvalue1":24.8420819882576,"simvalue2":16.5181396438975,"simvalue3":37.2214369068358,"mychoice":3,"simchoice":3,"myA1":4.298577047884464,"myA2":4.8961461475118995,"myA3":9.837777737993747,"myB1":6.526805134490132,"myB2":3.460535255726427,"myB3":9.597636053804308,"simA1":5.67112212534994,"simA2":2.389488783665,"simA3":8.77995934104547,"simB1":6.54522017110139,"simB2":4.82370894635096,"simB3":9.71029797103256}