{"ppntid":0,"trialid":14,"simBweight":2.92900152504444,"myBweight":0.18726610695011914,"myvalue1":9.209924036719258,"myvalue2":8.547424365725755,"myvalue3":4.339039978260189,"simvalue1":21.4466630013766,"simvalue2":16.5967321665458,"simvalue3":17.1931218988671,"mychoice":1,"simchoice":2,"myA1":7.93788718059659,"myA2":7.189635818358511,"myA3":3.684437577612698,"myB1":6.792669943533838,"myB2":7.250583511777222,"myB3":3.495573285035789,"simA1":9.75632399087772,"simA2":8.09382772771642,"simA3":2.75334256468341,"simB1":3.99123691488057,"simB2":2.90300444234163,"simB3":4.92993233725429}