{"ppntid":0,"trialid":3,"simBweight":2.92900152504444,"myBweight":3.0759202979970723,"myvalue1":8.6986391558174,"myvalue2":23.511526796657023,"myvalue3":34.447106074299015,"simvalue1":8.12483891560789,"simvalue2":28.2043243209439,"simvalue3":35.1603063288223,"mychoice":3,"simchoice":3,"myA1":0.13342969818040729,"myA2":8.901019098702818,"myA3":6.510383579879999,"myB1":2.7846005838364363,"myB2":4.749963029753417,"myB3":9.082394791767001,"simA1":5.65594530198723,"simA2":1.80899103172123,"simA3":9.04499290045351,"simB1":0.842913051601499,"simB2":9.01171715464443,"simB3":8.91611465718597}