{"ppntid":0,"trialid":1,"simBweight":2.92900152504444,"myBweight":0.8422776847146451,"myvalue1":8.181678198852286,"myvalue2":2.0201375910993598,"myvalue3":14.590680402015966,"simvalue1":24.8420819882576,"simvalue2":16.5181396438975,"simvalue3":37.2214369068358,"mychoice":3,"simchoice":3,"myA1":3.7927066162228584,"myA2":0.4100863845087588,"myA3":7.376637528650463,"myB1":5.210836832411587,"myB2":1.911544417962432,"myB3":8.564922239165753,"simA1":5.67112212534994,"simA2":2.389488783665,"simA3":8.77995934104547,"simB1":6.54522017110139,"simB2":4.82370894635096,"simB3":9.71029797103256}