{"ppntid":0,"trialid":2,"simBweight":2.92900152504444,"myBweight":4.004221484065056,"myvalue1":17.333822118562644,"myvalue2":29.993791032579146,"myvalue3":24.49080368258847,"simvalue1":4.79336017374058,"simvalue2":33.7039452458313,"simvalue3":10.9773753368355,"mychoice":2,"simchoice":2,"myA1":9.018371577840298,"myA2":9.894658529665321,"myA3":8.548920867033303,"myB1":2.076670976821333,"myB2":5.019485705997795,"myB3":3.9812689879909158,"simA1":4.60025910520926,"simA2":6.2205648701638,"simA3":3.88418034650385,"simB1":0.0659272680059075,"simB2":9.38319087261334,"simB3":2.42171092424542}