{"ppntid":0,"trialid":4,"simBweight":2.92900152504444,"myBweight":4.594019596697763,"myvalue1":40.38671106397579,"myvalue2":43.550153880088146,"myvalue3":36.428970497305336,"simvalue1":29.0820167366599,"simvalue2":31.8749931806181,"simvalue3":27.5839703264988,"mychoice":2,"simchoice":2,"myA1":8.105196258984506,"myA2":6.407453690189868,"myA3":4.739262016955763,"myB1":7.026856138836592,"myB2":8.085011264774948,"myB3":6.898035111371428,"simA1":7.23374933004379,"simA2":5.64809889299795,"simA3":3.88609998160973,"simB1":7.459288504906,"simB2":8.95420984365046,"simB3":8.0907674995251}