{"ppntid":0,"trialid":3,"simBweight":2.92900152504444,"myBweight":4.1586179519072175,"myvalue1":26.660520121374013,"myvalue2":11.901851941110209,"myvalue3":45.388229946210906,"simvalue1":8.12483891560789,"simvalue2":28.2043243209439,"simvalue3":35.1603063288223,"mychoice":3,"simchoice":3,"myA1":3.8157158880494535,"myA2":5.118136976379901,"myA3":9.078834792599082,"myB1":5.493364501744509,"myB2":1.6312426491640508,"myB3":8.731120668817312,"simA1":5.65594530198723,"simA2":1.80899103172123,"simA3":9.04499290045351,"simB1":0.842913051601499,"simB2":9.01171715464443,"simB3":8.91611465718597}