{"ppntid":0,"trialid":2,"simBweight":2.92900152504444,"myBweight":3.1813658343162388,"myvalue1":17.245063217272197,"myvalue2":25.880358976476163,"myvalue3":19.40533133937007,"simvalue1":4.79336017374058,"simvalue2":33.7039452458313,"simvalue3":10.9773753368355,"mychoice":2,"simchoice":2,"myA1":4.312885038089007,"myA2":5.416341607924551,"myA3":8.175473078154027,"myB1":4.064976759254932,"myB2":6.432462795637548,"myB3":3.5298858559690416,"simA1":4.60025910520926,"simA2":6.2205648701638,"simA3":3.88418034650385,"simB1":0.0659272680059075,"simB2":9.38319087261334,"simB3":2.42171092424542}