{"ppntid":0,"trialid":1,"simBweight":2.92900152504444,"myBweight":1.6871896386146545,"myvalue1":16.56539553345214,"myvalue2":5.103078111399576,"myvalue3":25.266998121905335,"simvalue1":24.8420819882576,"simvalue2":16.5181396438975,"simvalue3":37.2214369068358,"mychoice":3,"simchoice":3,"myA1":5.801219544373453,"myA2":0.10519563220441341,"myA3":8.876811731606722,"myB1":6.379944342188537,"myB2":2.962252947036177,"myB3":9.714489714242518,"simA1":5.67112212534994,"simA2":2.389488783665,"simA3":8.77995934104547,"simB1":6.54522017110139,"simB2":4.82370894635096,"simB3":9.71029797103256}