{"ppntid":0,"trialid":3,"simBweight":2.92900152504444,"myBweight":3.8167527178302407,"myvalue1":24.20055206495731,"myvalue2":16.670605296412084,"myvalue3":44.48282750683155,"simvalue1":8.12483891560789,"simvalue2":28.2043243209439,"simvalue3":35.1603063288223,"mychoice":3,"simchoice":3,"myA1":2.466225710231811,"myA2":8.710099016316235,"myA3":8.7958681746386,"myB1":5.694454936310649,"myB2":2.0856751454994082,"myB3":9.350084213074297,"simA1":5.65594530198723,"simA2":1.80899103172123,"simA3":9.04499290045351,"simB1":0.842913051601499,"simB2":9.01171715464443,"simB3":8.91611465718597}