{"ppntid":0,"trialid":2,"simBweight":2.92900152504444,"myBweight":0.9455153252929449,"myvalue1":8.302035960634065,"myvalue2":10.799983988432434,"myvalue3":6.570458916405475,"simvalue1":4.79336017374058,"simvalue2":33.7039452458313,"simvalue3":10.9773753368355,"mychoice":2,"simchoice":2,"myA1":4.408434610813856,"myA2":6.211568110156804,"myA3":3.4532708232291043,"myB1":4.117967467755079,"myB2":4.852820208761841,"myB3":3.296813927590847,"simA1":4.60025910520926,"simA2":6.2205648701638,"simA3":3.88418034650385,"simB1":0.0659272680059075,"simB2":9.38319087261334,"simB3":2.42171092424542}