{"ppntid":0,"trialid":3,"simBweight":2.92900152504444,"myBweight":3.761183700989932,"myvalue1":8.24559797759742,"myvalue2":21.88053867089166,"myvalue3":40.45642267065661,"simvalue1":8.12483891560789,"simvalue2":28.2043243209439,"simvalue3":35.1603063288223,"mychoice":3,"simchoice":3,"myA1":2.4346927693113685,"myA2":1.9096202589571476,"myA3":5.841515038628131,"myB1":1.5449671354144812,"myB2":5.309742889367044,"myB3":9.203195159789175,"simA1":5.65594530198723,"simA2":1.80899103172123,"simA3":9.04499290045351,"simB1":0.842913051601499,"simB2":9.01171715464443,"simB3":8.91611465718597}