{"ppntid":0,"trialid":1,"simBweight":2.92900152504444,"myBweight":3.4144406393170357,"myvalue1":26.558709169450054,"myvalue2":20.054206769234558,"myvalue3":41.61254613065173,"simvalue1":24.8420819882576,"simvalue2":16.5181396438975,"simvalue3":37.2214369068358,"mychoice":3,"simchoice":3,"myA1":7.168623509351164,"myA2":1.1281712213531137,"myA3":8.384512020274997,"myB1":5.678846905939281,"myB2":5.542938814032823,"myB3":9.73161862231791,"simA1":5.67112212534994,"simA2":2.389488783665,"simA3":8.77995934104547,"simB1":6.54522017110139,"simB2":4.82370894635096,"simB3":9.71029797103256}