{"ppntid":0,"trialid":1,"simBweight":2.92900152504444,"myBweight":0.35727100213989615,"myvalue1":7.288102028922781,"myvalue2":3.198779622493112,"myvalue3":12.188371216043649,"simvalue1":24.8420819882576,"simvalue2":16.5181396438975,"simvalue3":37.2214369068358,"mychoice":3,"simchoice":3,"myA1":5.813529391307384,"myA2":1.6543991724029183,"myA3":9.402040306013077,"myB1":4.127322477288544,"myB2":4.322714244481176,"myB3":7.7989282459020615,"simA1":5.67112212534994,"simA2":2.389488783665,"simA3":8.77995934104547,"simB1":6.54522017110139,"simB2":4.82370894635096,"simB3":9.71029797103256}