{"ppntid":0,"trialid":1,"simBweight":2.92900152504444,"myBweight":3.4374528215266764,"myvalue1":34.647306687130026,"myvalue2":10.974453893580653,"myvalue3":38.43739771030437,"simvalue1":24.8420819882576,"simvalue2":16.5181396438975,"simvalue3":37.2214369068358,"mychoice":3,"simchoice":3,"myA1":1.6778172622434795,"myA2":3.2597365020774305,"myA3":6.813140967860818,"myB1":9.591255832929164,"myB2":2.2443122253753245,"myB3":9.199910045135766,"simA1":5.67112212534994,"simA2":2.389488783665,"simA3":8.77995934104547,"simB1":6.54522017110139,"simB2":4.82370894635096,"simB3":9.71029797103256}