{"ppntid":0,"trialid":2,"simBweight":2.92900152504444,"myBweight":0.9251393796876073,"myvalue1":6.055824619930236,"myvalue2":6.34629587572657,"myvalue3":4.908034840618665,"simvalue1":4.79336017374058,"simvalue2":33.7039452458313,"simvalue3":10.9773753368355,"mychoice":2,"simchoice":2,"myA1":4.490107190795243,"myA2":2.9595411708578467,"myA3":4.01251099538058,"myB1":1.6924124769866467,"myB2":3.6608048249036074,"myB3":0.9679880295880139,"simA1":4.60025910520926,"simA2":6.2205648701638,"simA3":3.88418034650385,"simB1":0.0659272680059075,"simB2":9.38319087261334,"simB3":2.42171092424542}