{"ppntid":0,"trialid":29,"simBweight":2.92900152504444,"myBweight":3.4166565677151084,"myvalue1":18.919157714138944,"myvalue2":10.827199955139948,"myvalue3":33.9152219614524,"simvalue1":27.1328238332073,"simvalue2":14.2417499436657,"simvalue3":18.1011392186612,"mychoice":3,"simchoice":3,"myA1":6.92237438634038,"myA2":1.2812634790316224,"myA3":9.978829761967063,"myB1":3.5112640354782343,"myB2":2.7939408854581416,"myB3":7.0057940343394876,"simA1":3.90684430953115,"simA2":0.938881819602102,"simA3":7.5326554174535,"simB1":7.92965770931914,"simB2":4.54177575884387,"simB3":3.60822065500543}