{"ppntid":0,"trialid":1,"simBweight":2.92900152504444,"myBweight":0.9524004335980862,"myvalue1":11.732533575110239,"myvalue2":5.069177116888564,"myvalue3":17.987977928750965,"simvalue1":24.8420819882576,"simvalue2":16.5181396438975,"simvalue3":37.2214369068358,"mychoice":3,"simchoice":3,"myA1":5.554363203700632,"myA2":2.0477224397473037,"myA3":8.753538480959833,"myB1":6.486946197692305,"myB2":3.1724625173956156,"myB3":9.695963086560369,"simA1":5.67112212534994,"simA2":2.389488783665,"simA3":8.77995934104547,"simB1":6.54522017110139,"simB2":4.82370894635096,"simB3":9.71029797103256}