{"ppntid":0,"trialid":4,"simBweight":2.92900152504444,"myBweight":4.834471360081807,"myvalue1":42.724115995504356,"myvalue2":39.41055142207782,"myvalue3":25.850031826998226,"simvalue1":29.0820167366599,"simvalue2":31.8749931806181,"simvalue3":27.5839703264988,"mychoice":1,"simchoice":2,"myA1":5.673223827034235,"myA2":4.300601554568857,"myA3":1.6714264219626784,"myB1":7.6638973341323435,"myB2":7.262417594902217,"myB3":5.001292510423809,"simA1":7.23374933004379,"simA2":5.64809889299795,"simA3":3.88609998160973,"simB1":7.459288504906,"simB2":8.95420984365046,"simB3":8.0907674995251}