{"ppntid":0,"trialid":17,"simBweight":2.92900152504444,"myBweight":1.6899434721563011,"myvalue1":19.213033826210804,"myvalue2":3.5115263090775612,"myvalue3":10.986888899334588,"simvalue1":19.9234262640653,"simvalue2":13.9677524902278,"simvalue3":11.0300755708769,"mychoice":1,"simchoice":1,"myA1":9.15524109499529,"myA2":1.9267024006694555,"myA3":4.063875810243189,"myB1":5.9515557158738375,"myB2":0.937796994112432,"myB3":4.096594473812729,"simA1":9.80476663913578,"simA2":2.00600294396281,"simA3":5.52263837540522,"simB1":3.45464471029118,"simB2":4.08390007447451,"simB3":1.88031216384843}