{"ppntid":0,"trialid":3,"simBweight":2.92900152504444,"myBweight":1.6501833510119468,"myvalue1":11.113966960504236,"myvalue2":9.548975216652037,"myvalue3":22.057678152570524,"simvalue1":8.12483891560789,"simvalue2":28.2043243209439,"simvalue3":35.1603063288223,"mychoice":3,"simchoice":3,"myA1":9.431814372073859,"myA2":2.3570963996462524,"myA3":5.984312905929983,"myB1":1.0193731426261365,"myB2":4.358230140060186,"myB3":9.74035111721605,"simA1":5.65594530198723,"simA2":1.80899103172123,"simA3":9.04499290045351,"simB1":0.842913051601499,"simB2":9.01171715464443,"simB3":8.91611465718597}