{"ppntid":0,"trialid":1,"simBweight":2.92900152504444,"myBweight":2.4035108159296215,"myvalue1":18.002569635577252,"myvalue2":3.2642606889718344,"myvalue3":29.23476731260561,"simvalue1":24.8420819882576,"simvalue2":16.5181396438975,"simvalue3":37.2214369068358,"mychoice":3,"simchoice":3,"myA1":2.4483739910647273,"myA2":2.7306691161356866,"myA3":5.766834155656397,"myB1":6.471448158845305,"myB2":0.2220050641335547,"myB3":9.764022279996425,"simA1":5.67112212534994,"simA2":2.389488783665,"simA3":8.77995934104547,"simB1":6.54522017110139,"simB2":4.82370894635096,"simB3":9.71029797103256}