{"ppntid":0,"trialid":2,"simBweight":2.92900152504444,"myBweight":1.5580322640016675,"myvalue1":10.516778162874923,"myvalue2":16.17882406925485,"myvalue3":12.809233530513508,"simvalue1":4.79336017374058,"simvalue2":33.7039452458313,"simvalue3":10.9773753368355,"mychoice":2,"simchoice":2,"myA1":1.5729232667945325,"myA2":4.314354730304331,"myA3":4.076273590326309,"myB1":5.740481184329838,"myB2":7.615034433547407,"myB3":5.605121371336281,"simA1":4.60025910520926,"simA2":6.2205648701638,"simA3":3.88418034650385,"simB1":0.0659272680059075,"simB2":9.38319087261334,"simB3":2.42171092424542}