{"ppntid":0,"trialid":4,"simBweight":2.92900152504444,"myBweight":2.1223483548965305,"myvalue1":21.731169820720005,"myvalue2":13.55547864239412,"myvalue3":13.926603531110775,"simvalue1":29.0820167366599,"simvalue2":31.8749931806181,"simvalue3":27.5839703264988,"mychoice":1,"simchoice":2,"myA1":4.529119874350727,"myA2":1.8996256403625011,"myA3":3.868238586001098,"myB1":8.105196258984506,"myB2":5.4919603443704545,"myB3":4.739262016955763,"simA1":7.23374933004379,"simA2":5.64809889299795,"simA3":3.88609998160973,"simB1":7.459288504906,"simB2":8.95420984365046,"simB3":8.0907674995251}