{"ppntid":0,"trialid":10,"simBweight":2.92900152504444,"myBweight":3.9894030266441405,"myvalue1":48.26195675038708,"myvalue2":15.517525778334695,"myvalue3":16.47198148291839,"simvalue1":37.9813174690878,"simvalue2":6.61483609034862,"simvalue3":27.6690730806335,"mychoice":1,"simchoice":1,"myA1":8.74161911662668,"myA2":2.347582932561636,"myA3":3.0833181040361524,"myB1":9.906328683719039,"myB2":3.30123147694394,"myB3":3.3560568559914827,"simA1":9.01910115499049,"simA2":0.586219872348011,"simA3":0.457009491510689,"simB1":9.88808509195223,"simB2":2.05824960023165,"simB3":9.29055972024798}