{"ppntid":0,"trialid":13,"simBweight":2.92900152504444,"myBweight":0.08816094021312892,"myvalue1":9.857129259676231,"myvalue2":8.246170802965732,"myvalue3":9.026407861478061,"simvalue1":19.4881299579769,"simvalue2":24.9032378382858,"simvalue3":10.8954607930942,"mychoice":1,"simchoice":2,"myA1":9.574678353965282,"myA2":8.209454321768135,"myA3":8.884551492519677,"myB1":3.203810043632984,"myB2":0.41647107107564807,"myB3":1.6090614348649979,"simA1":2.6640361500904,"simA2":5.32445900142193,"simA3":4.68264800496399,"simB1":5.74396894779056,"simB2":6.68445498216897,"simB3":2.12113675428554}