{"ppntid":0,"trialid":4,"simBweight":2.92900152504444,"myBweight":4.144339030608535,"myvalue1":28.74267593969556,"myvalue2":34.54239993268503,"myvalue3":27.982881471020033,"simvalue1":29.0820167366599,"simvalue2":31.8749931806181,"simvalue3":27.5839703264988,"mychoice":2,"simchoice":2,"myA1":9.673070937860757,"myA2":8.85967958951369,"myA3":6.0188784170895815,"myB1":4.6013622102327645,"myB2":6.197060653939843,"myB3":5.299760201014578,"simA1":7.23374933004379,"simA2":5.64809889299795,"simA3":3.88609998160973,"simB1":7.459288504906,"simB2":8.95420984365046,"simB3":8.0907674995251}