{"ppntid":0,"trialid":3,"simBweight":2.92900152504444,"myBweight":0.22020836593583226,"myvalue1":5.762894779786275,"myvalue2":2.6802104832907574,"myvalue3":11.360755601479632,"simvalue1":8.12483891560789,"simvalue2":28.2043243209439,"simvalue3":35.1603063288223,"mychoice":3,"simchoice":3,"myA1":5.00616715522483,"myA2":1.929546243045479,"myA3":9.167007342912257,"myB1":3.4364163293503225,"myB2":3.408881570212543,"myB3":9.962147665210068,"simA1":5.65594530198723,"simA2":1.80899103172123,"simA3":9.04499290045351,"simB1":0.842913051601499,"simB2":9.01171715464443,"simB3":8.91611465718597}