{"ppntid":0,"trialid":7,"simBweight":2.92900152504444,"myBweight":1.9246988266240805,"myvalue1":15.702829304921996,"myvalue2":17.861099219203414,"myvalue3":23.511222486086602,"simvalue1":29.155178200811,"simvalue2":15.1925325184091,"simvalue3":26.5468177351021,"mychoice":3,"simchoice":3,"myA1":1.1035599443130195,"myA2":4.390705227851868,"myA3":4.562510612886399,"myB1":7.585222767665982,"myB2":6.9987022411078215,"myB3":9.845026978291571,"simA1":0.691449935548007,"simA2":5.14853976666927,"simA3":8.05417287861928,"simB1":9.71789465518668,"simB2":3.42915244866163,"simB3":6.3136344240047}