{"ppntid":0,"trialid":5,"simBweight":2.92900152504444,"myBweight":0.22658265777863562,"myvalue1":8.96907467581499,"myvalue2":4.867613429745864,"myvalue3":2.0097015521967587,"simvalue1":13.2756742221018,"simvalue2":30.3546781549135,"simvalue3":23.5392310011038,"mychoice":1,"simchoice":2,"myA1":6.780959784518927,"myA2":3.773269539233297,"myA3":1.5051711513660848,"myB1":9.657027209177613,"myB2":4.829777800478041,"myB3":2.2266946895979345,"simA1":8.18546326132491,"simA2":4.21199968550354,"simA3":1.76696498412639,"simB1":1.73786558909342,"simB2":8.92545744543895,"simB3":7.43334062164649}