{"ppntid":0,"trialid":1,"simBweight":2.92900152504444,"myBweight":2.741838665679097,"myvalue1":10.586279832435638,"myvalue2":17.996273920807177,"myvalue3":35.818190253582,"simvalue1":24.8420819882576,"simvalue2":16.5181396438975,"simvalue3":37.2214369068358,"mychoice":3,"simchoice":3,"myA1":6.418459659907967,"myA2":3.2133283047005534,"myA3":9.483136592898518,"myB1":1.5200822078622878,"myB2":5.391617603600025,"myB3":9.604888132307678,"simA1":5.67112212534994,"simA2":2.389488783665,"simA3":8.77995934104547,"simB1":6.54522017110139,"simB2":4.82370894635096,"simB3":9.71029797103256}