{"ppntid":0,"trialid":4,"simBweight":2.92900152504444,"myBweight":3.935309015214443,"myvalue1":43.66411904997435,"myvalue2":39.36488603189618,"myvalue3":29.669713738167612,"simvalue1":29.0820167366599,"simvalue2":31.8749931806181,"simvalue3":27.5839703264988,"mychoice":1,"simchoice":2,"myA1":5.28564017964527,"myA2":7.624440141953528,"myA3":7.913967175409198,"myB1":9.752341867424548,"myB2":8.06555362418294,"myB3":5.528345163911581,"simA1":7.23374933004379,"simA2":5.64809889299795,"simA3":3.88609998160973,"simB1":7.459288504906,"simB2":8.95420984365046,"simB3":8.0907674995251}