{"ppntid":0,"trialid":4,"simBweight":2.92900152504444,"myBweight":1.219943722244352,"myvalue1":16.341361752403955,"myvalue2":8.325980549379993,"myvalue3":7.283918535488854,"simvalue1":29.0820167366599,"simvalue2":31.8749931806181,"simvalue3":27.5839703264988,"mychoice":1,"simchoice":2,"myA1":7.82292592106387,"myA2":6.815716899000108,"myA3":6.998016920406371,"myB1":6.982646556571126,"myB2":1.2379781319759786,"myB3":0.23435639683157206,"simA1":7.23374933004379,"simA2":5.64809889299795,"simA3":3.88609998160973,"simB1":7.459288504906,"simB2":8.95420984365046,"simB3":8.0907674995251}