{"ppntid":0,"trialid":5,"simBweight":2.92900152504444,"myBweight":3.945809726137668,"myvalue1":41.37936763579209,"myvalue2":15.422907750895966,"myvalue3":14.542916689671134,"simvalue1":13.2756742221018,"simvalue2":30.3546781549135,"simvalue3":23.5392310011038,"mychoice":1,"simchoice":2,"myA1":6.609329818747938,"myA2":3.4514464414678514,"myA3":2.458741378504783,"myB1":8.811889125499874,"myB2":3.0339682195335627,"myB3":3.0625337129458785,"simA1":8.18546326132491,"simA2":4.21199968550354,"simA3":1.76696498412639,"simB1":1.73786558909342,"simB2":8.92545744543895,"simB3":7.43334062164649}