{"ppntid":0,"trialid":3,"simBweight":2.92900152504444,"myBweight":1.0213281877804548,"myvalue1":12.509650670548092,"myvalue2":5.732906737752941,"myvalue3":16.55874460019531,"simvalue1":8.12483891560789,"simvalue2":28.2043243209439,"simvalue3":35.1603063288223,"mychoice":3,"simchoice":3,"myA1":5.4933272185735404,"myA2":2.1975782443769276,"myA3":9.658060872461647,"myB1":6.869803003501147,"myB2":3.461500951088965,"myB3":6.756578159984201,"simA1":5.65594530198723,"simA2":1.80899103172123,"simA3":9.04499290045351,"simB1":0.842913051601499,"simB2":9.01171715464443,"simB3":8.91611465718597}