{"ppntid":0,"trialid":5,"simBweight":2.92900152504444,"myBweight":2.138500411529094,"myvalue1":25.392155994380214,"myvalue2":14.798070025279415,"myvalue3":13.941287728298752,"simvalue1":13.2756742221018,"simvalue2":30.3546781549135,"simvalue3":23.5392310011038,"mychoice":1,"simchoice":2,"myA1":8.41503785457462,"myA2":5.212651726324111,"myA3":4.289831600617617,"myB1":7.938795825466514,"myB2":4.482308372389525,"myB3":4.51318881008774,"simA1":8.18546326132491,"simA2":4.21199968550354,"simA3":1.76696498412639,"simB1":1.73786558909342,"simB2":8.92545744543895,"simB3":7.43334062164649}