{"ppntid":0,"trialid":2,"simBweight":2.92900152504444,"myBweight":0.370148440124467,"myvalue1":5.368510214602853,"myvalue2":8.132697710603566,"myvalue3":6.9610109548884,"simvalue1":4.79336017374058,"simvalue2":33.7039452458313,"simvalue3":10.9773753368355,"mychoice":2,"simchoice":2,"myA1":4.814416533336043,"myA2":6.5696337493136525,"myA3":6.385415312834084,"myB1":1.496949929278344,"myB2":4.22280304832384,"myB3":1.555040031671524,"simA1":4.60025910520926,"simA2":6.2205648701638,"simA3":3.88418034650385,"simB1":0.0659272680059075,"simB2":9.38319087261334,"simB3":2.42171092424542}