{"ppntid":0,"trialid":2,"simBweight":2.92900152504444,"myBweight":4.7104493249207735,"myvalue1":21.479725768602783,"myvalue2":24.05331013581188,"myvalue3":13.422376243505378,"simvalue1":4.79336017374058,"simvalue2":33.7039452458313,"simvalue3":10.9773753368355,"mychoice":2,"simchoice":2,"myA1":4.513172782026231,"myA2":5.94743060413748,"myA3":3.0034281639382243,"myB1":3.6018969351425767,"myB2":3.8437690935097635,"myB3":2.2118798783048987,"simA1":4.60025910520926,"simA2":6.2205648701638,"simA3":3.88418034650385,"simB1":0.0659272680059075,"simB2":9.38319087261334,"simB3":2.42171092424542}