{"ppntid":0,"trialid":2,"simBweight":2.92900152504444,"myBweight":2.94894504128024,"myvalue1":21.521331609007976,"myvalue2":15.56516273993817,"myvalue3":11.475582441455767,"simvalue1":4.79336017374058,"simvalue2":33.7039452458313,"simvalue3":10.9773753368355,"mychoice":1,"simchoice":2,"myA1":4.711184303741902,"myA2":1.6244258778169751,"myA3":4.393806646112353,"myB1":5.700393554288894,"myB2":4.727364080026746,"myB3":2.401460758410394,"simA1":4.60025910520926,"simA2":6.2205648701638,"simA3":3.88418034650385,"simB1":0.0659272680059075,"simB2":9.38319087261334,"simB3":2.42171092424542}