{"ppntid":0,"trialid":3,"simBweight":2.92900152504444,"myBweight":1.861095872009173,"myvalue1":5.155757845119335,"myvalue2":6.980133453552216,"myvalue3":23.444109284363282,"simvalue1":8.12483891560789,"simvalue2":28.2043243209439,"simvalue3":35.1603063288223,"mychoice":3,"simchoice":3,"myA1":1.344980609137565,"myA2":2.800808772444725,"myA3":6.304686206858605,"myB1":2.047598564531654,"myB2":2.2456256789155304,"myB3":9.209317658096552,"simA1":5.65594530198723,"simA2":1.80899103172123,"simA3":9.04499290045351,"simB1":0.842913051601499,"simB2":9.01171715464443,"simB3":8.91611465718597}