{"ppntid":0,"trialid":2,"simBweight":2.92900152504444,"myBweight":0.5715019511990249,"myvalue1":7.823123218744557,"myvalue2":11.77887780285026,"myvalue3":6.135160355100039,"simvalue1":4.79336017374058,"simvalue2":33.7039452458313,"simvalue3":10.9773753368355,"mychoice":2,"simchoice":2,"myA1":4.542427021078765,"myA2":7.426870765630156,"myA3":2.9318225546739995,"myB1":5.740481184329838,"myB2":7.615034433547407,"myB3":5.605121371336281,"simA1":4.60025910520926,"simA2":6.2205648701638,"simA3":3.88418034650385,"simB1":0.0659272680059075,"simB2":9.38319087261334,"simB3":2.42171092424542}