{"ppntid":0,"trialid":10,"simBweight":2.92900152504444,"myBweight":3.9953786716796458,"myvalue1":41.31272036907342,"myvalue2":19.216385227394287,"myvalue3":30.540432227591047,"simvalue1":37.9813174690878,"simvalue2":6.61483609034862,"simvalue3":27.6690730806335,"mychoice":1,"simchoice":1,"myA1":9.921182533726096,"myA2":0.9726105746813118,"myA3":2.162143613677472,"myB1":7.856961858924478,"myB2":4.566219162661582,"myB3":7.102778221014887,"simA1":9.01910115499049,"simA2":0.586219872348011,"simA3":0.457009491510689,"simB1":9.88808509195223,"simB2":2.05824960023165,"simB3":9.29055972024798}