{"ppntid":0,"trialid":1,"simBweight":2.92900152504444,"myBweight":1.125129263382405,"myvalue1":11.862604402891925,"myvalue2":7.82832794262724,"myvalue3":19.65694059498184,"simvalue1":24.8420819882576,"simvalue2":16.5181396438975,"simvalue3":37.2214369068358,"mychoice":3,"simchoice":3,"myA1":5.287985443137586,"myA2":5.043378684204072,"myA3":8.74613146064803,"myB1":5.84343432681635,"myB2":2.4752260465174913,"myB3":9.697382771410048,"simA1":5.67112212534994,"simA2":2.389488783665,"simA3":8.77995934104547,"simB1":6.54522017110139,"simB2":4.82370894635096,"simB3":9.71029797103256}