{"ppntid":0,"trialid":4,"simBweight":2.92900152504444,"myBweight":1.3418495294172317,"myvalue1":20.30755323589019,"myvalue2":15.113618578592082,"myvalue3":10.79990943500161,"simvalue1":29.0820167366599,"simvalue2":31.8749931806181,"simvalue3":27.5839703264988,"mychoice":1,"simchoice":2,"myA1":8.447949124965817,"myA2":5.908140714745969,"myA3":5.376192762050778,"myB1":8.838251868728548,"myB2":6.860290712211281,"myB3":4.041970842517912,"simA1":7.23374933004379,"simA2":5.64809889299795,"simA3":3.88609998160973,"simB1":7.459288504906,"simB2":8.95420984365046,"simB3":8.0907674995251}