{"ppntid":0,"trialid":5,"simBweight":2.92900152504444,"myBweight":4.224090974312276,"myvalue1":39.03618113154864,"myvalue2":18.391114768922694,"myvalue3":30.089585670264498,"simvalue1":13.2756742221018,"simvalue2":30.3546781549135,"simvalue3":23.5392310011038,"mychoice":1,"simchoice":2,"myA1":8.722211092244834,"myA2":5.078130927868187,"myA3":5.438925886992365,"myB1":7.176448192913085,"myB2":3.1516801891848445,"myB3":5.835731269326061,"simA1":8.18546326132491,"simA2":4.21199968550354,"simA3":1.76696498412639,"simB1":1.73786558909342,"simB2":8.92545744543895,"simB3":7.43334062164649}