{"ppntid":0,"trialid":1,"simBweight":2.92900152504444,"myBweight":2.4008500517811626,"myvalue1":21.150850435358297,"myvalue2":13.183980331000782,"myvalue3":32.87678752960373,"simvalue1":24.8420819882576,"simvalue2":16.5181396438975,"simvalue3":37.2214369068358,"mychoice":3,"simchoice":3,"myA1":5.883830660022795,"myA2":8.241074725519866,"myA3":9.075230676680803,"myB1":6.359005954582244,"myB2":2.058814794290811,"myB3":9.913804002571851,"simA1":5.67112212534994,"simA2":2.389488783665,"simA3":8.77995934104547,"simB1":6.54522017110139,"simB2":4.82370894635096,"simB3":9.71029797103256}