{"ppntid":0,"trialid":14,"simBweight":2.92900152504444,"myBweight":2.0582079829182476,"myvalue1":24.991226987726957,"myvalue2":22.266969414691353,"myvalue3":11.013137590363288,"simvalue1":21.4466630013766,"simvalue2":16.5967321665458,"simvalue3":17.1931218988671,"mychoice":1,"simchoice":2,"myA1":8.470764008816332,"myA2":6.429427033290267,"myA3":2.962178324814886,"myB1":8.026624673511833,"myB2":7.694821180775762,"myB3":3.9116354286670685,"simA1":9.75632399087772,"simA2":8.09382772771642,"simA3":2.75334256468341,"simB1":3.99123691488057,"simB2":2.90300444234163,"simB3":4.92993233725429}