{"ppntid":0,"trialid":1,"simBweight":2.92900152504444,"myBweight":4.920962352771312,"myvalue1":36.55996826340845,"myvalue2":29.70311684740155,"myvalue3":55.81678563189925,"simvalue1":24.8420819882576,"simvalue2":16.5181396438975,"simvalue3":37.2214369068358,"mychoice":3,"simchoice":3,"myA1":6.645851682405919,"myA2":0.10167567990720272,"myA3":9.653332501184195,"myB1":6.078915959224105,"myB2":6.015376474242657,"myB3":9.380980755668133,"simA1":5.67112212534994,"simA2":2.389488783665,"simA3":8.77995934104547,"simB1":6.54522017110139,"simB2":4.82370894635096,"simB3":9.71029797103256}