{"ppntid":0,"trialid":3,"simBweight":2.92900152504444,"myBweight":3.5362609289586544,"myvalue1":11.110590524461674,"myvalue2":23.693612464648233,"myvalue3":41.5258188183532,"simvalue1":8.12483891560789,"simvalue2":28.2043243209439,"simvalue3":35.1603063288223,"mychoice":3,"simchoice":3,"myA1":8.964991958346218,"myA2":5.858909473754466,"myA3":9.786064657382667,"myB1":0.6067421520128846,"myB2":5.043378684204072,"myB3":8.975512497127056,"simA1":5.65594530198723,"simA2":1.80899103172123,"simA3":9.04499290045351,"simB1":0.842913051601499,"simB2":9.01171715464443,"simB3":8.91611465718597}