{"ppntid":0,"trialid":2,"simBweight":2.92900152504444,"myBweight":2.6532191794831306,"myvalue1":18.640387662676947,"myvalue2":29.32346463750727,"myvalue3":15.656095620180517,"simvalue1":4.79336017374058,"simvalue2":33.7039452458313,"simvalue3":10.9773753368355,"mychoice":2,"simchoice":2,"myA1":1.837386095430702,"myA2":4.812386417761445,"myA3":2.780735071282834,"myB1":6.333062001504004,"myB2":9.238241005223244,"myB3":4.852731598075479,"simA1":4.60025910520926,"simA2":6.2205648701638,"simA3":3.88418034650385,"simB1":0.0659272680059075,"simB2":9.38319087261334,"simB3":2.42171092424542}