{"ppntid":0,"trialid":3,"simBweight":2.92900152504444,"myBweight":4.2960060748737305,"myvalue1":9.502073341960976,"myvalue2":34.51118574380477,"myvalue3":43.873454461997774,"simvalue1":8.12483891560789,"simvalue2":28.2043243209439,"simvalue3":35.1603063288223,"mychoice":3,"simchoice":3,"myA1":0.30138320522382855,"myA2":8.68217095034197,"myA3":5.089419360738248,"myB1":2.1416846197098494,"myB2":6.012331999372691,"myB3":9.027928365394473,"simA1":5.65594530198723,"simA2":1.80899103172123,"simA3":9.04499290045351,"simB1":0.842913051601499,"simB2":9.01171715464443,"simB3":8.91611465718597}