{"ppntid":0,"trialid":13,"simBweight":2.92900152504444,"myBweight":0.09490867494605482,"myvalue1":3.4900169389458364,"myvalue2":5.403368659916507,"myvalue3":5.597818402677976,"simvalue1":19.4881299579769,"simvalue2":24.9032378382858,"simvalue3":10.8954607930942,"mychoice":3,"simchoice":2,"myA1":3.1132363458164036,"myA2":5.178573981393129,"myA3":5.182418618351221,"myB1":3.9699278632178903,"myB2":2.36853668699041,"myB3":4.3768368335440755,"simA1":2.6640361500904,"simA2":5.32445900142193,"simA3":4.68264800496399,"simB1":5.74396894779056,"simB2":6.68445498216897,"simB3":2.12113675428554}