{"ppntid":0,"trialid":4,"simBweight":2.92900152504444,"myBweight":1.5694197127595544,"myvalue1":22.363695485268586,"myvalue2":19.148208127270546,"myvalue3":15.699145967202043,"simvalue1":29.0820167366599,"simvalue2":31.8749931806181,"simvalue3":27.5839703264988,"mychoice":1,"simchoice":2,"myA1":8.424821838270873,"myA2":7.737102389801294,"myA3":7.969525966327637,"myB1":8.88154617510736,"myB2":7.270907612983137,"myB3":4.92514522280544,"simA1":7.23374933004379,"simA2":5.64809889299795,"simA3":3.88609998160973,"simB1":7.459288504906,"simB2":8.95420984365046,"simB3":8.0907674995251}