{"ppntid":0,"trialid":6,"simBweight":2.92900152504444,"myBweight":3.165449252119288,"myvalue1":30.06173978065547,"myvalue2":7.735850594350994,"myvalue3":27.943119000941117,"simvalue1":32.3724469339229,"simvalue2":7.31317136996306,"simvalue3":26.9463834162194,"mychoice":1,"simchoice":1,"myA1":9.231750464532524,"myA2":3.3788750553503633,"myA3":9.546910389326513,"myB1":6.580421184189618,"myB2":1.3764161709696054,"myB3":5.8115632715635,"simA1":5.60983883915469,"simA2":0.712338301818818,"simA3":8.53584753349423,"simB1":9.13710964843631,"simB2":2.25361202843487,"simB3":6.28560133045539}