{"ppntid":0,"trialid":1,"simBweight":2.92900152504444,"myBweight":3.923654070822522,"myvalue1":26.627559014130043,"myvalue2":29.16814921318396,"myvalue3":47.79836560758121,"simvalue1":24.8420819882576,"simvalue2":16.5181396438975,"simvalue3":37.2214369068358,"mychoice":3,"simchoice":3,"myA1":5.957768503576517,"myA2":1.911544417962432,"myA3":9.032843050081283,"myB1":5.2679951232858,"myB2":6.9467400293797255,"myB3":9.879954210482538,"simA1":5.67112212534994,"simA2":2.389488783665,"simA3":8.77995934104547,"simB1":6.54522017110139,"simB2":4.82370894635096,"simB3":9.71029797103256}