{"ppntid":0,"trialid":2,"simBweight":2.92900152504444,"myBweight":4.846103327581659,"myvalue1":24.0031339138701,"myvalue2":26.728362363796503,"myvalue3":16.496113594247976,"simvalue1":4.79336017374058,"simvalue2":33.7039452458313,"simvalue3":10.9773753368355,"mychoice":2,"simchoice":2,"myA1":6.54796919086948,"myA2":8.1010601692833,"myA3":6.381169881206006,"myB1":3.6018969351425767,"myB2":3.8437690935097635,"myB3":2.0872323657386005,"simA1":4.60025910520926,"simA2":6.2205648701638,"simA3":3.88418034650385,"simB1":0.0659272680059075,"simB2":9.38319087261334,"simB3":2.42171092424542}