{"ppntid":0,"trialid":7,"simBweight":2.92900152504444,"myBweight":2.7963803394231945,"myvalue1":6.110103498537026,"myvalue2":31.282226596430583,"myvalue3":28.564625856072748,"simvalue1":29.155178200811,"simvalue2":15.1925325184091,"simvalue3":26.5468177351021,"mychoice":2,"simchoice":3,"myA1":2.3723463783971965,"myA2":5.456820989493281,"myA3":7.886177282780409,"myB1":1.3366411812603474,"myB2":9.23529794672504,"myB3":7.394719624426216,"simA1":0.691449935548007,"simA2":5.14853976666927,"simA3":8.05417287861928,"simB1":9.71789465518668,"simB2":3.42915244866163,"simB3":6.3136344240047}