{"ppntid":0,"trialid":3,"simBweight":2.92900152504444,"myBweight":4.950620260788128,"myvalue1":9.218024166192535,"myvalue2":22.496343800439845,"myvalue3":44.34503887910637,"simvalue1":8.12483891560789,"simvalue2":28.2043243209439,"simvalue3":35.1603063288223,"mychoice":3,"simchoice":3,"myA1":1.4037296012975276,"myA2":6.747678162064403,"myA3":9.253383849281818,"myB1":1.5784475789405406,"myB2":3.1811499991454184,"myB3":7.088335033040494,"simA1":5.65594530198723,"simA2":1.80899103172123,"simA3":9.04499290045351,"simB1":0.842913051601499,"simB2":9.01171715464443,"simB3":8.91611465718597}