{"ppntid":0,"trialid":4,"simBweight":2.92900152504444,"myBweight":0.24009110173210502,"myvalue1":8.631276246088525,"myvalue2":7.168574695742405,"myvalue3":6.083200545884289,"simvalue1":29.0820167366599,"simvalue2":31.8749931806181,"simvalue3":27.5839703264988,"mychoice":1,"simchoice":2,"myA1":8.083440689370036,"myA2":5.963440842460841,"myA3":4.852947115432471,"myB1":2.281782010104507,"myB2":5.019485705997795,"myB3":5.124110896140337,"simA1":7.23374933004379,"simA2":5.64809889299795,"simA3":3.88609998160973,"simB1":7.459288504906,"simB2":8.95420984365046,"simB3":8.0907674995251}