{"ppntid":0,"trialid":1,"simBweight":2.92900152504444,"myBweight":1.3840759953018278,"myvalue1":15.356231391616964,"myvalue2":9.805503568153387,"myvalue3":20.418028896924326,"simvalue1":24.8420819882576,"simvalue2":16.5181396438975,"simvalue3":37.2214369068358,"mychoice":3,"simchoice":3,"myA1":9.315727734938264,"myA2":2.353345083538443,"myA3":8.511057558935136,"myB1":4.364286120980978,"myB2":5.384211929049343,"myB3":8.602830609306693,"simA1":5.67112212534994,"simA2":2.389488783665,"simA3":8.77995934104547,"simB1":6.54522017110139,"simB2":4.82370894635096,"simB3":9.71029797103256}