{"ppntid":0,"trialid":2,"simBweight":2.92900152504444,"myBweight":1.9798563001677394,"myvalue1":7.500229316187421,"myvalue2":15.603826905161018,"myvalue3":10.207271046250284,"simvalue1":4.79336017374058,"simvalue2":33.7039452458313,"simvalue3":10.9773753368355,"mychoice":2,"simchoice":2,"myA1":0.242014832329005,"myA2":2.415020524058491,"myA3":2.9049672838300467,"myB1":3.6660309555009007,"myB2":6.661496786400676,"myB3":3.6882998840883374,"simA1":4.60025910520926,"simA2":6.2205648701638,"simA3":3.88418034650385,"simB1":0.0659272680059075,"simB2":9.38319087261334,"simB3":2.42171092424542}