{"ppntid":0,"trialid":5,"simBweight":2.92900152504444,"myBweight":3.488235411932692,"myvalue1":32.0331153643578,"myvalue2":14.859068171820313,"myvalue3":15.27844667968035,"simvalue1":13.2756742221018,"simvalue2":30.3546781549135,"simvalue3":23.5392310011038,"mychoice":1,"simchoice":2,"myA1":9.516433724202216,"myA2":5.93550537712872,"myA3":6.128056405577809,"myB1":6.455034990794957,"myB2":2.5581882358528674,"myB3":2.62321466114372,"simA1":8.18546326132491,"simA2":4.21199968550354,"simA3":1.76696498412639,"simB1":1.73786558909342,"simB2":8.92545744543895,"simB3":7.43334062164649}