{"ppntid":0,"trialid":3,"simBweight":2.92900152504444,"myBweight":0.259056439390406,"myvalue1":6.52951732050666,"myvalue2":2.581960516543553,"myvalue3":10.874736702955664,"simvalue1":8.12483891560789,"simvalue2":28.2043243209439,"simvalue3":35.1603063288223,"mychoice":3,"simchoice":3,"myA1":5.546992248855531,"myA2":2.4757249979302287,"myA3":8.847525836899877,"myB1":3.7927066162228584,"myB2":0.4100863845087588,"myB3":7.825363734737039,"simA1":5.65594530198723,"simA2":1.80899103172123,"simA3":9.04499290045351,"simB1":0.842913051601499,"simB2":9.01171715464443,"simB3":8.91611465718597}