{"ppntid":0,"trialid":8,"simBweight":2.92900152504444,"myBweight":1.4629563700873405,"myvalue1":11.669274188512045,"myvalue2":5.98661918405041,"myvalue3":19.15088352565349,"simvalue1":24.3077395788662,"simvalue2":12.8486379765393,"simvalue3":21.1752809804918,"mychoice":3,"simchoice":3,"myA1":6.033554577734321,"myA2":3.0753252981230617,"myA3":9.111487437039614,"myB1":3.852281398139894,"myB2":1.990007320418954,"myB3":6.862402935512364,"simA1":4.10054257372394,"simA2":3.45694060437381,"simA3":8.24872852535918,"simB1":6.89900528639555,"simB2":3.20645014755428,"simB3":4.41329659428447}