{"ppntid":0,"trialid":11,"simBweight":2.92900152504444,"myBweight":2.1697960165329278,"myvalue1":3.096272157958595,"myvalue2":4.465176266560385,"myvalue3":15.423864485861348,"simvalue1":9.9197921404594,"simvalue2":11.6245677233259,"simvalue3":7.85712064627827,"mychoice":3,"simchoice":3,"myA1":2.6501746894791722,"myA2":2.7481146855279803,"myA3":6.112572764977813,"myB1":0.20559419644996524,"myB2":0.7913470058701932,"myB3":4.29132123477757,"simA1":1.94303552154452,"simA2":1.2680093664676,"simA3":5.39368811063468,"simB1":2.72337059257552,"simB2":3.53586649522185,"simB3":0.841048567090183}