{"ppntid":0,"trialid":1,"simBweight":2.92900152504444,"myBweight":4.560734924161807,"myvalue1":21.333427438789958,"myvalue2":32.90283909339368,"myvalue3":42.33304087383001,"simvalue1":24.8420819882576,"simvalue2":16.5181396438975,"simvalue3":37.2214369068358,"mychoice":3,"simchoice":3,"myA1":5.010487923864275,"myA2":1.6640954604372382,"myA3":6.465562670491636,"myB1":3.5790151776745915,"myB2":6.849497756920755,"myB3":7.864407557062805,"simA1":5.67112212534994,"simA2":2.389488783665,"simA3":8.77995934104547,"simB1":6.54522017110139,"simB2":4.82370894635096,"simB3":9.71029797103256}