{"ppntid":0,"trialid":2,"simBweight":2.92900152504444,"myBweight":1.5302052488550544,"myvalue1":8.206267191420357,"myvalue2":14.2214129305502,"myvalue3":12.189308576352477,"simvalue1":4.79336017374058,"simvalue2":33.7039452458313,"simvalue3":10.9773753368355,"mychoice":2,"simchoice":2,"myA1":5.194587472360581,"myA2":6.797355390153825,"myA3":4.299634720664471,"myB1":1.9681540899910033,"myB2":4.851674339734018,"myB3":5.155957909300923,"simA1":4.60025910520926,"simA2":6.2205648701638,"simA3":3.88418034650385,"simB1":0.0659272680059075,"simB2":9.38319087261334,"simB3":2.42171092424542}