{"ppntid":0,"trialid":1,"simBweight":2.92900152504444,"myBweight":2.592329545877874,"myvalue1":19.90776772444427,"myvalue2":7.69337351177001,"myvalue3":34.3531276741035,"simvalue1":24.8420819882576,"simvalue2":16.5181396438975,"simvalue3":37.2214369068358,"mychoice":3,"simchoice":3,"myA1":5.349926450289786,"myA2":2.1416112896986306,"myA3":9.638312968891114,"myB1":5.615737126208842,"myB2":2.1416112896986306,"myB3":9.533824410755187,"simA1":5.67112212534994,"simA2":2.389488783665,"simA3":8.77995934104547,"simB1":6.54522017110139,"simB2":4.82370894635096,"simB3":9.71029797103256}