{"ppntid":0,"trialid":4,"simBweight":2.92900152504444,"myBweight":0.6072760443203151,"myvalue1":12.292147167428837,"myvalue2":10.162750054133465,"myvalue3":6.166908360133574,"simvalue1":29.0820167366599,"simvalue2":31.8749931806181,"simvalue3":27.5839703264988,"mychoice":1,"simchoice":2,"myA1":8.848060159943998,"myA2":7.824965107720345,"myA3":5.001292510423809,"myB1":5.671369782648981,"myB2":3.849624842405319,"myB3":1.9194168131798506,"simA1":7.23374933004379,"simA2":5.64809889299795,"simA3":3.88609998160973,"simB1":7.459288504906,"simB2":8.95420984365046,"simB3":8.0907674995251}