{"ppntid":0,"trialid":2,"simBweight":2.92900152504444,"myBweight":3.185213740216568,"myvalue1":10.796460528328488,"myvalue2":21.41885478974769,"myvalue3":13.838601289230429,"simvalue1":4.79336017374058,"simvalue2":33.7039452458313,"simvalue3":10.9773753368355,"mychoice":2,"simchoice":2,"myA1":8.433293362613767,"myA2":9.61677422048524,"myA3":9.412403753958642,"myB1":0.7419179240241647,"myB2":3.7052711471915245,"myB3":1.3896076986566186,"simA1":4.60025910520926,"simA2":6.2205648701638,"simA3":3.88418034650385,"simB1":0.0659272680059075,"simB2":9.38319087261334,"simB3":2.42171092424542}