{"ppntid":0,"trialid":1,"simBweight":2.92900152504444,"myBweight":0.7944572519045323,"myvalue1":10.647055801558551,"myvalue2":5.9493662294147125,"myvalue3":16.969164997576435,"simvalue1":24.8420819882576,"simvalue2":16.5181396438975,"simvalue3":37.2214369068358,"mychoice":3,"simchoice":3,"myA1":5.797137194313109,"myA2":1.611801644321531,"myA3":9.402040306013077,"myB1":6.10469423700124,"myB2":5.459783487021923,"myB3":9.52489850576967,"simA1":5.67112212534994,"simA2":2.389488783665,"simA3":8.77995934104547,"simB1":6.54522017110139,"simB2":4.82370894635096,"simB3":9.71029797103256}