{"ppntid":0,"trialid":4,"simBweight":2.92900152504444,"myBweight":4.292375546647236,"myvalue1":42.90368228039579,"myvalue2":40.90287218349638,"myvalue3":38.99330000965106,"simvalue1":29.0820167366599,"simvalue2":31.8749931806181,"simvalue3":27.5839703264988,"mychoice":1,"simchoice":2,"myA1":6.338134668767452,"myA2":8.231276501901448,"myA3":5.299760201014578,"myB1":8.518720511347055,"myB2":7.611541750375181,"myB3":7.849625328090042,"simA1":7.23374933004379,"simA2":5.64809889299795,"simA3":3.88609998160973,"simB1":7.459288504906,"simB2":8.95420984365046,"simB3":8.0907674995251}