{"ppntid":0,"trialid":5,"simBweight":2.92900152504444,"myBweight":1.8727146671153605,"myvalue1":20.580746315827867,"myvalue2":6.5194918817496115,"myvalue3":7.163163984628517,"simvalue1":13.2756742221018,"simvalue2":30.3546781549135,"simvalue3":23.5392310011038,"mychoice":1,"simchoice":2,"myA1":9.110583860892802,"myA2":5.111414745915681,"myA3":6.002231896854937,"myB1":6.124885256867856,"myB2":0.7518909103237092,"myB3":0.6199193652719259,"simA1":8.18546326132491,"simA2":4.21199968550354,"simA3":1.76696498412639,"simB1":1.73786558909342,"simB2":8.92545744543895,"simB3":7.43334062164649}