{"ppntid":0,"trialid":2,"simBweight":2.92900152504444,"myBweight":4.679829776287079,"myvalue1":17.217303295295757,"myvalue2":31.364743066468197,"myvalue3":15.390155080469201,"simvalue1":4.79336017374058,"simvalue2":33.7039452458313,"simvalue3":10.9773753368355,"mychoice":2,"simchoice":2,"myA1":2.348086640704423,"myA2":5.101379328407347,"myA3":1.902977842837572,"myB1":3.1772986124269664,"myB2":5.612033982761204,"myB3":2.881980303209275,"simA1":4.60025910520926,"simA2":6.2205648701638,"simA3":3.88418034650385,"simB1":0.0659272680059075,"simB2":9.38319087261334,"simB3":2.42171092424542}