{"ppntid":0,"trialid":8,"simBweight":2.92900152504444,"myBweight":2.444149150978774,"myvalue1":15.40666762368284,"myvalue2":10.604695215540549,"myvalue3":28.030061067387145,"simvalue1":24.3077395788662,"simvalue2":12.8486379765393,"simvalue3":21.1752809804918,"mychoice":3,"simchoice":3,"myA1":0.7628360809758306,"myA2":0.07406978635117412,"myA3":5.897814780473709,"myB1":5.991382128559053,"myB2":4.308503605425358,"myB3":9.05519463820383,"simA1":4.10054257372394,"simA2":3.45694060437381,"simA3":8.24872852535918,"simB1":6.89900528639555,"simB2":3.20645014755428,"simB3":4.41329659428447}