{"ppntid":0,"trialid":1,"simBweight":2.92900152504444,"myBweight":0.8345943584572524,"myvalue1":14.459319200762575,"myvalue2":8.712840172859803,"myvalue3":15.087361520635108,"simvalue1":24.8420819882576,"simvalue2":16.5181396438975,"simvalue3":37.2214369068358,"mychoice":3,"simchoice":3,"myA1":9.26580678904429,"myA2":5.332212233915925,"myA3":6.95510015822947,"myB1":6.222798367962241,"myB2":4.050624000374228,"myB3":9.743968767579645,"simA1":5.67112212534994,"simA2":2.389488783665,"simA3":8.77995934104547,"simB1":6.54522017110139,"simB2":4.82370894635096,"simB3":9.71029797103256}