{"ppntid":0,"trialid":3,"simBweight":2.92900152504444,"myBweight":2.9739369289018214,"myvalue1":14.574499480247274,"myvalue2":5.5961452196517305,"myvalue3":37.37192666526071,"simvalue1":8.12483891560789,"simvalue2":28.2043243209439,"simvalue3":35.1603063288223,"mychoice":3,"simchoice":3,"myA1":0.6067421520128846,"myA2":5.043378684204072,"myA3":8.975512497127056,"myB1":4.696722782682627,"myB2":0.18587029539048672,"myB3":9.548425150569528,"simA1":5.65594530198723,"simA2":1.80899103172123,"simA3":9.04499290045351,"simB1":0.842913051601499,"simB2":9.01171715464443,"simB3":8.91611465718597}