{"ppntid":0,"trialid":4,"simBweight":2.92900152504444,"myBweight":2.7622098091524094,"myvalue1":31.187907274087728,"myvalue2":26.2004489999447,"myvalue3":25.612774631625747,"simvalue1":29.0820167366599,"simvalue2":31.8749931806181,"simvalue3":27.5839703264988,"mychoice":1,"simchoice":2,"myA1":6.169063439592719,"myA2":7.020585772115737,"myA3":9.764822290744632,"myB1":9.057546516414732,"myB2":6.943666322622448,"myB3":5.737418022472411,"simA1":7.23374933004379,"simA2":5.64809889299795,"simA3":3.88609998160973,"simB1":7.459288504906,"simB2":8.95420984365046,"simB3":8.0907674995251}