{"ppntid":0,"trialid":3,"simBweight":2.92900152504444,"myBweight":2.065890283556655,"myvalue1":18.31857584417901,"myvalue2":10.176334038432707,"myvalue3":28.841315557893893,"simvalue1":8.12483891560789,"simvalue2":28.2043243209439,"simvalue3":35.1603063288223,"mychoice":3,"simchoice":3,"myA1":5.534863276407123,"myA2":1.1683376133441925,"myA3":9.693349632434547,"myB1":6.1879920097999275,"myB2":4.36034599551931,"myB3":9.268626740667969,"simA1":5.65594530198723,"simA2":1.80899103172123,"simA3":9.04499290045351,"simB1":0.842913051601499,"simB2":9.01171715464443,"simB3":8.91611465718597}