{"ppntid":0,"trialid":1,"simBweight":2.92900152504444,"myBweight":1.0197023546788841,"myvalue1":11.097885914528199,"myvalue2":3.5140212986047734,"myvalue3":18.544027034751597,"simvalue1":24.8420819882576,"simvalue2":16.5181396438975,"simvalue3":37.2214369068358,"mychoice":3,"simchoice":3,"myA1":5.291540075559169,"myA2":2.881227256730199,"myA3":8.638167106546462,"myB1":5.694157527759671,"myB2":0.6205674028024077,"myB3":9.714462149422616,"simA1":5.67112212534994,"simA2":2.389488783665,"simA3":8.77995934104547,"simB1":6.54522017110139,"simB2":4.82370894635096,"simB3":9.71029797103256}