{"ppntid":0,"trialid":4,"simBweight":2.92900152504444,"myBweight":4.649590821936727,"myvalue1":33.34553291076773,"myvalue2":36.69358375134152,"myvalue3":16.352564162863413,"simvalue1":29.0820167366599,"simvalue2":31.8749931806181,"simvalue3":27.5839703264988,"mychoice":2,"simchoice":2,"myA1":5.461135418154299,"myA2":2.853146952111274,"myA3":5.607178357895464,"myB1":5.997172344941646,"myB2":7.2781537333503366,"myB3":2.3110390175133944,"simA1":7.23374933004379,"simA2":5.64809889299795,"simA3":3.88609998160973,"simB1":7.459288504906,"simB2":8.95420984365046,"simB3":8.0907674995251}