{"ppntid":0,"trialid":7,"simBweight":2.92900152504444,"myBweight":3.239307632902637,"myvalue1":16.927257208248662,"myvalue2":27.25801170227555,"myvalue3":30.081239028833103,"simvalue1":29.155178200811,"simvalue2":15.1925325184091,"simvalue3":26.5468177351021,"mychoice":3,"simchoice":3,"myA1":8.191604469902813,"myA2":6.027656139340252,"myA3":8.654755493625998,"myB1":2.6967653981409967,"myB2":6.553979420568794,"myB3":6.6145256836898625,"simA1":0.691449935548007,"simA2":5.14853976666927,"simA3":8.05417287861928,"simB1":9.71789465518668,"simB2":3.42915244866163,"simB3":6.3136344240047}