{"ppntid":0,"trialid":4,"simBweight":2.92900152504444,"myBweight":0.2557545993477106,"myvalue1":10.334087179928723,"myvalue2":8.861942363266506,"myvalue3":5.715188767146137,"simvalue1":29.0820167366599,"simvalue2":31.8749931806181,"simvalue3":27.5839703264988,"mychoice":1,"simchoice":2,"myA1":7.847677480895072,"myA2":7.405021532904357,"myA3":4.819363504648209,"myB1":9.721857223194093,"myB2":5.696557692717761,"myB3":3.502675083000213,"simA1":7.23374933004379,"simA2":5.64809889299795,"simA3":3.88609998160973,"simB1":7.459288504906,"simB2":8.95420984365046,"simB3":8.0907674995251}