{"ppntid":0,"trialid":5,"simBweight":2.92900152504444,"myBweight":2.5834590999875218,"myvalue1":26.233812089426177,"myvalue2":15.740474218532627,"myvalue3":21.97991934648618,"simvalue1":13.2756742221018,"simvalue2":30.3546781549135,"simvalue3":23.5392310011038,"mychoice":1,"simchoice":2,"myA1":8.498991476371884,"myA2":5.955416862852871,"myA3":5.452770709525794,"myB1":6.864757647272199,"myB2":3.787579743657261,"myB3":6.39729447895661,"simA1":8.18546326132491,"simA2":4.21199968550354,"simA3":1.76696498412639,"simB1":1.73786558909342,"simB2":8.92545744543895,"simB3":7.43334062164649}