{"ppntid":0,"trialid":1,"simBweight":2.92900152504444,"myBweight":4.288440330419689,"myvalue1":12.614199635171172,"myvalue2":21.38377946443666,"myvalue3":50.16123250302436,"simvalue1":24.8420819882576,"simvalue2":16.5181396438975,"simvalue3":37.2214369068358,"mychoice":3,"simchoice":3,"myA1":8.301964136771858,"myA2":1.0717313992790878,"myA3":8.633928985800594,"myB1":1.0055486764758825,"myB2":4.736465124879032,"myB3":9.683544673025608,"simA1":5.67112212534994,"simA2":2.389488783665,"simA3":8.77995934104547,"simB1":6.54522017110139,"simB2":4.82370894635096,"simB3":9.71029797103256}