{"ppntid":0,"trialid":4,"simBweight":2.92900152504444,"myBweight":0.5824702826794237,"myvalue1":10.344616784867117,"myvalue2":10.513274773698475,"myvalue3":8.377233499024147,"simvalue1":29.0820167366599,"simvalue2":31.8749931806181,"simvalue3":27.5839703264988,"mychoice":2,"simchoice":2,"myA1":7.671221550554037,"myA2":5.240950430743396,"myA3":2.5920795067213476,"myB1":4.58975387038663,"myB2":9.051662376150489,"myB3":9.93210154119879,"simA1":7.23374933004379,"simA2":5.64809889299795,"simA3":3.88609998160973,"simB1":7.459288504906,"simB2":8.95420984365046,"simB3":8.0907674995251}