{"ppntid":0,"trialid":5,"simBweight":2.92900152504444,"myBweight":1.4426844497211277,"myvalue1":16.6720516572033,"myvalue2":12.946228424977013,"myvalue3":7.24709855585891,"simvalue1":13.2756742221018,"simvalue2":30.3546781549135,"simvalue3":23.5392310011038,"mychoice":1,"simchoice":2,"myA1":4.001216776669025,"myA2":5.45790750766173,"myA3":0.9351756609976292,"myB1":8.782817949540913,"myB2":5.190546636004001,"myB3":4.3751236773096025,"simA1":8.18546326132491,"simA2":4.21199968550354,"simA3":1.76696498412639,"simB1":1.73786558909342,"simB2":8.92545744543895,"simB3":7.43334062164649}