{"ppntid":0,"trialid":3,"simBweight":2.92900152504444,"myBweight":0.059427545638754964,"myvalue1":5.507837492663233,"myvalue2":2.198844522576255,"myvalue3":9.321022156356957,"simvalue1":8.12483891560789,"simvalue2":28.2043243209439,"simvalue3":35.1603063288223,"mychoice":3,"simchoice":3,"myA1":5.40273486636579,"myA2":2.1594887389801443,"myA3":8.952056558337063,"myB1":1.7685843352228403,"myB2":0.6622481741942465,"myB3":6.208662902936339,"simA1":5.65594530198723,"simA2":1.80899103172123,"simA3":9.04499290045351,"simB1":0.842913051601499,"simB2":9.01171715464443,"simB3":8.91611465718597}