{"ppntid":0,"trialid":4,"simBweight":2.92900152504444,"myBweight":3.157498127548024,"myvalue1":38.03813253491067,"myvalue2":33.131442595058246,"myvalue3":23.613805961732318,"simvalue1":29.0820167366599,"simvalue2":31.8749931806181,"simvalue3":27.5839703264988,"mychoice":1,"simchoice":2,"myA1":9.332872554659843,"myA2":9.23677895218134,"myA3":8.800820112228394,"myB1":9.091140776872635,"myB2":7.56759392330423,"myB3":4.691368055064231,"simA1":7.23374933004379,"simA2":5.64809889299795,"simA3":3.88609998160973,"simB1":7.459288504906,"simB2":8.95420984365046,"simB3":8.0907674995251}