{"ppntid":0,"trialid":5,"simBweight":2.92900152504444,"myBweight":3.0993386765476316,"myvalue1":30.610319591791185,"myvalue2":19.732727969592844,"myvalue3":16.261415995610136,"simvalue1":13.2756742221018,"simvalue2":30.3546781549135,"simvalue3":23.5392310011038,"mychoice":1,"simchoice":2,"myA1":6.492761583067477,"myA2":3.1219026655890048,"myA3":3.186560543254018,"myB1":7.78151745442301,"myB2":5.359474080614746,"myB3":4.218595260754228,"simA1":8.18546326132491,"simA2":4.21199968550354,"simA3":1.76696498412639,"simB1":1.73786558909342,"simB2":8.92545744543895,"simB3":7.43334062164649}