{"ppntid":0,"trialid":3,"simBweight":2.92900152504444,"myBweight":4.483860841719434,"myvalue1":16.733937574674627,"myvalue2":13.478804915708308,"myvalue3":44.465625152827805,"simvalue1":8.12483891560789,"simvalue2":28.2043243209439,"simvalue3":35.1603063288223,"mychoice":3,"simchoice":3,"myA1":0.2590326778590679,"myA2":0.8603037055581808,"myA3":9.958858869504184,"myB1":3.674267663154751,"myB2":2.814204466994852,"myB3":7.695771011058241,"simA1":5.65594530198723,"simA2":1.80899103172123,"simA3":9.04499290045351,"simB1":0.842913051601499,"simB2":9.01171715464443,"simB3":8.91611465718597}