{"ppntid":0,"trialid":1,"simBweight":2.92900152504444,"myBweight":2.9158151103183627,"myvalue1":20.845390901854508,"myvalue2":2.534123613608963,"myvalue3":38.05243631582064,"simvalue1":24.8420819882576,"simvalue2":16.5181396438975,"simvalue3":37.2214369068358,"mychoice":3,"simchoice":3,"myA1":7.35178027767688,"myA2":0.3095964598469436,"myA3":9.813782628625631,"myB1":4.627731908112764,"myB2":0.7629177672788501,"myB3":9.68465167330578,"simA1":5.67112212534994,"simA2":2.389488783665,"simA3":8.77995934104547,"simB1":6.54522017110139,"simB2":4.82370894635096,"simB3":9.71029797103256}