{"ppntid":0,"trialid":4,"simBweight":2.92900152504444,"myBweight":4.451252990402281,"myvalue1":21.76515921794187,"myvalue2":4.661464639606838,"myvalue3":1.9120572121979906,"simvalue1":29.0820167366599,"simvalue2":31.8749931806181,"simvalue3":27.5839703264988,"mychoice":1,"simchoice":2,"myA1":6.521692210808396,"myA2":1.4134109788574278,"myA3":0.29940515058115125,"myB1":3.424533954821527,"myB2":0.7296942383982241,"myB3":0.3622917109169066,"simA1":7.23374933004379,"simA2":5.64809889299795,"simA3":3.88609998160973,"simB1":7.459288504906,"simB2":8.95420984365046,"simB3":8.0907674995251}