{"ppntid":0,"trialid":4,"simBweight":2.92900152504444,"myBweight":4.035053136758506,"myvalue1":33.580544129198465,"myvalue2":42.08862708592222,"myvalue3":35.140125729397155,"simvalue1":29.0820167366599,"simvalue2":31.8749931806181,"simvalue3":27.5839703264988,"mychoice":2,"simchoice":2,"myA1":7.214196270797402,"myA2":9.158601176459342,"myA3":7.329178324434906,"myB1":6.534324819222093,"myB2":8.160989407915622,"myB3":6.892337340395898,"simA1":7.23374933004379,"simA2":5.64809889299795,"simA3":3.88609998160973,"simB1":7.459288504906,"simB2":8.95420984365046,"simB3":8.0907674995251}