{"ppntid":0,"trialid":1,"simBweight":2.92900152504444,"myBweight":4.001697272760794,"myvalue1":31.37183281503843,"myvalue2":18.853623270835932,"myvalue3":43.855712840144534,"simvalue1":24.8420819882576,"simvalue2":16.5181396438975,"simvalue3":37.2214369068358,"mychoice":3,"simchoice":3,"myA1":6.470077557023615,"myA2":2.6442522555589676,"myA3":4.86329959705472,"myB1":6.222798367962241,"myB2":4.050624000374228,"myB3":9.743968767579645,"simA1":5.67112212534994,"simA2":2.389488783665,"simA3":8.77995934104547,"simB1":6.54522017110139,"simB2":4.82370894635096,"simB3":9.71029797103256}