{"ppntid":0,"trialid":2,"simBweight":2.92900152504444,"myBweight":0.23961426923051476,"myvalue1":5.65816958040803,"myvalue2":7.502226037929406,"myvalue3":5.271752956492822,"simvalue1":4.79336017374058,"simvalue2":33.7039452458313,"simvalue3":10.9773753368355,"mychoice":2,"simchoice":2,"myA1":3.758654792327434,"myA2":5.773279336281121,"myA3":3.4431728068739176,"myB1":7.927385936491191,"myB2":7.215541491750628,"myB3":7.631349149160087,"simA1":4.60025910520926,"simA2":6.2205648701638,"simA3":3.88418034650385,"simB1":0.0659272680059075,"simB2":9.38319087261334,"simB3":2.42171092424542}