{"ppntid":0,"trialid":18,"simBweight":2.92900152504444,"myBweight":3.4305692417547107,"myvalue1":28.68919192490058,"myvalue2":15.459991304350392,"myvalue3":32.391504064950254,"simvalue1":29.278641166275,"simvalue2":22.3575730969011,"simvalue3":16.2277070528167,"mychoice":3,"simchoice":3,"myA1":5.080400004517287,"myA2":6.485844342969358,"myA3":9.890187794808298,"myB1":6.881887598428875,"myB2":2.6159352366812527,"myB3":6.559061976149678,"simA1":3.45552658895031,"simA2":1.83656022651121,"simA3":8.13114545540884,"simB1":8.81635409081355,"simB2":7.00614618835971,"simB3":2.76427360251546}