{"ppntid":0,"trialid":1,"simBweight":2.92900152504444,"myBweight":0.5730444996152073,"myvalue1":7.459690697282273,"myvalue2":3.474177469993031,"myvalue3":14.23420835993758,"simvalue1":24.8420819882576,"simvalue2":16.5181396438975,"simvalue3":37.2214369068358,"mychoice":3,"simchoice":3,"myA1":5.17483901232481,"myA2":1.438033503945917,"myA3":9.749521629419178,"myB1":3.987215105444193,"myB2":3.553203926421702,"myB3":7.826070634182543,"simA1":5.67112212534994,"simA2":2.389488783665,"simA3":8.77995934104547,"simB1":6.54522017110139,"simB2":4.82370894635096,"simB3":9.71029797103256}