{"ppntid":0,"trialid":4,"simBweight":2.92900152504444,"myBweight":0.44382740394212306,"myvalue1":12.529735546563947,"myvalue2":10.71800941634167,"myvalue3":10.624795053863732,"simvalue1":29.0820167366599,"simvalue2":31.8749931806181,"simvalue3":27.5839703264988,"mychoice":1,"simchoice":2,"myA1":8.424821838270873,"myA2":7.737102389801294,"myA3":7.969525966327637,"myB1":9.248896467033774,"myB2":6.716365416068584,"myB3":5.982661421876401,"simA1":7.23374933004379,"simA2":5.64809889299795,"simA3":3.88609998160973,"simB1":7.459288504906,"simB2":8.95420984365046,"simB3":8.0907674995251}