{"ppntid":0,"trialid":2,"simBweight":2.92900152504444,"myBweight":1.480202537495643,"myvalue1":14.784580112874393,"myvalue2":12.604900828604157,"myvalue3":16.759666701539714,"simvalue1":4.79336017374058,"simvalue2":33.7039452458313,"simvalue3":10.9773753368355,"mychoice":3,"simchoice":2,"myA1":4.438595043029636,"myA2":3.2922372547909617,"myA3":3.726412202231586,"myB1":6.989573931787163,"myB2":6.291479265782982,"myB3":8.805048072244972,"simA1":4.60025910520926,"simA2":6.2205648701638,"simA3":3.88418034650385,"simB1":0.0659272680059075,"simB2":9.38319087261334,"simB3":2.42171092424542}