{"ppntid":0,"trialid":4,"simBweight":2.92900152504444,"myBweight":2.2128307609818876,"myvalue1":28.37729353792831,"myvalue2":26.012326513215534,"myvalue3":16.892840033611932,"simvalue1":29.0820167366599,"simvalue2":31.8749931806181,"simvalue3":27.5839703264988,"mychoice":1,"simchoice":2,"myA1":7.432747057173401,"myA2":6.290562078356743,"myA3":3.5740807256661355,"myB1":9.465046694967896,"myB2":8.912459453567863,"myB3":6.0188784170895815,"simA1":7.23374933004379,"simA2":5.64809889299795,"simA3":3.88609998160973,"simB1":7.459288504906,"simB2":8.95420984365046,"simB3":8.0907674995251}