{"ppntid":0,"trialid":3,"simBweight":2.92900152504444,"myBweight":3.8830121338833123,"myvalue1":14.934165475391307,"myvalue2":13.824879408347064,"myvalue3":46.96765421646734,"simvalue1":8.12483891560789,"simvalue2":28.2043243209439,"simvalue3":35.1603063288223,"mychoice":3,"simchoice":3,"myA1":1.209103164728731,"myA2":4.876743569038808,"myA3":9.962147665210068,"myB1":3.5346431680954993,"myB2":2.3044315935112536,"myB3":9.530103248544037,"simA1":5.65594530198723,"simA2":1.80899103172123,"simA3":9.04499290045351,"simB1":0.842913051601499,"simB2":9.01171715464443,"simB3":8.91611465718597}