{"ppntid":0,"trialid":3,"simBweight":2.92900152504444,"myBweight":3.2828006229829043,"myvalue1":20.898058752800132,"myvalue2":11.528615505369965,"myvalue3":38.53489059477054,"simvalue1":8.12483891560789,"simvalue2":28.2043243209439,"simvalue3":35.1603063288223,"mychoice":3,"simchoice":3,"myA1":5.210836832411587,"myA2":1.6794665646739304,"myA3":8.218352948315442,"myB1":4.778609401546419,"myB2":3.000227571465075,"myB3":9.23496158560738,"simA1":5.65594530198723,"simA2":1.80899103172123,"simA3":9.04499290045351,"simB1":0.842913051601499,"simB2":9.01171715464443,"simB3":8.91611465718597}