{"ppntid":0,"trialid":5,"simBweight":2.92900152504444,"myBweight":0.26180703775025904,"myvalue1":8.446720486903487,"myvalue2":2.2458554762862994,"myvalue3":2.1755408228016058,"simvalue1":13.2756742221018,"simvalue2":30.3546781549135,"simvalue3":23.5392310011038,"mychoice":1,"simchoice":2,"myA1":6.107283916790038,"myA2":1.4285193872638047,"myA3":1.3412768463604152,"myB1":8.93572835251689,"myB2":3.1219026655890048,"myB3":3.186560543254018,"simA1":8.18546326132491,"simA2":4.21199968550354,"simA3":1.76696498412639,"simB1":1.73786558909342,"simB2":8.92545744543895,"simB3":7.43334062164649}