{"ppntid":0,"trialid":7,"simBweight":2.92900152504444,"myBweight":3.243057372746989,"myvalue1":15.708163655526462,"myvalue2":32.547130544574856,"myvalue3":37.933974842609466,"simvalue1":29.155178200811,"simvalue2":15.1925325184091,"simvalue3":26.5468177351021,"mychoice":3,"simchoice":3,"myA1":1.7597485170699656,"myA2":5.774111330974847,"myA3":8.272577519528568,"myB1":4.3010078254155815,"myB2":8.25548738008365,"myB3":9.1461216728203,"simA1":0.691449935548007,"simA2":5.14853976666927,"simA3":8.05417287861928,"simB1":9.71789465518668,"simB2":3.42915244866163,"simB3":6.3136344240047}