{"ppntid":0,"trialid":5,"simBweight":2.92900152504444,"myBweight":1.5539406251627952,"myvalue1":21.1932476236032,"myvalue2":13.02181311860455,"myvalue3":18.381243599511627,"simvalue1":13.2756742221018,"simvalue2":30.3546781549135,"simvalue3":23.5392310011038,"mychoice":1,"simchoice":2,"myA1":7.22839035326615,"myA2":2.8009467874653637,"myA3":3.6132835899479687,"myB1":8.986738002859056,"myB2":6.577385368291289,"myB3":9.503554878756404,"simA1":8.18546326132491,"simA2":4.21199968550354,"simA3":1.76696498412639,"simB1":1.73786558909342,"simB2":8.92545744543895,"simB3":7.43334062164649}