{"ppntid":0,"trialid":5,"simBweight":2.92900152504444,"myBweight":1.3938875100575387,"myvalue1":20.131302864338096,"myvalue2":9.475162629056932,"myvalue3":11.778236418629355,"simvalue1":13.2756742221018,"simvalue2":30.3546781549135,"simvalue3":23.5392310011038,"mychoice":1,"simchoice":2,"myA1":6.235929389949888,"myA2":2.9909630259498954,"myA3":2.563300139736384,"myB1":9.968791150022298,"myB2":4.651881558820605,"myB3":6.610961223486811,"simA1":8.18546326132491,"simA2":4.21199968550354,"simA3":1.76696498412639,"simB1":1.73786558909342,"simB2":8.92545744543895,"simB3":7.43334062164649}