{"ppntid":0,"trialid":1,"simBweight":2.92900152504444,"myBweight":1.2554380611982197,"myvalue1":13.11562867067273,"myvalue2":5.169661800358399,"myvalue3":19.675926784383446,"simvalue1":24.8420819882576,"simvalue2":16.5181396438975,"simvalue3":37.2214369068358,"mychoice":3,"simchoice":3,"myA1":8.291401730384678,"myA2":4.266278052236885,"myA3":7.60243144351989,"myB1":3.84266423759982,"myB2":0.719576517585665,"myB3":9.61695818696171,"simA1":5.67112212534994,"simA2":2.389488783665,"simA3":8.77995934104547,"simB1":6.54522017110139,"simB2":4.82370894635096,"simB3":9.71029797103256}