{"ppntid":0,"trialid":1,"simBweight":2.92900152504444,"myBweight":2.2847218555398285,"myvalue1":14.27949552857178,"myvalue2":15.344769089431734,"myvalue3":28.954946091389875,"simvalue1":24.8420819882576,"simvalue2":16.5181396438975,"simvalue3":37.2214369068358,"mychoice":3,"simchoice":3,"myA1":1.6678834822960198,"myA2":0.9822890721261501,"myA3":9.22581318533048,"myB1":5.519976979121566,"myB2":6.286314451135695,"myB3":8.63524496788159,"simA1":5.67112212534994,"simA2":2.389488783665,"simA3":8.77995934104547,"simB1":6.54522017110139,"simB2":4.82370894635096,"simB3":9.71029797103256}