{"ppntid":0,"trialid":3,"simBweight":2.92900152504444,"myBweight":0.20516703487373888,"myvalue1":5.4702033072984815,"myvalue2":1.6738675012861628,"myvalue3":10.929381353095046,"simvalue1":8.12483891560789,"simvalue2":28.2043243209439,"simvalue3":35.1603063288223,"mychoice":3,"simchoice":3,"myA1":4.151748041622341,"myA2":1.1326103168539703,"myA3":8.938233619555831,"myB1":6.426252962555736,"myB2":2.6381293893791735,"myB3":9.705008091405034,"simA1":5.65594530198723,"simA2":1.80899103172123,"simA3":9.04499290045351,"simB1":0.842913051601499,"simB2":9.01171715464443,"simB3":8.91611465718597}