{"ppntid":0,"trialid":12,"simBweight":2.92900152504444,"myBweight":0.6750880170147866,"myvalue1":13.467975363684243,"myvalue2":6.6563076398612875,"myvalue3":3.2554651812075357,"simvalue1":28.1951467835836,"simvalue2":11.8677511152072,"simvalue3":18.803283641035,"mychoice":1,"simchoice":1,"myA1":9.118093918077648,"myA2":5.8480684901587665,"myA3":1.944005114492029,"myB1":6.4434286137111485,"myB2":1.1972352187149227,"myB3":1.9426504895091057,"simA1":7.654377091676,"simA2":4.44485993124545,"simA3":0.361374919302762,"simB1":7.01289142947644,"simB2":2.53427358111367,"simB3":6.29631243413314}