{"ppntid":0,"trialid":3,"simBweight":2.92900152504444,"myBweight":3.17569226375781,"myvalue1":17.63817298157777,"myvalue2":19.108219382985098,"myvalue3":39.06782528929809,"simvalue1":8.12483891560789,"simvalue2":28.2043243209439,"simvalue3":35.1603063288223,"mychoice":3,"simchoice":3,"myA1":3.987215105444193,"myA2":3.553203926421702,"myA3":7.826070634182543,"myB1":4.298577047884464,"myB2":4.898149494547397,"myB3":9.837777737993747,"simA1":5.65594530198723,"simA2":1.80899103172123,"simA3":9.04499290045351,"simB1":0.842913051601499,"simB2":9.01171715464443,"simB3":8.91611465718597}