{"ppntid":0,"trialid":1,"simBweight":2.92900152504444,"myBweight":4.141252698609605,"myvalue1":42.01026864101401,"myvalue2":26.735534919954404,"myvalue3":13.134286900003282,"simvalue1":24.8420819882576,"simvalue2":16.5181396438975,"simvalue3":37.2214369068358,"mychoice":1,"simchoice":3,"myA1":6.189831250812858,"myA2":3.4652820928022265,"myA3":9.430375217925757,"myB1":8.649662311654538,"myB2":5.619133755099028,"myB3":0.8943940280005336,"simA1":5.67112212534994,"simA2":2.389488783665,"simA3":8.77995934104547,"simB1":6.54522017110139,"simB2":4.82370894635096,"simB3":9.71029797103256}