{"ppntid":0,"trialid":2,"simBweight":2.92900152504444,"myBweight":1.023106707725674,"myvalue1":7.900182891380695,"myvalue2":6.579307838617972,"myvalue3":5.716473645415298,"simvalue1":4.79336017374058,"simvalue2":33.7039452458313,"simvalue3":10.9773753368355,"mychoice":1,"simchoice":2,"myA1":1.9829868990927935,"myA2":1.799494381994009,"myA3":2.079781705979258,"myB1":5.783557030372322,"myB2":4.671862104441971,"myB3":3.5545578110031784,"simA1":4.60025910520926,"simA2":6.2205648701638,"simA3":3.88418034650385,"simB1":0.0659272680059075,"simB2":9.38319087261334,"simB3":2.42171092424542}