{"ppntid":0,"trialid":8,"simBweight":2.92900152504444,"myBweight":3.1422479276079684,"myvalue1":11.435035777549485,"myvalue2":15.914581342195055,"myvalue3":37.54128065465416,"simvalue1":24.3077395788662,"simvalue2":12.8486379765393,"simvalue3":21.1752809804918,"mychoice":3,"simchoice":3,"myA1":4.8372789192944765,"myA2":5.102504275273532,"myA3":8.359068557620049,"myB1":2.0996932801790535,"myB2":3.440873322542757,"myB3":9.287049516569823,"simA1":4.10054257372394,"simA2":3.45694060437381,"simA3":8.24872852535918,"simB1":6.89900528639555,"simB2":3.20645014755428,"simB3":4.41329659428447}