{"ppntid":0,"trialid":7,"simBweight":2.92900152504444,"myBweight":1.8655103060882539,"myvalue1":8.281066394105785,"myvalue2":14.908977885605266,"myvalue3":19.796794099588404,"simvalue1":29.155178200811,"simvalue2":15.1925325184091,"simvalue3":26.5468177351021,"mychoice":3,"simchoice":3,"myA1":0.5488135712221265,"myA2":1.4507454889826477,"myA3":3.841171800158918,"myB1":4.144845942500979,"myB2":7.2142364224419,"myB3":8.552953177131712,"simA1":0.691449935548007,"simA2":5.14853976666927,"simA3":8.05417287861928,"simB1":9.71789465518668,"simB2":3.42915244866163,"simB3":6.3136344240047}