{"ppntid":0,"trialid":3,"simBweight":2.92900152504444,"myBweight":2.8721076727379113,"myvalue1":9.85330109271704,"myvalue2":29.80766107886797,"myvalue3":35.852993581604494,"simvalue1":8.12483891560789,"simvalue2":28.2043243209439,"simvalue3":35.1603063288223,"mychoice":3,"simchoice":3,"myA1":3.0182190239429474,"myA2":1.3717160583473742,"myA3":7.8672661213204265,"myB1":2.3798140068538487,"myB2":9.900723879691213,"myB3":9.743968767579645,"simA1":5.65594530198723,"simA2":1.80899103172123,"simA3":9.04499290045351,"simB1":0.842913051601499,"simB2":9.01171715464443,"simB3":8.91611465718597}