{"ppntid":0,"trialid":1,"simBweight":2.92900152504444,"myBweight":0.6991033407393843,"myvalue1":9.39926275796627,"myvalue2":5.491951686311183,"myvalue3":15.960180444727055,"simvalue1":24.8420819882576,"simvalue2":16.5181396438975,"simvalue3":37.2214369068358,"mychoice":3,"simchoice":3,"myA1":5.415145866572857,"myA2":1.5821737423539162,"myA3":9.856224816758186,"myB1":5.698895512614399,"myB2":5.592560807708651,"myB3":8.731120668817312,"simA1":5.67112212534994,"simA2":2.389488783665,"simA3":8.77995934104547,"simB1":6.54522017110139,"simB2":4.82370894635096,"simB3":9.71029797103256}