{"ppntid":0,"trialid":11,"simBweight":2.92900152504444,"myBweight":0.9052154934033751,"myvalue1":3.1716079101612946,"myvalue2":0.9986826971006161,"myvalue3":10.182730589509816,"simvalue1":9.9197921404594,"simvalue2":11.6245677233259,"simvalue3":7.85712064627827,"mychoice":3,"simchoice":3,"myA1":2.6337299193255603,"myA2":0.34775369334965944,"myA3":6.37824077391997,"myB1":0.5941988341510296,"myB2":0.7190873427316546,"myB3":4.202855390030891,"simA1":1.94303552154452,"simA2":1.2680093664676,"simA3":5.39368811063468,"simB1":2.72337059257552,"simB2":3.53586649522185,"simB3":0.841048567090183}