{"ppntid":0,"trialid":5,"simBweight":2.92900152504444,"myBweight":2.156863061245531,"myvalue1":19.26840959057206,"myvalue2":13.210568728952301,"myvalue3":10.494310796385461,"simvalue1":13.2756742221018,"simvalue2":30.3546781549135,"simvalue3":23.5392310011038,"mychoice":1,"simchoice":2,"myA1":1.126483811531216,"myA2":2.1869605500251055,"myA3":4.254473291803151,"myB1":8.411255264654756,"myB2":5.1109448610804975,"myB3":2.893015146255493,"simA1":8.18546326132491,"simA2":4.21199968550354,"simA3":1.76696498412639,"simB1":1.73786558909342,"simB2":8.92545744543895,"simB3":7.43334062164649}