{"ppntid":0,"trialid":1,"simBweight":2.92900152504444,"myBweight":2.9677264986094087,"myvalue1":24.928966998244583,"myvalue2":2.545969037869649,"myvalue3":21.504141887756006,"simvalue1":24.8420819882576,"simvalue2":16.5181396438975,"simvalue3":37.2214369068358,"mychoice":1,"simchoice":3,"myA1":2.1658034808933735,"myA2":1.5776371932588518,"myA3":7.423632233403623,"myB1":7.6702362997457385,"myB2":0.32628742745146155,"myB3":4.744544236455113,"simA1":5.67112212534994,"simA2":2.389488783665,"simA3":8.77995934104547,"simB1":6.54522017110139,"simB2":4.82370894635096,"simB3":9.71029797103256}