{"ppntid":0,"trialid":3,"simBweight":2.92900152504444,"myBweight":0.01655758824199438,"myvalue1":5.852975394262854,"myvalue2":1.9152725069497512,"myvalue3":9.91674379134461,"simvalue1":8.12483891560789,"simvalue2":28.2043243209439,"simvalue3":35.1603063288223,"mychoice":3,"simchoice":3,"myA1":5.789135869126767,"myA2":1.9096202589571476,"myA3":9.765345251653343,"myB1":3.8556053093634546,"myB2":0.34136903937906027,"myB3":9.14375556865707,"simA1":5.65594530198723,"simA2":1.80899103172123,"simA3":9.04499290045351,"simB1":0.842913051601499,"simB2":9.01171715464443,"simB3":8.91611465718597}