{"ppntid":0,"trialid":3,"simBweight":2.92900152504444,"myBweight":4.052664524642751,"myvalue1":0.4518706553972785,"myvalue2":15.204305806809478,"myvalue3":36.988477597945206,"simvalue1":8.12483891560789,"simvalue2":28.2043243209439,"simvalue3":35.1603063288223,"mychoice":3,"simchoice":3,"myA1":0.1100343675352633,"myA2":1.9936873251572251,"myA3":9.377102896105498,"myB1":0.08434852818027139,"myB2":3.2597365020774305,"myB3":6.813140967860818,"simA1":5.65594530198723,"simA2":1.80899103172123,"simA3":9.04499290045351,"simB1":0.842913051601499,"simB2":9.01171715464443,"simB3":8.91611465718597}