{"ppntid":0,"trialid":3,"simBweight":2.92900152504444,"myBweight":1.3033180648926646,"myvalue1":13.240071715377294,"myvalue2":7.456936583972257,"myvalue3":19.860821396357338,"simvalue1":8.12483891560789,"simvalue2":28.2043243209439,"simvalue3":35.1603063288223,"mychoice":3,"simchoice":3,"myA1":7.128185648471117,"myA2":3.898006195668131,"myA3":7.795060123316944,"myB1":4.6894815866835415,"myB2":2.7306691161356866,"myB3":9.257725798524916,"simA1":5.65594530198723,"simA2":1.80899103172123,"simA3":9.04499290045351,"simB1":0.842913051601499,"simB2":9.01171715464443,"simB3":8.91611465718597}