{"ppntid":0,"trialid":4,"simBweight":2.92900152504444,"myBweight":3.0349776381626725,"myvalue1":37.51348497473236,"myvalue2":33.25884692679351,"myvalue3":22.980389922227104,"simvalue1":29.0820167366599,"simvalue2":31.8749931806181,"simvalue3":27.5839703264988,"mychoice":1,"simchoice":2,"myA1":8.787279911339283,"myA2":6.209731784183532,"myA3":4.71322851954028,"myB1":9.465046694967896,"myB2":8.912459453567863,"myB3":6.0188784170895815,"simA1":7.23374933004379,"simA2":5.64809889299795,"simA3":3.88609998160973,"simB1":7.459288504906,"simB2":8.95420984365046,"simB3":8.0907674995251}