{"ppntid":0,"trialid":3,"simBweight":2.92900152504444,"myBweight":0.5005671468097717,"myvalue1":6.1247124263603006,"myvalue2":6.155032292383524,"myvalue3":13.417769856793521,"simvalue1":8.12483891560789,"simvalue2":28.2043243209439,"simvalue3":35.1603063288223,"mychoice":3,"simchoice":3,"myA1":4.353140578605235,"myA2":5.182857227046043,"myA3":9.794426993466914,"myB1":3.539129283744842,"myB2":1.9421471655368805,"myB3":7.238475170452148,"simA1":5.65594530198723,"simA2":1.80899103172123,"simA3":9.04499290045351,"simB1":0.842913051601499,"simB2":9.01171715464443,"simB3":8.91611465718597}