{"ppntid":0,"trialid":1,"simBweight":2.92900152504444,"myBweight":0.31811702181585133,"myvalue1":7.053619532372024,"myvalue2":5.364496996596849,"myvalue3":11.490200886054318,"simvalue1":24.8420819882576,"simvalue2":16.5181396438975,"simvalue3":37.2214369068358,"mychoice":3,"simchoice":3,"myA1":5.40273486636579,"myA2":5.189101190771908,"myA3":8.641463180538267,"myB1":5.18955149454996,"myB2":0.5513562425039709,"myB3":8.954999293200672,"simA1":5.67112212534994,"simA2":2.389488783665,"simA3":8.77995934104547,"simB1":6.54522017110139,"simB2":4.82370894635096,"simB3":9.71029797103256}