{"ppntid":0,"trialid":1,"simBweight":2.92900152504444,"myBweight":3.5503087926190346,"myvalue1":23.88591387259396,"myvalue2":13.909128400331449,"myvalue3":43.38799776778176,"simvalue1":24.8420819882576,"simvalue2":16.5181396438975,"simvalue3":37.2214369068358,"mychoice":3,"simchoice":3,"myA1":8.624637983739376,"myA2":2.385172308422625,"myA3":8.460848964750767,"myB1":4.298577047884464,"myB2":3.2459024735726416,"myB3":9.837777737993747,"simA1":5.67112212534994,"simA2":2.389488783665,"simA3":8.77995934104547,"simB1":6.54522017110139,"simB2":4.82370894635096,"simB3":9.71029797103256}