{"ppntid":0,"trialid":2,"simBweight":2.92900152504444,"myBweight":0.6463312287814915,"myvalue1":5.873815855536476,"myvalue2":10.0549458258402,"myvalue3":6.772921577443868,"simvalue1":4.79336017374058,"simvalue2":33.7039452458313,"simvalue3":10.9773753368355,"mychoice":2,"simchoice":2,"myA1":5.689668785780668,"myA2":8.668035035952926,"myA3":6.571704295929521,"myB1":0.2849112986586988,"myB2":2.1458204835653305,"myB3":0.3113222331739962,"simA1":4.60025910520926,"simA2":6.2205648701638,"simA3":3.88418034650385,"simB1":0.0659272680059075,"simB2":9.38319087261334,"simB3":2.42171092424542}