{"ppntid":0,"trialid":12,"simBweight":2.92900152504444,"myBweight":0.013691631611436605,"myvalue1":9.12305729430705,"myvalue2":5.344969251196967,"myvalue3":0.759796565102292,"simvalue1":28.1951467835836,"simvalue2":11.8677511152072,"simvalue3":18.803283641035,"mychoice":1,"simchoice":1,"myA1":9.01290422771126,"myA2":5.280636786483228,"myA3":0.7452058698982,"myB1":8.0452841357328,"myB2":4.698670438956469,"myB3":1.0656651901081204,"simA1":7.654377091676,"simA2":4.44485993124545,"simA3":0.361374919302762,"simB1":7.01289142947644,"simB2":2.53427358111367,"simB3":6.29631243413314}