{"ppntid":0,"trialid":1,"simBweight":2.92900152504444,"myBweight":4.346764755900949,"myvalue1":27.392923307479045,"myvalue2":18.965283797415225,"myvalue3":51.11163136340412,"simvalue1":24.8420819882576,"simvalue2":16.5181396438975,"simvalue3":37.2214369068358,"mychoice":3,"simchoice":3,"myA1":0.9816130506806076,"myA2":9.41038239048794,"myA3":8.562609101645648,"myB1":6.076084568630904,"myB2":2.198163908906281,"myB3":9.788664593361318,"simA1":5.67112212534994,"simA2":2.389488783665,"simA3":8.77995934104547,"simB1":6.54522017110139,"simB2":4.82370894635096,"simB3":9.71029797103256}