{"ppntid":0,"trialid":5,"simBweight":2.92900152504444,"myBweight":4.611518373712897,"myvalue1":50.22630332788506,"myvalue2":29.580403707194574,"myvalue3":23.667106224807952,"simvalue1":13.2756742221018,"simvalue2":30.3546781549135,"simvalue3":23.5392310011038,"mychoice":1,"simchoice":2,"myA1":7.288523826282471,"myA2":2.906277677975595,"myA3":3.24100045254454,"myB1":9.310985237825662,"myB2":5.784239347558469,"myB3":4.429366667754948,"simA1":8.18546326132491,"simA2":4.21199968550354,"simA3":1.76696498412639,"simB1":1.73786558909342,"simB2":8.92545744543895,"simB3":7.43334062164649}