{"ppntid":0,"trialid":9,"simBweight":2.92900152504444,"myBweight":0.9498058329336345,"myvalue1":6.251095573698372,"myvalue2":6.874515810218389,"myvalue3":17.753342365262377,"simvalue1":23.3903938429017,"simvalue2":18.0867040995148,"simvalue3":35.9628005125761,"mychoice":3,"simchoice":3,"myA1":3.096958885435015,"myA2":3.9819392608478665,"myA3":9.540332660544664,"myB1":3.320822613313794,"myB2":3.045439866837114,"myB3":8.647040710784495,"simA1":2.61885447893292,"simA2":1.33204466663301,"simA3":9.1047868761234,"simB1":7.09167925873771,"simB2":5.72026313049719,"simB3":9.16968236677349}