{"ppntid":0,"trialid":1,"simBweight":2.92900152504444,"myBweight":3.3380975108593702,"myvalue1":39.27831834874862,"myvalue2":14.889009656248168,"myvalue3":22.727900317895177,"simvalue1":24.8420819882576,"simvalue2":16.5181396438975,"simvalue3":37.2214369068358,"mychoice":1,"simchoice":3,"myA1":8.284442368894815,"myA2":4.700289356987923,"myA3":8.744504356291145,"myB1":9.284892331343144,"myB2":3.052253646310419,"myB3":4.18903160141781,"simA1":5.67112212534994,"simA2":2.389488783665,"simA3":8.77995934104547,"simB1":6.54522017110139,"simB2":4.82370894635096,"simB3":9.71029797103256}