{"ppntid":0,"trialid":1,"simBweight":2.92900152504444,"myBweight":2.4008500517811626,"myvalue1":15.894543739576426,"myvalue2":9.060650601389568,"myvalue3":28.949617580456746,"simvalue1":24.8420819882576,"simvalue2":16.5181396438975,"simvalue3":37.2214369068358,"mychoice":3,"simchoice":3,"myA1":5.883830660022795,"myA2":8.241074725519866,"myA3":9.075230676680803,"myB1":4.169653607532382,"myB2":0.34136903937906027,"myB3":8.278062550816685,"simA1":5.67112212534994,"simA2":2.389488783665,"simA3":8.77995934104547,"simB1":6.54522017110139,"simB2":4.82370894635096,"simB3":9.71029797103256}