{"ppntid":0,"trialid":8,"simBweight":2.92900152504444,"myBweight":0.3398785798344761,"myvalue1":4.805046331963393,"myvalue2":4.662519384161613,"myvalue3":9.54244734953098,"simvalue1":24.3077395788662,"simvalue2":12.8486379765393,"simvalue3":21.1752809804918,"mychoice":3,"simchoice":3,"myA1":4.1251506307162344,"myA2":3.093407980632037,"myA3":9.182916830759495,"myB1":2.0004076207987964,"myB2":4.616682240739465,"myB3":1.0578204691410065,"simA1":4.10054257372394,"simA2":3.45694060437381,"simA3":8.24872852535918,"simB1":6.89900528639555,"simB2":3.20645014755428,"simB3":4.41329659428447}