{"ppntid":0,"trialid":2,"simBweight":2.92900152504444,"myBweight":0.5638622690457851,"myvalue1":5.307815894766335,"myvalue2":6.741986457270702,"myvalue3":8.652162328697468,"simvalue1":4.79336017374058,"simvalue2":33.7039452458313,"simvalue3":10.9773753368355,"mychoice":3,"simchoice":2,"myA1":2.3858917015604675,"myA2":4.256974763702601,"myA3":6.241770782507956,"myB1":5.181982114445418,"myB2":4.40712533891201,"myB3":4.274787795729935,"simA1":4.60025910520926,"simA2":6.2205648701638,"simA3":3.88418034650385,"simB1":0.0659272680059075,"simB2":9.38319087261334,"simB3":2.42171092424542}