{"ppntid":0,"trialid":14,"simBweight":2.92900152504444,"myBweight":2.9766115255188197,"myvalue1":23.84059876025311,"myvalue2":22.07704808988143,"myvalue3":9.2165110828854,"simvalue1":21.4466630013766,"simvalue2":16.5967321665458,"simvalue3":17.1931218988671,"mychoice":1,"simchoice":2,"myA1":7.922147274948657,"myA2":6.469799641054124,"myA3":2.864966024644673,"myB1":5.347843125928193,"myB2":5.24329369654879,"myB3":2.1338172629475594,"simA1":9.75632399087772,"simA2":8.09382772771642,"simA3":2.75334256468341,"simB1":3.99123691488057,"simB2":2.90300444234163,"simB3":4.92993233725429}