{"ppntid":0,"trialid":2,"simBweight":2.92900152504444,"myBweight":3.1855717033613473,"myvalue1":7.925610680687568,"myvalue2":22.548648290123964,"myvalue3":18.468896784967136,"simvalue1":4.79336017374058,"simvalue2":33.7039452458313,"simvalue3":10.9773753368355,"mychoice":2,"simchoice":2,"myA1":5.757724330760539,"myA2":6.666200566105545,"myA3":4.573009531013668,"myB1":0.6805329001508653,"myB2":4.985744853038341,"myB3":4.362132938113064,"simA1":4.60025910520926,"simA2":6.2205648701638,"simA3":3.88418034650385,"simB1":0.0659272680059075,"simB2":9.38319087261334,"simB3":2.42171092424542}