{"ppntid":0,"trialid":1,"simBweight":2.92900152504444,"myBweight":0.22486955276690423,"myvalue1":6.59377991356128,"myvalue2":3.6568334080684197,"myvalue3":12.157737296138938,"simvalue1":24.8420819882576,"simvalue2":16.5181396438975,"simvalue3":37.2214369068358,"mychoice":3,"simchoice":3,"myA1":5.215309597551823,"myA2":1.8682802305556834,"myA3":9.937291922979057,"myB1":6.130088751669973,"myB2":7.953736535273492,"myB3":9.874370922334492,"simA1":5.67112212534994,"simA2":2.389488783665,"simA3":8.77995934104547,"simB1":6.54522017110139,"simB2":4.82370894635096,"simB3":9.71029797103256}