{"ppntid":0,"trialid":4,"simBweight":2.92900152504444,"myBweight":4.618399582104757,"myvalue1":44.8232958931976,"myvalue2":49.40214417137587,"myvalue3":36.881229667545185,"simvalue1":29.0820167366599,"simvalue2":31.8749931806181,"simvalue3":27.5839703264988,"mychoice":2,"simchoice":2,"myA1":5.439295175019652,"myA2":8.194302548654377,"myA3":4.1103053954429924,"myB1":8.527629543095827,"myB2":8.922537101898342,"myB3":7.095731690060347,"simA1":7.23374933004379,"simA2":5.64809889299795,"simA3":3.88609998160973,"simB1":7.459288504906,"simB2":8.95420984365046,"simB3":8.0907674995251}