{"ppntid":0,"trialid":2,"simBweight":2.92900152504444,"myBweight":1.0142938839271665,"myvalue1":9.425438205400196,"myvalue2":12.374384005111596,"myvalue3":8.244215499771146,"simvalue1":4.79336017374058,"simvalue2":33.7039452458313,"simvalue3":10.9773753368355,"mychoice":2,"simchoice":2,"myA1":5.563978480640799,"myA2":8.14727287972346,"myA3":6.576058913487941,"myB1":3.8070423039607704,"myB2":4.167540781199932,"myB3":1.6446481761522591,"simA1":4.60025910520926,"simA2":6.2205648701638,"simA3":3.88418034650385,"simB1":0.0659272680059075,"simB2":9.38319087261334,"simB3":2.42171092424542}