{"ppntid":0,"trialid":15,"simBweight":2.92900152504444,"myBweight":2.6599760609678924,"myvalue1":28.396747163330364,"myvalue2":22.224881050288037,"myvalue3":12.548180258710692,"simvalue1":30.7336370866232,"simvalue2":31.7994098581279,"simvalue3":6.46325227742265,"mychoice":1,"simchoice":2,"myA1":8.736977733206004,"myA2":4.899958767928183,"myA3":2.9812894598580897,"myB1":7.3909572791308165,"myB2":6.513187293894589,"myB3":3.596607856452465,"simA1":7.56775138666853,"simA2":5.10697468882427,"simA3":4.38148951623589,"simB1":7.90914088021964,"simB2":9.11315168021247,"simB3":0.710741439834237}