{"ppntid":0,"trialid":1,"simBweight":2.92900152504444,"myBweight":4.247948370175436,"myvalue1":18.01306895511299,"myvalue2":23.937807264111978,"myvalue3":42.87426866705123,"simvalue1":24.8420819882576,"simvalue2":16.5181396438975,"simvalue3":37.2214369068358,"mychoice":3,"simchoice":3,"myA1":4.187373819295317,"myA2":4.05117497779429,"myA3":9.993521894793957,"myB1":3.254675888456404,"myB2":4.681467511691153,"myB3":7.740382864139974,"simA1":5.67112212534994,"simA2":2.389488783665,"simA3":8.77995934104547,"simB1":6.54522017110139,"simB2":4.82370894635096,"simB3":9.71029797103256}