{"ppntid":0,"trialid":3,"simBweight":2.92900152504444,"myBweight":0.6940554291941226,"myvalue1":4.067932137857012,"myvalue2":4.390562466991374,"myvalue3":15.513274914297275,"simvalue1":8.12483891560789,"simvalue2":28.2043243209439,"simvalue3":35.1603063288223,"mychoice":3,"simchoice":3,"myA1":1.9113695854321122,"myA2":3.8258153363130987,"myA3":9.840296700131148,"myB1":3.1071906676515937,"myB2":0.8136916835792363,"myB3":8.173667369410396,"simA1":5.65594530198723,"simA2":1.80899103172123,"simA3":9.04499290045351,"simB1":0.842913051601499,"simB2":9.01171715464443,"simB3":8.91611465718597}