{"ppntid":0,"trialid":2,"simBweight":2.92900152504444,"myBweight":3.0875387508422136,"myvalue1":10.772929855193913,"myvalue2":26.97195052719708,"myvalue3":13.261401643658958,"simvalue1":4.79336017374058,"simvalue2":33.7039452458313,"simvalue3":10.9773753368355,"mychoice":2,"simchoice":2,"myA1":1.4014695049263537,"myA2":9.287556193303317,"myA3":3.6059951432980597,"myB1":3.0352527066133916,"myB2":5.727667168248445,"myB3":3.1272179167717695,"simA1":4.60025910520926,"simA2":6.2205648701638,"simA3":3.88418034650385,"simB1":0.0659272680059075,"simB2":9.38319087261334,"simB3":2.42171092424542}