{"ppntid":0,"trialid":3,"simBweight":2.92900152504444,"myBweight":3.770279291784391,"myvalue1":14.468740491591843,"myvalue2":18.805512770912628,"myvalue3":42.38140470406688,"simvalue1":8.12483891560789,"simvalue2":28.2043243209439,"simvalue3":35.1603063288223,"mychoice":3,"simchoice":3,"myA1":4.206646238453686,"myA2":0.18928762758150697,"myA3":8.44643008429557,"myB1":2.7218392747454345,"myB2":4.937624961603433,"myB3":9.000652735121548,"simA1":5.65594530198723,"simA2":1.80899103172123,"simA3":9.04499290045351,"simB1":0.842913051601499,"simB2":9.01171715464443,"simB3":8.91611465718597}