{"ppntid":0,"trialid":1,"simBweight":2.92900152504444,"myBweight":2.2987784794531763,"myvalue1":20.41040801299284,"myvalue2":8.812746123695463,"myvalue3":29.08611877788729,"simvalue1":24.8420819882576,"simvalue2":16.5181396438975,"simvalue3":37.2214369068358,"mychoice":3,"simchoice":3,"myA1":8.254500876646489,"myA2":4.288292333949357,"myA3":9.396988560911268,"myB1":5.287985443137586,"myB2":1.9681991240940988,"myB3":8.565040256362408,"simA1":5.67112212534994,"simA2":2.389488783665,"simA3":8.77995934104547,"simB1":6.54522017110139,"simB2":4.82370894635096,"simB3":9.71029797103256}