{"ppntid":0,"trialid":11,"simBweight":2.92900152504444,"myBweight":2.549336792435497,"myvalue1":3.441418776457261,"myvalue2":3.1994578811159973,"myvalue3":22.6435955930908,"simvalue1":9.9197921404594,"simvalue2":11.6245677233259,"simvalue3":7.85712064627827,"mychoice":3,"simchoice":3,"myA1":2.917289927136153,"myA2":1.1820478434674442,"myA3":7.0057940343394876,"myB1":0.20559419644996524,"myB2":0.7913470058701932,"myB3":6.134066556114703,"simA1":1.94303552154452,"simA2":1.2680093664676,"simA3":5.39368811063468,"simB1":2.72337059257552,"simB2":3.53586649522185,"simB3":0.841048567090183}