{"ppntid":0,"trialid":1,"simBweight":2.92900152504444,"myBweight":3.6572965828236192,"myvalue1":28.854400651018544,"myvalue2":18.792482748353986,"myvalue3":42.920607193842706,"simvalue1":24.8420819882576,"simvalue2":16.5181396438975,"simvalue3":37.2214369068358,"mychoice":3,"simchoice":3,"myA1":6.486946197692305,"myA2":3.052865418139845,"myA3":9.509797261562198,"myB1":6.115843751467764,"myB2":4.303620713762939,"myB3":9.135384340770543,"simA1":5.67112212534994,"simA2":2.389488783665,"simA3":8.77995934104547,"simB1":6.54522017110139,"simB2":4.82370894635096,"simB3":9.71029797103256}