{"ppntid":0,"trialid":10,"simBweight":2.92900152504444,"myBweight":0.04810342099517584,"myvalue1":9.301359386686773,"myvalue2":2.4031417866932787,"myvalue3":0.6215214806298274,"simvalue1":37.9813174690878,"simvalue2":6.61483609034862,"simvalue3":27.6690730806335,"mychoice":1,"simchoice":1,"myA1":8.85453004622832,"myA2":2.1618086961098015,"myA3":0.5170792690478265,"myB1":9.288930625189096,"myB2":5.016963151283562,"myB3":2.1712013287469745,"simA1":9.01910115499049,"simA2":0.586219872348011,"simA3":0.457009491510689,"simB1":9.88808509195223,"simB2":2.05824960023165,"simB3":9.29055972024798}