{"ppntid":0,"trialid":1,"simBweight":2.92900152504444,"myBweight":1.34457852342166,"myvalue1":19.616314425682297,"myvalue2":6.460922409707682,"myvalue3":19.14654056782198,"simvalue1":24.8420819882576,"simvalue2":16.5181396438975,"simvalue3":37.2214369068358,"mychoice":1,"simchoice":3,"myA1":9.123705504462123,"myA2":0.0036543793976306915,"myA3":9.908467854838818,"myB1":7.803641615901142,"myB2":4.802447694819421,"myB3":6.870608560275286,"simA1":5.67112212534994,"simA2":2.389488783665,"simA3":8.77995934104547,"simB1":6.54522017110139,"simB2":4.82370894635096,"simB3":9.71029797103256}