{"ppntid":0,"trialid":1,"simBweight":2.92900152504444,"myBweight":3.093366357497871,"myvalue1":33.19027378272504,"myvalue2":1.725958524542948,"myvalue3":24.642707060310475,"simvalue1":24.8420819882576,"simvalue2":16.5181396438975,"simvalue3":37.2214369068358,"mychoice":1,"simchoice":3,"myA1":4.910295968875289,"myA2":0.40982665959745646,"myA3":8.598565312568098,"myB1":9.142136606387794,"myB2":0.4254691209644079,"myB3":5.186628382652998,"simA1":5.67112212534994,"simA2":2.389488783665,"simA3":8.77995934104547,"simB1":6.54522017110139,"simB2":4.82370894635096,"simB3":9.71029797103256}