{"ppntid":0,"trialid":3,"simBweight":2.92900152504444,"myBweight":4.777101237559691,"myvalue1":26.451813412849692,"myvalue2":29.02173285507636,"myvalue3":53.09987160094704,"simvalue1":8.12483891560789,"simvalue2":28.2043243209439,"simvalue3":35.1603063288223,"mychoice":3,"simchoice":3,"myA1":4.753678466659039,"myA2":5.822270854841918,"myA3":9.352533691562712,"myB1":4.5421132748015225,"myB2":4.8563890205696225,"myB3":9.157716308254749,"simA1":5.65594530198723,"simA2":1.80899103172123,"simA3":9.04499290045351,"simB1":0.842913051601499,"simB2":9.01171715464443,"simB3":8.91611465718597}