{"ppntid":0,"trialid":1,"simBweight":2.92900152504444,"myBweight":1.2692403455730528,"myvalue1":14.792423747611409,"myvalue2":8.437823191524924,"myvalue3":18.46026190587183,"simvalue1":24.8420819882576,"simvalue2":16.5181396438975,"simvalue3":37.2214369068358,"mychoice":3,"simchoice":3,"myA1":2.354087836574763,"myA2":4.4245363818481565,"myA3":9.154707582201809,"myB1":9.799827081151307,"myB2":3.16195969004184,"myB3":7.3315935442224145,"simA1":5.67112212534994,"simA2":2.389488783665,"simA3":8.77995934104547,"simB1":6.54522017110139,"simB2":4.82370894635096,"simB3":9.71029797103256}