{"ppntid":0,"trialid":2,"simBweight":2.92900152504444,"myBweight":1.0796658194158226,"myvalue1":7.873598610682441,"myvalue2":14.049736533727609,"myvalue3":10.010795346681423,"simvalue1":4.79336017374058,"simvalue2":33.7039452458313,"simvalue3":10.9773753368355,"mychoice":2,"simchoice":2,"myA1":5.889835646376014,"myA2":8.853967408649623,"myA3":7.008530737366527,"myB1":1.837386095430702,"myB2":4.812386417761445,"myB3":2.780735071282834,"simA1":4.60025910520926,"simA2":6.2205648701638,"simA3":3.88418034650385,"simB1":0.0659272680059075,"simB2":9.38319087261334,"simB3":2.42171092424542}