{"ppntid":0,"trialid":3,"simBweight":2.92900152504444,"myBweight":4.739038088591769,"myvalue1":23.583648863400857,"myvalue2":2.9454492888321013,"myvalue3":51.641366010100306,"simvalue1":8.12483891560789,"simvalue2":28.2043243209439,"simvalue3":35.1603063288223,"mychoice":3,"simchoice":3,"myA1":4.825484848115593,"myA2":0.3502233000472188,"myA3":9.573817108757794,"myB1":3.9582218299619853,"myB2":0.5476271640509367,"myB3":8.876811731606722,"simA1":5.65594530198723,"simA2":1.80899103172123,"simA3":9.04499290045351,"simB1":0.842913051601499,"simB2":9.01171715464443,"simB3":8.91611465718597}