{"ppntid":0,"trialid":5,"simBweight":2.92900152504444,"myBweight":0.6936609419062734,"myvalue1":12.759072672445704,"myvalue2":7.133116182689333,"myvalue3":5.253460123792348,"simvalue1":13.2756742221018,"simvalue2":30.3546781549135,"simvalue3":23.5392310011038,"mychoice":1,"simchoice":2,"myA1":8.160182777792215,"myA2":4.821265067439526,"myA3":4.733530264347792,"myB1":6.6298815701156855,"myB2":3.3328258455730975,"myB3":0.7495446666143835,"simA1":8.18546326132491,"simA2":4.21199968550354,"simA3":1.76696498412639,"simB1":1.73786558909342,"simB2":8.92545744543895,"simB3":7.43334062164649}