{"ppntid":0,"trialid":3,"simBweight":2.92900152504444,"myBweight":4.937525512650609,"myvalue1":14.881540096924297,"myvalue2":20.024569370487868,"myvalue3":41.995594153777866,"simvalue1":8.12483891560789,"simvalue2":28.2043243209439,"simvalue3":35.1603063288223,"mychoice":3,"simchoice":3,"myA1":2.1416846197098494,"myA2":6.012331999372691,"myA3":9.027928365394473,"myB1":2.580210561864078,"myB2":2.8379068290814757,"myB3":6.676961102057248,"simA1":5.65594530198723,"simA2":1.80899103172123,"simA3":9.04499290045351,"simB1":0.842913051601499,"simB2":9.01171715464443,"simB3":8.91611465718597}