{"ppntid":0,"trialid":2,"simBweight":2.92900152504444,"myBweight":0.2968456281814724,"myvalue1":4.498736104264029,"myvalue2":3.960841664627966,"myvalue3":5.995692034811899,"simvalue1":4.79336017374058,"simvalue2":33.7039452458313,"simvalue3":10.9773753368355,"mychoice":3,"simchoice":2,"myA1":3.571083350107074,"myA2":3.1643166043795645,"myA3":4.632983738556504,"myB1":3.125034247059375,"myB2":2.683297258336097,"myB3":4.590629495214671,"simA1":4.60025910520926,"simA2":6.2205648701638,"simA3":3.88418034650385,"simB1":0.0659272680059075,"simB2":9.38319087261334,"simB3":2.42171092424542}