{"ppntid":0,"trialid":3,"simBweight":2.92900152504444,"myBweight":4.940498337382451,"myvalue1":15.152448385187471,"myvalue2":28.825556272217476,"myvalue3":54.11620445622998,"simvalue1":8.12483891560789,"simvalue2":28.2043243209439,"simvalue3":35.1603063288223,"mychoice":3,"simchoice":3,"myA1":3.099043781403452,"myA2":2.906463691033423,"myA3":6.440531404223293,"myB1":2.439714332576841,"myB2":5.2462506433948874,"myB3":9.649972491897643,"simA1":5.65594530198723,"simA2":1.80899103172123,"simA3":9.04499290045351,"simB1":0.842913051601499,"simB2":9.01171715464443,"simB3":8.91611465718597}