{"ppntid":0,"trialid":4,"simBweight":2.92900152504444,"myBweight":4.189525240799412,"myvalue1":37.86712700467184,"myvalue2":35.734524264700305,"myvalue3":21.70830666607273,"simvalue1":29.0820167366599,"simvalue2":31.8749931806181,"simvalue3":27.5839703264988,"mychoice":1,"simchoice":2,"myA1":3.357266280800104,"myA2":2.1190283494070172,"myA3":0.009362800046801567,"myB1":8.23717694496736,"myB2":8.023700534831733,"myB3":5.179332410916686,"simA1":7.23374933004379,"simA2":5.64809889299795,"simA3":3.88609998160973,"simB1":7.459288504906,"simB2":8.95420984365046,"simB3":8.0907674995251}