{"ppntid":0,"trialid":4,"simBweight":2.92900152504444,"myBweight":0.8555383852217346,"myvalue1":14.914775027607268,"myvalue2":12.304982728037452,"myvalue3":8.062319586418374,"simvalue1":29.0820167366599,"simvalue2":31.8749931806181,"simvalue3":27.5839703264988,"mychoice":1,"simchoice":2,"myA1":7.3909572791308165,"myA2":6.394685849081725,"myA3":3.843498455826193,"myB1":8.794249186757952,"myB2":6.908277852926403,"myB3":4.931188598275185,"simA1":7.23374933004379,"simA2":5.64809889299795,"simA3":3.88609998160973,"simB1":7.459288504906,"simB2":8.95420984365046,"simB3":8.0907674995251}