{"ppntid":0,"trialid":4,"simBweight":2.92900152504444,"myBweight":2.8491711197420955,"myvalue1":27.90916181531032,"myvalue2":30.69422299157803,"myvalue3":26.326074954723687,"simvalue1":29.0820167366599,"simvalue2":31.8749931806181,"simvalue3":27.5839703264988,"mychoice":2,"simchoice":2,"myA1":9.67912700260058,"myA2":6.723292313981801,"myA3":5.314982081763446,"myB1":6.398364312481135,"myB2":8.413299752864987,"myB3":7.374458040576428,"simA1":7.23374933004379,"simA2":5.64809889299795,"simA3":3.88609998160973,"simB1":7.459288504906,"simB2":8.95420984365046,"simB3":8.0907674995251}