{"ppntid":0,"trialid":3,"simBweight":2.92900152504444,"myBweight":3.7631239416077733,"myvalue1":8.206015244467212,"myvalue2":30.661406015368183,"myvalue3":33.543381811920085,"simvalue1":8.12483891560789,"simvalue2":28.2043243209439,"simvalue3":35.1603063288223,"mychoice":3,"simchoice":3,"myA1":5.445213599596173,"myA2":0.6590099539607763,"myA3":9.74035111721605,"myB1":0.7336462172679603,"myB2":7.9727366217412055,"myB3":6.325337954331189,"simA1":5.65594530198723,"simA2":1.80899103172123,"simA3":9.04499290045351,"simB1":0.842913051601499,"simB2":9.01171715464443,"simB3":8.91611465718597}