{"ppntid":0,"trialid":2,"simBweight":2.92900152504444,"myBweight":2.9461483797058463,"myvalue1":14.046322844812563,"myvalue2":23.068834810980096,"myvalue3":28.273628231453934,"simvalue1":4.79336017374058,"simvalue2":33.7039452458313,"simvalue3":10.9773753368355,"mychoice":3,"simchoice":2,"myA1":0.027635653968900442,"myA2":2.9505367996171117,"myA3":0.9432222181931138,"myB1":4.758309964090586,"myB2":6.828677791636437,"myB3":9.276656329166144,"simA1":4.60025910520926,"simA2":6.2205648701638,"simA3":3.88418034650385,"simB1":0.0659272680059075,"simB2":9.38319087261334,"simB3":2.42171092424542}