{"ppntid":0,"trialid":12,"simBweight":2.92900152504444,"myBweight":2.5813364260829985,"myvalue1":20.1677483041819,"myvalue2":13.707966503433362,"myvalue3":7.316573480612028,"simvalue1":28.1951467835836,"simvalue2":11.8677511152072,"simvalue3":18.803283641035,"mychoice":1,"simchoice":1,"myA1":4.998334776610136,"myA2":6.421169128734618,"myA3":0.8307463466189802,"myB1":5.876573612913489,"myB2":2.82287783222273,"myB3":2.5125849805772305,"simA1":7.654377091676,"simA2":4.44485993124545,"simA3":0.361374919302762,"simB1":7.01289142947644,"simB2":2.53427358111367,"simB3":6.29631243413314}