{"ppntid":0,"trialid":2,"simBweight":2.92900152504444,"myBweight":0.841080512618646,"myvalue1":5.559215458686091,"myvalue2":12.043514448202114,"myvalue3":6.281579231734706,"simvalue1":4.79336017374058,"simvalue2":33.7039452458313,"simvalue3":10.9773753368355,"mychoice":2,"simchoice":2,"myA1":4.300160044804215,"myA2":8.491797095630318,"myA3":4.75376600632444,"myB1":1.496949929278344,"myB2":4.22280304832384,"myB3":1.81648867437616,"simA1":4.60025910520926,"simA2":6.2205648701638,"simA3":3.88418034650385,"simB1":0.0659272680059075,"simB2":9.38319087261334,"simB3":2.42171092424542}