{"ppntid":0,"trialid":2,"simBweight":2.92900152504444,"myBweight":3.8745186163578182,"myvalue1":8.21060977491211,"myvalue2":15.53222927526281,"myvalue3":14.961151365572094,"simvalue1":4.79336017374058,"simvalue2":33.7039452458313,"simvalue3":10.9773753368355,"mychoice":2,"simchoice":2,"myA1":4.843794917687774,"myA2":6.50322190253064,"myA3":5.352987220976502,"myB1":0.8689633966423571,"myB2":2.330355914309621,"myB3":2.479834295809269,"simA1":4.60025910520926,"simA2":6.2205648701638,"simA3":3.88418034650385,"simB1":0.0659272680059075,"simB2":9.38319087261334,"simB3":2.42171092424542}