{"ppntid":0,"trialid":2,"simBweight":2.92900152504444,"myBweight":4.090380580164492,"myvalue1":3.767445325378736,"myvalue2":22.428421835787965,"myvalue3":14.13009074899782,"simvalue1":4.79336017374058,"simvalue2":33.7039452458313,"simvalue3":10.9773753368355,"mychoice":2,"simchoice":2,"myA1":0.43222417356446385,"myA2":9.042270656209439,"myA3":6.473538929130882,"myB1":0.8153816219419241,"myB2":3.272593079600483,"myB3":1.8718433822505176,"simA1":4.60025910520926,"simA2":6.2205648701638,"simA3":3.88418034650385,"simB1":0.0659272680059075,"simB2":9.38319087261334,"simB3":2.42171092424542}