{"ppntid":0,"trialid":17,"simBweight":2.92900152504444,"myBweight":0.2939784084446728,"myvalue1":10.502929570545014,"myvalue2":3.2939098894110983,"myvalue3":6.2182132371610095,"simvalue1":19.9234262640653,"simvalue2":13.9677524902278,"simvalue3":11.0300755708769,"mychoice":1,"simchoice":1,"myA1":7.586522246710956,"myA2":1.07496521435678,"myA3":5.115355721209198,"myB1":9.920481368899345,"myB2":7.547985196579248,"myB3":3.751491552684456,"simA1":9.80476663913578,"simA2":2.00600294396281,"simA3":5.52263837540522,"simB1":3.45464471029118,"simB2":4.08390007447451,"simB3":1.88031216384843}