{"ppntid":0,"trialid":2,"simBweight":2.92900152504444,"myBweight":3.5167933581396937,"myvalue1":9.855544414822692,"myvalue2":20.822947543567523,"myvalue3":16.032135468727333,"simvalue1":4.79336017374058,"simvalue2":33.7039452458313,"simvalue3":10.9773753368355,"mychoice":2,"simchoice":2,"myA1":7.882331688888371,"myA2":9.121581623330712,"myA3":6.31667758570984,"myB1":0.5610829312354326,"myB2":3.327282762620598,"myB3":2.762589920312166,"simA1":4.60025910520926,"simA2":6.2205648701638,"simA3":3.88418034650385,"simB1":0.0659272680059075,"simB2":9.38319087261334,"simB3":2.42171092424542}