{"ppntid":0,"trialid":4,"simBweight":2.92900152504444,"myBweight":4.0760088444221765,"myvalue1":31.78949744123683,"myvalue2":33.5301937988787,"myvalue3":15.558749197108925,"simvalue1":29.0820167366599,"simvalue2":31.8749931806181,"simvalue3":27.5839703264988,"mychoice":2,"simchoice":2,"myA1":6.1298988363705575,"myA2":3.3197692572139204,"myA3":6.101829269900918,"myB1":6.295275497250259,"myB2":7.4117661896161735,"myB3":2.3201421508565545,"simA1":7.23374933004379,"simA2":5.64809889299795,"simA3":3.88609998160973,"simB1":7.459288504906,"simB2":8.95420984365046,"simB3":8.0907674995251}