{"ppntid":0,"trialid":2,"simBweight":2.92900152504444,"myBweight":1.426505830604583,"myvalue1":15.147313166126084,"myvalue2":9.441442797594714,"myvalue3":11.02287974943824,"simvalue1":4.79336017374058,"simvalue2":33.7039452458313,"simvalue3":10.9773753368355,"mychoice":1,"simchoice":2,"myA1":3.5954642412252724,"myA2":3.0437967949546874,"myA3":3.559390732552856,"myB1":8.098003300838172,"myB2":4.4848369108513,"myB3":5.232007368467748,"simA1":4.60025910520926,"simA2":6.2205648701638,"simA3":3.88418034650385,"simB1":0.0659272680059075,"simB2":9.38319087261334,"simB3":2.42171092424542}