{"ppntid":0,"trialid":2,"simBweight":2.92900152504444,"myBweight":3.2131285744253546,"myvalue1":11.707399047792142,"myvalue2":11.234422418629302,"myvalue3":23.77820575788302,"simvalue1":4.79336017374058,"simvalue2":33.7039452458313,"simvalue3":10.9773753368355,"mychoice":3,"simchoice":2,"myA1":4.8446887894533575,"myA2":7.653114404529333,"myA3":8.90572490170598,"myB1":2.135834312066436,"myB2":1.1145859654061496,"myB3":4.628660357557237,"simA1":4.60025910520926,"simA2":6.2205648701638,"simA3":3.88418034650385,"simB1":0.0659272680059075,"simB2":9.38319087261334,"simB3":2.42171092424542}