{"ppntid":0,"trialid":1,"simBweight":2.92900152504444,"myBweight":3.963057197397575,"myvalue1":40.36303442789271,"myvalue2":11.267209394032328,"myvalue3":38.95469943834544,"simvalue1":24.8420819882576,"simvalue2":16.5181396438975,"simvalue3":37.2214369068358,"mychoice":1,"simchoice":3,"myA1":4.183344757184386,"myA2":0.9469776600599289,"myA3":8.279119418002665,"myB1":9.129237320739776,"myB2":2.6041087019257247,"myB3":7.740382864139974,"simA1":5.67112212534994,"simA2":2.389488783665,"simA3":8.77995934104547,"simB1":6.54522017110139,"simB2":4.82370894635096,"simB3":9.71029797103256}