{"ppntid":0,"trialid":7,"simBweight":2.92900152504444,"myBweight":0.1255980704445392,"myvalue1":0.6524152030320136,"myvalue2":6.9291078415891,"myvalue3":9.567904123200803,"simvalue1":29.155178200811,"simvalue2":15.1925325184091,"simvalue3":26.5468177351021,"mychoice":3,"simchoice":3,"myA1":0.2742696274071932,"myA2":6.006349814124405,"myA3":8.319315635599196,"myB1":3.0107594351284206,"myB2":7.346912450157106,"myB3":9.941143866162747,"simA1":0.691449935548007,"simA2":5.14853976666927,"simA3":8.05417287861928,"simB1":9.71789465518668,"simB2":3.42915244866163,"simB3":6.3136344240047}