{"ppntid":0,"trialid":4,"simBweight":2.92900152504444,"myBweight":4.981454110238701,"myvalue1":45.00919653045592,"myvalue2":38.78385664099696,"myvalue3":48.21338378111068,"simvalue1":29.0820167366599,"simvalue2":31.8749931806181,"simvalue3":27.5839703264988,"mychoice":3,"simchoice":2,"myA1":9.944335995242,"myA2":8.464656206779182,"myA3":6.050713958684355,"myB1":7.039081312250346,"myB2":6.086415685713291,"myB3":8.463928180281073,"simA1":7.23374933004379,"simA2":5.64809889299795,"simA3":3.88609998160973,"simB1":7.459288504906,"simB2":8.95420984365046,"simB3":8.0907674995251}