{"ppntid":0,"trialid":4,"simBweight":2.92900152504444,"myBweight":1.8304880638606846,"myvalue1":24.416262566511296,"myvalue2":18.178357859777485,"myvalue3":14.102170924370187,"simvalue1":29.0820167366599,"simvalue2":31.8749931806181,"simvalue3":27.5839703264988,"mychoice":1,"simchoice":2,"myA1":9.89328425610438,"myA2":8.07909383205697,"myA3":5.20642512710765,"myB1":7.9339377279393375,"myB2":5.517252052668482,"myB3":4.859767169691622,"simA1":7.23374933004379,"simA2":5.64809889299795,"simA3":3.88609998160973,"simB1":7.459288504906,"simB2":8.95420984365046,"simB3":8.0907674995251}