{"ppntid":0,"trialid":3,"simBweight":2.92900152504444,"myBweight":1.145723044173792,"myvalue1":10.619172739686492,"myvalue2":9.410179092023885,"myvalue3":18.497536626517036,"simvalue1":8.12483891560789,"simvalue2":28.2043243209439,"simvalue3":35.1603063288223,"mychoice":3,"simchoice":3,"myA1":6.828567609190941,"myA2":3.5842064465396106,"myA3":7.821927971672267,"myB1":3.3084829268045723,"myB2":5.084974658675492,"myB3":9.317791685461998,"simA1":5.65594530198723,"simA2":1.80899103172123,"simA3":9.04499290045351,"simB1":0.842913051601499,"simB2":9.01171715464443,"simB3":8.91611465718597}