{"ppntid":0,"trialid":23,"simBweight":2.92900152504444,"myBweight":1.0100495943333954,"myvalue1":3.208255518199539,"myvalue2":4.842326260494313,"myvalue3":5.568494147627469,"simvalue1":6.26752328227177,"simvalue2":5.41139321470715,"simvalue3":7.48297016126837,"mychoice":3,"simchoice":2,"myA1":0.9993758331984282,"myA2":4.0058246068656445,"myA3":3.3054766338318586,"myB1":2.1869022049941123,"myB2":0.8281787927262485,"myB3":2.2405013837851584,"simA1":4.1521517559886,"simA2":3.3411023998633,"simA3":2.82731729093939,"simB1":0.722215918358415,"simB2":0.706824765074998,"simB3":1.58950168872252}