{"ppntid":0,"trialid":3,"simBweight":2.92900152504444,"myBweight":2.147654617438093,"myvalue1":11.495174239414965,"myvalue2":16.13359630277514,"myvalue3":29.44343601979337,"simvalue1":8.12483891560789,"simvalue2":28.2043243209439,"simvalue3":35.1603063288223,"mychoice":3,"simchoice":3,"myA1":8.652126316446811,"myA2":4.965705319773406,"myA3":9.570363468956202,"myB1":1.3237919635139406,"myB2":5.200040496420115,"myB3":9.253383849281818,"simA1":5.65594530198723,"simA2":1.80899103172123,"simA3":9.04499290045351,"simB1":0.842913051601499,"simB2":9.01171715464443,"simB3":8.91611465718597}