{"ppntid":0,"trialid":3,"simBweight":2.92900152504444,"myBweight":3.410338807152584,"myvalue1":17.45367054487079,"myvalue2":2.2508845270364426,"myvalue3":30.502248288864337,"simvalue1":8.12483891560789,"simvalue2":28.2043243209439,"simvalue3":35.1603063288223,"mychoice":3,"simchoice":3,"myA1":3.666139009874314,"myA2":0.19415630726143718,"myA3":9.907237205188721,"myB1":4.042862693313509,"myB2":0.6030861847102642,"myB3":6.038992677349597,"simA1":5.65594530198723,"simA2":1.80899103172123,"simA3":9.04499290045351,"simB1":0.842913051601499,"simB2":9.01171715464443,"simB3":8.91611465718597}