{"ppntid":0,"trialid":4,"simBweight":2.92900152504444,"myBweight":4.92955259163864,"myvalue1":13.074388693986434,"myvalue2":24.58699671979355,"myvalue3":13.651417088923171,"simvalue1":29.0820167366599,"simvalue2":31.8749931806181,"simvalue3":27.5839703264988,"mychoice":2,"simchoice":2,"myA1":9.274712754413486,"myA2":8.901113918982446,"myA3":6.0188784170895815,"myB1":0.7707952940836549,"myB2":3.1820094236172736,"myB3":1.5483228000812232,"simA1":7.23374933004379,"simA2":5.64809889299795,"simA3":3.88609998160973,"simB1":7.459288504906,"simB2":8.95420984365046,"simB3":8.0907674995251}