{"ppntid":0,"trialid":4,"simBweight":2.92900152504444,"myBweight":4.0067852777428925,"myvalue1":34.084751366363314,"myvalue2":34.55926030620113,"myvalue3":39.85929235548745,"simvalue1":29.0820167366599,"simvalue2":31.8749931806181,"simvalue3":27.5839703264988,"mychoice":3,"simchoice":2,"myA1":9.944335995242,"myA2":8.464656206779182,"myA3":5.489462360274047,"myB1":6.0248837154358625,"myB2":6.512603568844497,"myB3":8.57790662907064,"simA1":7.23374933004379,"simA2":5.64809889299795,"simA3":3.88609998160973,"simB1":7.459288504906,"simB2":8.95420984365046,"simB3":8.0907674995251}