{"ppntid":0,"trialid":4,"simBweight":2.92900152504444,"myBweight":0.5286198144312948,"myvalue1":13.629130545890439,"myvalue2":12.593896804945548,"myvalue3":11.07769196941284,"simvalue1":29.0820167366599,"simvalue2":31.8749931806181,"simvalue3":27.5839703264988,"mychoice":1,"simchoice":2,"myA1":8.467986430041492,"myA2":8.304072134196758,"myA3":5.82754542818293,"myB1":9.763432953041047,"myB2":8.115141645539552,"myB3":9.93180050747469,"simA1":7.23374933004379,"simA2":5.64809889299795,"simA3":3.88609998160973,"simB1":7.459288504906,"simB2":8.95420984365046,"simB3":8.0907674995251}