{"ppntid":0,"trialid":9,"simBweight":2.92900152504444,"myBweight":0.03193350974470377,"myvalue1":1.5289148195609705,"myvalue2":1.9514096206507567,"myvalue3":9.487238194685306,"simvalue1":23.3903938429017,"simvalue2":18.0867040995148,"simvalue3":35.9628005125761,"mychoice":3,"simchoice":3,"myA1":1.404226003214717,"myA2":1.8966224207542837,"myA3":9.246388715691864,"myB1":3.9046386489644647,"myB2":1.7156648403033614,"myB3":7.5422175927087665,"simA1":2.61885447893292,"simA2":1.33204466663301,"simA3":9.1047868761234,"simB1":7.09167925873771,"simB2":5.72026313049719,"simB3":9.16968236677349}