{"ppntid":0,"trialid":13,"simBweight":2.92900152504444,"myBweight":4.333843850763515,"myvalue1":28.164001906579035,"myvalue2":31.404055050264528,"myvalue3":23.85728475605177,"simvalue1":19.4881299579769,"simvalue2":24.9032378382858,"simvalue3":10.8954607930942,"mychoice":2,"simchoice":2,"myA1":3.9000603510066867,"myA2":3.5050832061097026,"myA3":4.947171944659203,"myB1":5.5987115344032645,"myB2":6.437465862836689,"myB3":4.36335813254118,"simA1":2.6640361500904,"simA2":5.32445900142193,"simA3":4.68264800496399,"simB1":5.74396894779056,"simB2":6.68445498216897,"simB3":2.12113675428554}