{"ppntid":0,"trialid":1,"simBweight":2.92900152504444,"myBweight":4.176894483389333,"myvalue1":34.0218200068187,"myvalue2":12.65113915847293,"myvalue3":45.117761175206255,"simvalue1":24.8420819882576,"simvalue2":16.5181396438975,"simvalue3":37.2214369068358,"mychoice":3,"simchoice":3,"myA1":8.116854578256607,"myA2":0.31731328926980495,"myA3":4.948741577100009,"myB1":6.201967881061137,"myB2":2.9528698697686195,"myB3":9.61695818696171,"simA1":5.67112212534994,"simA2":2.389488783665,"simA3":8.77995934104547,"simB1":6.54522017110139,"simB2":4.82370894635096,"simB3":9.71029797103256}