{"ppntid":0,"trialid":4,"simBweight":2.92900152504444,"myBweight":4.497782167745754,"myvalue1":48.5144968554349,"myvalue2":39.95527740101845,"myvalue3":36.76553466155126,"simvalue1":29.0820167366599,"simvalue2":31.8749931806181,"simvalue3":27.5839703264988,"mychoice":1,"simchoice":2,"myA1":6.798859217669815,"myA2":7.6771928602829576,"myA3":9.693930647335947,"myB1":9.274712754413486,"myB2":7.176444598007947,"myB3":6.0188784170895815,"simA1":7.23374933004379,"simA2":5.64809889299795,"simA3":3.88609998160973,"simB1":7.459288504906,"simB2":8.95420984365046,"simB3":8.0907674995251}