{"ppntid":0,"trialid":5,"simBweight":2.92900152504444,"myBweight":3.418767766561359,"myvalue1":31.675978015829703,"myvalue2":16.8583568176834,"myvalue3":17.062143856570028,"simvalue1":13.2756742221018,"simvalue2":30.3546781549135,"simvalue3":23.5392310011038,"mychoice":1,"simchoice":2,"myA1":2.2857110551558435,"myA2":2.8756442852318287,"myA3":2.14468308724463,"myB1":8.596742735244334,"myB2":4.089986067265272,"myB3":4.3634027778171,"simA1":8.18546326132491,"simA2":4.21199968550354,"simA3":1.76696498412639,"simB1":1.73786558909342,"simB2":8.92545744543895,"simB3":7.43334062164649}