{"ppntid":0,"trialid":2,"simBweight":2.92900152504444,"myBweight":1.1498100124299526,"myvalue1":6.577429539071618,"myvalue2":11.079214523661681,"myvalue3":6.96209331994732,"simvalue1":4.79336017374058,"simvalue2":33.7039452458313,"simvalue3":10.9773753368355,"mychoice":2,"simchoice":2,"myA1":2.7622369094751775,"myA2":4.899093355052173,"myA3":4.101410380098969,"myB1":3.318106981460005,"myB2":5.374906377401203,"myB3":2.4879614100791514,"simA1":4.60025910520926,"simA2":6.2205648701638,"simA3":3.88418034650385,"simB1":0.0659272680059075,"simB2":9.38319087261334,"simB3":2.42171092424542}