{"ppntid":0,"trialid":4,"simBweight":2.92900152504444,"myBweight":0.7165919581893831,"myvalue1":11.510967721430966,"myvalue2":12.581388836570436,"myvalue3":9.728391461393409,"simvalue1":29.0820167366599,"simvalue2":31.8749931806181,"simvalue3":27.5839703264988,"mychoice":2,"simchoice":2,"myA1":4.424837522674352,"myA2":6.0664182575419545,"myA3":8.830481411423534,"myB1":9.888654369860888,"myB2":9.091604370623827,"myB3":1.253028365317732,"simA1":7.23374933004379,"simA2":5.64809889299795,"simA3":3.88609998160973,"simB1":7.459288504906,"simB2":8.95420984365046,"simB3":8.0907674995251}