{"ppntid":0,"trialid":4,"simBweight":2.92900152504444,"myBweight":2.3903755517676473,"myvalue1":16.302206900302544,"myvalue2":24.069498498098667,"myvalue3":26.612560823843502,"simvalue1":29.0820167366599,"simvalue2":31.8749931806181,"simvalue3":27.5839703264988,"mychoice":3,"simchoice":2,"myA1":5.996830177027732,"myA2":5.654973676428199,"myA3":2.8662780462764204,"myB1":4.31119566783309,"myB2":7.703611596953124,"myB3":9.934122175909579,"simA1":7.23374933004379,"simA2":5.64809889299795,"simA3":3.88609998160973,"simB1":7.459288504906,"simB2":8.95420984365046,"simB3":8.0907674995251}