{"ppntid":0,"trialid":2,"simBweight":2.92900152504444,"myBweight":0.1957085181493312,"myvalue1":5.8842240172103475,"myvalue2":6.9438880996575,"myvalue3":3.645223211439966,"simvalue1":4.79336017374058,"simvalue2":33.7039452458313,"simvalue3":10.9773753368355,"mychoice":2,"simchoice":2,"myA1":5.728771642316133,"myA2":6.370325249154121,"myA3":3.4499441483058035,"myB1":0.7943056151270866,"myB2":2.9306994704529643,"myB3":0.9978056396357715,"simA1":4.60025910520926,"simA2":6.2205648701638,"simA3":3.88418034650385,"simB1":0.0659272680059075,"simB2":9.38319087261334,"simB3":2.42171092424542}