{"ppntid":0,"trialid":4,"simBweight":2.92900152504444,"myBweight":1.685808002948761,"myvalue1":23.310601639237603,"myvalue2":22.10789041780152,"myvalue3":17.47882626823482,"simvalue1":29.0820167366599,"simvalue2":31.8749931806181,"simvalue3":27.5839703264988,"mychoice":1,"simchoice":2,"myA1":8.099640414584428,"myA2":9.695681273005903,"myA3":7.561598171014339,"myB1":9.022949943318963,"myB2":7.362765583675355,"myB3":5.882774360943586,"simA1":7.23374933004379,"simA2":5.64809889299795,"simA3":3.88609998160973,"simB1":7.459288504906,"simB2":8.95420984365046,"simB3":8.0907674995251}