{"ppntid":0,"trialid":1,"simBweight":2.92900152504444,"myBweight":4.21507814200595,"myvalue1":31.307241649538664,"myvalue2":22.090300364047607,"myvalue3":49.07399843053521,"simvalue1":24.8420819882576,"simvalue2":16.5181396438975,"simvalue3":37.2214369068358,"mychoice":3,"simchoice":3,"myA1":4.242711327970028,"myA2":1.8870057654567063,"myA3":8.874543970450759,"myB1":6.420884598046541,"myB2":4.793100843671709,"myB3":9.537060311995447,"simA1":5.67112212534994,"simA2":2.389488783665,"simA3":8.77995934104547,"simB1":6.54522017110139,"simB2":4.82370894635096,"simB3":9.71029797103256}