{"ppntid":0,"trialid":4,"simBweight":2.92900152504444,"myBweight":2.8128221619408578,"myvalue1":33.441571616458546,"myvalue2":28.593856083096355,"myvalue3":18.52719133201004,"simvalue1":29.0820167366599,"simvalue2":31.8749931806181,"simvalue3":27.5839703264988,"mychoice":1,"simchoice":2,"myA1":8.724515938665718,"myA2":6.631674226373434,"myA3":4.796728854998946,"myB1":8.787279911339283,"myB2":7.807881406042725,"myB3":4.881383068859577,"simA1":7.23374933004379,"simA2":5.64809889299795,"simA3":3.88609998160973,"simB1":7.459288504906,"simB2":8.95420984365046,"simB3":8.0907674995251}