{"ppntid":0,"trialid":3,"simBweight":2.92900152504444,"myBweight":4.4502289744559675,"myvalue1":7.290756859039198,"myvalue2":40.54169216968658,"myvalue3":28.149798976601495,"simvalue1":8.12483891560789,"simvalue2":28.2043243209439,"simvalue3":35.1603063288223,"mychoice":2,"simchoice":3,"myA1":6.44276759121567,"myA2":1.4006596966646612,"myA3":9.529573847539723,"myB1":0.19054958131164312,"myB2":8.795285073574632,"myB3":4.184104960877448,"simA1":5.65594530198723,"simA2":1.80899103172123,"simA3":9.04499290045351,"simB1":0.842913051601499,"simB2":9.01171715464443,"simB3":8.91611465718597}