{"ppntid":0,"trialid":2,"simBweight":2.92900152504444,"myBweight":1.5524162992369384,"myvalue1":10.019000610938171,"myvalue2":14.955964188036582,"myvalue3":8.780739471533748,"simvalue1":4.79336017374058,"simvalue2":33.7039452458313,"simvalue3":10.9773753368355,"mychoice":2,"simchoice":2,"myA1":1.1073840549215674,"myA2":1.7209057533182204,"myA3":0.07925769547000527,"myB1":5.740481184329838,"myB2":8.525457018986344,"myB3":5.605121371336281,"simA1":4.60025910520926,"simA2":6.2205648701638,"simA3":3.88418034650385,"simB1":0.0659272680059075,"simB2":9.38319087261334,"simB3":2.42171092424542}