{"ppntid":0,"trialid":2,"simBweight":2.92900152504444,"myBweight":4.418766901362687,"myvalue1":22.652395876527585,"myvalue2":24.63660084392532,"myvalue3":20.547101588053792,"simvalue1":4.79336017374058,"simvalue2":33.7039452458313,"simvalue3":10.9773753368355,"mychoice":2,"simchoice":2,"myA1":4.397430478129536,"myA2":6.9339236919768155,"myA3":4.621764475014061,"myB1":4.13123520789668,"myB2":4.0062482468783855,"myB3":3.6040229024365544,"simA1":4.60025910520926,"simA2":6.2205648701638,"simA3":3.88418034650385,"simB1":0.0659272680059075,"simB2":9.38319087261334,"simB3":2.42171092424542}