{"ppntid":0,"trialid":4,"simBweight":2.92900152504444,"myBweight":1.9164107635151595,"myvalue1":22.844163337580188,"myvalue2":12.578606939322318,"myvalue3":16.42683211571616,"simvalue1":29.0820167366599,"simvalue2":31.8749931806181,"simvalue3":27.5839703264988,"mychoice":1,"simchoice":2,"myA1":9.091140776872635,"myA2":6.538693101610988,"myA3":5.2431738981977105,"myB1":7.176448192913085,"myB2":3.1516801891848445,"myB3":5.835731269326061,"simA1":7.23374933004379,"simA2":5.64809889299795,"simA3":3.88609998160973,"simB1":7.459288504906,"simB2":8.95420984365046,"simB3":8.0907674995251}