{"ppntid":0,"trialid":2,"simBweight":2.92900152504444,"myBweight":1.914542024023831,"myvalue1":6.908857380747598,"myvalue2":13.9474779284671,"myvalue3":12.486098945539121,"simvalue1":4.79336017374058,"simvalue2":33.7039452458313,"simvalue3":10.9773753368355,"mychoice":2,"simchoice":2,"myA1":2.6499126944690943,"myA2":3.971204520203173,"myA3":3.94028126494959,"myB1":2.22452400252223,"myB2":5.210788419935852,"myB3":4.463635466527194,"simA1":4.60025910520926,"simA2":6.2205648701638,"simA3":3.88418034650385,"simB1":0.0659272680059075,"simB2":9.38319087261334,"simB3":2.42171092424542}