{"ppntid":0,"trialid":4,"simBweight":2.92900152504444,"myBweight":0.7221612124703825,"myvalue1":12.146565646006206,"myvalue2":11.548292499006767,"myvalue3":9.860826867932467,"simvalue1":29.0820167366599,"simvalue2":31.8749931806181,"simvalue3":27.5839703264988,"mychoice":1,"simchoice":2,"myA1":7.6842264900915325,"myA2":6.183182487729937,"myA3":3.9399511297233403,"myB1":6.179145430214703,"myB2":7.4292414472438395,"myB3":8.198828233871609,"simA1":7.23374933004379,"simA2":5.64809889299795,"simA3":3.88609998160973,"simB1":7.459288504906,"simB2":8.95420984365046,"simB3":8.0907674995251}