{"ppntid":0,"trialid":3,"simBweight":2.92900152504444,"myBweight":2.775936060352251,"myvalue1":3.5490811913176357,"myvalue2":18.95918876352173,"myvalue3":36.17165240123249,"simvalue1":8.12483891560789,"simvalue2":28.2043243209439,"simvalue3":35.1603063288223,"mychoice":3,"simchoice":3,"myA1":3.269797347020358,"myA2":5.653847290668637,"myA3":9.697382771410048,"myB1":0.10060888947919011,"myB2":4.793100843671709,"myB3":9.537060311995447,"simA1":5.65594530198723,"simA2":1.80899103172123,"simA3":9.04499290045351,"simB1":0.842913051601499,"simB2":9.01171715464443,"simB3":8.91611465718597}