{"ppntid":0,"trialid":4,"simBweight":2.92900152504444,"myBweight":0.2197582577355206,"myvalue1":9.152800011647457,"myvalue2":6.6599839154393,"myvalue3":3.870583459286754,"simvalue1":29.0820167366599,"simvalue2":31.8749931806181,"simvalue3":27.5839703264988,"mychoice":1,"simchoice":2,"myA1":7.4842132441699505,"myA2":4.577821127604693,"myA3":2.09220107877627,"myB1":7.592828522901982,"myB2":9.474787474609911,"myB3":8.092448487877846,"simA1":7.23374933004379,"simA2":5.64809889299795,"simA3":3.88609998160973,"simB1":7.459288504906,"simB2":8.95420984365046,"simB3":8.0907674995251}