{"ppntid":0,"trialid":2,"simBweight":2.92900152504444,"myBweight":4.245806048857048,"myvalue1":18.339425901284272,"myvalue2":19.047108562134753,"myvalue3":22.552730684628823,"simvalue1":4.79336017374058,"simvalue2":33.7039452458313,"simvalue3":10.9773753368355,"mychoice":3,"simchoice":2,"myA1":3.1772986124269664,"myA2":5.612033982761204,"myA3":2.881980303209275,"myB1":3.571083350107074,"myB2":3.1643166043795645,"myB3":4.632983738556504,"simA1":4.60025910520926,"simA2":6.2205648701638,"simA3":3.88418034650385,"simB1":0.0659272680059075,"simB2":9.38319087261334,"simB3":2.42171092424542}