{"ppntid":0,"trialid":4,"simBweight":2.92900152504444,"myBweight":3.4045096987392753,"myvalue1":33.21705213688047,"myvalue2":31.487661894291946,"myvalue3":27.505978296283534,"simvalue1":29.0820167366599,"simvalue2":31.8749931806181,"simvalue3":27.5839703264988,"mychoice":1,"simchoice":2,"myA1":1.5854515135288239,"myA2":3.7748971418477595,"myA3":8.684673567768186,"myB1":9.291088415775448,"myB2":8.140016391407698,"myB3":5.528345163911581,"simA1":7.23374933004379,"simA2":5.64809889299795,"simA3":3.88609998160973,"simB1":7.459288504906,"simB2":8.95420984365046,"simB3":8.0907674995251}