{"ppntid":0,"trialid":5,"simBweight":2.92900152504444,"myBweight":0.6463220797013491,"myvalue1":10.41193861184977,"myvalue2":8.072336454643462,"myvalue3":5.544090714457981,"simvalue1":13.2756742221018,"simvalue2":30.3546781549135,"simvalue3":23.5392310011038,"mychoice":1,"simchoice":2,"myA1":5.214091984089464,"myA2":1.6161301941610873,"myA3":0.4323526890948415,"myB1":8.042192570865154,"myB2":9.989146995358169,"myB3":7.9089639452286065,"simA1":8.18546326132491,"simA2":4.21199968550354,"simA3":1.76696498412639,"simB1":1.73786558909342,"simB2":8.92545744543895,"simB3":7.43334062164649}