{"ppntid":0,"trialid":3,"simBweight":2.92900152504444,"myBweight":4.173879188019782,"myvalue1":16.386210394732377,"myvalue2":23.69774797845129,"myvalue3":46.45348872082148,"simvalue1":8.12483891560789,"simvalue2":28.2043243209439,"simvalue3":35.1603063288223,"mychoice":3,"simchoice":3,"myA1":1.9545012572780252,"myA2":1.2909279088489711,"myA3":7.907874756492674,"myB1":3.4576250263489783,"myB2":5.368344185408205,"myB3":9.23496158560738,"simA1":5.65594530198723,"simA2":1.80899103172123,"simA3":9.04499290045351,"simB1":0.842913051601499,"simB2":9.01171715464443,"simB3":8.91611465718597}