{"ppntid":0,"trialid":4,"simBweight":2.92900152504444,"myBweight":0.478905065683648,"myvalue1":11.449221066804899,"myvalue2":10.803769390978289,"myvalue3":8.683773450347216,"simvalue1":29.0820167366599,"simvalue2":31.8749931806181,"simvalue3":27.5839703264988,"mychoice":1,"simchoice":2,"myA1":8.105196258984506,"myA2":6.05697349878028,"myA3":4.739262016955763,"myB1":6.982646556571126,"myB2":9.911767973098904,"myB3":8.23652058839798,"simA1":7.23374933004379,"simA2":5.64809889299795,"simA3":3.88609998160973,"simB1":7.459288504906,"simB2":8.95420984365046,"simB3":8.0907674995251}