{"ppntid":0,"trialid":1,"simBweight":2.92900152504444,"myBweight":1.1280290491413325,"myvalue1":14.541022833742613,"myvalue2":6.948614935794732,"myvalue3":19.611719921302125,"simvalue1":24.8420819882576,"simvalue2":16.5181396438975,"simvalue3":37.2214369068358,"mychoice":3,"simchoice":3,"myA1":8.263105519581586,"myA2":3.7741105468012393,"myA3":9.614285638090223,"myB1":5.565386209636927,"myB2":2.814204466994852,"myB3":8.862745414953679,"simA1":5.67112212534994,"simA2":2.389488783665,"simA3":8.77995934104547,"simB1":6.54522017110139,"simB2":4.82370894635096,"simB3":9.71029797103256}