{"ppntid":0,"trialid":4,"simBweight":2.92900152504444,"myBweight":3.3202919200994074,"myvalue1":34.4430171587537,"myvalue2":31.2832979842779,"myvalue3":28.72036573360767,"simvalue1":29.0820167366599,"simvalue2":31.8749931806181,"simvalue3":27.5839703264988,"mychoice":1,"simchoice":2,"myA1":2.438419268000871,"myA2":2.723214344587177,"myA3":9.161245981231332,"myB1":9.639091580174863,"myB2":8.601678505074233,"myB3":5.890783166978508,"simA1":7.23374933004379,"simA2":5.64809889299795,"simA3":3.88609998160973,"simB1":7.459288504906,"simB2":8.95420984365046,"simB3":8.0907674995251}