{"ppntid":0,"trialid":4,"simBweight":2.92900152504444,"myBweight":1.4394012186676264,"myvalue1":16.385971104894477,"myvalue2":12.59898768851114,"myvalue3":4.874682470610055,"simvalue1":29.0820167366599,"simvalue2":31.8749931806181,"simvalue3":27.5839703264988,"mychoice":1,"simchoice":2,"myA1":9.092458705417812,"myA2":9.474359701853245,"myA3":4.35319934040308,"myB1":5.067046147305518,"myB2":2.170783202163875,"myB3":0.3622917109169066,"simA1":7.23374933004379,"simA2":5.64809889299795,"simA3":3.88609998160973,"simB1":7.459288504906,"simB2":8.95420984365046,"simB3":8.0907674995251}