{"ppntid":0,"trialid":9,"simBweight":2.92900152504444,"myBweight":0.46413343981839716,"myvalue1":3.4455681554309647,"myvalue2":0.971571438092024,"myvalue3":13.630772195472648,"simvalue1":23.3903938429017,"simvalue2":18.0867040995148,"simvalue3":35.9628005125761,"mychoice":3,"simchoice":3,"myA1":3.0836866819299757,"myA2":0.19914641045033932,"myA3":9.309018172789365,"myB1":0.7796927401795983,"myB2":1.6642305022105575,"myB3":9.311447208747268,"simA1":2.61885447893292,"simA2":1.33204466663301,"simA3":9.1047868761234,"simB1":7.09167925873771,"simB2":5.72026313049719,"simB3":9.16968236677349}