{"ppntid":0,"trialid":3,"simBweight":2.92900152504444,"myBweight":0.27018175227567554,"myvalue1":6.811932299266045,"myvalue2":3.5377864840955384,"myvalue3":11.99698661106469,"simvalue1":8.12483891560789,"simvalue2":28.2043243209439,"simvalue3":35.1603063288223,"mychoice":3,"simchoice":3,"myA1":6.393163150642067,"myA2":3.1294699758291245,"myA3":9.604888132307678,"myB1":1.5499534853734076,"myB2":1.5112660452723503,"myB3":8.853664093185216,"simA1":5.65594530198723,"simA2":1.80899103172123,"simA3":9.04499290045351,"simB1":0.842913051601499,"simB2":9.01171715464443,"simB3":8.91611465718597}