{"ppntid":0,"trialid":4,"simBweight":2.92900152504444,"myBweight":4.92955259163864,"myvalue1":51.03570340701964,"myvalue2":38.117424305963596,"myvalue3":30.081912974967285,"simvalue1":29.0820167366599,"simvalue2":31.8749931806181,"simvalue3":27.5839703264988,"mychoice":1,"simchoice":2,"myA1":9.274712754413486,"myA2":8.901113918982446,"myA3":6.0188784170895815,"myB1":8.471557991579175,"myB2":5.926767154596746,"myB3":4.881383068859577,"simA1":7.23374933004379,"simA2":5.64809889299795,"simA3":3.88609998160973,"simB1":7.459288504906,"simB2":8.95420984365046,"simB3":8.0907674995251}