{"ppntid":0,"trialid":13,"simBweight":2.92900152504444,"myBweight":0.5313276266679168,"myvalue1":6.141123646444873,"myvalue2":9.254399779386656,"myvalue3":10.265904663289712,"simvalue1":19.4881299579769,"simvalue2":24.9032378382858,"simvalue3":10.8954607930942,"mychoice":3,"simchoice":2,"myA1":1.856235503219068,"myA2":4.760491102933884,"myA3":6.5128987189382315,"myB1":8.064493408892304,"myB2":8.457886341493577,"myB3":7.063449660781771,"simA1":2.6640361500904,"simA2":5.32445900142193,"simA3":4.68264800496399,"simB1":5.74396894779056,"simB2":6.68445498216897,"simB3":2.12113675428554}