{"ppntid":0,"trialid":4,"simBweight":2.92900152504444,"myBweight":3.3035975648090243,"myvalue1":33.15903546765373,"myvalue2":23.476381822341786,"myvalue3":19.46564605859862,"simvalue1":29.0820167366599,"simvalue2":31.8749931806181,"simvalue3":27.5839703264988,"mychoice":1,"simchoice":2,"myA1":6.9484981102868915,"myA2":5.249601376708597,"myA3":3.410931071266532,"myB1":7.9339377279393375,"myB2":5.517252052668482,"myB3":4.859767169691622,"simA1":7.23374933004379,"simA2":5.64809889299795,"simA3":3.88609998160973,"simB1":7.459288504906,"simB2":8.95420984365046,"simB3":8.0907674995251}