{"ppntid":0,"trialid":2,"simBweight":2.92900152504444,"myBweight":4.990805207053199,"myvalue1":21.70765962001932,"myvalue2":20.68850789213004,"myvalue3":28.66315547541821,"simvalue1":4.79336017374058,"simvalue2":33.7039452458313,"simvalue3":10.9773753368355,"mychoice":3,"simchoice":2,"myA1":5.95487927319482,"myA2":6.373454099521041,"myA3":4.0256995894014835,"myB1":3.1563604855909944,"myB2":2.86828541662544,"myB3":4.936569323763251,"simA1":4.60025910520926,"simA2":6.2205648701638,"simA3":3.88418034650385,"simB1":0.0659272680059075,"simB2":9.38319087261334,"simB3":2.42171092424542}