{"ppntid":0,"trialid":5,"simBweight":2.92900152504444,"myBweight":0.7692297745961696,"myvalue1":11.546646348622204,"myvalue2":11.626533137053576,"myvalue3":5.581211964545988,"simvalue1":13.2756742221018,"simvalue2":30.3546781549135,"simvalue3":23.5392310011038,"mychoice":2,"simchoice":2,"myA1":8.548894580453634,"myA2":4.0363686345517635,"myA3":5.071859492454678,"myB1":3.897082337643951,"myB2":9.867226611822844,"myB3":0.6621590699069202,"simA1":8.18546326132491,"simA2":4.21199968550354,"simA3":1.76696498412639,"simB1":1.73786558909342,"simB2":8.92545744543895,"simB3":7.43334062164649}