{"ppntid":0,"trialid":2,"simBweight":2.92900152504444,"myBweight":2.6053837966173887,"myvalue1":12.323894672237675,"myvalue2":15.621032049383869,"myvalue3":13.730644988450665,"simvalue1":4.79336017374058,"simvalue2":33.7039452458313,"simvalue3":10.9773753368355,"mychoice":2,"simchoice":2,"myA1":0.9588755038566887,"myA2":2.5095626106485724,"myA3":1.900169423315674,"myB1":4.362128598149866,"myB2":5.032452207524329,"myB3":4.540780356619507,"simA1":4.60025910520926,"simA2":6.2205648701638,"simA3":3.88418034650385,"simB1":0.0659272680059075,"simB2":9.38319087261334,"simB3":2.42171092424542}