{"ppntid":0,"trialid":11,"simBweight":2.92900152504444,"myBweight":0.21780431852675974,"myvalue1":2.141685492976664,"myvalue2":1.5939412394349701,"myvalue3":6.288140938531724,"simvalue1":9.9197921404594,"simvalue2":11.6245677233259,"simvalue3":7.85712064627827,"mychoice":3,"simchoice":3,"myA1":1.729075494222343,"myA2":1.3845958141610026,"myA3":5.0116936839185655,"myB1":1.894406876526773,"myB2":0.9611628763377666,"myB3":5.860523167066276,"simA1":1.94303552154452,"simA2":1.2680093664676,"simA3":5.39368811063468,"simB1":2.72337059257552,"simB2":3.53586649522185,"simB3":0.841048567090183}