{"ppntid":0,"trialid":14,"simBweight":2.92900152504444,"myBweight":3.4971990692429245,"myvalue1":30.561542746517638,"myvalue2":27.045481752166225,"myvalue3":8.447506133689924,"simvalue1":21.4466630013766,"simvalue2":16.5967321665458,"simvalue3":17.1931218988671,"mychoice":1,"simchoice":2,"myA1":5.2841097372584045,"myA2":4.9263489921577275,"myA3":0.5752326431684196,"myB1":7.227907965425402,"myB2":6.324813750106841,"myB3":2.2510224138386548,"simA1":9.75632399087772,"simA2":8.09382772771642,"simA3":2.75334256468341,"simB1":3.99123691488057,"simB2":2.90300444234163,"simB3":4.92993233725429}