{"ppntid":0,"trialid":4,"simBweight":2.92900152504444,"myBweight":4.656426561996341,"myvalue1":36.686159054843635,"myvalue2":47.488708500400186,"myvalue3":47.794624351169695,"simvalue1":29.0820167366599,"simvalue2":31.8749931806181,"simvalue3":27.5839703264988,"mychoice":3,"simchoice":2,"myA1":7.759794066660106,"myA2":9.829514152370393,"myA3":6.764210339169949,"myB1":6.212138128466904,"myB2":8.08757398976013,"myB3":8.8115668669343,"simA1":7.23374933004379,"simA2":5.64809889299795,"simA3":3.88609998160973,"simB1":7.459288504906,"simB2":8.95420984365046,"simB3":8.0907674995251}