{"ppntid":0,"trialid":4,"simBweight":2.92900152504444,"myBweight":1.2666957336477935,"myvalue1":16.034616551266286,"myvalue2":15.716135430755795,"myvalue3":6.675436702357321,"simvalue1":29.0820167366599,"simvalue2":31.8749931806181,"simvalue3":27.5839703264988,"mychoice":1,"simchoice":2,"myA1":9.51495538232848,"myA2":8.243120575789362,"myA3":5.141693381592631,"myB1":5.146982811857015,"myB2":5.899613187648356,"myB3":1.210822204593569,"simA1":7.23374933004379,"simA2":5.64809889299795,"simA3":3.88609998160973,"simB1":7.459288504906,"simB2":8.95420984365046,"simB3":8.0907674995251}