{"ppntid":0,"trialid":3,"simBweight":2.92900152504444,"myBweight":1.502498413901776,"myvalue1":5.069185126169544,"myvalue2":9.123301254502971,"myvalue3":20.82366736868649,"simvalue1":8.12483891560789,"simvalue2":28.2043243209439,"simvalue3":35.1603063288223,"mychoice":3,"simchoice":3,"myA1":4.318396407179534,"myA2":1.6281773033551872,"myA3":8.707789066247642,"myB1":0.4996935185045004,"myB2":4.988440508022904,"myB3":8.063821026589721,"simA1":5.65594530198723,"simA2":1.80899103172123,"simA3":9.04499290045351,"simB1":0.842913051601499,"simB2":9.01171715464443,"simB3":8.91611465718597}