{"ppntid":0,"trialid":1,"simBweight":2.92900152504444,"myBweight":3.016912267776206,"myvalue1":27.15218336423578,"myvalue2":8.676499419319398,"myvalue3":33.42663752821262,"simvalue1":24.8420819882576,"simvalue2":16.5181396438975,"simvalue3":37.2214369068358,"mychoice":3,"simchoice":3,"myA1":9.970496618188918,"myA2":3.1692775315605104,"myA3":6.651164833456278,"myB1":5.695123099721968,"myB2":1.8254497973248363,"myB3":8.87512473622337,"simA1":5.67112212534994,"simA2":2.389488783665,"simA3":8.77995934104547,"simB1":6.54522017110139,"simB2":4.82370894635096,"simB3":9.71029797103256}