{"ppntid":0,"trialid":3,"simBweight":2.92900152504444,"myBweight":3.17569226375781,"myvalue1":18.42946950976442,"myvalue2":15.813303465189946,"myvalue3":40.88444522893453,"simvalue1":8.12483891560789,"simvalue2":28.2043243209439,"simvalue3":35.1603063288223,"mychoice":3,"simchoice":3,"myA1":4.778511633630842,"myA2":0.25828800862655044,"myA3":9.642690573818982,"myB1":4.298577047884464,"myB2":4.898149494547397,"myB3":9.837777737993747,"simA1":5.65594530198723,"simA2":1.80899103172123,"simA3":9.04499290045351,"simB1":0.842913051601499,"simB2":9.01171715464443,"simB3":8.91611465718597}