{"ppntid":0,"trialid":7,"simBweight":2.92900152504444,"myBweight":0.7723950431682169,"myvalue1":5.466336342980633,"myvalue2":11.166039265368603,"myvalue3":10.757336254632134,"simvalue1":29.155178200811,"simvalue2":15.1925325184091,"simvalue3":26.5468177351021,"mychoice":2,"simchoice":3,"myA1":1.1035599443130195,"myA2":4.390705227851868,"myA3":4.562510612886399,"myB1":5.648374413140118,"myB2":8.77185074845329,"myB3":8.020281456410885,"simA1":0.691449935548007,"simA2":5.14853976666927,"simA3":8.05417287861928,"simB1":9.71789465518668,"simB2":3.42915244866163,"simB3":6.3136344240047}