{"ppntid":0,"trialid":3,"simBweight":2.92900152504444,"myBweight":4.107449051225558,"myvalue1":32.19101414540924,"myvalue2":20.669532589034663,"myvalue3":39.18983952769193,"simvalue1":8.12483891560789,"simvalue2":28.2043243209439,"simvalue3":35.1603063288223,"mychoice":3,"simchoice":3,"myA1":2.584286688361317,"myA2":3.8289918936789036,"myA3":7.911824421025813,"myB1":7.208057139068842,"myB2":4.099999899044633,"myB3":7.61494901496917,"simA1":5.65594530198723,"simA2":1.80899103172123,"simA3":9.04499290045351,"simB1":0.842913051601499,"simB2":9.01171715464443,"simB3":8.91611465718597}