{"ppntid":0,"trialid":5,"simBweight":2.92900152504444,"myBweight":2.138500411529094,"myvalue1":25.300684748402187,"myvalue2":14.424215409088177,"myvalue3":14.802170076214074,"simvalue1":13.2756742221018,"simvalue2":30.3546781549135,"simvalue3":23.5392310011038,"mychoice":1,"simchoice":2,"myA1":8.323566608596593,"myA2":4.838797110132873,"myA3":5.150713948532939,"myB1":7.938795825466514,"myB2":4.482308372389525,"myB3":4.51318881008774,"simA1":8.18546326132491,"simA2":4.21199968550354,"simA3":1.76696498412639,"simB1":1.73786558909342,"simB2":8.92545744543895,"simB3":7.43334062164649}