{"ppntid":0,"trialid":2,"simBweight":2.92900152504444,"myBweight":4.933858794393018,"myvalue1":35.713004188097806,"myvalue2":41.01353827611727,"myvalue3":39.96099156039061,"simvalue1":4.79336017374058,"simvalue2":33.7039452458313,"simvalue3":10.9773753368355,"mychoice":2,"simchoice":2,"myA1":7.390280612744391,"myA2":9.765500482171774,"myA3":8.054866832681,"myB1":5.740481184329838,"myB2":6.333387130871415,"myB3":6.466768924146891,"simA1":4.60025910520926,"simA2":6.2205648701638,"simA3":3.88418034650385,"simB1":0.0659272680059075,"simB2":9.38319087261334,"simB3":2.42171092424542}