{"ppntid":0,"trialid":4,"simBweight":2.92900152504444,"myBweight":1.718838452361524,"myvalue1":18.99057978701026,"myvalue2":21.401578820211846,"myvalue3":16.69778748550086,"simvalue1":29.0820167366599,"simvalue2":31.8749931806181,"simvalue3":27.5839703264988,"mychoice":2,"simchoice":2,"myA1":8.386454007122666,"myA2":9.067571363411844,"myA3":7.599314888939261,"myB1":6.169355686288327,"myB2":7.175780504476279,"myB3":5.293384368997067,"simA1":7.23374933004379,"simA2":5.64809889299795,"simA3":3.88609998160973,"simB1":7.459288504906,"simB2":8.95420984365046,"simB3":8.0907674995251}