{"ppntid":0,"trialid":4,"simBweight":2.92900152504444,"myBweight":0.677640805952251,"myvalue1":11.640906948971034,"myvalue2":10.687079466458089,"myvalue3":8.909229581947264,"simvalue1":29.0820167366599,"simvalue2":31.8749931806181,"simvalue3":27.5839703264988,"mychoice":1,"simchoice":2,"myA1":9.047195478342474,"myA2":7.294254684820771,"myA3":4.458952017594129,"myB1":3.8275609258562326,"myB2":5.006818880792707,"myB3":6.56731047667563,"simA1":7.23374933004379,"simA2":5.64809889299795,"simA3":3.88609998160973,"simB1":7.459288504906,"simB2":8.95420984365046,"simB3":8.0907674995251}