{"ppntid":0,"trialid":2,"simBweight":2.92900152504444,"myBweight":3.8616190874017775,"myvalue1":37.783796359755996,"myvalue2":37.07262438597876,"myvalue3":29.20114914206241,"simvalue1":4.79336017374058,"simvalue2":33.7039452458313,"simvalue3":10.9773753368355,"mychoice":1,"simchoice":2,"myA1":5.728771642316133,"myA2":8.160989407915622,"myA3":6.228863960132003,"myB1":8.300928701646626,"myB2":7.486920466180891,"myB3":5.948873946908861,"simA1":4.60025910520926,"simA2":6.2205648701638,"simA3":3.88418034650385,"simB1":0.0659272680059075,"simB2":9.38319087261334,"simB3":2.42171092424542}