{"ppntid":0,"trialid":4,"simBweight":2.92900152504444,"myBweight":1.7153346980921924,"myvalue1":17.581758401963953,"myvalue2":20.049952959140548,"myvalue3":19.147735074110706,"simvalue1":29.0820167366599,"simvalue2":31.8749931806181,"simvalue3":27.5839703264988,"mychoice":2,"simchoice":2,"myA1":7.98233242938295,"myA2":5.353403065819293,"myA3":3.865715607535094,"myB1":5.596240770537406,"myB2":8.56774477288127,"myB3":8.909059837460518,"simA1":7.23374933004379,"simA2":5.64809889299795,"simA3":3.88609998160973,"simB1":7.459288504906,"simB2":8.95420984365046,"simB3":8.0907674995251}