{"ppntid":0,"trialid":2,"simBweight":2.92900152504444,"myBweight":1.4393379108514637,"myvalue1":7.153852627479947,"myvalue2":16.568888994617495,"myvalue3":14.406990624452357,"simvalue1":4.79336017374058,"simvalue2":33.7039452458313,"simvalue3":10.9773753368355,"mychoice":2,"simchoice":2,"myA1":4.0850746049545705,"myA2":6.162617320660502,"myA3":5.691831188742071,"myB1":2.1320761437527835,"myB2":7.229901745449752,"myB3":6.054978035390377,"simA1":4.60025910520926,"simA2":6.2205648701638,"simA3":3.88418034650385,"simB1":0.0659272680059075,"simB2":9.38319087261334,"simB3":2.42171092424542}