{"ppntid":0,"trialid":5,"simBweight":2.92900152504444,"myBweight":0.09229999966919422,"myvalue1":10.376709813207409,"myvalue2":6.5252817240277885,"myvalue3":4.01951530406333,"simvalue1":13.2756742221018,"simvalue2":30.3546781549135,"simvalue3":23.5392310011038,"mychoice":1,"simchoice":2,"myA1":9.796332805417478,"myA2":6.519295333418995,"myA3":3.8549304381012917,"myB1":6.287941602058709,"myB2":0.06485796999186277,"myB3":1.783151316922158,"simA1":8.18546326132491,"simA2":4.21199968550354,"simA3":1.76696498412639,"simB1":1.73786558909342,"simB2":8.92545744543895,"simB3":7.43334062164649}