{"ppntid":0,"trialid":5,"simBweight":2.92900152504444,"myBweight":1.048068202799186,"myvalue1":13.353010621342726,"myvalue2":11.496790213621779,"myvalue3":13.674147626143103,"simvalue1":13.2756742221018,"simvalue2":30.3546781549135,"simvalue3":23.5392310011038,"mychoice":3,"simchoice":2,"myA1":6.186283298302442,"myA2":8.42051399173215,"myA3":9.653590717352927,"myB1":6.838035257533193,"myB2":2.9351870552636683,"myB3":3.8361596106551588,"simA1":8.18546326132491,"simA2":4.21199968550354,"simA3":1.76696498412639,"simB1":1.73786558909342,"simB2":8.92545744543895,"simB3":7.43334062164649}