{"ppntid":0,"trialid":5,"simBweight":2.92900152504444,"myBweight":0.609241888159886,"myvalue1":11.943906709211237,"myvalue2":2.14775552591152,"myvalue3":4.852926060140667,"simvalue1":13.2756742221018,"simvalue2":30.3546781549135,"simvalue3":23.5392310011038,"mychoice":1,"simchoice":2,"myA1":7.193073674570769,"myA2":0.9547435003332794,"myA3":4.020549252163619,"myB1":7.797942208126187,"myB2":1.9581910711713135,"myB3":1.3662501284852624,"simA1":8.18546326132491,"simA2":4.21199968550354,"simA3":1.76696498412639,"simB1":1.73786558909342,"simB2":8.92545744543895,"simB3":7.43334062164649}