{"ppntid":0,"trialid":4,"simBweight":2.92900152504444,"myBweight":0.5702136980835348,"myvalue1":10.334289264879992,"myvalue2":9.101217955605433,"myvalue3":9.079335353656802,"simvalue1":29.0820167366599,"simvalue2":31.8749931806181,"simvalue3":27.5839703264988,"mychoice":1,"simchoice":2,"myA1":7.920124996453524,"myA2":5.7484958111308515,"myA3":4.449116950854659,"myB1":4.233788624405861,"myB2":5.879764298442751,"myB3":8.120145865250379,"simA1":7.23374933004379,"simA2":5.64809889299795,"simA3":3.88609998160973,"simB1":7.459288504906,"simB2":8.95420984365046,"simB3":8.0907674995251}