{"ppntid":0,"trialid":3,"simBweight":2.92900152504444,"myBweight":0.0164636445697397,"myvalue1":5.88253560261872,"myvalue2":2.209602179714838,"myvalue3":9.448366932112965,"simvalue1":8.12483891560789,"simvalue2":28.2043243209439,"simvalue3":35.1603063288223,"mychoice":3,"simchoice":3,"myA1":5.779802734032273,"myA2":2.17174467863515,"myA3":9.294215037953109,"myB1":6.239983385894448,"myB2":2.2994605428539217,"myB3":9.36316946754232,"simA1":5.65594530198723,"simA2":1.80899103172123,"simA3":9.04499290045351,"simB1":0.842913051601499,"simB2":9.01171715464443,"simB3":8.91611465718597}