{"ppntid":0,"trialid":3,"simBweight":2.92900152504444,"myBweight":2.831303041893989,"myvalue1":10.450855309446432,"myvalue2":24.24768647377838,"myvalue3":25.87472466074462,"simvalue1":8.12483891560789,"simvalue2":28.2043243209439,"simvalue3":35.1603063288223,"mychoice":3,"simchoice":3,"myA1":5.4346749652177095,"myA2":1.2369552440941334,"myA3":9.283102557528764,"myB1":1.7716861353255808,"myB2":8.127258329186589,"myB3":5.860065792221576,"simA1":5.65594530198723,"simA2":1.80899103172123,"simA3":9.04499290045351,"simB1":0.842913051601499,"simB2":9.01171715464443,"simB3":8.91611465718597}