{"ppntid":0,"trialid":2,"simBweight":2.92900152504444,"myBweight":1.1113773274701089,"myvalue1":5.505289980074386,"myvalue2":11.509850563208953,"myvalue3":6.418224656550187,"simvalue1":4.79336017374058,"simvalue2":33.7039452458313,"simvalue3":10.9773753368355,"mychoice":2,"simchoice":2,"myA1":4.147673381958157,"myA2":7.096424056217074,"myA3":4.096459296997637,"myB1":1.2215622584335506,"myB2":3.971132393926382,"myB3":2.089088289067149,"simA1":4.60025910520926,"simA2":6.2205648701638,"simA3":3.88418034650385,"simB1":0.0659272680059075,"simB2":9.38319087261334,"simB3":2.42171092424542}