{"ppntid":0,"trialid":4,"simBweight":2.92900152504444,"myBweight":4.429646467324346,"myvalue1":35.41528837340006,"myvalue2":48.773599348775576,"myvalue3":40.708573159470674,"simvalue1":29.0820167366599,"simvalue2":31.8749931806181,"simvalue3":27.5839703264988,"mychoice":2,"simchoice":2,"myA1":9.888654369860888,"myA2":9.091604370623827,"myA3":0.017271453980356455,"myB1":5.762679751496762,"myB2":8.958275851327926,"myB3":9.186128510627896,"simA1":7.23374933004379,"simA2":5.64809889299795,"simA3":3.88609998160973,"simB1":7.459288504906,"simB2":8.95420984365046,"simB3":8.0907674995251}