{"ppntid":0,"trialid":2,"simBweight":2.92900152504444,"myBweight":2.420555680291727,"myvalue1":11.006116851771562,"myvalue2":18.99261480888704,"myvalue3":21.14188302148842,"simvalue1":4.79336017374058,"simvalue2":33.7039452458313,"simvalue3":10.9773753368355,"mychoice":3,"simchoice":2,"myA1":3.906451384536922,"myA2":6.839229799807072,"myA3":4.694427999202162,"myB1":2.933072568848729,"myB2":5.02090702066198,"myB3":6.794908770825714,"simA1":4.60025910520926,"simA2":6.2205648701638,"simA3":3.88418034650385,"simB1":0.0659272680059075,"simB2":9.38319087261334,"simB3":2.42171092424542}