{"ppntid":0,"trialid":3,"simBweight":2.92900152504444,"myBweight":2.5981630955357105,"myvalue1":15.494079995121147,"myvalue2":16.382986209972564,"myvalue3":30.81070574520861,"simvalue1":8.12483891560789,"simvalue2":28.2043243209439,"simvalue3":35.1603063288223,"mychoice":3,"simchoice":3,"myA1":3.373843359295279,"myA2":2.1975782443769276,"myA3":8.777893621008843,"myB1":4.664925253018737,"myB2":5.459783487021923,"myB3":8.480149749666452,"simA1":5.65594530198723,"simA2":1.80899103172123,"simA3":9.04499290045351,"simB1":0.842913051601499,"simB2":9.01171715464443,"simB3":8.91611465718597}