{"ppntid":0,"trialid":4,"simBweight":2.92900152504444,"myBweight":4.804604599485174,"myvalue1":47.1807350114353,"myvalue2":45.612629255677284,"myvalue3":33.15591539323829,"simvalue1":29.0820167366599,"simvalue2":31.8749931806181,"simvalue3":27.5839703264988,"mychoice":1,"simchoice":2,"myA1":6.478248520288616,"myA2":8.092157731298357,"myA3":9.702799848746508,"myB1":8.471557991579175,"myB2":7.809273530729115,"myB3":4.881383068859577,"simA1":7.23374933004379,"simA2":5.64809889299795,"simA3":3.88609998160973,"simB1":7.459288504906,"simB2":8.95420984365046,"simB3":8.0907674995251}