{"ppntid":0,"trialid":2,"simBweight":2.92900152504444,"myBweight":3.2912936073262244,"myvalue1":18.108916049932812,"myvalue2":23.098759997977922,"myvalue3":9.67831950610888,"simvalue1":4.79336017374058,"simvalue2":33.7039452458313,"simvalue3":10.9773753368355,"mychoice":2,"simchoice":2,"myA1":5.321959734428674,"myA2":8.289377107284963,"myA3":3.686543565709144,"myB1":3.885085270740092,"myB2":4.499562985729426,"myB3":1.8204926862381399,"simA1":4.60025910520926,"simA2":6.2205648701638,"simA3":3.88418034650385,"simB1":0.0659272680059075,"simB2":9.38319087261334,"simB3":2.42171092424542}