{"ppntid":0,"trialid":2,"simBweight":2.92900152504444,"myBweight":0.5242077191360295,"myvalue1":4.883869207698536,"myvalue2":9.272182787111253,"myvalue3":5.211838619560831,"simvalue1":4.79336017374058,"simvalue2":33.7039452458313,"simvalue3":10.9773753368355,"mychoice":2,"simchoice":2,"myA1":3.006314355880022,"myA2":6.008552911225706,"myA3":3.766080578789115,"myB1":3.581700122449547,"myB2":6.225833303760737,"myB3":2.7579869353212416,"simA1":4.60025910520926,"simA2":6.2205648701638,"simA3":3.88418034650385,"simB1":0.0659272680059075,"simB2":9.38319087261334,"simB3":2.42171092424542}