{"ppntid":0,"trialid":1,"simBweight":2.92900152504444,"myBweight":0.5682462838012725,"myvalue1":7.3492048323474055,"myvalue2":2.1912989690744946,"myvalue3":13.333979224213557,"simvalue1":24.8420819882576,"simvalue2":16.5181396438975,"simvalue3":37.2214369068358,"mychoice":3,"simchoice":3,"myA1":4.807816164102405,"myA2":1.8070787517353892,"myA3":8.658872868400067,"myB1":4.472336627077311,"myB2":0.6761508667841554,"myB3":8.227253726217896,"simA1":5.67112212534994,"simA2":2.389488783665,"simA3":8.77995934104547,"simB1":6.54522017110139,"simB2":4.82370894635096,"simB3":9.71029797103256}