{"ppntid":0,"trialid":1,"simBweight":2.92900152504444,"myBweight":0.2987330895848572,"myvalue1":8.163464010869681,"myvalue2":1.8627271324565675,"myvalue3":10.932248545058648,"simvalue1":24.8420819882576,"simvalue2":16.5181396438975,"simvalue3":37.2214369068358,"mychoice":3,"simchoice":3,"myA1":5.189912288915366,"myA2":1.3686253828927875,"myA3":8.297067212406546,"myB1":9.953874631319195,"myB2":1.6539906919933856,"myB3":8.821189966984093,"simA1":5.67112212534994,"simA2":2.389488783665,"simA3":8.77995934104547,"simB1":6.54522017110139,"simB2":4.82370894635096,"simB3":9.71029797103256}