{"ppntid":0,"trialid":12,"simBweight":2.92900152504444,"myBweight":3.365383535856381,"myvalue1":38.69499631725665,"myvalue2":11.37637472872939,"myvalue3":20.041697017136826,"simvalue1":28.1951467835836,"simvalue2":11.8677511152072,"simvalue3":18.803283641035,"mychoice":1,"simchoice":1,"myA1":9.828015002422035,"myA2":1.0823008650913835,"myA3":6.741481551434845,"myB1":8.577620056457818,"myB2":3.0588115006685257,"myB3":3.952065291814506,"simA1":7.654377091676,"simA2":4.44485993124545,"simA3":0.361374919302762,"simB1":7.01289142947644,"simB2":2.53427358111367,"simB3":6.29631243413314}