{"ppntid":0,"trialid":4,"simBweight":2.92900152504444,"myBweight":2.606156230904162,"myvalue1":29.254932407062064,"myvalue2":21.88194501054157,"myvalue3":17.301200126632573,"simvalue1":29.0820167366599,"simvalue2":31.8749931806181,"simvalue3":27.5839703264988,"mychoice":1,"simchoice":2,"myA1":8.284520134329796,"myA2":7.019509985111654,"myA3":4.2167914169840515,"myB1":8.046490852721035,"myB2":5.70281813852489,"myB3":5.0205772602930665,"simA1":7.23374933004379,"simA2":5.64809889299795,"simA3":3.88609998160973,"simB1":7.459288504906,"simB2":8.95420984365046,"simB3":8.0907674995251}