{"ppntid":0,"trialid":4,"simBweight":2.92900152504444,"myBweight":0.8501570229418576,"myvalue1":10.902217829160765,"myvalue2":13.244458311755203,"myvalue3":13.877453276242639,"simvalue1":29.0820167366599,"simvalue2":31.8749931806181,"simvalue3":27.5839703264988,"mychoice":3,"simchoice":2,"myA1":4.230459704995155,"myA2":6.949027250520885,"myA3":9.78023754665628,"myB1":7.847677480895072,"myB2":7.405021532904357,"myB3":4.819363504648209,"simA1":7.23374933004379,"simA2":5.64809889299795,"simA3":3.88609998160973,"simB1":7.459288504906,"simB2":8.95420984365046,"simB3":8.0907674995251}