{"ppntid":0,"trialid":3,"simBweight":2.92900152504444,"myBweight":3.0678941146470606,"myvalue1":23.265902949905506,"myvalue2":5.605577462750496,"myvalue3":39.411704738793006,"simvalue1":8.12483891560789,"simvalue2":28.2043243209439,"simvalue3":35.1603063288223,"mychoice":3,"simchoice":3,"myA1":5.00616715522483,"myA2":1.929546243045479,"myA3":8.87328629149124,"myB1":5.951879404019564,"myB2":1.1982262367382646,"myB3":9.95419571409002,"simA1":5.65594530198723,"simA2":1.80899103172123,"simA3":9.04499290045351,"simB1":0.842913051601499,"simB2":9.01171715464443,"simB3":8.91611465718597}