{"ppntid":0,"trialid":2,"simBweight":2.92900152504444,"myBweight":2.471271448303014,"myvalue1":13.163020784088348,"myvalue2":18.93072074676731,"myvalue3":16.63863701365017,"simvalue1":4.79336017374058,"simvalue2":33.7039452458313,"simvalue3":10.9773753368355,"mychoice":2,"simchoice":2,"myA1":3.3216980914585292,"myA2":5.92761947773397,"myA3":4.096459296997637,"myB1":3.9822912611998618,"myB2":5.261704972945154,"myB3":5.07519225589931,"simA1":4.60025910520926,"simA2":6.2205648701638,"simA3":3.88418034650385,"simB1":0.0659272680059075,"simB2":9.38319087261334,"simB3":2.42171092424542}