{"ppntid":0,"trialid":2,"simBweight":2.92900152504444,"myBweight":0.05655318032950163,"myvalue1":6.845457801337814,"myvalue2":8.82158267069413,"myvalue3":8.8028562719414,"simvalue1":4.79336017374058,"simvalue2":33.7039452458313,"simvalue3":10.9773753368355,"mychoice":2,"simchoice":2,"myA1":6.635410680901259,"myA2":8.650308214128017,"myA3":8.76368694473058,"myB1":3.7141522229649127,"myB2":3.0285556986927986,"myB3":0.6926105124875903,"simA1":4.60025910520926,"simA2":6.2205648701638,"simA3":3.88418034650385,"simB1":0.0659272680059075,"simB2":9.38319087261334,"simB3":2.42171092424542}