{"ppntid":0,"trialid":1,"simBweight":2.92900152504444,"myBweight":2.29998649796471,"myvalue1":22.813339380856952,"myvalue2":6.819459582452316,"myvalue3":25.955736086175772,"simvalue1":24.8420819882576,"simvalue2":16.5181396438975,"simvalue3":37.2214369068358,"mychoice":3,"simchoice":3,"myA1":8.234240990132093,"myA2":0.745819085277617,"myA3":4.459298748988658,"myB1":6.338775642216206,"myB2":2.640728761907667,"myB3":9.346331970300525,"simA1":5.67112212534994,"simA2":2.389488783665,"simA3":8.77995934104547,"simB1":6.54522017110139,"simB2":4.82370894635096,"simB3":9.71029797103256}