{"ppntid":0,"trialid":5,"simBweight":2.92900152504444,"myBweight":1.0089819913264364,"myvalue1":9.135884637667042,"myvalue2":11.818355985526097,"myvalue3":9.629190707479394,"simvalue1":13.2756742221018,"simvalue2":30.3546781549135,"simvalue3":23.5392310011038,"mychoice":2,"simchoice":2,"myA1":6.404907836113125,"myA2":3.2171563035808504,"myA3":0.9397389367222786,"myB1":2.7066655550152063,"myB2":8.524631515610963,"myB3":8.612097981385887,"simA1":8.18546326132491,"simA2":4.21199968550354,"simA3":1.76696498412639,"simB1":1.73786558909342,"simB2":8.92545744543895,"simB3":7.43334062164649}