{"ppntid":0,"trialid":4,"simBweight":2.92900152504444,"myBweight":2.3124457814265043,"myvalue1":29.49911284178457,"myvalue2":26.250419083787715,"myvalue3":18.884987982417694,"simvalue1":29.0820167366599,"simvalue2":31.8749931806181,"simvalue3":27.5839703264988,"mychoice":1,"simchoice":2,"myA1":9.146056787576526,"myA2":7.627936841454357,"myA3":5.8043543878011405,"myB1":8.801527896430343,"myB2":8.053154107183218,"myB3":5.656622827518731,"simA1":7.23374933004379,"simA2":5.64809889299795,"simA3":3.88609998160973,"simB1":7.459288504906,"simB2":8.95420984365046,"simB3":8.0907674995251}