{"ppntid":0,"trialid":4,"simBweight":2.92900152504444,"myBweight":0.569411403266713,"myvalue1":11.380911454141096,"myvalue2":10.610422434956025,"myvalue3":9.624996162286426,"simvalue1":29.0820167366599,"simvalue2":31.8749931806181,"simvalue3":27.5839703264988,"mychoice":1,"simchoice":2,"myA1":8.970143932383507,"myA2":7.262417594902217,"myA3":5.001292510423809,"myB1":4.233788624405861,"myB2":5.879764298442751,"myB3":8.120145865250379,"simA1":7.23374933004379,"simA2":5.64809889299795,"simA3":3.88609998160973,"simB1":7.459288504906,"simB2":8.95420984365046,"simB3":8.0907674995251}