{"ppntid":0,"trialid":5,"simBweight":2.92900152504444,"myBweight":1.015957014169544,"myvalue1":14.816658985400572,"myvalue2":6.797722037949727,"myvalue3":2.82339740435377,"simvalue1":13.2756742221018,"simvalue2":30.3546781549135,"simvalue3":23.5392310011038,"mychoice":1,"simchoice":2,"myA1":6.9762062188237906,"myA2":3.787579743657261,"myA3":2.162143613677472,"myB1":7.71730758016929,"myB2":2.9628638341091573,"myB3":0.6508678826503456,"simA1":8.18546326132491,"simA2":4.21199968550354,"simA3":1.76696498412639,"simB1":1.73786558909342,"simB2":8.92545744543895,"simB3":7.43334062164649}