{"ppntid":0,"trialid":1,"simBweight":2.92900152504444,"myBweight":0.6688851758372039,"myvalue1":6.352728194444802,"myvalue2":4.126931837302303,"myvalue3":13.041140799449987,"simvalue1":24.8420819882576,"simvalue2":16.5181396438975,"simvalue3":37.2214369068358,"mychoice":3,"simchoice":3,"myA1":5.5918402201496065,"myA2":2.326533324085176,"myA3":8.618508907966316,"myB1":1.1375464755110443,"myB2":2.691640625707805,"myB3":6.61194484680891,"simA1":5.67112212534994,"simA2":2.389488783665,"simA3":8.77995934104547,"simB1":6.54522017110139,"simB2":4.82370894635096,"simB3":9.71029797103256}