{"ppntid":0,"trialid":5,"simBweight":2.92900152504444,"myBweight":2.479733512736857,"myvalue1":31.85159700637638,"myvalue2":10.014165982374863,"myvalue3":12.47460074695517,"simvalue1":13.2756742221018,"simvalue2":30.3546781549135,"simvalue3":23.5392310011038,"mychoice":1,"simchoice":2,"myA1":7.7046466316096485,"myA2":4.63066176045686,"myA3":2.2088149492628872,"myB1":9.737719900440425,"myB2":2.17100111534819,"myB3":4.139874605461955,"simA1":8.18546326132491,"simA2":4.21199968550354,"simA3":1.76696498412639,"simB1":1.73786558909342,"simB2":8.92545744543895,"simB3":7.43334062164649}