{"ppntid":0,"trialid":2,"simBweight":2.92900152504444,"myBweight":0.7742443971801549,"myvalue1":7.690925945325853,"myvalue2":9.6265392823688,"myvalue3":6.914910991262251,"simvalue1":4.79336017374058,"simvalue2":33.7039452458313,"simvalue3":10.9773753368355,"mychoice":2,"simchoice":2,"myA1":4.211595491506159,"myA2":5.822721412405372,"myA3":4.448494652751833,"myB1":4.493840015493333,"myB2":4.912942068185657,"myB3":3.1855785427615047,"simA1":4.60025910520926,"simA2":6.2205648701638,"simA3":3.88418034650385,"simB1":0.0659272680059075,"simB2":9.38319087261334,"simB3":2.42171092424542}