{"ppntid":0,"trialid":9,"simBweight":2.92900152504444,"myBweight":2.708744938718155,"myvalue1":20.0109506621416,"myvalue2":30.251396958682204,"myvalue3":9.768983003265989,"simvalue1":23.3903938429017,"simvalue2":18.0867040995148,"simvalue3":35.9628005125761,"mychoice":2,"simchoice":3,"myA1":3.5359109309501946,"myA2":9.296984593383968,"myA3":5.6686518574133515,"myB1":6.082167241256684,"myB2":7.735838124062866,"myB3":1.513738369103521,"simA1":2.61885447893292,"simA2":1.33204466663301,"simA3":9.1047868761234,"simB1":7.09167925873771,"simB2":5.72026313049719,"simB3":9.16968236677349}