{"ppntid":0,"trialid":3,"simBweight":2.92900152504444,"myBweight":3.9963706221897155,"myvalue1":6.421043608664261,"myvalue2":27.17374422058136,"myvalue3":47.685744994727884,"simvalue1":8.12483891560789,"simvalue2":28.2043243209439,"simvalue3":35.1603063288223,"mychoice":3,"simchoice":3,"myA1":4.481812720187008,"myA2":3.9837678358890116,"myA3":9.25166454166174,"myB1":0.4852480092085898,"myB2":5.802759197540581,"myB3":9.617246268317103,"simA1":5.65594530198723,"simA2":1.80899103172123,"simA3":9.04499290045351,"simB1":0.842913051601499,"simB2":9.01171715464443,"simB3":8.91611465718597}