{"ppntid":0,"trialid":1,"simBweight":2.92900152504444,"myBweight":1.6586087888572365,"myvalue1":13.38954721837668,"myvalue2":10.076841631124257,"myvalue3":24.14431938649948,"simvalue1":24.8420819882576,"simvalue2":16.5181396438975,"simvalue3":37.2214369068358,"mychoice":3,"simchoice":3,"myA1":9.766062628477812,"myA2":0.18220093566924334,"myA3":9.227660547476262,"myB1":2.18465295387432,"myB2":5.965626591350883,"myB3":8.993476303294301,"simA1":5.67112212534994,"simA2":2.389488783665,"simA3":8.77995934104547,"simB1":6.54522017110139,"simB2":4.82370894635096,"simB3":9.71029797103256}