{"ppntid":0,"trialid":13,"simBweight":2.92900152504444,"myBweight":1.4927448285743594,"myvalue1":12.213626469407577,"myvalue2":11.018904729557091,"myvalue3":11.337794858112492,"simvalue1":19.4881299579769,"simvalue2":24.9032378382858,"simvalue3":10.8954607930942,"mychoice":1,"simchoice":2,"myA1":3.459887304343283,"myA2":4.635632846038789,"myA3":2.9318225546739995,"myB1":5.864189912099391,"myB2":4.276197620201856,"myB3":5.631218506023288,"simA1":2.6640361500904,"simA2":5.32445900142193,"simA3":4.68264800496399,"simB1":5.74396894779056,"simB2":6.68445498216897,"simB3":2.12113675428554}