{"ppntid":0,"trialid":12,"simBweight":2.92900152504444,"myBweight":0.417432818794623,"myvalue1":10.825820535473762,"myvalue2":5.544483215546569,"myvalue3":2.8507311815949987,"simvalue1":28.1951467835836,"simvalue2":11.8677511152072,"simvalue3":18.803283641035,"mychoice":1,"simchoice":1,"myA1":8.194128116592765,"myA2":4.934485235717148,"myA3":0.658130703959614,"myB1":6.304469367023557,"myB2":1.4613081491552293,"myB3":5.252582880202681,"simA1":7.654377091676,"simA2":4.44485993124545,"simA3":0.361374919302762,"simB1":7.01289142947644,"simB2":2.53427358111367,"simB3":6.29631243413314}