{"ppntid":0,"trialid":2,"simBweight":2.92900152504444,"myBweight":3.739722112659365,"myvalue1":14.209076587560295,"myvalue2":25.04602840067283,"myvalue3":16.64111771992429,"simvalue1":4.79336017374058,"simvalue2":33.7039452458313,"simvalue3":10.9773753368355,"mychoice":2,"simchoice":2,"myA1":6.575890181120485,"myA2":9.47294922079891,"myA3":7.51194923883304,"myB1":2.041110589634627,"myB2":4.16423432296142,"myB3":2.441135519184172,"simA1":4.60025910520926,"simA2":6.2205648701638,"simA3":3.88418034650385,"simB1":0.0659272680059075,"simB2":9.38319087261334,"simB3":2.42171092424542}