{"ppntid":0,"trialid":1,"simBweight":2.92900152504444,"myBweight":4.620374933583662,"myvalue1":36.1492398534771,"myvalue2":5.734723132394189,"myvalue3":42.73939235734408,"simvalue1":24.8420819882576,"simvalue2":16.5181396438975,"simvalue3":37.2214369068358,"mychoice":3,"simchoice":3,"myA1":3.388578847516328,"myA2":0.10519563220441341,"myA3":6.736761254724115,"myB1":7.090476742014289,"myB2":1.2184135662391782,"myB3":7.792144927661866,"simA1":5.67112212534994,"simA2":2.389488783665,"simA3":8.77995934104547,"simB1":6.54522017110139,"simB2":4.82370894635096,"simB3":9.71029797103256}