{"ppntid":0,"trialid":1,"simBweight":2.92900152504444,"myBweight":1.143496895674616,"myvalue1":4.750804403719088,"myvalue2":3.8819280265115745,"myvalue3":17.19907165564269,"simvalue1":24.8420819882576,"simvalue2":16.5181396438975,"simvalue3":37.2214369068358,"mychoice":3,"simchoice":3,"myA1":4.632195977028459,"myA2":3.516865838319063,"myA3":9.617178807966411,"myB1":0.10372431017458439,"myB2":0.3192507033236325,"myB3":6.63044462678954,"simA1":5.67112212534994,"simA2":2.389488783665,"simA3":8.77995934104547,"simB1":6.54522017110139,"simB2":4.82370894635096,"simB3":9.71029797103256}