{"ppntid":0,"trialid":4,"simBweight":2.92900152504444,"myBweight":0.5331719701644033,"myvalue1":11.043094538571086,"myvalue2":11.071973681771752,"myvalue3":7.615261500733064,"simvalue1":29.0820167366599,"simvalue2":31.8749931806181,"simvalue3":27.5839703264988,"mychoice":2,"simchoice":2,"myA1":5.866535869427025,"myA2":6.88818380003795,"myA3":2.5453975633718073,"myB1":9.708985015749931,"myB2":7.8469801787287,"myB3":9.508871848229319,"simA1":7.23374933004379,"simA2":5.64809889299795,"simA3":3.88609998160973,"simB1":7.459288504906,"simB2":8.95420984365046,"simB3":8.0907674995251}