{"ppntid":0,"trialid":5,"simBweight":2.92900152504444,"myBweight":3.0923795350827277,"myvalue1":35.71649991628317,"myvalue2":18.348635169761785,"myvalue3":19.348835126184788,"simvalue1":13.2756742221018,"simvalue2":30.3546781549135,"simvalue3":23.5392310011038,"mychoice":1,"simchoice":2,"myA1":9.434392605908215,"myA2":3.612610436975956,"myA3":5.932029483374208,"myB1":8.498991476371884,"myB2":4.7652704222127795,"myB3":4.338667194824666,"simA1":8.18546326132491,"simA2":4.21199968550354,"simA3":1.76696498412639,"simB1":1.73786558909342,"simB2":8.92545744543895,"simB3":7.43334062164649}