{"ppntid":0,"trialid":3,"simBweight":2.92900152504444,"myBweight":1.6474981105420738,"myvalue1":13.904625386849448,"myvalue2":11.714363078738362,"myvalue3":23.857164320040614,"simvalue1":8.12483891560789,"simvalue2":28.2043243209439,"simvalue3":35.1603063288223,"mychoice":3,"simchoice":3,"myA1":5.438088332302868,"myA2":4.28565860260278,"myA3":9.09285701578483,"myB1":5.1390268676914275,"myB2":4.50908224331215,"myB3":8.961653558071703,"simA1":5.65594530198723,"simA2":1.80899103172123,"simA3":9.04499290045351,"simB1":0.842913051601499,"simB2":9.01171715464443,"simB3":8.91611465718597}