{"ppntid":0,"trialid":4,"simBweight":2.92900152504444,"myBweight":2.76379972579889,"myvalue1":24.72008217318357,"myvalue2":19.956258026310312,"myvalue3":20.95471341129238,"simvalue1":29.0820167366599,"simvalue2":31.8749931806181,"simvalue3":27.5839703264988,"mychoice":1,"simchoice":2,"myA1":2.5555398617871106,"myA2":5.687982544768602,"myA3":8.288488737307489,"myB1":8.019590603653342,"myB2":5.162557673174888,"myB3":4.582902500405908,"simA1":7.23374933004379,"simA2":5.64809889299795,"simA3":3.88609998160973,"simB1":7.459288504906,"simB2":8.95420984365046,"simB3":8.0907674995251}