{"ppntid":0,"trialid":5,"simBweight":2.92900152504444,"myBweight":3.141434881836176,"myvalue1":24.281108433091326,"myvalue2":10.220686077402743,"myvalue3":15.145640759506872,"simvalue1":13.2756742221018,"simvalue2":30.3546781549135,"simvalue3":23.5392310011038,"mychoice":1,"simchoice":2,"myA1":0.4017226304858923,"myA2":8.803913216106594,"myA3":9.610868063755333,"myB1":7.601426322944462,"myB2":0.4509954573586583,"myB3":1.7618613480590284,"simA1":8.18546326132491,"simA2":4.21199968550354,"simA3":1.76696498412639,"simB1":1.73786558909342,"simB2":8.92545744543895,"simB3":7.43334062164649}