{"ppntid":0,"trialid":7,"simBweight":2.92900152504444,"myBweight":0.20162031520158052,"myvalue1":2.107929958595987,"myvalue2":7.773211447369585,"myvalue3":9.800002020007843,"simvalue1":29.155178200811,"simvalue2":15.1925325184091,"simvalue3":26.5468177351021,"mychoice":3,"simchoice":3,"myA1":1.7597485170699656,"myA2":5.774111330974847,"myA3":8.272577519528568,"myB1":1.72691646264866,"myB2":9.915172061882913,"myB3":7.575747012160718,"simA1":0.691449935548007,"simA2":5.14853976666927,"simA3":8.05417287861928,"simB1":9.71789465518668,"simB2":3.42915244866163,"simB3":6.3136344240047}