{"ppntid":0,"trialid":4,"simBweight":2.92900152504444,"myBweight":1.7310493299737573,"myvalue1":23.419544457522086,"myvalue2":19.179775197087736,"myvalue3":17.095677071374148,"simvalue1":29.0820167366599,"simvalue2":31.8749931806181,"simvalue3":27.5839703264988,"mychoice":1,"simchoice":2,"myA1":9.14231579285115,"myA2":8.601678505074233,"myA3":5.890783166978508,"myB1":8.247730678413063,"myB2":6.110800257883966,"myB3":6.47289115935564,"simA1":7.23374933004379,"simA2":5.64809889299795,"simA3":3.88609998160973,"simB1":7.459288504906,"simB2":8.95420984365046,"simB3":8.0907674995251}