{"ppntid":0,"trialid":5,"simBweight":2.92900152504444,"myBweight":2.4245671089738607,"myvalue1":27.38165598262691,"myvalue2":15.679284956123867,"myvalue3":12.53146440776869,"simvalue1":13.2756742221018,"simvalue2":30.3546781549135,"simvalue3":23.5392310011038,"mychoice":1,"simchoice":2,"myA1":5.5927066039294,"myA2":2.1913621108978987,"myA3":0.11496340855956078,"myB1":8.986738002859056,"myB2":5.5630231043323874,"myB3":5.121120777912438,"simA1":8.18546326132491,"simA2":4.21199968550354,"simA3":1.76696498412639,"simB1":1.73786558909342,"simB2":8.92545744543895,"simB3":7.43334062164649}