{"ppntid":0,"trialid":5,"simBweight":2.92900152504444,"myBweight":0.055551655823364854,"myvalue1":8.067637065087979,"myvalue2":4.805370458403304,"myvalue3":2.0390886529651033,"simvalue1":13.2756742221018,"simvalue2":30.3546781549135,"simvalue3":23.5392310011038,"mychoice":1,"simchoice":2,"myA1":7.6104487222619355,"myA2":4.590902018826455,"myA3":1.767019631806761,"myB1":8.229967874940485,"myB2":3.8607029151171446,"myB3":4.897586167789996,"simA1":8.18546326132491,"simA2":4.21199968550354,"simA3":1.76696498412639,"simB1":1.73786558909342,"simB2":8.92545744543895,"simB3":7.43334062164649}