{"ppntid":0,"trialid":8,"simBweight":2.92900152504444,"myBweight":0.13093481422401965,"myvalue1":4.338262006750622,"myvalue2":3.1518420277671746,"myvalue3":10.889878876858319,"simvalue1":24.3077395788662,"simvalue2":12.8486379765393,"simvalue3":21.1752809804918,"mychoice":3,"simchoice":3,"myA1":3.5346387629397213,"myA2":2.34832372283563,"myA3":9.601638899184763,"myB1":6.137582648079842,"myB2":6.136781189125031,"myB3":9.838788753841072,"simA1":4.10054257372394,"simA2":3.45694060437381,"simA3":8.24872852535918,"simB1":6.89900528639555,"simB2":3.20645014755428,"simB3":4.41329659428447}