{"ppntid":0,"trialid":1,"simBweight":2.92900152504444,"myBweight":0.897446742746979,"myvalue1":12.202001005991454,"myvalue2":4.664285756331951,"myvalue3":17.768079081777003,"simvalue1":24.8420819882576,"simvalue2":16.5181396438975,"simvalue3":37.2214369068358,"mychoice":3,"simchoice":3,"myA1":4.15114683797583,"myA2":1.697215992026031,"myA3":8.890498345717788,"myB1":8.970843376591802,"myB2":3.3061234978958964,"myB3":9.892041848506778,"simA1":5.67112212534994,"simA2":2.389488783665,"simA3":8.77995934104547,"simB1":6.54522017110139,"simB2":4.82370894635096,"simB3":9.71029797103256}