{"ppntid":0,"trialid":1,"simBweight":2.92900152504444,"myBweight":0.3881461371202022,"myvalue1":7.621968620191045,"myvalue2":3.0919692933770166,"myvalue3":12.33891330047194,"simvalue1":24.8420819882576,"simvalue2":16.5181396438975,"simvalue3":37.2214369068358,"mychoice":3,"simchoice":3,"myA1":6.706133303232491,"myA2":1.267570136114955,"myA3":8.944767713546753,"myB1":2.359511610120535,"myB2":4.700289356987923,"myB3":8.744504356291145,"simA1":5.67112212534994,"simA2":2.389488783665,"simA3":8.77995934104547,"simB1":6.54522017110139,"simB2":4.82370894635096,"simB3":9.71029797103256}