{"ppntid":0,"trialid":4,"simBweight":2.92900152504444,"myBweight":0.6918705743737519,"myvalue1":11.086314390329639,"myvalue2":11.743793021883848,"myvalue3":10.52029373129151,"simvalue1":29.0820167366599,"simvalue2":31.8749931806181,"simvalue3":27.5839703264988,"mychoice":2,"simchoice":2,"myA1":6.853459344711155,"myA2":9.34306392678991,"myA3":8.87712212279439,"myB1":6.11798680620268,"myB2":3.4699106798507273,"myB3":2.374969639349729,"simA1":7.23374933004379,"simA2":5.64809889299795,"simA3":3.88609998160973,"simB1":7.459288504906,"simB2":8.95420984365046,"simB3":8.0907674995251}