{"ppntid":0,"trialid":5,"simBweight":2.92900152504444,"myBweight":0.6388908508233726,"myvalue1":13.032521266548228,"myvalue2":10.418540288776896,"myvalue3":7.4298049167016105,"simvalue1":13.2756742221018,"simvalue2":30.3546781549135,"simvalue3":23.5392310011038,"mychoice":1,"simchoice":2,"myA1":9.956402741372585,"myA2":9.274494533892721,"myA3":6.335696198511869,"myB1":4.814779427833855,"myB2":1.790674813091755,"myB3":1.712512734811753,"simA1":8.18546326132491,"simA2":4.21199968550354,"simA3":1.76696498412639,"simB1":1.73786558909342,"simB2":8.92545744543895,"simB3":7.43334062164649}