{"ppntid":0,"trialid":1,"simBweight":2.92900152504444,"myBweight":0.2681121986825019,"myvalue1":7.224356088461666,"myvalue2":1.5263319960653445,"myvalue3":11.977636673482314,"simvalue1":24.8420819882576,"simvalue2":16.5181396438975,"simvalue3":37.2214369068358,"mychoice":3,"simchoice":3,"myA1":5.04537153057754,"myA2":0.3924782993271947,"myA3":9.416581375990063,"myB1":8.127136954572052,"myB2":4.229026886168867,"myB3":9.552177446894348,"simA1":5.67112212534994,"simA2":2.389488783665,"simA3":8.77995934104547,"simB1":6.54522017110139,"simB2":4.82370894635096,"simB3":9.71029797103256}