{"ppntid":0,"trialid":5,"simBweight":2.92900152504444,"myBweight":0.44766790815629065,"myvalue1":11.3338635711857,"myvalue2":5.5382766198228355,"myvalue3":4.941565632178948,"simvalue1":13.2756742221018,"simvalue2":30.3546781549135,"simvalue3":23.5392310011038,"mychoice":1,"simchoice":2,"myA1":7.27365993661806,"myA2":2.824367166031152,"myA3":2.5631121173501015,"myB1":9.069677679799497,"myB2":6.0623274627141654,"myB3":5.312986415810883,"simA1":8.18546326132491,"simA2":4.21199968550354,"simA3":1.76696498412639,"simB1":1.73786558909342,"simB2":8.92545744543895,"simB3":7.43334062164649}