{"ppntid":0,"trialid":4,"simBweight":2.92900152504444,"myBweight":0.5165630101691931,"myvalue1":12.585254630195246,"myvalue2":8.412143908970917,"myvalue3":8.001745275480804,"simvalue1":29.0820167366599,"simvalue2":31.8749931806181,"simvalue3":27.5839703264988,"mychoice":1,"simchoice":2,"myA1":7.432747057173401,"myA2":4.480913463048637,"myA3":2.986684136558324,"myB1":9.974596460815519,"myB2":7.610359953250736,"myB3":9.708517722319812,"simA1":7.23374933004379,"simA2":5.64809889299795,"simA3":3.88609998160973,"simB1":7.459288504906,"simB2":8.95420984365046,"simB3":8.0907674995251}