{"ppntid":0,"trialid":2,"simBweight":2.92900152504444,"myBweight":0.945983330020681,"myvalue1":8.827710014335356,"myvalue2":12.304847589195957,"myvalue3":9.812136278825312,"simvalue1":4.79336017374058,"simvalue2":33.7039452458313,"simvalue3":10.9773753368355,"mychoice":2,"simchoice":2,"myA1":0.027635653968900442,"myA2":2.9505367996171117,"myA3":0.9432222181931138,"myB1":9.30256811203435,"myB2":9.888452040031552,"myB3":9.375338633544743,"simA1":4.60025910520926,"simA2":6.2205648701638,"simA3":3.88418034650385,"simB1":0.0659272680059075,"simB2":9.38319087261334,"simB3":2.42171092424542}