{"ppntid":0,"trialid":17,"simBweight":2.92900152504444,"myBweight":3.9790375460870564,"myvalue1":31.932976989123155,"myvalue2":16.12413259764209,"myvalue3":15.39817488240855,"simvalue1":19.9234262640653,"simvalue2":13.9677524902278,"simvalue3":11.0300755708769,"mychoice":1,"simchoice":1,"myA1":4.129110816866159,"myA2":9.496570671908557,"myA3":0.07956871297210455,"myB1":6.98758577927947,"myB2":1.665619348641485,"myB3":3.8498269976116717,"simA1":9.80476663913578,"simA2":2.00600294396281,"simA3":5.52263837540522,"simB1":3.45464471029118,"simB2":4.08390007447451,"simB3":1.88031216384843}