{"ppntid":0,"trialid":1,"simBweight":2.92900152504444,"myBweight":0.7351294241379946,"myvalue1":8.404276651175213,"myvalue2":1.2238208935624946,"myvalue3":14.027787668405235,"simvalue1":24.8420819882576,"simvalue2":16.5181396438975,"simvalue3":37.2214369068358,"mychoice":3,"simchoice":3,"myA1":3.8375898683443666,"myA2":0.34136903937906027,"myA3":7.575231876689941,"myB1":6.212085427250713,"myB2":1.2004033918492496,"myB3":8.777441876009107,"simA1":5.67112212534994,"simA2":2.389488783665,"simA3":8.77995934104547,"simB1":6.54522017110139,"simB2":4.82370894635096,"simB3":9.71029797103256}