{"ppntid":0,"trialid":2,"simBweight":2.92900152504444,"myBweight":3.5586573102045804,"myvalue1":9.789501351739904,"myvalue2":10.629211824753508,"myvalue3":20.482123971088917,"simvalue1":4.79336017374058,"simvalue2":33.7039452458313,"simvalue3":10.9773753368355,"mychoice":3,"simchoice":2,"myA1":3.0104587180539966,"myA2":5.351908756420016,"myA3":3.3205040846951306,"myB1":1.9049439276568592,"myB2":1.4829478110186756,"myB3":4.822498597204685,"simA1":4.60025910520926,"simA2":6.2205648701638,"simA3":3.88418034650385,"simB1":0.0659272680059075,"simB2":9.38319087261334,"simB3":2.42171092424542}