{"ppntid":0,"trialid":4,"simBweight":2.92900152504444,"myBweight":1.607034670887515,"myvalue1":20.36279862522089,"myvalue2":18.083043802361544,"myvalue3":18.345441084483834,"simvalue1":29.0820167366599,"simvalue2":31.8749931806181,"simvalue3":27.5839703264988,"mychoice":1,"simchoice":2,"myA1":5.593421508092433,"myA2":7.625877058599144,"myA3":8.940112374257296,"myB1":9.190453314222395,"myB2":6.507119562011212,"myB3":5.8525985036976635,"simA1":7.23374933004379,"simA2":5.64809889299795,"simA3":3.88609998160973,"simB1":7.459288504906,"simB2":8.95420984365046,"simB3":8.0907674995251}