{"ppntid":0,"trialid":1,"simBweight":2.92900152504444,"myBweight":2.8471696993801743,"myvalue1":22.890828194209515,"myvalue2":15.699666508666754,"myvalue3":35.2690587145384,"simvalue1":24.8420819882576,"simvalue2":16.5181396438975,"simvalue3":37.2214369068358,"mychoice":3,"simchoice":3,"myA1":1.5352882677689195,"myA2":7.157509475946426,"myA3":8.975555913057178,"myB1":7.5006206799298525,"myB2":3.000227571465075,"myB3":9.23496158560738,"simA1":5.67112212534994,"simA2":2.389488783665,"simA3":8.77995934104547,"simB1":6.54522017110139,"simB2":4.82370894635096,"simB3":9.71029797103256}