{"ppntid":0,"trialid":2,"simBweight":2.92900152504444,"myBweight":2.46437109191902,"myvalue1":10.253560462685886,"myvalue2":17.363672468561774,"myvalue3":14.409307995382747,"simvalue1":4.79336017374058,"simvalue2":33.7039452458313,"simvalue3":10.9773753368355,"mychoice":2,"simchoice":2,"myA1":6.240607027430087,"myA2":8.515920017380267,"myA3":8.710686806589365,"myB1":1.6283884551376104,"myB2":3.5902679106220603,"myB3":2.3124038451351225,"simA1":4.60025910520926,"simA2":6.2205648701638,"simA3":3.88418034650385,"simB1":0.0659272680059075,"simB2":9.38319087261334,"simB3":2.42171092424542}