{"ppntid":0,"trialid":1,"simBweight":2.92900152504444,"myBweight":0.4078342823777348,"myvalue1":8.466053417149652,"myvalue2":3.5837132255335273,"myvalue3":13.395249727856328,"simvalue1":24.8420819882576,"simvalue2":16.5181396438975,"simvalue3":37.2214369068358,"mychoice":3,"simchoice":3,"myA1":6.189967889804393,"myA2":2.962252947036177,"myA3":9.583495135884732,"myB1":5.580907799303532,"myB2":1.5238058823160827,"myB3":9.346331970300525,"simA1":5.67112212534994,"simA2":2.389488783665,"simA3":8.77995934104547,"simB1":6.54522017110139,"simB2":4.82370894635096,"simB3":9.71029797103256}