{"ppntid":0,"trialid":3,"simBweight":2.92900152504444,"myBweight":4.757464627036825,"myvalue1":3.823059588606193,"myvalue2":16.680355471040443,"myvalue3":46.05955926147529,"simvalue1":8.12483891560789,"simvalue2":28.2043243209439,"simvalue3":35.1603063288223,"mychoice":3,"simchoice":3,"myA1":3.4576250263489783,"myA2":5.368344185408205,"myA3":9.23496158560738,"myB1":0.07681288057938218,"myB2":2.3777394415810704,"myB3":7.740382864139974,"simA1":5.65594530198723,"simA2":1.80899103172123,"simA3":9.04499290045351,"simB1":0.842913051601499,"simB2":9.01171715464443,"simB3":8.91611465718597}