{"ppntid":0,"trialid":1,"simBweight":2.92900152504444,"myBweight":3.1706060061696917,"myvalue1":22.442052896593903,"myvalue2":10.688554018894612,"myvalue3":38.40843553758208,"simvalue1":24.8420819882576,"simvalue2":16.5181396438975,"simvalue3":37.2214369068358,"mychoice":3,"simchoice":3,"myA1":3.8850752217695117,"myA2":5.77785053756088,"myA3":9.209317658096552,"myB1":5.8528172969818115,"myB2":1.5488217305392027,"myB3":9.209317658096552,"simA1":5.67112212534994,"simA2":2.389488783665,"simA3":8.77995934104547,"simB1":6.54522017110139,"simB2":4.82370894635096,"simB3":9.71029797103256}