{"ppntid":0,"trialid":1,"simBweight":2.92900152504444,"myBweight":0.3258845186792314,"myvalue1":8.086979246335279,"myvalue2":3.8595880442386648,"myvalue3":12.545914705101666,"simvalue1":24.8420819882576,"simvalue2":16.5181396438975,"simvalue3":37.2214369068358,"mychoice":3,"simchoice":3,"myA1":6.201967881061137,"myA2":2.9528698697686195,"myA3":9.61695818696171,"myB1":5.784292463213205,"myB2":2.7823296980932355,"myB3":8.98771297885105,"simA1":5.67112212534994,"simA2":2.389488783665,"simA3":8.77995934104547,"simB1":6.54522017110139,"simB2":4.82370894635096,"simB3":9.71029797103256}