{"ppntid":0,"trialid":1,"simBweight":2.92900152504444,"myBweight":0.47669308725744486,"myvalue1":9.435514520738414,"myvalue2":3.3465803034479453,"myvalue3":13.908391711125471,"simvalue1":24.8420819882576,"simvalue2":16.5181396438975,"simvalue3":37.2214369068358,"mychoice":3,"simchoice":3,"myA1":7.158995810896158,"myA2":2.7997170039452612,"myA3":9.75396390305832,"myB1":4.775648673530668,"myB2":1.1472020763903856,"myB3":8.71509975520894,"simA1":5.67112212534994,"simA2":2.389488783665,"simA3":8.77995934104547,"simB1":6.54522017110139,"simB2":4.82370894635096,"simB3":9.71029797103256}