{"ppntid":0,"trialid":2,"simBweight":2.92900152504444,"myBweight":2.2072814940474927,"myvalue1":7.183206314859831,"myvalue2":22.692071827146425,"myvalue3":5.530201207353197,"simvalue1":4.79336017374058,"simvalue2":33.7039452458313,"simvalue3":10.9773753368355,"mychoice":2,"simchoice":2,"myA1":0.5178474099375308,"myA2":9.749435258563608,"myA3":0.1456095348112285,"myB1":3.0197140341624618,"myB2":5.863609423395246,"myB3":2.4394675926305354,"simA1":4.60025910520926,"simA2":6.2205648701638,"simA3":3.88418034650385,"simB1":0.0659272680059075,"simB2":9.38319087261334,"simB3":2.42171092424542}