{"ppntid":0,"trialid":2,"simBweight":2.92900152504444,"myBweight":3.864431200781837,"myvalue1":14.612874227458228,"myvalue2":28.27136041907677,"myvalue3":17.824848460295534,"simvalue1":4.79336017374058,"simvalue2":33.7039452458313,"simvalue3":10.9773753368355,"mychoice":2,"simchoice":2,"myA1":3.6834486573934555,"myA2":5.773279336281121,"myA3":3.4431728068739176,"myB1":2.8282106737606227,"myB2":5.821835068054497,"myB3":3.7215504446066916,"simA1":4.60025910520926,"simA2":6.2205648701638,"simA3":3.88418034650385,"simB1":0.0659272680059075,"simB2":9.38319087261334,"simB3":2.42171092424542}