{"ppntid":0,"trialid":5,"simBweight":2.92900152504444,"myBweight":0.4357181314844638,"myvalue1":12.579977053728989,"myvalue2":3.1385722606950166,"myvalue3":6.766848581390764,"simvalue1":13.2756742221018,"simvalue2":30.3546781549135,"simvalue3":23.5392310011038,"mychoice":1,"simchoice":2,"myA1":9.862869551870972,"myA2":1.8353554396890104,"myA3":6.229556389153004,"myB1":6.235929389949888,"myB2":2.9909630259498954,"myB3":1.2331187375821173,"simA1":8.18546326132491,"simA2":4.21199968550354,"simA3":1.76696498412639,"simB1":1.73786558909342,"simB2":8.92545744543895,"simB3":7.43334062164649}