{"ppntid":0,"trialid":1,"simBweight":2.92900152504444,"myBweight":1.7600372864399105,"myvalue1":18.017417285328442,"myvalue2":8.730746368766692,"myvalue3":24.9051878865068,"simvalue1":24.8420819882576,"simvalue2":16.5181396438975,"simvalue3":37.2214369068358,"mychoice":3,"simchoice":3,"myA1":7.065060131717473,"myA2":3.688867650926113,"myA3":8.140233748126775,"myB1":6.222798367962241,"myB2":2.8646431281231344,"myB3":9.525340325199068,"simA1":5.67112212534994,"simA2":2.389488783665,"simA3":8.77995934104547,"simB1":6.54522017110139,"simB2":4.82370894635096,"simB3":9.71029797103256}