{"ppntid":0,"trialid":4,"simBweight":2.92900152504444,"myBweight":4.8816361802164465,"myvalue1":41.83057066935428,"myvalue2":34.79625784692389,"myvalue3":29.266617294435505,"simvalue1":29.0820167366599,"simvalue2":31.8749931806181,"simvalue3":27.5839703264988,"mychoice":1,"simchoice":2,"myA1":5.788420957978815,"myA2":8.477559564635158,"myA3":8.65902541205287,"myB1":7.383210952393711,"myB2":5.391368244308978,"myB3":4.221451808698475,"simA1":7.23374933004379,"simA2":5.64809889299795,"simA3":3.88609998160973,"simB1":7.459288504906,"simB2":8.95420984365046,"simB3":8.0907674995251}