{"ppntid":0,"trialid":11,"simBweight":2.92900152504444,"myBweight":1.8251880467869341,"myvalue1":10.06462377716138,"myvalue2":14.153402318656084,"myvalue3":22.061959060817063,"simvalue1":9.9197921404594,"simvalue2":11.6245677233259,"simvalue3":7.85712064627827,"mychoice":3,"simchoice":3,"myA1":0.2803283487446606,"myA2":2.1337132761254907,"myA3":5.406578930560499,"myB1":5.360705405473709,"myB2":6.585452421568334,"myB3":9.12529542343691,"simA1":1.94303552154452,"simA2":1.2680093664676,"simA3":5.39368811063468,"simB1":2.72337059257552,"simB2":3.53586649522185,"simB3":0.841048567090183}