{"ppntid":0,"trialid":4,"simBweight":2.92900152504444,"myBweight":1.775270524667576,"myvalue1":19.370814286406517,"myvalue2":16.876091991050465,"myvalue3":15.143555218470055,"simvalue1":29.0820167366599,"simvalue2":31.8749931806181,"simvalue3":27.5839703264988,"mychoice":1,"simchoice":2,"myA1":7.813435464631766,"myA2":7.771554624196142,"myA3":9.280871246010065,"myB1":6.5102071268484,"myB2":5.128535195253789,"myB3":3.3024172321893275,"simA1":7.23374933004379,"simA2":5.64809889299795,"simA3":3.88609998160973,"simB1":7.459288504906,"simB2":8.95420984365046,"simB3":8.0907674995251}