{"ppntid":0,"trialid":5,"simBweight":2.92900152504444,"myBweight":1.7814498383086175,"myvalue1":20.58263733649191,"myvalue2":7.196215792177101,"myvalue3":11.549453521668918,"simvalue1":13.2756742221018,"simvalue2":30.3546781549135,"simvalue3":23.5392310011038,"mychoice":1,"simchoice":2,"myA1":7.176448192913085,"myA2":3.1516801891848445,"myA3":5.835731269326061,"myB1":7.5254373461939394,"myB2":2.2703617671504617,"myB3":3.2073438889347017,"simA1":8.18546326132491,"simA2":4.21199968550354,"simA3":1.76696498412639,"simB1":1.73786558909342,"simB2":8.92545744543895,"simB3":7.43334062164649}