{"ppntid":0,"trialid":4,"simBweight":2.92900152504444,"myBweight":3.4036055440083146,"myvalue1":32.66438304729427,"myvalue2":36.05437198938794,"myvalue3":30.852082522388063,"simvalue1":29.0820167366599,"simvalue2":31.8749931806181,"simvalue3":27.5839703264988,"mychoice":2,"simchoice":2,"myA1":5.499835859518498,"myA2":3.334153664764017,"myA3":0.55714555317536,"myB1":7.981109102256596,"myB2":9.613399056252092,"myB3":8.900836650282145,"simA1":7.23374933004379,"simA2":5.64809889299795,"simA3":3.88609998160973,"simB1":7.459288504906,"simB2":8.95420984365046,"simB3":8.0907674995251}