{"ppntid":0,"trialid":5,"simBweight":2.92900152504444,"myBweight":0.2141484571620822,"myvalue1":10.518014410425241,"myvalue2":3.1383390900695396,"myvalue3":0.8232018713815039,"simvalue1":13.2756742221018,"simvalue2":30.3546781549135,"simvalue3":23.5392310011038,"mychoice":1,"simchoice":2,"myA1":9.041391571518034,"myA2":2.519278267864138,"myA3":0.6007237150333822,"myB1":6.8953232653439045,"myB2":2.89080215850845,"myB3":1.0388968442566693,"simA1":8.18546326132491,"simA2":4.21199968550354,"simA3":1.76696498412639,"simB1":1.73786558909342,"simB2":8.92545744543895,"simB3":7.43334062164649}