{"ppntid":0,"trialid":8,"simBweight":2.92900152504444,"myBweight":3.3991912635974586,"myvalue1":14.04850005180758,"myvalue2":18.87902210403788,"myvalue3":32.273705517380776,"simvalue1":24.3077395788662,"simvalue2":12.8486379765393,"simvalue3":21.1752809804918,"mychoice":3,"simchoice":3,"myA1":6.274178382009268,"myA2":6.254369905218482,"myA3":9.3812485341914,"myB1":2.2871092171408236,"myB2":3.7140164291486144,"myB3":6.734677518252283,"simA1":4.10054257372394,"simA2":3.45694060437381,"simA3":8.24872852535918,"simB1":6.89900528639555,"simB2":3.20645014755428,"simB3":4.41329659428447}