{"ppntid":0,"trialid":12,"simBweight":2.92900152504444,"myBweight":0.5640119255986065,"myvalue1":12.885673189824406,"myvalue2":9.560031287681433,"myvalue3":1.7789142737306043,"simvalue1":28.1951467835836,"simvalue2":11.8677511152072,"simvalue3":18.803283641035,"mychoice":1,"simchoice":1,"myA1":7.758134284522384,"myA2":4.685645492281765,"myA3":1.1479173111729324,"myB1":9.091188807506114,"myB2":8.642345266416669,"myB3":1.1187652847729623,"simA1":7.654377091676,"simA2":4.44485993124545,"simA3":0.361374919302762,"simB1":7.01289142947644,"simB2":2.53427358111367,"simB3":6.29631243413314}