{"ppntid":0,"trialid":4,"simBweight":2.92900152504444,"myBweight":0.579792185453698,"myvalue1":8.660054774578686,"myvalue2":7.831745166290784,"myvalue3":6.197388573587943,"simvalue1":29.0820167366599,"simvalue2":31.8749931806181,"simvalue3":27.5839703264988,"mychoice":1,"simchoice":2,"myA1":3.593783143442124,"myA2":2.0636498415842652,"myA3":0.5762331653386354,"myB1":8.738081951159984,"myB2":9.948556516319513,"myB3":9.695121026597917,"simA1":7.23374933004379,"simA2":5.64809889299795,"simA3":3.88609998160973,"simB1":7.459288504906,"simB2":8.95420984365046,"simB3":8.0907674995251}