{"ppntid":0,"trialid":4,"simBweight":2.92900152504444,"myBweight":4.883644541259855,"myvalue1":43.990294729561256,"myvalue2":44.91698769868318,"myvalue3":32.95593170717147,"simvalue1":29.0820167366599,"simvalue2":31.8749931806181,"simvalue3":27.5839703264988,"mychoice":2,"simchoice":2,"myA1":4.954619372729212,"myA2":7.5465428829193115,"myA3":9.700106733944267,"myB1":7.99314426491037,"myB2":7.652163153979927,"myB3":4.761981503106654,"simA1":7.23374933004379,"simA2":5.64809889299795,"simA3":3.88609998160973,"simB1":7.459288504906,"simB2":8.95420984365046,"simB3":8.0907674995251}