{"ppntid":0,"trialid":1,"simBweight":2.92900152504444,"myBweight":3.6991549062076956,"myvalue1":33.46046636035881,"myvalue2":3.0005917046214456,"myvalue3":20.088127930666303,"simvalue1":24.8420819882576,"simvalue2":16.5181396438975,"simvalue3":37.2214369068358,"mychoice":1,"simchoice":3,"myA1":9.688761185389012,"myA2":1.1661079502664506,"myA3":6.37904834933579,"myB1":6.426252962555736,"myB2":0.49591969000175595,"myB3":3.7060031085275114,"simA1":5.67112212534994,"simA2":2.389488783665,"simA3":8.77995934104547,"simB1":6.54522017110139,"simB2":4.82370894635096,"simB3":9.71029797103256}