{"ppntid":0,"trialid":1,"simBweight":2.92900152504444,"myBweight":4.617274518823251,"myvalue1":34.230109617962256,"myvalue2":22.205197059325325,"myvalue3":54.383392011850894,"simvalue1":24.8420819882576,"simvalue2":16.5181396438975,"simvalue3":37.2214369068358,"mychoice":3,"simchoice":3,"myA1":5.497741277795285,"myA2":3.502354077063501,"myA3":9.3928133090958,"myB1":6.222798367962241,"myB2":4.050624000374228,"myB3":9.743968767579645,"simA1":5.67112212534994,"simA2":2.389488783665,"simA3":8.77995934104547,"simB1":6.54522017110139,"simB2":4.82370894635096,"simB3":9.71029797103256}