{"ppntid":0,"trialid":1,"simBweight":2.92900152504444,"myBweight":2.429088813951239,"myvalue1":23.97957597731653,"myvalue2":11.488629074170117,"myvalue3":33.050218416564725,"simvalue1":24.8420819882576,"simvalue2":16.5181396438975,"simvalue3":37.2214369068358,"mychoice":3,"simchoice":3,"myA1":8.222207531798631,"myA2":3.7824358604848385,"myA3":9.497862942516804,"myB1":6.486946197692305,"myB2":3.1724625173956156,"myB3":9.695963086560369,"simA1":5.67112212534994,"simA2":2.389488783665,"simA3":8.77995934104547,"simB1":6.54522017110139,"simB2":4.82370894635096,"simB3":9.71029797103256}