{"ppntid":0,"trialid":15,"simBweight":2.92900152504444,"myBweight":3.3116567693650723,"myvalue1":32.567580935139844,"myvalue2":33.46667131823328,"myvalue3":5.405660822981088,"simvalue1":30.7336370866232,"simvalue2":31.7994098581279,"simvalue3":6.46325227742265,"mychoice":2,"simchoice":2,"myA1":7.308982613030821,"myA2":5.811681372579187,"myA3":2.553198505192995,"myB1":7.627178805414587,"myB2":8.350801991764456,"myB3":0.8613399625755847,"simA1":7.56775138666853,"simA2":5.10697468882427,"simA3":4.38148951623589,"simB1":7.90914088021964,"simB2":9.11315168021247,"simB3":0.710741439834237}