{"ppntid":0,"trialid":3,"simBweight":2.92900152504444,"myBweight":3.732719864929095,"myvalue1":24.896510865742385,"myvalue2":7.589403914819815,"myvalue3":41.85235358553433,"simvalue1":8.12483891560789,"simvalue2":28.2043243209439,"simvalue3":35.1603063288223,"mychoice":3,"simchoice":3,"myA1":5.8508625463582575,"myA2":2.326533324085176,"myA3":9.133060043677688,"myB1":5.102351370733231,"myB2":1.4099291618913412,"myB3":8.765536854043603,"simA1":5.65594530198723,"simA2":1.80899103172123,"simA3":9.04499290045351,"simB1":0.842913051601499,"simB2":9.01171715464443,"simB3":8.91611465718597}