{"ppntid":0,"trialid":4,"simBweight":2.92900152504444,"myBweight":4.1707778663840145,"myvalue1":29.866297922379765,"myvalue2":33.97476696117877,"myvalue3":28.59886737000263,"simvalue1":29.0820167366599,"simvalue2":31.8749931806181,"simvalue3":27.5839703264988,"mychoice":2,"simchoice":2,"myA1":9.344075673725456,"myA2":7.617626066785306,"myA3":5.4194635222665966,"myB1":4.920478363055736,"myB2":6.319478461518884,"myB3":5.557573332916945,"simA1":7.23374933004379,"simA2":5.64809889299795,"simA3":3.88609998160973,"simB1":7.459288504906,"simB2":8.95420984365046,"simB3":8.0907674995251}