{"ppntid":0,"trialid":1,"simBweight":2.92900152504444,"myBweight":3.215721498709172,"myvalue1":25.98251952395088,"myvalue2":11.145090319984641,"myvalue3":41.711944559618885,"simvalue1":24.8420819882576,"simvalue2":16.5181396438975,"simvalue3":37.2214369068358,"mychoice":3,"simchoice":3,"myA1":5.4933272185735404,"myA2":2.1975782443769276,"myA3":9.658060872461647,"myB1":6.371569277253002,"myB2":2.782427545171231,"myB3":9.967866837978363,"simA1":5.67112212534994,"simA2":2.389488783665,"simA3":8.77995934104547,"simB1":6.54522017110139,"simB2":4.82370894635096,"simB3":9.71029797103256}