{"ppntid":0,"trialid":1,"simBweight":2.92900152504444,"myBweight":3.309584594098851,"myvalue1":19.333991863522265,"myvalue2":20.216748654075115,"myvalue3":33.068232097736285,"simvalue1":24.8420819882576,"simvalue2":16.5181396438975,"simvalue3":37.2214369068358,"mychoice":3,"simchoice":3,"myA1":8.706741349305958,"myA2":2.058814794290811,"myA3":9.913804002571851,"myB1":3.21105269016698,"myB2":5.486469175666571,"myB3":6.996173518709838,"simA1":5.67112212534994,"simA2":2.389488783665,"simA3":8.77995934104547,"simB1":6.54522017110139,"simB2":4.82370894635096,"simB3":9.71029797103256}