{"ppntid":0,"trialid":3,"simBweight":2.92900152504444,"myBweight":0.10759112657979131,"myvalue1":5.563654782332469,"myvalue2":2.1439799326538838,"myvalue3":9.809982114229125,"simvalue1":8.12483891560789,"simvalue2":28.2043243209439,"simvalue3":35.1603063288223,"mychoice":3,"simchoice":3,"myA1":5.402479548938572,"myA2":2.1219931938685477,"myA3":9.250010072719306,"myB1":1.4980346290394664,"myB2":0.20435457350686193,"myB3":5.204630338121206,"simA1":5.65594530198723,"simA2":1.80899103172123,"simA3":9.04499290045351,"simB1":0.842913051601499,"simB2":9.01171715464443,"simB3":8.91611465718597}