{"ppntid":0,"trialid":7,"simBweight":2.92900152504444,"myBweight":2.6382125553209335,"myvalue1":18.188830603852253,"myvalue2":29.95071346480961,"myvalue3":31.96611089949372,"simvalue1":29.155178200811,"simvalue2":15.1925325184091,"simvalue3":26.5468177351021,"mychoice":3,"simchoice":3,"myA1":4.00868080323562,"myA2":7.223486981820315,"myA3":8.969051903113723,"myB1":5.374908011872321,"myB2":8.61463055247441,"myB3":8.716909086797386,"simA1":0.691449935548007,"simA2":5.14853976666927,"simA3":8.05417287861928,"simB1":9.71789465518668,"simB2":3.42915244866163,"simB3":6.3136344240047}