{"ppntid":0,"trialid":3,"simBweight":2.92900152504444,"myBweight":4.188002104638144,"myvalue1":32.32990692275702,"myvalue2":11.559351945106538,"myvalue3":49.06912351781077,"simvalue1":8.12483891560789,"simvalue2":28.2043243209439,"simvalue3":35.1603063288223,"mychoice":3,"simchoice":3,"myA1":9.163959461729974,"myA2":4.8060357151553035,"myA3":8.862745414953679,"myB1":5.53150329971686,"myB2":1.612538881599903,"myB3":9.60037199081853,"simA1":5.65594530198723,"simA2":1.80899103172123,"simA3":9.04499290045351,"simB1":0.842913051601499,"simB2":9.01171715464443,"simB3":8.91611465718597}