{"ppntid":0,"trialid":5,"simBweight":2.92900152504444,"myBweight":4.03588708373718,"myvalue1":36.14760940073241,"myvalue2":14.252419544221215,"myvalue3":12.931492586923172,"simvalue1":13.2756742221018,"simvalue2":30.3546781549135,"simvalue3":23.5392310011038,"mychoice":1,"simchoice":2,"myA1":6.669424758292735,"myA2":2.862900486215949,"myA3":5.586762253660709,"myB1":7.304016200359911,"myB2":2.82206088071689,"myB3":1.8198552588000894,"simA1":8.18546326132491,"simA2":4.21199968550354,"simA3":1.76696498412639,"simB1":1.73786558909342,"simB2":8.92545744543895,"simB3":7.43334062164649}