{"ppntid":0,"trialid":4,"simBweight":2.92900152504444,"myBweight":3.3841976965777576,"myvalue1":37.74886423292762,"myvalue2":32.56290485109322,"myvalue3":27.99498149891771,"simvalue1":29.0820167366599,"simvalue2":31.8749931806181,"simvalue3":27.5839703264988,"mychoice":1,"simchoice":2,"myA1":6.982646556571126,"myA2":9.911767973098904,"myA3":8.23652058839798,"myB1":9.091140776872635,"myB2":6.693207344505936,"myB3":5.838447597343475,"simA1":7.23374933004379,"simA2":5.64809889299795,"simA3":3.88609998160973,"simB1":7.459288504906,"simB2":8.95420984365046,"simB3":8.0907674995251}