{"ppntid":0,"trialid":2,"simBweight":2.92900152504444,"myBweight":4.605349046178162,"myvalue1":13.257220488784691,"myvalue2":13.418425248495124,"myvalue3":23.211626023159486,"simvalue1":4.79336017374058,"simvalue2":33.7039452458313,"simvalue3":10.9773753368355,"mychoice":3,"simchoice":2,"myA1":5.118794678710401,"myA2":6.774679983500391,"myA3":4.172432757914066,"myB1":1.767168075311929,"myB2":1.4426149241626263,"myB3":4.134147721342742,"simA1":4.60025910520926,"simA2":6.2205648701638,"simA3":3.88418034650385,"simB1":0.0659272680059075,"simB2":9.38319087261334,"simB3":2.42171092424542}