{"ppntid":0,"trialid":1,"simBweight":2.92900152504444,"myBweight":4.646168729523197,"myvalue1":28.27005382030256,"myvalue2":18.44081647752293,"myvalue3":50.985726268960846,"simvalue1":24.8420819882576,"simvalue2":16.5181396438975,"simvalue3":37.2214369068358,"mychoice":3,"simchoice":3,"myA1":2.412330445367843,"myA2":5.365547684486955,"myA3":9.80791566427797,"myB1":5.565386209636927,"myB2":2.814204466994852,"myB3":8.862745414953679,"simA1":5.67112212534994,"simA2":2.389488783665,"simA3":8.77995934104547,"simB1":6.54522017110139,"simB2":4.82370894635096,"simB3":9.71029797103256}