{"ppntid":0,"trialid":2,"simBweight":2.92900152504444,"myBweight":0.7303452945780009,"myvalue1":6.677603405220413,"myvalue2":7.890247507661114,"myvalue3":5.869294786509318,"simvalue1":4.79336017374058,"simvalue2":33.7039452458313,"simvalue3":10.9773753368355,"mychoice":2,"simchoice":2,"myA1":4.662737741600722,"myA2":5.222866521216929,"myA3":3.5320356534793973,"myB1":2.7587850275449455,"myB2":3.652219034265727,"myB3":3.200211119838059,"simA1":4.60025910520926,"simA2":6.2205648701638,"simA3":3.88418034650385,"simB1":0.0659272680059075,"simB2":9.38319087261334,"simB3":2.42171092424542}