{"ppntid":0,"trialid":5,"simBweight":2.92900152504444,"myBweight":0.7161393447313458,"myvalue1":13.715687320285902,"myvalue2":7.366338292933427,"myvalue3":7.9920889933253765,"simvalue1":13.2756742221018,"simvalue2":30.3546781549135,"simvalue3":23.5392310011038,"mychoice":1,"simchoice":2,"myA1":6.58777532633394,"myA2":3.070109714753926,"myA3":4.662575647234917,"myB1":9.953247292432934,"myB2":5.99915171507746,"myB3":4.649253487586975,"simA1":8.18546326132491,"simA2":4.21199968550354,"simA3":1.76696498412639,"simB1":1.73786558909342,"simB2":8.92545744543895,"simB3":7.43334062164649}