{"ppntid":0,"trialid":1,"simBweight":2.92900152504444,"myBweight":2.015242987545207,"myvalue1":18.928253583302578,"myvalue2":2.694563219098219,"myvalue3":27.86741083005423,"simvalue1":24.8420819882576,"simvalue2":16.5181396438975,"simvalue3":37.2214369068358,"mychoice":3,"simchoice":3,"myA1":9.629085012711585,"myA2":0.6870760745368898,"myA3":9.782131325919181,"myB1":4.61441554594785,"myB2":0.9961514105089009,"myB3":8.97424261784181,"simA1":5.67112212534994,"simA2":2.389488783665,"simA3":8.77995934104547,"simB1":6.54522017110139,"simB2":4.82370894635096,"simB3":9.71029797103256}