{"ppntid":0,"trialid":4,"simBweight":2.92900152504444,"myBweight":2.343852964695543,"myvalue1":30.89380894241952,"myvalue2":15.091845392037696,"myvalue3":19.23274956111016,"simvalue1":29.0820167366599,"simvalue2":31.8749931806181,"simvalue3":27.5839703264988,"mychoice":1,"simchoice":2,"myA1":9.146056787576526,"myA2":6.147339236922562,"myA3":5.8043543878011405,"myB1":9.27863329416141,"myB2":3.816154976375401,"myB3":5.729196914471686,"simA1":7.23374933004379,"simA2":5.64809889299795,"simA3":3.88609998160973,"simB1":7.459288504906,"simB2":8.95420984365046,"simB3":8.0907674995251}