{"ppntid":0,"trialid":2,"simBweight":2.92900152504444,"myBweight":0.9599578368943185,"myvalue1":8.469665469606838,"myvalue2":10.495123357479878,"myvalue3":6.767343315100989,"simvalue1":4.79336017374058,"simvalue2":33.7039452458313,"simvalue3":10.9773753368355,"mychoice":2,"simchoice":2,"myA1":3.0452812230214477,"myA2":3.3079953817650676,"myA3":0.5162938754074275,"myB1":5.6506484327837825,"myB2":7.486920466180891,"myB3":6.511795830447227,"simA1":4.60025910520926,"simA2":6.2205648701638,"simA3":3.88418034650385,"simB1":0.0659272680059075,"simB2":9.38319087261334,"simB3":2.42171092424542}