{"ppntid":0,"trialid":4,"simBweight":2.92900152504444,"myBweight":2.730230400338769,"myvalue1":29.4053179289343,"myvalue2":29.650465734452627,"myvalue3":26.341095920343008,"simvalue1":29.0820167366599,"simvalue2":31.8749931806181,"simvalue3":27.5839703264988,"mychoice":2,"simchoice":2,"myA1":9.332872554659843,"myA2":9.23677895218134,"myA3":7.524420509580523,"myB1":7.351923622190952,"myB2":7.476909926626831,"myB3":6.891973442398012,"simA1":7.23374933004379,"simA2":5.64809889299795,"simA3":3.88609998160973,"simB1":7.459288504906,"simB2":8.95420984365046,"simB3":8.0907674995251}