{"ppntid":0,"trialid":1,"simBweight":2.92900152504444,"myBweight":0.8646158897317946,"myvalue1":9.405388811575381,"myvalue2":5.592656937872978,"myvalue3":17.269567442297284,"simvalue1":24.8420819882576,"simvalue2":16.5181396438975,"simvalue3":37.2214369068358,"mychoice":3,"simchoice":3,"myA1":4.127173172309995,"myA2":0.8720413804985583,"myA3":9.034188846126199,"myB1":6.10469423700124,"myB2":5.459783487021923,"myB3":9.52489850576967,"simA1":5.67112212534994,"simA2":2.389488783665,"simA3":8.77995934104547,"simB1":6.54522017110139,"simB2":4.82370894635096,"simB3":9.71029797103256}