{"ppntid":0,"trialid":4,"simBweight":2.92900152504444,"myBweight":1.845211978070438,"myvalue1":19.8303060782731,"myvalue2":17.002545679949677,"myvalue3":8.084622319669846,"simvalue1":29.0820167366599,"simvalue2":31.8749931806181,"simvalue3":27.5839703264988,"mychoice":1,"simchoice":2,"myA1":9.365426623262465,"myA2":9.899171809665859,"myA3":4.542891425080597,"myB1":5.671369782648981,"myB2":3.849624842405319,"myB3":1.9194168131798506,"simA1":7.23374933004379,"simA2":5.64809889299795,"simA3":3.88609998160973,"simB1":7.459288504906,"simB2":8.95420984365046,"simB3":8.0907674995251}