{"ppntid":0,"trialid":2,"simBweight":2.92900152504444,"myBweight":1.1911693820729852,"myvalue1":7.977769365862025,"myvalue2":13.599509807237137,"myvalue3":10.245980754424671,"simvalue1":4.79336017374058,"simvalue2":33.7039452458313,"simvalue3":10.9773753368355,"mychoice":2,"simchoice":2,"myA1":0.874396120198071,"myA2":2.9505367996171117,"myA3":2.0429499400779605,"myB1":5.963361174799502,"myB2":8.939931774511933,"myB3":6.886535985395312,"simA1":4.60025910520926,"simA2":6.2205648701638,"simA3":3.88418034650385,"simB1":0.0659272680059075,"simB2":9.38319087261334,"simB3":2.42171092424542}