{"ppntid":0,"trialid":3,"simBweight":2.92900152504444,"myBweight":0.8828011795412749,"myvalue1":7.723406749751907,"myvalue2":7.6529689376879375,"myvalue3":15.48260548021895,"simvalue1":8.12483891560789,"simvalue2":28.2043243209439,"simvalue3":35.1603063288223,"mychoice":3,"simchoice":3,"myA1":5.287985443137586,"myA2":5.043378684204072,"myA3":8.74613146064803,"myB1":2.7587426966056228,"myB2":2.956033945083618,"myB3":7.630794085562229,"simA1":5.65594530198723,"simA2":1.80899103172123,"simA3":9.04499290045351,"simB1":0.842913051601499,"simB2":9.01171715464443,"simB3":8.91611465718597}