{"ppntid":0,"trialid":3,"simBweight":2.92900152504444,"myBweight":2.0434895739890635,"myvalue1":14.708183175147186,"myvalue2":5.338749893707507,"myvalue3":28.4526180255827,"simvalue1":8.12483891560789,"simvalue2":28.2043243209439,"simvalue3":35.1603063288223,"mychoice":3,"simchoice":3,"myA1":4.847355198580772,"myA2":1.6838180227205157,"myA3":9.279892346821725,"myB1":4.825484848115593,"myB2":1.788573779631406,"myB3":9.382345729973167,"simA1":5.65594530198723,"simA2":1.80899103172123,"simA3":9.04499290045351,"simB1":0.842913051601499,"simB2":9.01171715464443,"simB3":8.91611465718597}