{"ppntid":0,"trialid":2,"simBweight":2.92900152504444,"myBweight":2.6631957304198295,"myvalue1":16.89273663872244,"myvalue2":25.061041305104553,"myvalue3":23.812385679795675,"simvalue1":4.79336017374058,"simvalue2":33.7039452458313,"simvalue3":10.9773753368355,"mychoice":2,"simchoice":2,"myA1":6.667797560803592,"myA2":7.3068676283583045,"myA3":8.994303059298545,"myB1":3.839349455665797,"myB2":6.6664922423660755,"myB3":5.564023121260107,"simA1":4.60025910520926,"simA2":6.2205648701638,"simA3":3.88418034650385,"simB1":0.0659272680059075,"simB2":9.38319087261334,"simB3":2.42171092424542}