{"ppntid":0,"trialid":3,"simBweight":2.92900152504444,"myBweight":4.267459501279518,"myvalue1":16.083629893018994,"myvalue2":25.06118194569747,"myvalue3":48.36309814481059,"simvalue1":8.12483891560789,"simvalue2":28.2043243209439,"simvalue3":35.1603063288223,"mychoice":3,"simchoice":3,"myA1":2.3750404897145927,"myA2":5.916770831681788,"myA3":9.25166454166174,"myB1":3.2123537198640406,"myB2":4.4861377379857,"myB3":9.165039197541773,"simA1":5.65594530198723,"simA2":1.80899103172123,"simA3":9.04499290045351,"simB1":0.842913051601499,"simB2":9.01171715464443,"simB3":8.91611465718597}