{"ppntid":0,"trialid":1,"simBweight":2.92900152504444,"myBweight":4.592195338336751,"myvalue1":46.85844097070334,"myvalue2":22.51854972620407,"myvalue3":53.50071801733536,"simvalue1":24.8420819882576,"simvalue2":16.5181396438975,"simvalue3":37.2214369068358,"mychoice":3,"simchoice":3,"myA1":2.6398016628809273,"myA2":2.7170178084634244,"myA3":8.579260143451393,"myB1":9.629085012711585,"myB2":4.3119968683458865,"myB3":9.782131325919181,"simA1":5.67112212534994,"simA2":2.389488783665,"simA3":8.77995934104547,"simB1":6.54522017110139,"simB2":4.82370894635096,"simB3":9.71029797103256}