{"ppntid":0,"trialid":4,"simBweight":2.92900152504444,"myBweight":1.1671472410671413,"myvalue1":17.833905306664445,"myvalue2":14.322476954743289,"myvalue3":15.340139733520344,"simvalue1":29.0820167366599,"simvalue2":31.8749931806181,"simvalue3":27.5839703264988,"mychoice":1,"simchoice":2,"myA1":7.039081312250346,"myA2":6.086415685713291,"myA3":8.887746927794069,"myB1":9.248896467033774,"myB2":7.056574337184429,"myB3":5.528345163911581,"simA1":7.23374933004379,"simA2":5.64809889299795,"simA3":3.88609998160973,"simB1":7.459288504906,"simB2":8.95420984365046,"simB3":8.0907674995251}