{"ppntid":0,"trialid":1,"simBweight":2.92900152504444,"myBweight":0.06654249504208565,"myvalue1":6.1882864790047964,"myvalue2":1.6443029518568035,"myvalue3":8.863451716517893,"simvalue1":24.8420819882576,"simvalue2":16.5181396438975,"simvalue3":37.2214369068358,"mychoice":3,"simchoice":3,"myA1":5.852543660439551,"myA2":1.4313302957452834,"myA3":8.273469789419323,"myB1":5.045539971906692,"myB2":3.2005511061288416,"myB3":8.8662429433316,"simA1":5.67112212534994,"simA2":2.389488783665,"simA3":8.77995934104547,"simB1":6.54522017110139,"simB2":4.82370894635096,"simB3":9.71029797103256}