{"ppntid":0,"trialid":2,"simBweight":2.92900152504444,"myBweight":0.5200420459732413,"myvalue1":3.095575394160944,"myvalue2":5.204592617253594,"myvalue3":7.002039072065326,"simvalue1":4.79336017374058,"simvalue2":33.7039452458313,"simvalue3":10.9773753368355,"mychoice":3,"simchoice":2,"myA1":0.242014832329005,"myA2":0.6912101362831891,"myA3":2.9049672838300467,"myB1":5.48717278521508,"myB2":8.678879940416664,"myB3":7.878347183577716,"simA1":4.60025910520926,"simA2":6.2205648701638,"simA3":3.88418034650385,"simB1":0.0659272680059075,"simB2":9.38319087261334,"simB3":2.42171092424542}