{"ppntid":0,"trialid":1,"simBweight":2.92900152504444,"myBweight":3.4984372940380126,"myvalue1":22.851490280737014,"myvalue2":3.3660670728513913,"myvalue3":41.67318851818429,"simvalue1":24.8420819882576,"simvalue2":16.5181396438975,"simvalue3":37.2214369068358,"mychoice":3,"simchoice":3,"myA1":6.278438875451684,"myA2":3.161250890698284,"myA3":9.312608309555799,"myB1":4.737272677011788,"myB2":0.05854504881426692,"myB3":9.250010072719306,"simA1":5.67112212534994,"simA2":2.389488783665,"simA3":8.77995934104547,"simB1":6.54522017110139,"simB2":4.82370894635096,"simB3":9.71029797103256}