{"ppntid":0,"trialid":1,"simBweight":2.92900152504444,"myBweight":1.1888198414817452,"myvalue1":13.775541634339547,"myvalue2":9.018356662335592,"myvalue3":21.17948224129878,"simvalue1":24.8420819882576,"simvalue2":16.5181396438975,"simvalue3":37.2214369068358,"mychoice":3,"simchoice":3,"myA1":7.7536462363786995,"myA2":0.20435457350686193,"myA3":9.35230068396777,"myB1":5.06543984869495,"myB2":7.4140772060491145,"myB3":9.948674428742379,"simA1":5.67112212534994,"simA2":2.389488783665,"simA3":8.77995934104547,"simB1":6.54522017110139,"simB2":4.82370894635096,"simB3":9.71029797103256}