{"ppntid":0,"trialid":9,"simBweight":2.92900152504444,"myBweight":1.4122865058016032,"myvalue1":11.374197061066607,"myvalue2":9.6037083363616,"myvalue3":22.04453574211576,"simvalue1":23.3903938429017,"simvalue2":18.0867040995148,"simvalue3":35.9628005125761,"mychoice":3,"simchoice":3,"myA1":6.189831250812858,"myA2":3.4652820928022265,"myA3":9.617246268317103,"myB1":3.6709023197181523,"myB2":4.34644544031471,"myB3":8.799411042127758,"simA1":2.61885447893292,"simA2":1.33204466663301,"simA3":9.1047868761234,"simB1":7.09167925873771,"simB2":5.72026313049719,"simB3":9.16968236677349}