{"ppntid":0,"trialid":2,"simBweight":2.92900152504444,"myBweight":2.9560756345745176,"myvalue1":7.811404735570434,"myvalue2":17.31573137338937,"myvalue3":10.176179514832643,"simvalue1":4.79336017374058,"simvalue2":33.7039452458313,"simvalue3":10.9773753368355,"mychoice":2,"simchoice":2,"myA1":5.321959734428674,"myA2":8.289377107284963,"myA3":3.686543565709144,"myB1":0.8421452320180833,"myB2":3.0534923262894154,"myB3":2.1953551773913205,"simA1":4.60025910520926,"simA2":6.2205648701638,"simA3":3.88418034650385,"simB1":0.0659272680059075,"simB2":9.38319087261334,"simB3":2.42171092424542}