{"ppntid":0,"trialid":3,"simBweight":2.92900152504444,"myBweight":1.107180251274258,"myvalue1":8.524489668730878,"myvalue2":13.592788847256255,"myvalue3":19.528828753749913,"simvalue1":8.12483891560789,"simvalue2":28.2043243209439,"simvalue3":35.1603063288223,"mychoice":3,"simchoice":3,"myA1":1.831854444462806,"myA2":2.691640625707805,"myA3":8.744504356291145,"myB1":6.044756683986634,"myB2":9.845865846145898,"myB3":9.74035111721605,"simA1":5.65594530198723,"simA2":1.80899103172123,"simA3":9.04499290045351,"simB1":0.842913051601499,"simB2":9.01171715464443,"simB3":8.91611465718597}