{"ppntid":0,"trialid":1,"simBweight":2.92900152504444,"myBweight":2.290681895101443,"myvalue1":19.098601910763808,"myvalue2":12.858153820822407,"myvalue3":27.43014039993986,"simvalue1":24.8420819882576,"simvalue2":16.5181396438975,"simvalue3":37.2214369068358,"mychoice":3,"simchoice":3,"myA1":9.101410708390176,"myA2":0.5246370355598629,"myA3":7.723792076576501,"myB1":4.364286120980978,"myB2":5.384211929049343,"myB3":8.602830609306693,"simA1":5.67112212534994,"simA2":2.389488783665,"simA3":8.77995934104547,"simB1":6.54522017110139,"simB2":4.82370894635096,"simB3":9.71029797103256}