{"ppntid":0,"trialid":1,"simBweight":2.92900152504444,"myBweight":4.630978492787108,"myvalue1":7.927025704589574,"myvalue2":8.500579376967277,"myvalue3":32.79600617360203,"simvalue1":24.8420819882576,"simvalue2":16.5181396438975,"simvalue3":37.2214369068358,"mychoice":3,"simchoice":3,"myA1":7.1124914777465165,"myA2":3.7783884652890265,"myA3":7.881326326169074,"myB1":0.17588814720511436,"myB2":1.0196961439214647,"myB3":5.380003359168768,"simA1":5.67112212534994,"simA2":2.389488783665,"simA3":8.77995934104547,"simB1":6.54522017110139,"simB2":4.82370894635096,"simB3":9.71029797103256}