{"ppntid":0,"trialid":4,"simBweight":2.92900152504444,"myBweight":2.133520491188392,"myvalue1":25.964287007094107,"myvalue2":22.26424954768573,"myvalue3":20.35820294243408,"simvalue1":29.0820167366599,"simvalue2":31.8749931806181,"simvalue3":27.5839703264988,"mychoice":1,"simchoice":2,"myA1":5.249968527350575,"myA2":5.522556542418897,"myA3":0.07083000615239143,"myB1":9.708985015749931,"myB2":7.8469801787287,"myB3":9.508871848229319,"simA1":7.23374933004379,"simA2":5.64809889299795,"simA3":3.88609998160973,"simB1":7.459288504906,"simB2":8.95420984365046,"simB3":8.0907674995251}