{"ppntid":0,"trialid":3,"simBweight":2.92900152504444,"myBweight":3.3539912418927997,"myvalue1":10.27345944168492,"myvalue2":32.30730073955808,"myvalue3":40.26184077699799,"simvalue1":8.12483891560789,"simvalue2":28.2043243209439,"simvalue3":35.1603063288223,"mychoice":3,"simchoice":3,"myA1":4.443237551022321,"myA2":0.5766243441030383,"myA3":8.66401114501059,"myB1":1.7382937134243548,"myB2":9.460572227835655,"myB3":9.420963667798787,"simA1":5.65594530198723,"simA2":1.80899103172123,"simA3":9.04499290045351,"simB1":0.842913051601499,"simB2":9.01171715464443,"simB3":8.91611465718597}