{"ppntid":0,"trialid":5,"simBweight":2.92900152504444,"myBweight":1.3332017476204783,"myvalue1":17.935092830715636,"myvalue2":10.577974406985808,"myvalue3":8.67372519876079,"simvalue1":13.2756742221018,"simvalue2":30.3546781549135,"simvalue3":23.5392310011038,"mychoice":1,"simchoice":2,"myA1":7.765589898917824,"myA2":4.57578158006072,"myA3":3.6220913170836866,"myB1":7.6278799888677895,"myB2":4.502088928129524,"myB3":3.789099354762584,"simA1":8.18546326132491,"simA2":4.21199968550354,"simA3":1.76696498412639,"simB1":1.73786558909342,"simB2":8.92545744543895,"simB3":7.43334062164649}