{"ppntid":0,"trialid":4,"simBweight":2.92900152504444,"myBweight":2.9375234490726143,"myvalue1":29.439601390092637,"myvalue2":33.01440597443732,"myvalue3":26.0962580535355,"simvalue1":29.0820167366599,"simvalue2":31.8749931806181,"simvalue3":27.5839703264988,"mychoice":2,"simchoice":2,"myA1":8.247730678413063,"myA2":6.110800257883966,"myA3":4.56662486307323,"myB1":7.214196270797402,"myB2":9.158601176459342,"myB3":7.329178324434906,"simA1":7.23374933004379,"simA2":5.64809889299795,"simA3":3.88609998160973,"simB1":7.459288504906,"simB2":8.95420984365046,"simB3":8.0907674995251}