{"ppntid":0,"trialid":6,"simBweight":2.92900152504444,"myBweight":3.5065980022773147,"myvalue1":22.51877394606563,"myvalue2":8.958124504615306,"myvalue3":33.55734030353692,"simvalue1":32.3724469339229,"simvalue2":7.31317136996306,"simvalue3":26.9463834162194,"mychoice":3,"simchoice":1,"myA1":8.183893943205476,"myA2":4.939147543627769,"myA3":9.372626969125122,"myB1":4.087973583955318,"myB2":1.1461185337975621,"myB3":6.896916418336332,"simA1":5.60983883915469,"simA2":0.712338301818818,"simA3":8.53584753349423,"simB1":9.13710964843631,"simB2":2.25361202843487,"simB3":6.28560133045539}