{"ppntid":0,"trialid":1,"simBweight":2.92900152504444,"myBweight":1.7600372864399105,"myvalue1":18.00359076402856,"myvalue2":4.149200969110183,"myvalue3":16.70952582275214,"simvalue1":24.8420819882576,"simvalue2":16.5181396438975,"simvalue3":37.2214369068358,"mychoice":1,"simchoice":3,"myA1":6.599732905160636,"myA2":2.9553197883069515,"myA3":9.709014126565307,"myB1":6.479327424895018,"myB2":0.6783272093161941,"myB3":3.977479198947549,"simA1":5.67112212534994,"simA2":2.389488783665,"simA3":8.77995934104547,"simB1":6.54522017110139,"simB2":4.82370894635096,"simB3":9.71029797103256}