{"ppntid":0,"trialid":11,"simBweight":2.92900152504444,"myBweight":3.111769867828116,"myvalue1":3.30762953747093,"myvalue2":12.327039633159345,"myvalue3":37.914523771507305,"simvalue1":9.9197921404594,"simvalue2":11.6245677233259,"simvalue3":7.85712064627827,"mychoice":3,"simchoice":3,"myA1":0.8744061482138932,"myA2":3.818261551205069,"myA3":7.48735977569595,"myB1":0.7819419470615685,"myB2":2.734385395888239,"myB3":9.77808941155672,"simA1":1.94303552154452,"simA2":1.2680093664676,"simA3":5.39368811063468,"simB1":2.72337059257552,"simB2":3.53586649522185,"simB3":0.841048567090183}