{"ppntid":0,"trialid":4,"simBweight":2.92900152504444,"myBweight":3.335344830993563,"myvalue1":23.842143996493984,"myvalue2":24.50640927906871,"myvalue3":17.380920015486808,"simvalue1":29.0820167366599,"simvalue2":31.8749931806181,"simvalue3":27.5839703264988,"mychoice":2,"simchoice":2,"myA1":5.141990429256111,"myA2":6.729507197160274,"myA3":9.45458825910464,"myB1":5.606662733480334,"myB2":5.329854327719659,"myB3":2.3764654505066574,"simA1":7.23374933004379,"simA2":5.64809889299795,"simA3":3.88609998160973,"simB1":7.459288504906,"simB2":8.95420984365046,"simB3":8.0907674995251}