{"ppntid":0,"trialid":2,"simBweight":2.92900152504444,"myBweight":1.6518097079824656,"myvalue1":11.05434243594394,"myvalue2":15.888260915082434,"myvalue3":9.225629798372637,"simvalue1":4.79336017374058,"simvalue2":33.7039452458313,"simvalue3":10.9773753368355,"mychoice":2,"simchoice":2,"myA1":6.261317224707454,"myA2":9.080654510762542,"myA3":7.2020218637771904,"myB1":2.9016812215559185,"myB2":4.121301849372685,"myB3":1.2250853865407407,"simA1":4.60025910520926,"simA2":6.2205648701638,"simA3":3.88418034650385,"simB1":0.0659272680059075,"simB2":9.38319087261334,"simB3":2.42171092424542}