{"ppntid":0,"trialid":5,"simBweight":2.92900152504444,"myBweight":0.22209455375559628,"myvalue1":9.167523669047474,"myvalue2":4.669712268927603,"myvalue3":8.83215040293252,"simvalue1":13.2756742221018,"simvalue2":30.3546781549135,"simvalue3":23.5392310011038,"mychoice":1,"simchoice":2,"myA1":7.171618102584034,"myA2":3.455724532250315,"myA3":7.694777369033545,"myB1":8.986738002859056,"myB2":5.4660851252265275,"myB3":5.121120777912438,"simA1":8.18546326132491,"simA2":4.21199968550354,"simA3":1.76696498412639,"simB1":1.73786558909342,"simB2":8.92545744543895,"simB3":7.43334062164649}