{"ppntid":0,"trialid":4,"simBweight":2.92900152504444,"myBweight":3.9498342538718134,"myvalue1":45.726987486806465,"myvalue2":38.19272687622957,"myvalue3":25.050447620832173,"simvalue1":29.0820167366599,"simvalue2":31.8749931806181,"simvalue3":27.5839703264988,"mychoice":1,"simchoice":2,"myA1":7.20685352338478,"myA2":6.335126894991845,"myA3":2.3885973868891597,"myB1":9.752341867424548,"myB2":8.06555362418294,"myB3":5.737418022472411,"simA1":7.23374933004379,"simA2":5.64809889299795,"simA3":3.88609998160973,"simB1":7.459288504906,"simB2":8.95420984365046,"simB3":8.0907674995251}