{"ppntid":0,"trialid":2,"simBweight":2.92900152504444,"myBweight":1.6252396441996098,"myvalue1":6.720995902756152,"myvalue2":12.98229996629045,"myvalue3":8.631452371084324,"simvalue1":4.79336017374058,"simvalue2":33.7039452458313,"simvalue3":10.9773753368355,"mychoice":2,"simchoice":2,"myA1":6.59141251584515,"myA2":8.812362316530198,"myA3":7.027287990786135,"myB1":0.07973186438903213,"myB2":2.5657370989210904,"myB3":0.9870325191877782,"simA1":4.60025910520926,"simA2":6.2205648701638,"simA3":3.88418034650385,"simB1":0.0659272680059075,"simB2":9.38319087261334,"simB3":2.42171092424542}