{"ppntid":0,"trialid":2,"simBweight":2.92900152504444,"myBweight":2.577990328427404,"myvalue1":13.420311622626457,"myvalue2":18.97126652848107,"myvalue3":11.542509888279483,"simvalue1":4.79336017374058,"simvalue2":33.7039452458313,"simvalue3":10.9773753368355,"mychoice":2,"simchoice":2,"myA1":7.010819590650499,"myA2":9.358500689268112,"myA3":8.964841349516064,"myB1":2.486235871911049,"myB2":3.7287827394902706,"myB3":0.9998751780949533,"simA1":4.60025910520926,"simA2":6.2205648701638,"simA3":3.88418034650385,"simB1":0.0659272680059075,"simB2":9.38319087261334,"simB3":2.42171092424542}