{"ppntid":0,"trialid":10,"simBweight":2.92900152504444,"myBweight":1.2943889957387,"myvalue1":21.300282542911624,"myvalue2":8.287372327738748,"myvalue3":10.169968045867432,"simvalue1":37.9813174690878,"simvalue2":6.61483609034862,"simvalue3":27.6690730806335,"mychoice":1,"simchoice":1,"myA1":9.931899637449533,"myA2":1.568785880226642,"myA3":4.506856102962047,"myB1":8.782817949540913,"myB2":5.190546636004001,"myB3":4.3751236773096025,"simA1":9.01910115499049,"simA2":0.586219872348011,"simA3":0.457009491510689,"simB1":9.88808509195223,"simB2":2.05824960023165,"simB3":9.29055972024798}