{"ppntid":0,"trialid":2,"simBweight":2.92900152504444,"myBweight":2.457871895749122,"myvalue1":12.983156190306833,"myvalue2":13.781990472364225,"myvalue3":13.678118942666362,"simvalue1":4.79336017374058,"simvalue2":33.7039452458313,"simvalue3":10.9773753368355,"mychoice":2,"simchoice":2,"myA1":9.303845029789954,"myA2":8.436824418604374,"myA3":9.213422480970621,"myB1":1.496949929278344,"myB2":2.1747130365110934,"myB3":1.81648867437616,"simA1":4.60025910520926,"simA2":6.2205648701638,"simA3":3.88418034650385,"simB1":0.0659272680059075,"simB2":9.38319087261334,"simB3":2.42171092424542}