{"ppntid":0,"trialid":17,"simBweight":2.92900152504444,"myBweight":1.871892175404355,"myvalue1":18.993386797824282,"myvalue2":5.351734520228827,"myvalue3":10.700817437952455,"simvalue1":19.9234262640653,"simvalue2":13.9677524902278,"simvalue3":11.0300755708769,"mychoice":1,"simchoice":1,"myA1":4.299426928628236,"myA2":1.2941888766363263,"myA3":5.521817512344569,"myB1":7.849789673928171,"myB2":2.167617182713002,"myB3":2.7667191484943032,"simA1":9.80476663913578,"simA2":2.00600294396281,"simA3":5.52263837540522,"simB1":3.45464471029118,"simB2":4.08390007447451,"simB3":1.88031216384843}