{"ppntid":0,"trialid":5,"simBweight":2.92900152504444,"myBweight":0.9855842276010662,"myvalue1":14.619189540566586,"myvalue2":8.303789444206288,"myvalue3":6.4547338718323495,"simvalue1":13.2756742221018,"simvalue2":30.3546781549135,"simvalue3":23.5392310011038,"mychoice":1,"simchoice":2,"myA1":6.325460956431925,"myA2":3.1662821187637746,"myA3":2.2267435071989894,"myB1":8.41503785457462,"myB2":5.212651726324111,"myB3":4.289831600617617,"simA1":8.18546326132491,"simA2":4.21199968550354,"simA3":1.76696498412639,"simB1":1.73786558909342,"simB2":8.92545744543895,"simB3":7.43334062164649}