{"ppntid":0,"trialid":4,"simBweight":2.92900152504444,"myBweight":2.500727102160454,"myvalue1":31.144550843505556,"myvalue2":23.292401355782815,"myvalue3":17.67933857860329,"simvalue1":29.0820167366599,"simvalue2":31.8749931806181,"simvalue3":27.5839703264988,"mychoice":1,"simchoice":2,"myA1":8.386454007122666,"myA2":9.067571363411844,"myA3":9.929180983453989,"myB1":9.100591910537332,"myB2":5.688277613371611,"myB3":3.0991616751998663,"simA1":7.23374933004379,"simA2":5.64809889299795,"simA3":3.88609998160973,"simB1":7.459288504906,"simB2":8.95420984365046,"simB3":8.0907674995251}