{"ppntid":0,"trialid":3,"simBweight":2.92900152504444,"myBweight":4.809410760644823,"myvalue1":14.058459961409651,"myvalue2":47.13134999241826,"myvalue3":51.8517625434259,"simvalue1":8.12483891560789,"simvalue2":28.2043243209439,"simvalue3":35.1603063288223,"mychoice":3,"simchoice":3,"myA1":1.7382937134243548,"myA2":9.460572227835655,"myA3":9.420963667798787,"myB1":2.561678937636316,"myB2":7.8327220608480275,"myB3":8.82245268439874,"simA1":5.65594530198723,"simA2":1.80899103172123,"simA3":9.04499290045351,"simB1":0.842913051601499,"simB2":9.01171715464443,"simB3":8.91611465718597}