{"ppntid":0,"trialid":5,"simBweight":2.92900152504444,"myBweight":2.85907338373363,"myvalue1":8.82249855489669,"myvalue2":25.800350876601897,"myvalue3":21.208664191544138,"simvalue1":13.2756742221018,"simvalue2":30.3546781549135,"simvalue3":23.5392310011038,"mychoice":2,"simchoice":2,"myA1":7.912337931338698,"myA2":1.0684604034759104,"myA3":2.5949997804127634,"myB1":0.31834112014621496,"myB2":8.650316782295704,"myB3":6.510383579879999,"simA1":8.18546326132491,"simA2":4.21199968550354,"simA3":1.76696498412639,"simB1":1.73786558909342,"simB2":8.92545744543895,"simB3":7.43334062164649}