{"ppntid":0,"trialid":4,"simBweight":2.92900152504444,"myBweight":2.4702962080482394,"myvalue1":27.556933652949247,"myvalue2":23.133908287444793,"myvalue3":15.26401502993671,"simvalue1":29.0820167366599,"simvalue2":31.8749931806181,"simvalue3":27.5839703264988,"mychoice":1,"simchoice":2,"myA1":7.0917149796150625,"myA2":5.793639388866723,"myA3":3.4565768553875387,"myB1":8.284520134329796,"myB2":7.019509985111654,"myB3":4.779766141436994,"simA1":7.23374933004379,"simA2":5.64809889299795,"simA3":3.88609998160973,"simB1":7.459288504906,"simB2":8.95420984365046,"simB3":8.0907674995251}