{"ppntid":0,"trialid":2,"simBweight":2.92900152504444,"myBweight":0.5556085193529725,"myvalue1":5.863206305050342,"myvalue2":9.53428955038239,"myvalue3":5.882867696459643,"simvalue1":4.79336017374058,"simvalue2":33.7039452458313,"simvalue3":10.9773753368355,"mychoice":2,"simchoice":2,"myA1":3.8338771858252585,"myA2":4.852820208761841,"myA3":2.071776206139475,"myB1":3.6524442094378173,"myB2":8.425841538701206,"myB3":6.859310751315206,"simA1":4.60025910520926,"simA2":6.2205648701638,"simA3":3.88418034650385,"simB1":0.0659272680059075,"simB2":9.38319087261334,"simB3":2.42171092424542}