{"ppntid":0,"trialid":3,"simBweight":2.92900152504444,"myBweight":4.541847513755783,"myvalue1":32.27154834780498,"myvalue2":13.746453235348405,"myvalue3":43.09635619088544,"simvalue1":8.12483891560789,"simvalue2":28.2043243209439,"simvalue3":35.1603063288223,"mychoice":3,"simchoice":3,"myA1":8.254324810113758,"myA2":4.807192937005311,"myA3":4.195249397307634,"myB1":5.287985443137586,"myB2":1.9681991240940988,"myB3":8.565040256362408,"simA1":5.65594530198723,"simA2":1.80899103172123,"simA3":9.04499290045351,"simB1":0.842913051601499,"simB2":9.01171715464443,"simB3":8.91611465718597}