{"ppntid":0,"trialid":4,"simBweight":2.92900152504444,"myBweight":1.985708479769528,"myvalue1":22.91688542176779,"myvalue2":22.341281172290557,"myvalue3":17.119618917984074,"simvalue1":29.0820167366599,"simvalue2":31.8749931806181,"simvalue3":27.5839703264988,"mychoice":1,"simchoice":2,"myA1":3.7051959545351565,"myA2":7.186357241589576,"myA3":7.146108511369675,"myB1":9.674979818519205,"myB2":7.6319983950816095,"myB3":5.022645825520158,"simA1":7.23374933004379,"simA2":5.64809889299795,"simA3":3.88609998160973,"simB1":7.459288504906,"simB2":8.95420984365046,"simB3":8.0907674995251}