{"ppntid":0,"trialid":4,"simBweight":2.92900152504444,"myBweight":3.656151592731476,"myvalue1":38.2089046140661,"myvalue2":31.21707079707849,"myvalue3":25.607724519581765,"simvalue1":29.0820167366599,"simvalue2":31.8749931806181,"simvalue3":27.5839703264988,"mychoice":1,"simchoice":2,"myA1":5.4824435780756176,"myA2":7.269834573380649,"myA3":7.390604065731168,"myB1":8.95106786629185,"myB2":6.54984773369506,"myB3":4.982594400644302,"simA1":7.23374933004379,"simA2":5.64809889299795,"simA3":3.88609998160973,"simB1":7.459288504906,"simB2":8.95420984365046,"simB3":8.0907674995251}