{"ppntid":0,"trialid":10,"simBweight":2.92900152504444,"myBweight":4.250344549072906,"myvalue1":42.35624234595767,"myvalue2":23.085189481919333,"myvalue3":24.469880332117977,"simvalue1":37.9813174690878,"simvalue2":6.61483609034862,"simvalue3":27.6690730806335,"mychoice":1,"simchoice":1,"myA1":9.852894621435553,"myA2":2.983694721478969,"myA3":5.7631881115958095,"myB1":7.64722655992955,"myB2":4.729380060452968,"myB3":4.40121783176437,"simA1":9.01910115499049,"simA2":0.586219872348011,"simA3":0.457009491510689,"simB1":9.88808509195223,"simB2":2.05824960023165,"simB3":9.29055972024798}