{"ppntid":0,"trialid":1,"simBweight":2.92900152504444,"myBweight":3.975911494344473,"myvalue1":25.806569979126795,"myvalue2":18.968377984710585,"myvalue3":45.72422689527652,"simvalue1":24.8420819882576,"simvalue2":16.5181396438975,"simvalue3":37.2214369068358,"mychoice":3,"simchoice":3,"myA1":2.5810105283744633,"myA2":7.711192355491221,"myA3":8.707322340924293,"myB1":5.841568526811898,"myB2":2.8313471376895905,"myB3":9.310293905436993,"simA1":5.67112212534994,"simA2":2.389488783665,"simA3":8.77995934104547,"simB1":6.54522017110139,"simB2":4.82370894635096,"simB3":9.71029797103256}