{"ppntid":0,"trialid":2,"simBweight":2.92900152504444,"myBweight":4.945191005244851,"myvalue1":20.571485344707078,"myvalue2":32.46835818704581,"myvalue3":22.90578646485745,"simvalue1":4.79336017374058,"simvalue2":33.7039452458313,"simvalue3":10.9773753368355,"mychoice":2,"simchoice":2,"myA1":4.512010086327791,"myA2":7.24106301786378,"myA3":4.956259320024401,"myB1":3.2474934216588736,"myB2":5.101379328407347,"myB3":3.6296933982521296,"simA1":4.60025910520926,"simA2":6.2205648701638,"simA3":3.88418034650385,"simB1":0.0659272680059075,"simB2":9.38319087261334,"simB3":2.42171092424542}