{"ppntid":0,"trialid":1,"simBweight":2.92900152504444,"myBweight":1.1949785344768316,"myvalue1":14.09053710276461,"myvalue2":6.700358618302029,"myvalue3":20.710335565093906,"simvalue1":24.8420819882576,"simvalue2":16.5181396438975,"simvalue3":37.2214369068358,"mychoice":3,"simchoice":3,"myA1":6.338775642216206,"myA2":2.9093340085819364,"myA3":9.346331970300525,"myB1":6.486946197692305,"myB2":3.1724625173956156,"myB3":9.509797261562198,"simA1":5.67112212534994,"simA2":2.389488783665,"simA3":8.77995934104547,"simB1":6.54522017110139,"simB2":4.82370894635096,"simB3":9.71029797103256}