{"ppntid":0,"trialid":4,"simBweight":2.92900152504444,"myBweight":2.173693709773943,"myvalue1":24.761746984461517,"myvalue2":25.455290448278337,"myvalue3":18.38295835613635,"simvalue1":29.0820167366599,"simvalue2":31.8749931806181,"simvalue3":27.5839703264988,"mychoice":2,"simchoice":2,"myA1":4.6013622102327645,"myA2":6.197060653939843,"myA3":5.299760201014578,"myB1":9.274712754413486,"myB2":8.85967958951369,"myB3":6.0188784170895815,"simA1":7.23374933004379,"simA2":5.64809889299795,"simA3":3.88609998160973,"simB1":7.459288504906,"simB2":8.95420984365046,"simB3":8.0907674995251}