{"ppntid":0,"trialid":5,"simBweight":2.92900152504444,"myBweight":2.0613523270003498,"myvalue1":26.533353735018736,"myvalue2":14.4217470430749,"myvalue3":19.662481506246994,"simvalue1":13.2756742221018,"simvalue2":30.3546781549135,"simvalue3":23.5392310011038,"mychoice":1,"simchoice":2,"myA1":6.223066479433328,"myA2":1.681561041623354,"myA3":2.00438265921548,"myB1":9.852894621435553,"myB2":6.180499002803117,"myB3":8.566269150469452,"simA1":8.18546326132491,"simA2":4.21199968550354,"simA3":1.76696498412639,"simB1":1.73786558909342,"simB2":8.92545744543895,"simB3":7.43334062164649}