{"ppntid":0,"trialid":3,"simBweight":2.92900152504444,"myBweight":0.4061182320583612,"myvalue1":7.105080368856478,"myvalue2":3.8543911856318256,"myvalue3":12.905339248878121,"simvalue1":8.12483891560789,"simvalue2":28.2043243209439,"simvalue3":35.1603063288223,"mychoice":3,"simchoice":3,"myA1":5.99969181464985,"myA2":1.8491316656582057,"myA3":9.250010072719306,"myB1":2.7218392747454345,"myB2":4.937624961603433,"myB3":9.000652735121548,"simA1":5.65594530198723,"simA2":1.80899103172123,"simA3":9.04499290045351,"simB1":0.842913051601499,"simB2":9.01171715464443,"simB3":8.91611465718597}