{"ppntid":0,"trialid":1,"simBweight":2.92900152504444,"myBweight":3.1924068205989897,"myvalue1":27.635323288739844,"myvalue2":13.732162822133997,"myvalue3":38.705932787702935,"simvalue1":24.8420819882576,"simvalue2":16.5181396438975,"simvalue3":37.2214369068358,"mychoice":3,"simchoice":3,"myA1":9.949332179967314,"myA2":6.747678162064403,"myA3":9.253383849281818,"myB1":5.5400179559364915,"myB2":2.1878429199568927,"myB3":9.22581318533048,"simA1":5.67112212534994,"simA2":2.389488783665,"simA3":8.77995934104547,"simB1":6.54522017110139,"simB2":4.82370894635096,"simB3":9.71029797103256}