{"ppntid":0,"trialid":2,"simBweight":2.92900152504444,"myBweight":2.407395450863987,"myvalue1":6.829794470479608,"myvalue2":29.028868279442158,"myvalue3":8.719819177431102,"simvalue1":4.79336017374058,"simvalue2":33.7039452458313,"simvalue3":10.9773753368355,"mychoice":2,"simchoice":2,"myA1":5.95487927319482,"myA2":7.508212786633521,"myA3":5.304622296243906,"myB1":0.3634281177073717,"myB2":8.939393602777272,"myB3":1.418627288658172,"simA1":4.60025910520926,"simA2":6.2205648701638,"simA3":3.88418034650385,"simB1":0.0659272680059075,"simB2":9.38319087261334,"simB3":2.42171092424542}