{"ppntid":0,"trialid":1,"simBweight":2.92900152504444,"myBweight":4.112041319021955,"myvalue1":21.699136663183033,"myvalue2":21.738775869818888,"myvalue3":42.27707140055415,"simvalue1":24.8420819882576,"simvalue2":16.5181396438975,"simvalue3":37.2214369068358,"mychoice":3,"simchoice":3,"myA1":9.070112193003297,"myA2":0.5901150894351304,"myA3":6.831303332000971,"myB1":3.0712299537844956,"myB2":5.143105124589056,"myB3":8.619993166066706,"simA1":5.67112212534994,"simA2":2.389488783665,"simA3":8.77995934104547,"simB1":6.54522017110139,"simB2":4.82370894635096,"simB3":9.71029797103256}