{"ppntid":0,"trialid":2,"simBweight":2.92900152504444,"myBweight":1.6517340030986816,"myvalue1":11.196177268074571,"myvalue2":13.852809265793173,"myvalue3":10.94296322934575,"simvalue1":4.79336017374058,"simvalue2":33.7039452458313,"simvalue3":10.9773753368355,"mychoice":2,"simchoice":2,"myA1":1.0407032771036029,"myA2":3.564792179968208,"myA3":1.9662876706570387,"myB1":6.148371330928057,"myB2":6.228616149164736,"myB3":5.434698045719415,"simA1":4.60025910520926,"simA2":6.2205648701638,"simA3":3.88418034650385,"simB1":0.0659272680059075,"simB2":9.38319087261334,"simB3":2.42171092424542}