{"ppntid":0,"trialid":5,"simBweight":2.92900152504444,"myBweight":0.25902111316099763,"myvalue1":7.81278146802665,"myvalue2":7.02825609339627,"myvalue3":1.9262317896925314,"simvalue1":13.2756742221018,"simvalue2":30.3546781549135,"simvalue3":23.5392310011038,"mychoice":1,"simchoice":2,"myA1":6.657565725035965,"myA2":6.588249579071999,"myA3":1.1725674220360816,"myB1":4.459928879514337,"myB2":1.6987283737398684,"myB3":2.9096638434566557,"simA1":8.18546326132491,"simA2":4.21199968550354,"simA3":1.76696498412639,"simB1":1.73786558909342,"simB2":8.92545744543895,"simB3":7.43334062164649}