{"ppntid":0,"trialid":1,"simBweight":2.92900152504444,"myBweight":4.444373443257064,"myvalue1":36.45173999249562,"myvalue2":23.036367402924824,"myvalue3":37.49494505616994,"simvalue1":24.8420819882576,"simvalue2":16.5181396438975,"simvalue3":37.2214369068358,"mychoice":3,"simchoice":3,"myA1":6.359005954582244,"myA2":2.4446384236216545,"myA3":9.9010786623694,"myB1":6.770973326638341,"myB2":4.633213037159294,"myB3":6.2087191245518625,"simA1":5.67112212534994,"simA2":2.389488783665,"simA3":8.77995934104547,"simB1":6.54522017110139,"simB2":4.82370894635096,"simB3":9.71029797103256}