{"ppntid":0,"trialid":10,"simBweight":2.92900152504444,"myBweight":1.5424891759175807,"myvalue1":23.630540284171516,"myvalue2":10.424699296568765,"myvalue3":16.0387081700843,"simvalue1":37.9813174690878,"simvalue2":6.61483609034862,"simvalue3":27.6690730806335,"mychoice":1,"simchoice":1,"myA1":9.73087260266766,"myA2":3.3813556632958353,"myA3":5.082749645225704,"myB1":9.011193010956049,"myB2":4.566219162661582,"myB3":7.102778221014887,"simA1":9.01910115499049,"simA2":0.586219872348011,"simA3":0.457009491510689,"simB1":9.88808509195223,"simB2":2.05824960023165,"simB3":9.29055972024798}