{"ppntid":0,"trialid":5,"simBweight":2.92900152504444,"myBweight":3.5956584627274424,"myvalue1":5.976831121719435,"myvalue2":28.51113296976869,"myvalue3":19.744660805947504,"simvalue1":13.2756742221018,"simvalue2":30.3546781549135,"simvalue3":23.5392310011038,"mychoice":2,"simchoice":2,"myA1":3.318480527959764,"myA2":2.793386022094637,"myA3":2.0075935032218695,"myB1":0.7393223303370178,"myB2":7.152444319799542,"myB3":4.932912145741284,"simA1":8.18546326132491,"simA2":4.21199968550354,"simA3":1.76696498412639,"simB1":1.73786558909342,"simB2":8.92545744543895,"simB3":7.43334062164649}