{"ppntid":0,"trialid":3,"simBweight":2.92900152504444,"myBweight":4.056312536122277,"myvalue1":9.898996897303002,"myvalue2":31.780480853338723,"myvalue3":49.677311054465775,"simvalue1":8.12483891560789,"simvalue2":28.2043243209439,"simvalue3":35.1603063288223,"mychoice":3,"simchoice":3,"myA1":3.269797347020358,"myA2":5.653847290668637,"myA3":9.697382771410048,"myB1":1.634292104281485,"myB2":6.44098139135167,"myB3":9.856224816758186,"simA1":5.65594530198723,"simA2":1.80899103172123,"simA3":9.04499290045351,"simB1":0.842913051601499,"simB2":9.01171715464443,"simB3":8.91611465718597}