{"ppntid":0,"trialid":20,"simBweight":2.92900152504444,"myBweight":2.908321844879538,"myvalue1":30.587253622758464,"myvalue2":24.849094153069732,"myvalue3":24.963735380560355,"simvalue1":30.2356599180612,"simvalue2":26.8042973424022,"simvalue3":18.6933581208693,"mychoice":1,"simchoice":2,"myA1":8.492065400350839,"myA2":7.234044976066798,"myA3":5.840364675968885,"myB1":7.597229399252683,"myB2":6.056774358730763,"myB3":6.575396989937872,"simA1":1.68803035514429,"simA2":4.40414110431448,"simA3":5.71626756573096,"simB1":9.74653967190534,"simB2":7.64771067770198,"simB3":4.43055097246543}