{"ppntid":0,"trialid":3,"simBweight":2.92900152504444,"myBweight":2.9472457605879754,"myvalue1":8.506859398994951,"myvalue2":29.13245263732926,"myvalue3":33.62792295611659,"simvalue1":8.12483891560789,"simvalue2":28.2043243209439,"simvalue3":35.1603063288223,"mychoice":3,"simchoice":3,"myA1":5.438088332302868,"myA2":0.7622738881036639,"myA3":9.8494065226987,"myB1":1.0412335162982345,"myB2":9.625996965914965,"myB3":8.06804670020938,"simA1":5.65594530198723,"simA2":1.80899103172123,"simA3":9.04499290045351,"simB1":0.842913051601499,"simB2":9.01171715464443,"simB3":8.91611465718597}