{"ppntid":0,"trialid":4,"simBweight":2.92900152504444,"myBweight":1.3675900921225548,"myvalue1":19.003407610271047,"myvalue2":18.478742418914017,"myvalue3":15.405961479791186,"simvalue1":29.0820167366599,"simvalue2":31.8749931806181,"simvalue3":27.5839703264988,"mychoice":1,"simchoice":2,"myA1":7.452680782880634,"myA2":8.535121206659824,"myA3":8.670381670817733,"myB1":8.446044537704438,"myB2":7.270907612983137,"myB3":4.92514522280544,"simA1":7.23374933004379,"simA2":5.64809889299795,"simA3":3.88609998160973,"simB1":7.459288504906,"simB2":8.95420984365046,"simB3":8.0907674995251}