{"ppntid":0,"trialid":8,"simBweight":2.92900152504444,"myBweight":4.7655512823257595,"myvalue1":24.670597849332445,"myvalue2":10.601420470419246,"myvalue3":40.323214062741975,"simvalue1":24.3077395788662,"simvalue2":12.8486379765393,"simvalue3":21.1752809804918,"mychoice":3,"simchoice":3,"myA1":6.533302376046777,"myA2":5.582739990204573,"myA3":9.589141404721886,"myB1":3.8059175945818424,"myB2":1.053116456605494,"myB3":6.449216646142304,"simA1":4.10054257372394,"simA2":3.45694060437381,"simA3":8.24872852535918,"simB1":6.89900528639555,"simB2":3.20645014755428,"simB3":4.41329659428447}