{"ppntid":0,"trialid":4,"simBweight":2.92900152504444,"myBweight":2.785297838272527,"myvalue1":33.44064914407099,"myvalue2":35.36457177212103,"myvalue3":22.123872955129812,"simvalue1":29.0820167366599,"simvalue2":31.8749931806181,"simvalue3":27.5839703264988,"mychoice":2,"simchoice":2,"myA1":9.110583860892802,"myA2":9.747314248234034,"myA3":7.187596706207842,"myB1":8.735175444744527,"myB2":9.197313541080803,"myB3":5.362541859503835,"simA1":7.23374933004379,"simA2":5.64809889299795,"simA3":3.88609998160973,"simB1":7.459288504906,"simB2":8.95420984365046,"simB3":8.0907674995251}