{"ppntid":0,"trialid":1,"simBweight":2.92900152504444,"myBweight":4.422433058498427,"myvalue1":29.503252889437704,"myvalue2":18.601061717698094,"myvalue3":53.5419555874205,"simvalue1":24.8420819882576,"simvalue2":16.5181396438975,"simvalue3":37.2214369068358,"mychoice":3,"simchoice":3,"myA1":1.3254142832010984,"myA2":6.2959621590562165,"myA3":9.459731760434806,"myB1":6.371569277253002,"myB2":2.782427545171231,"myB3":9.967866837978363,"simA1":5.67112212534994,"simA2":2.389488783665,"simA3":8.77995934104547,"simB1":6.54522017110139,"simB2":4.82370894635096,"simB3":9.71029797103256}