{"ppntid":0,"trialid":3,"simBweight":2.92900152504444,"myBweight":1.6142802173271775,"myvalue1":4.637157805383424,"myvalue2":12.84221465884018,"myvalue3":21.65426288249649,"simvalue1":8.12483891560789,"simvalue2":28.2043243209439,"simvalue3":35.1603063288223,"mychoice":3,"simchoice":3,"myA1":0.5189247778616846,"myA2":5.085997490677983,"myA3":8.330519702285528,"myB1":2.5511264917440712,"myB2":4.804752659983933,"myB3":8.253674323204905,"simA1":5.65594530198723,"simA2":1.80899103172123,"simA3":9.04499290045351,"simB1":0.842913051601499,"simB2":9.01171715464443,"simB3":8.91611465718597}