{"ppntid":0,"trialid":2,"simBweight":2.92900152504444,"myBweight":1.385897536529228,"myvalue1":10.417452634789516,"myvalue2":14.813359878784732,"myvalue3":10.269426106421085,"simvalue1":4.79336017374058,"simvalue2":33.7039452458313,"simvalue3":10.9773753368355,"mychoice":2,"simchoice":2,"myA1":2.9277297318913043,"myA2":5.721261401195079,"myA3":4.344988360535353,"myB1":5.404240000061691,"myB2":6.560440608300269,"myB3":4.274802133440971,"simA1":4.60025910520926,"simA2":6.2205648701638,"simA3":3.88418034650385,"simB1":0.0659272680059075,"simB2":9.38319087261334,"simB3":2.42171092424542}