{"ppntid":0,"trialid":7,"simBweight":2.92900152504444,"myBweight":2.2742019407451153,"myvalue1":10.820036750419607,"myvalue2":21.386087492826846,"myvalue3":23.70228168152602,"simvalue1":29.155178200811,"simvalue2":15.1925325184091,"simvalue3":26.5468177351021,"mychoice":3,"simchoice":3,"myA1":1.618750742636621,"myA2":4.884259800892323,"myA3":5.153034601826221,"myB1":4.0459406189620495,"myB2":7.256096038036048,"myB3":8.15637641819194,"simA1":0.691449935548007,"simA2":5.14853976666927,"simA3":8.05417287861928,"simB1":9.71789465518668,"simB2":3.42915244866163,"simB3":6.3136344240047}