{"ppntid":0,"trialid":10,"simBweight":2.92900152504444,"myBweight":1.2943889957387,"myvalue1":20.819335892367853,"myvalue2":4.119820195113496,"myvalue3":11.164027013764326,"simvalue1":37.9813174690878,"simvalue2":6.61483609034862,"simvalue3":27.6690730806335,"mychoice":1,"simchoice":1,"myA1":9.931899637449533,"myA2":1.568785880226642,"myA3":4.506856102962047,"myB1":8.411255264654756,"myB2":1.970840545836836,"myB3":5.143099124543369,"simA1":9.01910115499049,"simA2":0.586219872348011,"simA3":0.457009491510689,"simB1":9.88808509195223,"simB2":2.05824960023165,"simB3":9.29055972024798}