{"ppntid":0,"trialid":4,"simBweight":2.92900152504444,"myBweight":0.12600626912899315,"myvalue1":9.137709684359692,"myvalue2":5.700484956960124,"myvalue3":4.281897442208619,"simvalue1":29.0820167366599,"simvalue2":31.8749931806181,"simvalue3":27.5839703264988,"mychoice":1,"simchoice":2,"myA1":7.98233242938295,"myA2":5.353403065819293,"myA3":3.89190879650414,"myB1":9.169204540085047,"myB2":2.754481134470552,"myB3":3.094993990380317,"simA1":7.23374933004379,"simA2":5.64809889299795,"simA3":3.88609998160973,"simB1":7.459288504906,"simB2":8.95420984365046,"simB3":8.0907674995251}