{"ppntid":0,"trialid":4,"simBweight":2.92900152504444,"myBweight":3.6254099872894585,"myvalue1":41.575401552108794,"myvalue2":37.112665000630294,"myvalue3":28.603928511213372,"simvalue1":29.0820167366599,"simvalue2":31.8749931806181,"simvalue3":27.5839703264988,"mychoice":1,"simchoice":2,"myA1":8.738081951159984,"myA2":9.948556516319513,"myA3":9.695121026597917,"myB1":9.057546516414732,"myB2":7.492699744179845,"myB3":5.215632866602391,"simA1":7.23374933004379,"simA2":5.64809889299795,"simA3":3.88609998160973,"simB1":7.459288504906,"simB2":8.95420984365046,"simB3":8.0907674995251}