{"ppntid":0,"trialid":4,"simBweight":2.92900152504444,"myBweight":1.3576908933464438,"myvalue1":18.798332156829012,"myvalue2":15.195048232278232,"myvalue3":5.93608099213428,"simvalue1":29.0820167366599,"simvalue2":31.8749931806181,"simvalue3":27.5839703264988,"mychoice":1,"simchoice":2,"myA1":8.831126161385328,"myA2":6.183718806132674,"myA3":0.25153219467028975,"myB1":7.341292516794056,"myB2":6.637246718164533,"myB3":4.186924155801535,"simA1":7.23374933004379,"simA2":5.64809889299795,"simA3":3.88609998160973,"simB1":7.459288504906,"simB2":8.95420984365046,"simB3":8.0907674995251}