{"ppntid":0,"trialid":3,"simBweight":2.92900152504444,"myBweight":3.5613901435863227,"myvalue1":14.603875990244028,"myvalue2":37.496074923004485,"myvalue3":37.116833294311846,"simvalue1":8.12483891560789,"simvalue2":28.2043243209439,"simvalue3":35.1603063288223,"mychoice":2,"simchoice":3,"myA1":7.27094087516889,"myA2":2.800808772444725,"myA3":6.304686206858605,"myB1":2.0590092125348747,"myB2":9.742057104595006,"myB3":8.651719088666141,"simA1":5.65594530198723,"simA2":1.80899103172123,"simA3":9.04499290045351,"simB1":0.842913051601499,"simB2":9.01171715464443,"simB3":8.91611465718597}