{"ppntid":0,"trialid":5,"simBweight":2.92900152504444,"myBweight":0.8815443550702184,"myvalue1":14.718284697738586,"myvalue2":9.843258353034805,"myvalue3":7.287813678013707,"simvalue1":13.2756742221018,"simvalue2":30.3546781549135,"simvalue3":23.5392310011038,"mychoice":1,"simchoice":2,"myA1":6.019386760890484,"myA2":2.670091767795384,"myA3":2.2009433736093342,"myB1":9.867793817538768,"myB2":8.137045565526932,"myB3":5.770407665986568,"simA1":8.18546326132491,"simA2":4.21199968550354,"simA3":1.76696498412639,"simB1":1.73786558909342,"simB2":8.92545744543895,"simB3":7.43334062164649}