{"ppntid":0,"trialid":1,"simBweight":2.92900152504444,"myBweight":0.16113322810269892,"myvalue1":5.874169277014133,"myvalue2":0.7620445522523911,"myvalue3":9.637984108772656,"simvalue1":24.8420819882576,"simvalue2":16.5181396438975,"simvalue3":37.2214369068358,"mychoice":3,"simchoice":3,"myA1":5.302711010444909,"myA2":0.6821417948231101,"myA3":8.418707652017474,"myB1":3.546495488844812,"myB2":0.4958800761960447,"myB3":7.566884069237858,"simA1":5.67112212534994,"simA2":2.389488783665,"simA3":8.77995934104547,"simB1":6.54522017110139,"simB2":4.82370894635096,"simB3":9.71029797103256}