{"ppntid":0,"trialid":1,"simBweight":2.92900152504444,"myBweight":4.044057779246941,"myvalue1":30.5952713619822,"myvalue2":16.24073826726359,"myvalue3":45.8322935082521,"simvalue1":24.8420819882576,"simvalue2":16.5181396438975,"simvalue3":37.2214369068358,"mychoice":3,"simchoice":3,"myA1":4.8282770602963865,"myA2":4.988440508022904,"myA3":8.063821026589721,"myB1":6.371569277253002,"myB2":2.782427545171231,"myB3":9.339251450728625,"simA1":5.67112212534994,"simA2":2.389488783665,"simA3":8.77995934104547,"simB1":6.54522017110139,"simB2":4.82370894635096,"simB3":9.71029797103256}