{"ppntid":0,"trialid":4,"simBweight":2.92900152504444,"myBweight":0.11033245362341404,"myvalue1":7.681863046067424,"myvalue2":4.712446344338971,"myvalue3":2.730000255062229,"simvalue1":29.0820167366599,"simvalue2":31.8749931806181,"simvalue3":27.5839703264988,"mychoice":1,"simchoice":2,"myA1":6.938578272238374,"myA2":4.036739687435329,"myA3":2.374969639349729,"myB1":6.73677371814847,"myB2":6.124278348870575,"myB3":3.2178257987834513,"simA1":7.23374933004379,"simA2":5.64809889299795,"simA3":3.88609998160973,"simB1":7.459288504906,"simB2":8.95420984365046,"simB3":8.0907674995251}