{"ppntid":0,"trialid":10,"simBweight":2.92900152504444,"myBweight":0.5906235589645803,"myvalue1":14.759257501160917,"myvalue2":1.8322426070978415,"myvalue3":4.704209279325669,"simvalue1":37.9813174690878,"simvalue2":6.61483609034862,"simvalue3":27.6690730806335,"mychoice":1,"simchoice":1,"myA1":9.42280612885952,"myA2":1.5385994361713529,"myA3":4.076041299849749,"myB1":9.035283627454191,"myB2":0.49717483576387167,"myB3":1.063567427918315,"simA1":9.01910115499049,"simA2":0.586219872348011,"simA3":0.457009491510689,"simB1":9.88808509195223,"simB2":2.05824960023165,"simB3":9.29055972024798}