{"ppntid":0,"trialid":9,"simBweight":2.92900152504444,"myBweight":3.4643520636018366,"myvalue1":24.03892967380316,"myvalue2":20.565063809088947,"myvalue3":40.124219724756195,"simvalue1":23.3903938429017,"simvalue2":18.0867040995148,"simvalue3":35.9628005125761,"mychoice":3,"simchoice":3,"myA1":5.0150552787818015,"myA2":0.2920726709999144,"myA3":8.132466576062143,"myB1":5.49132248852402,"myB2":5.85188536439091,"myB3":9.23455600393936,"simA1":2.61885447893292,"simA2":1.33204466663301,"simA3":9.1047868761234,"simB1":7.09167925873771,"simB2":5.72026313049719,"simB3":9.16968236677349}