{"ppntid":0,"trialid":2,"simBweight":2.92900152504444,"myBweight":0.6701285880990326,"myvalue1":6.505566172985647,"myvalue2":9.934733806840736,"myvalue3":6.793615189446116,"simvalue1":4.79336017374058,"simvalue2":33.7039452458313,"simvalue3":10.9773753368355,"mychoice":2,"simchoice":2,"myA1":5.6506484327837825,"myA2":7.486920466180891,"myA3":4.958933747839183,"myB1":1.2757517816498876,"myB2":3.6527517018839717,"myB3":2.7378050633706152,"simA1":4.60025910520926,"simA2":6.2205648701638,"simA3":3.88418034650385,"simB1":0.0659272680059075,"simB2":9.38319087261334,"simB3":2.42171092424542}