{"ppntid":0,"trialid":4,"simBweight":2.92900152504444,"myBweight":2.0376293209847063,"myvalue1":24.468856477009762,"myvalue2":17.2272210007329,"myvalue3":12.27095274554066,"simvalue1":29.0820167366599,"simvalue2":31.8749931806181,"simvalue3":27.5839703264988,"mychoice":1,"simchoice":2,"myA1":8.33057755837217,"myA2":5.70281813852489,"myA3":3.205301593989134,"myB1":7.920124996453524,"myB2":5.655789668671787,"myB3":4.449116950854659,"simA1":7.23374933004379,"simA2":5.64809889299795,"simA3":3.88609998160973,"simB1":7.459288504906,"simB2":8.95420984365046,"simB3":8.0907674995251}