{"ppntid":0,"trialid":8,"simBweight":2.92900152504444,"myBweight":2.7430653397459537,"myvalue1":19.734753989617573,"myvalue2":14.007728618548464,"myvalue3":24.424877200172837,"simvalue1":24.3077395788662,"simvalue2":12.8486379765393,"simvalue3":21.1752809804918,"mychoice":3,"simchoice":3,"myA1":7.060609781183302,"myA2":5.593540018890053,"myA3":1.9536511925980449,"myB1":4.620431028306484,"myB2":3.067440092563629,"myB3":8.192012666258961,"simA1":4.10054257372394,"simA2":3.45694060437381,"simA3":8.24872852535918,"simB1":6.89900528639555,"simB2":3.20645014755428,"simB3":4.41329659428447}