{"ppntid":0,"trialid":1,"simBweight":2.92900152504444,"myBweight":0.6166492926422507,"myvalue1":9.62086241650433,"myvalue2":3.3860170707415356,"myvalue3":14.666800186751747,"simvalue1":24.8420819882576,"simvalue2":16.5181396438975,"simvalue3":37.2214369068358,"mychoice":3,"simchoice":3,"myA1":5.554363203700632,"myA2":1.3472983543761075,"myA3":8.694766582921147,"myB1":6.594508842099458,"myB2":3.3061234978958964,"myB3":9.68465167330578,"simA1":5.67112212534994,"simA2":2.389488783665,"simA3":8.77995934104547,"simB1":6.54522017110139,"simB2":4.82370894635096,"simB3":9.71029797103256}