{"ppntid":0,"trialid":2,"simBweight":2.92900152504444,"myBweight":0.3164805471897125,"myvalue1":4.942091707360846,"myvalue2":7.632822001220867,"myvalue3":5.329586550426128,"simvalue1":4.79336017374058,"simvalue2":33.7039452458313,"simvalue3":10.9773753368355,"mychoice":2,"simchoice":2,"myA1":2.8885987866669893,"myA2":4.890124215744436,"myA3":3.2408668380230665,"myB1":6.488528090994805,"myB2":8.6662444495596,"myB3":6.599836011882871,"simA1":4.60025910520926,"simA2":6.2205648701638,"simA3":3.88418034650385,"simB1":0.0659272680059075,"simB2":9.38319087261334,"simB3":2.42171092424542}