{"ppntid":0,"trialid":4,"simBweight":2.92900152504444,"myBweight":4.6693595591932535,"myvalue1":51.894132968441724,"myvalue2":38.1673858641304,"myvalue3":18.71774451896431,"simvalue1":29.0820167366599,"simvalue2":31.8749931806181,"simvalue3":27.5839703264988,"mychoice":1,"simchoice":2,"myA1":9.553279890678823,"myA2":2.1656987443566322,"myA3":1.5327616618014872,"myB1":9.06780738150701,"myB2":7.710198082495481,"myB3":3.6803725734353065,"simA1":7.23374933004379,"simA2":5.64809889299795,"simA3":3.88609998160973,"simB1":7.459288504906,"simB2":8.95420984365046,"simB3":8.0907674995251}