{"ppntid":0,"trialid":4,"simBweight":2.92900152504444,"myBweight":4.772387124830857,"myvalue1":38.85596370857486,"myvalue2":46.66942032502616,"myvalue3":41.03465762331916,"simvalue1":29.0820167366599,"simvalue2":31.8749931806181,"simvalue3":27.5839703264988,"mychoice":2,"simchoice":2,"myA1":8.471557991579175,"myA2":7.524944038596004,"myA3":4.881383068859577,"myB1":6.366710185538977,"myB2":8.202284362632781,"myB3":7.575511711183935,"simA1":7.23374933004379,"simA2":5.64809889299795,"simA3":3.88609998160973,"simB1":7.459288504906,"simB2":8.95420984365046,"simB3":8.0907674995251}