{"ppntid":0,"trialid":1,"simBweight":2.92900152504444,"myBweight":0.9758783888537437,"myvalue1":11.678482157425066,"myvalue2":4.956473284904552,"myvalue3":18.212774105370187,"simvalue1":24.8420819882576,"simvalue2":16.5181396438975,"simvalue3":37.2214369068358,"mychoice":3,"simchoice":3,"myA1":6.371569277253002,"myA2":2.782427545171231,"myA3":9.339251450728625,"myB1":5.438088332302868,"myB2":2.2277834662236273,"myB3":9.09285701578483,"simA1":5.67112212534994,"simA2":2.389488783665,"simA3":8.77995934104547,"simB1":6.54522017110139,"simB2":4.82370894635096,"simB3":9.71029797103256}