{"ppntid":0,"trialid":8,"simBweight":2.92900152504444,"myBweight":1.5617030998691916,"myvalue1":11.083627741049847,"myvalue2":7.967108547864564,"myvalue3":19.670756454817855,"simvalue1":24.3077395788662,"simvalue2":12.8486379765393,"simvalue3":21.1752809804918,"mychoice":3,"simchoice":3,"myA1":1.2511835037730634,"myA2":0.7353443978354335,"myA3":4.599296054802835,"myB1":6.295975360553712,"myB2":4.6306907827965915,"myB3":9.650656646117568,"simA1":4.10054257372394,"simA2":3.45694060437381,"simA3":8.24872852535918,"simB1":6.89900528639555,"simB2":3.20645014755428,"simB3":4.41329659428447}