{"ppntid":0,"trialid":2,"simBweight":2.92900152504444,"myBweight":1.3838103704620153,"myvalue1":11.924463141343825,"myvalue2":13.938339710814901,"myvalue3":16.50540733028381,"simvalue1":4.79336017374058,"simvalue2":33.7039452458313,"simvalue3":10.9773753368355,"mychoice":3,"simchoice":2,"myA1":5.563978480640799,"myA2":8.14727287972346,"myA3":8.188884451519698,"myB1":4.596355683170259,"myB2":4.184870235621929,"myB3":6.0098717687651515,"simA1":4.60025910520926,"simA2":6.2205648701638,"simA3":3.88418034650385,"simB1":0.0659272680059075,"simB2":9.38319087261334,"simB3":2.42171092424542}