{"ppntid":0,"trialid":2,"simBweight":2.92900152504444,"myBweight":0.0016675202641636133,"myvalue1":4.9313818000010095,"myvalue2":5.265503843814446,"myvalue3":3.807835657397944,"simvalue1":4.79336017374058,"simvalue2":33.7039452458313,"simvalue3":10.9773753368355,"mychoice":2,"simchoice":2,"myA1":4.930446182843298,"myA2":5.259955532383174,"myA3":3.8032289827242494,"myB1":0.5610829312354326,"myB2":3.327282762620598,"myB3":2.762589920312166,"simA1":4.60025910520926,"simA2":6.2205648701638,"simA3":3.88418034650385,"simB1":0.0659272680059075,"simB2":9.38319087261334,"simB3":2.42171092424542}