{"ppntid":0,"trialid":2,"simBweight":2.92900152504444,"myBweight":3.8515256729442626,"myvalue1":8.235926483846086,"myvalue2":19.44496518724917,"myvalue3":20.557135669598704,"simvalue1":4.79336017374058,"simvalue2":33.7039452458313,"simvalue3":10.9773753368355,"mychoice":3,"simchoice":2,"myA1":1.0722029162570834,"myA2":1.1756430915556848,"myA3":3.365329075604677,"myB1":1.8599703535437584,"myB2":4.743398758582771,"myB3":4.463635466527194,"simA1":4.60025910520926,"simA2":6.2205648701638,"simA3":3.88418034650385,"simB1":0.0659272680059075,"simB2":9.38319087261334,"simB3":2.42171092424542}