{"ppntid":0,"trialid":3,"simBweight":2.92900152504444,"myBweight":1.633778060786426,"myvalue1":7.799669660936301,"myvalue2":12.564628500462543,"myvalue3":25.663200009425335,"simvalue1":8.12483891560789,"simvalue2":28.2043243209439,"simvalue3":35.1603063288223,"mychoice":3,"simchoice":3,"myA1":6.044756683986634,"myA2":9.845865846145898,"myA3":9.74035111721605,"myB1":1.0741440462879837,"myB2":1.6640954604372382,"myB3":9.746029325760901,"simA1":5.65594530198723,"simA2":1.80899103172123,"simA3":9.04499290045351,"simB1":0.842913051601499,"simB2":9.01171715464443,"simB3":8.91611465718597}