{"ppntid":0,"trialid":1,"simBweight":2.92900152504444,"myBweight":4.5667361887171865,"myvalue1":47.88924032114659,"myvalue2":18.89255313504822,"myvalue3":44.09793295349683,"simvalue1":24.8420819882576,"simvalue2":16.5181396438975,"simvalue3":37.2214369068358,"mychoice":1,"simchoice":3,"myA1":2.612582000438124,"myA2":2.9528698697686195,"myA3":9.61695818696171,"myB1":9.914445776958019,"myB2":3.490388453938067,"myB3":7.550463469233364,"simA1":5.67112212534994,"simA2":2.389488783665,"simA3":8.77995934104547,"simB1":6.54522017110139,"simB2":4.82370894635096,"simB3":9.71029797103256}