{"ppntid":0,"trialid":2,"simBweight":2.92900152504444,"myBweight":4.675917205167934,"myvalue1":20.180195246192547,"myvalue2":29.603717459216476,"myvalue3":21.30921437058033,"simvalue1":4.79336017374058,"simvalue2":33.7039452458313,"simvalue3":10.9773753368355,"mychoice":2,"simchoice":2,"myA1":7.358884667046368,"myA2":9.431141691748053,"myA3":7.935368875041604,"myB1":2.741988366469741,"myB2":4.314143061637878,"myB3":2.860154469963163,"simA1":4.60025910520926,"simA2":6.2205648701638,"simA3":3.88418034650385,"simB1":0.0659272680059075,"simB2":9.38319087261334,"simB3":2.42171092424542}