{"ppntid":0,"trialid":4,"simBweight":2.92900152504444,"myBweight":1.828345952089876,"myvalue1":22.570010411521864,"myvalue2":21.86306736542265,"myvalue3":16.813750120459485,"simvalue1":29.0820167366599,"simvalue2":31.8749931806181,"simvalue3":27.5839703264988,"mychoice":1,"simchoice":2,"myA1":7.617621214594692,"myA2":5.89738936861977,"myA3":5.281591159291565,"myB1":8.178096262272447,"myB2":8.73230691300705,"myB3":6.307427184656262,"simA1":7.23374933004379,"simA2":5.64809889299795,"simA3":3.88609998160973,"simB1":7.459288504906,"simB2":8.95420984365046,"simB3":8.0907674995251}