{"ppntid":0,"trialid":3,"simBweight":2.92900152504444,"myBweight":2.4467516725417227,"myvalue1":9.578596120800873,"myvalue2":10.356394926184828,"myvalue3":28.553449236055783,"simvalue1":8.12483891560789,"simvalue2":28.2043243209439,"simvalue3":35.1603063288223,"mychoice":3,"simchoice":3,"myA1":0.3433272778056562,"myA2":9.279145908076316,"myA3":6.257158035878092,"myB1":3.7745019025169313,"myB2":0.4402772174216807,"myB3":9.112608954310417,"simA1":5.65594530198723,"simA2":1.80899103172123,"simA3":9.04499290045351,"simB1":0.842913051601499,"simB2":9.01171715464443,"simB3":8.91611465718597}