{"ppntid":0,"trialid":3,"simBweight":2.92900152504444,"myBweight":1.506846551783383,"myvalue1":10.437866101593738,"myvalue2":10.166332779270437,"myvalue3":19.66895390070961,"simvalue1":8.12483891560789,"simvalue2":28.2043243209439,"simvalue3":35.1603063288223,"mychoice":3,"simchoice":3,"myA1":0.4996935185045004,"myA2":4.988440508022904,"myA3":8.063821026589721,"myB1":6.595344808883965,"myB2":3.4362438996322453,"myB3":7.7016023034229875,"simA1":5.65594530198723,"simA2":1.80899103172123,"simA3":9.04499290045351,"simB1":0.842913051601499,"simB2":9.01171715464443,"simB3":8.91611465718597}