{"ppntid":0,"trialid":3,"simBweight":2.92900152504444,"myBweight":1.8035689485259354,"myvalue1":10.93495430872272,"myvalue2":16.18663452434034,"myvalue3":25.373751976667876,"simvalue1":8.12483891560789,"simvalue2":28.2043243209439,"simvalue3":35.1603063288223,"mychoice":3,"simchoice":3,"myA1":6.486946197692305,"myA2":1.5821737423539162,"myA3":9.509797261562198,"myB1":2.466225710231811,"myB2":8.09753394452855,"myB3":8.7958681746386,"simA1":5.65594530198723,"simA2":1.80899103172123,"simA3":9.04499290045351,"simB1":0.842913051601499,"simB2":9.01171715464443,"simB3":8.91611465718597}