{"ppntid":0,"trialid":15,"simBweight":2.92900152504444,"myBweight":0.009390086634084582,"myvalue1":7.596488505173151,"myvalue2":5.449335531944384,"myvalue3":4.1447339130792855,"simvalue1":30.7336370866232,"simvalue2":31.7994098581279,"simvalue3":6.46325227742265,"mychoice":1,"simchoice":2,"myA1":7.557183287572116,"myA2":5.427891833242029,"myA3":4.110285632777959,"myB1":4.1858205501921475,"myB2":2.2836529137566686,"myB3":3.6685796035453677,"simA1":7.56775138666853,"simA2":5.10697468882427,"simA3":4.38148951623589,"simB1":7.90914088021964,"simB2":9.11315168021247,"simB3":0.710741439834237}