{"ppntid":0,"trialid":3,"simBweight":2.92900152504444,"myBweight":0.9495307714678347,"myvalue1":8.902735062807238,"myvalue2":6.500407189236598,"myvalue3":16.923340375077004,"simvalue1":8.12483891560789,"simvalue2":28.2043243209439,"simvalue3":35.1603063288223,"mychoice":3,"simchoice":3,"myA1":4.753678466659039,"myA2":5.822270854841918,"myA3":9.43411924643442,"myB1":4.369586242828518,"myB2":0.7141804718412459,"myB3":7.887286387849599,"simA1":5.65594530198723,"simA2":1.80899103172123,"simA3":9.04499290045351,"simB1":0.842913051601499,"simB2":9.01171715464443,"simB3":8.91611465718597}