{"ppntid":0,"trialid":4,"simBweight":2.92900152504444,"myBweight":2.9500926402397454,"myvalue1":31.872595060213424,"myvalue2":28.4264550302733,"myvalue3":23.129832826382255,"simvalue1":29.0820167366599,"simvalue2":31.8749931806181,"simvalue3":27.5839703264988,"mychoice":1,"simchoice":2,"myA1":6.167973896954209,"myA2":7.963775438256562,"myA3":6.59657847834751,"myB1":8.713157279416919,"myB2":6.936283733230084,"myB3":5.604317004326731,"simA1":7.23374933004379,"simA2":5.64809889299795,"simA3":3.88609998160973,"simB1":7.459288504906,"simB2":8.95420984365046,"simB3":8.0907674995251}