{"ppntid":0,"trialid":7,"simBweight":2.92900152504444,"myBweight":2.586640404770151,"myvalue1":16.7791809876125,"myvalue2":29.417167853604376,"myvalue3":19.33478758490058,"simvalue1":29.155178200811,"simvalue2":15.1925325184091,"simvalue3":26.5468177351021,"mychoice":2,"simchoice":3,"myA1":2.948570088483393,"myA2":6.092794209253043,"myA3":8.769005711656064,"myB1":5.34693994326517,"myB2":9.017246309667826,"myB3":4.0847509587183595,"simA1":0.691449935548007,"simA2":5.14853976666927,"simA3":8.05417287861928,"simB1":9.71789465518668,"simB2":3.42915244866163,"simB3":6.3136344240047}