{"ppntid":0,"trialid":2,"simBweight":2.92900152504444,"myBweight":0.30727760633453727,"myvalue1":3.1964788068939476,"myvalue2":9.369353809860616,"myvalue3":7.2017988975273175,"simvalue1":4.79336017374058,"simvalue2":33.7039452458313,"simvalue3":10.9773753368355,"mychoice":2,"simchoice":2,"myA1":2.17579536838457,"myA2":7.206302317790687,"myA3":5.789207653142512,"myB1":3.3216980914585292,"myB2":7.039404914248735,"myB3":4.597117444500327,"simA1":4.60025910520926,"simA2":6.2205648701638,"simA3":3.88418034650385,"simB1":0.0659272680059075,"simB2":9.38319087261334,"simB3":2.42171092424542}