{"ppntid":0,"trialid":11,"simBweight":2.92900152504444,"myBweight":0.42208194616250694,"myvalue1":2.020355519479653,"myvalue2":2.6684029439546615,"myvalue3":7.439082615509658,"simvalue1":9.9197921404594,"simvalue2":11.6245677233259,"simvalue3":7.85712064627827,"mychoice":3,"simchoice":3,"myA1":1.3283274020068347,"myA2":1.9042946980334818,"myA3":5.004799393936992,"myB1":1.6395586775615811,"myB2":1.8103315075859427,"myB3":5.7673237239941955,"simA1":1.94303552154452,"simA2":1.2680093664676,"simA3":5.39368811063468,"simB1":2.72337059257552,"simB2":3.53586649522185,"simB3":0.841048567090183}