{"ppntid":0,"trialid":3,"simBweight":2.92900152504444,"myBweight":3.0329966254066676,"myvalue1":12.787170333960052,"myvalue2":18.410666209693936,"myvalue3":36.7495895162011,"simvalue1":8.12483891560789,"simvalue2":28.2043243209439,"simvalue3":35.1603063288223,"mychoice":3,"simchoice":3,"myA1":5.40273486636579,"myA2":2.1594887389801443,"myA3":8.952056558337063,"myB1":2.4346995330415666,"myB2":5.358125800266862,"myB3":9.165039197541773,"simA1":5.65594530198723,"simA2":1.80899103172123,"simA3":9.04499290045351,"simB1":0.842913051601499,"simB2":9.01171715464443,"simB3":8.91611465718597}