{"ppntid":0,"trialid":5,"simBweight":2.92900152504444,"myBweight":2.7302517171483487,"myvalue1":29.113601043964888,"myvalue2":16.814189292458337,"myvalue3":15.81894612868157,"simvalue1":13.2756742221018,"simvalue2":30.3546781549135,"simvalue3":23.5392310011038,"mychoice":1,"simchoice":2,"myA1":6.643717121332884,"myA2":3.5686086444184184,"myA3":2.447303084190935,"myB1":8.229967874940485,"myB2":4.85141372308135,"myB3":4.897586167789996,"simA1":8.18546326132491,"simA2":4.21199968550354,"simA3":1.76696498412639,"simB1":1.73786558909342,"simB2":8.92545744543895,"simB3":7.43334062164649}