{"ppntid":0,"trialid":3,"simBweight":2.92900152504444,"myBweight":3.258568989112973,"myvalue1":20.114024087194153,"myvalue2":13.773159636258747,"myvalue3":42.02186724043315,"simvalue1":8.12483891560789,"simvalue2":28.2043243209439,"simvalue3":35.1603063288223,"mychoice":3,"simchoice":3,"myA1":1.209103164728731,"myA2":4.876743569038808,"myA3":9.962147665210068,"myB1":5.801602171268314,"myB2":2.7301604161038995,"myB3":9.83858855906874,"simA1":5.65594530198723,"simA2":1.80899103172123,"simA3":9.04499290045351,"simB1":0.842913051601499,"simB2":9.01171715464443,"simB3":8.91611465718597}