{"ppntid":0,"trialid":10,"simBweight":2.92900152504444,"myBweight":0.7087770174257457,"myvalue1":15.029177714353526,"myvalue2":3.7939229359592854,"myvalue3":8.518419179511051,"simvalue1":37.9813174690878,"simvalue2":6.61483609034862,"simvalue3":27.6690730806335,"mychoice":1,"simchoice":1,"myA1":8.801739041227847,"myA2":2.501418823376298,"myA3":5.126190879382193,"myB1":8.786174664273858,"myB2":1.8235694454051554,"myB3":4.78603032650426,"simA1":9.01910115499049,"simA2":0.586219872348011,"simA3":0.457009491510689,"simB1":9.88808509195223,"simB2":2.05824960023165,"simB3":9.29055972024798}