{"ppntid":0,"trialid":5,"simBweight":2.92900152504444,"myBweight":0.9489716810639948,"myvalue1":15.385044916478186,"myvalue2":11.046401787205589,"myvalue3":6.909358370448213,"simvalue1":13.2756742221018,"simvalue2":30.3546781549135,"simvalue3":23.5392310011038,"mychoice":1,"simchoice":2,"myA1":7.8939294326119125,"myA2":5.667810309678316,"myA3":3.5451302025467157,"myB1":7.8939294326119125,"myB2":5.667810309678316,"myB3":3.5451302025467157,"simA1":8.18546326132491,"simA2":4.21199968550354,"simA3":1.76696498412639,"simB1":1.73786558909342,"simB2":8.92545744543895,"simB3":7.43334062164649}