{"ppntid":0,"trialid":5,"simBweight":2.92900152504444,"myBweight":4.591809156117961,"myvalue1":43.34095583244728,"myvalue2":26.013415785289638,"myvalue3":17.38204651605812,"simvalue1":13.2756742221018,"simvalue2":30.3546781549135,"simvalue3":23.5392310011038,"mychoice":1,"simchoice":2,"myA1":6.8875204725191,"myA2":4.768720467109233,"myA3":2.36703101079911,"myB1":7.938795825466514,"myB2":4.626650323625654,"myB3":3.2699563493952155,"simA1":8.18546326132491,"simA2":4.21199968550354,"simA3":1.76696498412639,"simB1":1.73786558909342,"simB2":8.92545744543895,"simB3":7.43334062164649}