{"ppntid":0,"trialid":1,"simBweight":2.92900152504444,"myBweight":2.489768749801442,"myvalue1":21.220173838295345,"myvalue2":11.529227499904646,"myvalue3":32.363062280709215,"simvalue1":24.8420819882576,"simvalue2":16.5181396438975,"simvalue3":37.2214369068358,"mychoice":3,"simchoice":3,"myA1":5.438088332302868,"myA2":4.28565860260278,"myA3":9.09285701578483,"myB1":6.338775642216206,"myB2":2.9093340085819364,"myB3":9.346331970300525,"simA1":5.67112212534994,"simA2":2.389488783665,"simA3":8.77995934104547,"simB1":6.54522017110139,"simB2":4.82370894635096,"simB3":9.71029797103256}