{"ppntid":0,"trialid":4,"simBweight":2.92900152504444,"myBweight":4.034447281155735,"myvalue1":37.03864012087119,"myvalue2":33.03168578493935,"myvalue3":28.37108095222453,"simvalue1":29.0820167366599,"simvalue2":31.8749931806181,"simvalue3":27.5839703264988,"mychoice":1,"simchoice":2,"myA1":9.61873079650104,"myA2":7.397814772557467,"myA3":8.653035070747137,"myB1":6.796447546221316,"myB2":6.353750396519899,"myB3":4.88742187153548,"simA1":7.23374933004379,"simA2":5.64809889299795,"simA3":3.88609998160973,"simB1":7.459288504906,"simB2":8.95420984365046,"simB3":8.0907674995251}