{"ppntid":0,"trialid":1,"simBweight":2.92900152504444,"myBweight":2.2726416308432817,"myvalue1":19.340582864050482,"myvalue2":3.292732688649865,"myvalue3":25.916107496659716,"simvalue1":24.8420819882576,"simvalue2":16.5181396438975,"simvalue3":37.2214369068358,"mychoice":3,"simchoice":3,"myA1":8.597015396226197,"myA2":0.5628433008678257,"myA3":5.618877299129963,"myB1":4.727347823791206,"myB2":1.2011965946294367,"myB3":8.931117833126336,"simA1":5.67112212534994,"simA2":2.389488783665,"simA3":8.77995934104547,"simB1":6.54522017110139,"simB2":4.82370894635096,"simB3":9.71029797103256}