{"ppntid":0,"trialid":3,"simBweight":2.92900152504444,"myBweight":2.5730640185065567,"myvalue1":27.399581892023587,"myvalue2":20.338128758492722,"myvalue3":16.34479788931322,"simvalue1":8.12483891560789,"simvalue2":28.2043243209439,"simvalue3":35.1603063288223,"mychoice":1,"simchoice":3,"myA1":5.510081485845149,"myA2":7.458146822173148,"myA3":9.879954210482538,"myB1":8.507172868121415,"myB2":5.005698204040527,"myB3":2.512507901992649,"simA1":5.65594530198723,"simA2":1.80899103172123,"simA3":9.04499290045351,"simB1":0.842913051601499,"simB2":9.01171715464443,"simB3":8.91611465718597}