{"ppntid":0,"trialid":2,"simBweight":2.92900152504444,"myBweight":0.7691857020836323,"myvalue1":6.899971597494444,"myvalue2":11.003121844353789,"myvalue3":4.910559552393314,"simvalue1":4.79336017374058,"simvalue2":33.7039452458313,"simvalue3":10.9773753368355,"mychoice":2,"simchoice":2,"myA1":2.68459270009771,"myA2":4.610597102437168,"myA3":4.543267053086311,"myB1":5.480313643347472,"myB2":8.310769069939852,"myB3":0.4775082250125706,"simA1":4.60025910520926,"simA2":6.2205648701638,"simA3":3.88418034650385,"simB1":0.0659272680059075,"simB2":9.38319087261334,"simB3":2.42171092424542}