{"ppntid":0,"trialid":19,"simBweight":2.92900152504444,"myBweight":4.29327760823071,"myvalue1":41.42904126193124,"myvalue2":4.1270626795589,"myvalue3":42.123300836774895,"simvalue1":23.9648656770971,"simvalue2":9.31357607840151,"simvalue3":33.3839512700173,"mychoice":3,"simchoice":3,"myA1":4.001083520706743,"myA2":0.6404086877591908,"myA3":4.16960310889408,"myB1":8.717805172782391,"myB2":0.8121193898841739,"myB3":8.840261728037149,"simA1":4.32004463626072,"simA2":0.128159222658724,"simA3":5.63038276741281,"simB1":6.70700266724452,"simB2":3.13602324109524,"simB3":9.47543668560684}