{"ppntid":0,"trialid":3,"simBweight":2.92900152504444,"myBweight":4.73494827747345,"myvalue1":16.940148812014456,"myvalue2":30.10127900317624,"myvalue3":53.03196627063392,"simvalue1":8.12483891560789,"simvalue2":28.2043243209439,"simvalue3":35.1603063288223,"mychoice":3,"simchoice":3,"myA1":5.694454936310649,"myA2":2.0856751454994082,"myA3":9.22581318533048,"myB1":2.3750404897145927,"myB2":5.916770831681788,"myB3":9.25166454166174,"simA1":5.65594530198723,"simA2":1.80899103172123,"simA3":9.04499290045351,"simB1":0.842913051601499,"simB2":9.01171715464443,"simB3":8.91611465718597}