{"ppntid":0,"trialid":1,"simBweight":2.92900152504444,"myBweight":2.523933065822348,"myvalue1":21.22044124772808,"myvalue2":11.531743127824726,"myvalue3":34.11988226615935,"simvalue1":24.8420819882576,"simvalue2":16.5181396438975,"simvalue3":37.2214369068358,"mychoice":3,"simchoice":3,"myA1":5.1390268676914275,"myA2":4.50908224331215,"myA3":8.961653558071703,"myB1":6.371569277253002,"myB2":2.782427545171231,"myB3":9.967866837978363,"simA1":5.67112212534994,"simA2":2.389488783665,"simA3":8.77995934104547,"simB1":6.54522017110139,"simB2":4.82370894635096,"simB3":9.71029797103256}