{"ppntid":0,"trialid":5,"simBweight":2.92900152504444,"myBweight":2.399285810533911,"myvalue1":31.128662014116713,"myvalue2":20.89509724183928,"myvalue3":16.53416319558997,"simvalue1":13.2756742221018,"simvalue2":30.3546781549135,"simvalue3":23.5392310011038,"mychoice":1,"simchoice":2,"myA1":7.78151745442301,"myA2":5.359474080614746,"myA3":4.218595260754228,"myB1":9.73087260266766,"myB2":6.475103171542287,"myB3":5.133014116436243,"simA1":8.18546326132491,"simA2":4.21199968550354,"simA3":1.76696498412639,"simB1":1.73786558909342,"simB2":8.92545744543895,"simB3":7.43334062164649}