{"ppntid":0,"trialid":9,"simBweight":2.92900152504444,"myBweight":2.9367209877818823,"myvalue1":5.640968488761853,"myvalue2":6.698422613416403,"myvalue3":27.7008661480014,"simvalue1":23.3903938429017,"simvalue2":18.0867040995148,"simvalue3":35.9628005125761,"mychoice":3,"simchoice":3,"myA1":4.4212866271846,"myA2":2.1527750114910305,"myA3":9.46360346628353,"myB1":0.4153209878131747,"myB2":1.5478649898432195,"myB3":6.210076734423637,"simA1":2.61885447893292,"simA2":1.33204466663301,"simA3":9.1047868761234,"simB1":7.09167925873771,"simB2":5.72026313049719,"simB3":9.16968236677349}