{"ppntid":0,"trialid":2,"simBweight":2.92900152504444,"myBweight":0.7303452945780009,"myvalue1":6.940107713704908,"myvalue2":7.1976177633623575,"myvalue3":8.003951741531683,"simvalue1":4.79336017374058,"simvalue2":33.7039452458313,"simvalue3":10.9773753368355,"mychoice":3,"simchoice":2,"myA1":4.925242050085217,"myA2":4.530236776918173,"myA3":5.666692608501762,"myB1":2.7587850275449455,"myB2":3.652219034265727,"myB3":3.200211119838059,"simA1":4.60025910520926,"simA2":6.2205648701638,"simA3":3.88418034650385,"simB1":0.0659272680059075,"simB2":9.38319087261334,"simB3":2.42171092424542}