{"ppntid":0,"trialid":5,"simBweight":2.92900152504444,"myBweight":2.0477653585840017,"myvalue1":22.999342260752304,"myvalue2":9.598488541478028,"myvalue3":11.298631578308179,"simvalue1":13.2756742221018,"simvalue2":30.3546781549135,"simvalue3":23.5392310011038,"mychoice":1,"simchoice":2,"myA1":7.101637728046626,"myA2":0.7766027469187975,"myA3":3.6502421437762678,"myB1":7.763440506532788,"myB2":4.308055001311004,"myB3":3.7349930754862726,"simA1":8.18546326132491,"simA2":4.21199968550354,"simA3":1.76696498412639,"simB1":1.73786558909342,"simB2":8.92545744543895,"simB3":7.43334062164649}