{"ppntid":0,"trialid":1,"simBweight":2.92900152504444,"myBweight":1.0154473688453436,"myvalue1":15.383728531367435,"myvalue2":7.376959139964973,"myvalue3":19.722751836660088,"simvalue1":24.8420819882576,"simvalue2":16.5181396438975,"simvalue3":37.2214369068358,"mychoice":3,"simchoice":3,"myA1":9.492506871465594,"myA2":4.60462492890656,"myA3":9.732182971201837,"myB1":5.801602171268314,"myB2":2.7301604161038995,"myB3":9.83858855906874,"simA1":5.67112212534994,"simA2":2.389488783665,"simA3":8.77995934104547,"simB1":6.54522017110139,"simB2":4.82370894635096,"simB3":9.71029797103256}