{"ppntid":0,"trialid":3,"simBweight":2.92900152504444,"myBweight":2.3887418734375387,"myvalue1":17.23385937644428,"myvalue2":10.32599378161678,"myvalue3":25.801963008219833,"simvalue1":8.12483891560789,"simvalue2":28.2043243209439,"simvalue3":35.1603063288223,"mychoice":3,"simchoice":3,"myA1":6.289299644995481,"myA2":0.5246370355598629,"myA3":5.734143198933452,"myB1":4.581725574098527,"myB2":4.103146034758538,"myB3":8.400999719742686,"simA1":5.65594530198723,"simA2":1.80899103172123,"simA3":9.04499290045351,"simB1":0.842913051601499,"simB2":9.01171715464443,"simB3":8.91611465718597}