{"ppntid":0,"trialid":5,"simBweight":2.92900152504444,"myBweight":0.9715982421766967,"myvalue1":16.659098805498246,"myvalue2":8.627079304661768,"myvalue3":9.730932497906077,"simvalue1":13.2756742221018,"simvalue2":30.3546781549135,"simvalue3":23.5392310011038,"mychoice":1,"simchoice":2,"myA1":8.856177884154022,"myA2":4.317675014026463,"myA3":6.663323065731674,"myB1":8.031015889719129,"myB2":4.435376788023859,"myB3":3.1572817848064005,"simA1":8.18546326132491,"simA2":4.21199968550354,"simA3":1.76696498412639,"simB1":1.73786558909342,"simB2":8.92545744543895,"simB3":7.43334062164649}