{"ppntid":0,"trialid":3,"simBweight":2.92900152504444,"myBweight":0.2791667135898024,"myvalue1":6.6918242292176835,"myvalue2":4.011128275889444,"myvalue3":11.923558329484399,"simvalue1":8.12483891560789,"simvalue2":28.2043243209439,"simvalue3":35.1603063288223,"mychoice":3,"simchoice":3,"myA1":6.371569277253002,"myA2":3.01295809680596,"myA3":9.967866837978363,"myB1":1.1471817246638238,"myB2":3.575534368865192,"myB3":7.005460881628096,"simA1":5.65594530198723,"simA2":1.80899103172123,"simA3":9.04499290045351,"simB1":0.842913051601499,"simB2":9.01171715464443,"simB3":8.91611465718597}