{"ppntid":0,"trialid":1,"simBweight":2.92900152504444,"myBweight":1.7496602225583047,"myvalue1":15.763171807451364,"myvalue2":4.256554316062941,"myvalue3":21.712728330626717,"simvalue1":24.8420819882576,"simvalue2":16.5181396438975,"simvalue3":37.2214369068358,"mychoice":3,"simchoice":3,"myA1":7.5022169994190335,"myA2":2.8379068290814757,"myA3":7.1528936619870365,"myB1":4.721462316811085,"myB2":0.8108131331391633,"myB3":8.321521219331771,"simA1":5.67112212534994,"simA2":2.389488783665,"simA3":8.77995934104547,"simB1":6.54522017110139,"simB2":4.82370894635096,"simB3":9.71029797103256}