{"ppntid":0,"trialid":4,"simBweight":2.92900152504444,"myBweight":2.9753798677120358,"myvalue1":35.37221142687936,"myvalue2":29.914619403927286,"myvalue3":27.702388437524863,"simvalue1":29.0820167366599,"simvalue2":31.8749931806181,"simvalue3":27.5839703264988,"mychoice":1,"simchoice":2,"myA1":8.08587488019839,"myA2":7.270907612983137,"myA3":4.92514522280544,"myB1":9.170706854201853,"myB2":7.610359953250736,"myB3":7.655238735023886,"simA1":7.23374933004379,"simA2":5.64809889299795,"simA3":3.88609998160973,"simB1":7.459288504906,"simB2":8.95420984365046,"simB3":8.0907674995251}