{"ppntid":0,"trialid":3,"simBweight":2.92900152504444,"myBweight":4.739038088591769,"myvalue1":36.90929088228171,"myvalue2":8.537112066867847,"myvalue3":36.32449609623231,"simvalue1":8.12483891560789,"simvalue2":28.2043243209439,"simvalue3":35.1603063288223,"mychoice":1,"simchoice":3,"myA1":8.301964136771858,"myA2":3.4656356112100184,"myA3":9.845175831578672,"myB1":6.036526022944599,"myB2":1.0701489122584462,"myB3":5.587488382589072,"simA1":5.65594530198723,"simA2":1.80899103172123,"simA3":9.04499290045351,"simB1":0.842913051601499,"simB2":9.01171715464443,"simB3":8.91611465718597}