{"ppntid":0,"trialid":3,"simBweight":2.92900152504444,"myBweight":1.6142802173271775,"myvalue1":8.188688054028336,"myvalue2":6.493062451156834,"myvalue3":23.60230178353465,"simvalue1":8.12483891560789,"simvalue2":28.2043243209439,"simvalue3":35.1603063288223,"mychoice":3,"simchoice":3,"myA1":0.5189247778616846,"myA2":5.085997490677983,"myA3":8.330519702285528,"myB1":4.7511969693005085,"myB2":0.871636129450053,"myB3":9.460428194142878,"simA1":5.65594530198723,"simA2":1.80899103172123,"simA3":9.04499290045351,"simB1":0.842913051601499,"simB2":9.01171715464443,"simB3":8.91611465718597}