{"ppntid":0,"trialid":8,"simBweight":2.92900152504444,"myBweight":1.6276759724132717,"myvalue1":15.350013566383659,"myvalue2":7.454890739057667,"myvalue3":17.402789618457675,"simvalue1":24.3077395788662,"simvalue2":12.8486379765393,"simvalue3":21.1752809804918,"mychoice":3,"simchoice":3,"myA1":9.991861246526241,"myA2":0.8428290137089789,"myA3":4.77777088759467,"myB1":3.2919035549275577,"myB2":4.062271506991237,"myB3":7.756469312589616,"simA1":4.10054257372394,"simA2":3.45694060437381,"simA3":8.24872852535918,"simB1":6.89900528639555,"simB2":3.20645014755428,"simB3":4.41329659428447}