{"ppntid":0,"trialid":4,"simBweight":2.92900152504444,"myBweight":0.6699214689433575,"myvalue1":13.35276835206419,"myvalue2":11.351500412562476,"myvalue3":7.850216775723277,"simvalue1":29.0820167366599,"simvalue2":31.8749931806181,"simvalue3":27.5839703264988,"mychoice":1,"simchoice":2,"myA1":7.9200233379378915,"myA2":6.480563303921372,"myA3":4.550756253302097,"myB1":8.10952516971156,"myB2":7.270907612983137,"myB3":4.92514522280544,"simA1":7.23374933004379,"simA2":5.64809889299795,"simA3":3.88609998160973,"simB1":7.459288504906,"simB2":8.95420984365046,"simB3":8.0907674995251}