{"ppntid":0,"trialid":2,"simBweight":2.92900152504444,"myBweight":2.5376404845155776,"myvalue1":12.56177596502313,"myvalue2":22.65150243217065,"myvalue3":16.986372832838583,"simvalue1":4.79336017374058,"simvalue2":33.7039452458313,"simvalue3":10.9773753368355,"mychoice":2,"simchoice":2,"myA1":0.5610829312354326,"myA2":3.327282762620598,"myA3":2.762589920312166,"myB1":4.729075338691473,"myB2":7.615034433547407,"myB3":5.605121371336281,"simA1":4.60025910520926,"simA2":6.2205648701638,"simA3":3.88418034650385,"simB1":0.0659272680059075,"simB2":9.38319087261334,"simB3":2.42171092424542}