{"ppntid":0,"trialid":4,"simBweight":2.92900152504444,"myBweight":4.985628372523934,"myvalue1":27.171758903781672,"myvalue2":17.15677535234405,"myvalue3":15.060040991345572,"simvalue1":29.0820167366599,"simvalue2":31.8749931806181,"simvalue3":27.5839703264988,"mychoice":1,"simchoice":2,"myA1":2.4817588040605187,"myA2":5.333198511507362,"myA3":6.726929999422282,"myB1":4.952234353404492,"myB2":2.3715319228358567,"myB3":1.6714264219626784,"simA1":7.23374933004379,"simA2":5.64809889299795,"simA3":3.88609998160973,"simB1":7.459288504906,"simB2":8.95420984365046,"simB3":8.0907674995251}