{"ppntid":0,"trialid":2,"simBweight":2.92900152504444,"myBweight":0.0809266825672239,"myvalue1":4.4736043702243595,"myvalue2":7.202156239468083,"myvalue3":4.997593614349342,"simvalue1":4.79336017374058,"simvalue2":33.7039452458313,"simvalue3":10.9773753368355,"mychoice":2,"simchoice":2,"myA1":4.147673381958157,"myA2":7.096424056217074,"myA3":4.881533063016832,"myB1":4.027484853286296,"myB2":1.3065181951969862,"myB3":1.4341444335877895,"simA1":4.60025910520926,"simA2":6.2205648701638,"simA3":3.88418034650385,"simB1":0.0659272680059075,"simB2":9.38319087261334,"simB3":2.42171092424542}