{"ppntid":0,"trialid":6,"simBweight":2.92900152504444,"myBweight":1.4265807927586138,"myvalue1":19.059517546659322,"myvalue2":3.6409591737480835,"myvalue3":18.37333502313959,"simvalue1":32.3724469339229,"simvalue2":7.31317136996306,"simvalue3":26.9463834162194,"mychoice":1,"simchoice":1,"myA1":8.56704672332853,"myA2":0.5406100233085454,"myA3":6.941243389155716,"myB1":7.35497833462432,"myB2":2.1732727414928377,"myB3":8.013630697969347,"simA1":5.60983883915469,"simA2":0.712338301818818,"simA3":8.53584753349423,"simB1":9.13710964843631,"simB2":2.25361202843487,"simB3":6.28560133045539}