{"ppntid":0,"trialid":2,"simBweight":2.92900152504444,"myBweight":0.03606663318350911,"myvalue1":5.775432199967623,"myvalue2":6.440105902765989,"myvalue3":3.595354818380833,"simvalue1":4.79336017374058,"simvalue2":33.7039452458313,"simvalue3":10.9773753368355,"mychoice":2,"simchoice":2,"myA1":5.728771642316133,"myA2":6.370325249154121,"myA3":3.4499441483058035,"myB1":1.2937320047058165,"myB2":1.9347703806124628,"myB3":4.031722876243293,"simA1":4.60025910520926,"simA2":6.2205648701638,"simA3":3.88418034650385,"simB1":0.0659272680059075,"simB2":9.38319087261334,"simB3":2.42171092424542}