{"ppntid":0,"trialid":2,"simBweight":2.92900152504444,"myBweight":2.06857294193469,"myvalue1":12.04107231991603,"myvalue2":16.999023011262878,"myvalue3":8.46614537519735,"simvalue1":4.79336017374058,"simvalue2":33.7039452458313,"simvalue3":10.9773753368355,"mychoice":2,"simchoice":2,"myA1":4.110417710617185,"myA2":6.960610435344279,"myA3":4.180525173433125,"myB1":3.8338771858252585,"myB2":4.852820208761841,"myB3":2.071776206139475,"simA1":4.60025910520926,"simA2":6.2205648701638,"simA3":3.88418034650385,"simB1":0.0659272680059075,"simB2":9.38319087261334,"simB3":2.42171092424542}