{"ppntid":0,"trialid":1,"simBweight":2.92900152504444,"myBweight":3.8840445643290877,"myvalue1":30.371236546056178,"myvalue2":19.627249060078036,"myvalue3":42.94089324044944,"simvalue1":24.8420819882576,"simvalue2":16.5181396438975,"simvalue3":37.2214369068358,"mychoice":3,"simchoice":3,"myA1":1.0608343756757677,"myA2":8.365351278334856,"myA3":8.75667191343382,"myB1":7.546360935084522,"myB2":2.8995284670963883,"myB3":8.801191840320826,"simA1":5.67112212534994,"simA2":2.389488783665,"simA3":8.77995934104547,"simB1":6.54522017110139,"simB2":4.82370894635096,"simB3":9.71029797103256}