{"ppntid":0,"trialid":3,"simBweight":2.92900152504444,"myBweight":3.770279291784391,"myvalue1":24.72879114808453,"myvalue2":18.262625225654816,"myvalue3":39.9452088275098,"simvalue1":8.12483891560789,"simvalue2":28.2043243209439,"simvalue3":35.1603063288223,"mychoice":3,"simchoice":3,"myA1":1.0313173476606607,"myA2":6.543546922039241,"myA3":9.993521894793957,"myB1":6.285336434375495,"myB2":3.1082785641774535,"myB3":7.944156019948423,"simA1":5.65594530198723,"simA2":1.80899103172123,"simA3":9.04499290045351,"simB1":0.842913051601499,"simB2":9.01171715464443,"simB3":8.91611465718597}