{"ppntid":0,"trialid":5,"simBweight":2.92900152504444,"myBweight":0.09649063111282885,"myvalue1":10.592326678300319,"myvalue2":4.702966900728567,"myvalue3":2.8250025167580204,"simvalue1":13.2756742221018,"simvalue2":30.3546781549135,"simvalue3":23.5392310011038,"mychoice":1,"simchoice":2,"myA1":9.941259603947401,"myA2":4.450745265930891,"myA3":2.779243248514831,"myB1":6.747464151121676,"myB2":2.613949477672577,"myB3":0.474235350266099,"simA1":8.18546326132491,"simA2":4.21199968550354,"simA3":1.76696498412639,"simB1":1.73786558909342,"simB2":8.92545744543895,"simB3":7.43334062164649}