{"ppntid":0,"trialid":4,"simBweight":2.92900152504444,"myBweight":3.678060402162373,"myvalue1":39.8258140571051,"myvalue2":41.44301588066279,"myvalue3":33.208322332271976,"simvalue1":29.0820167366599,"simvalue2":31.8749931806181,"simvalue3":27.5839703264988,"mychoice":2,"simchoice":2,"myA1":5.355194453150034,"myA2":6.716365416068584,"myA3":9.431900600902736,"myB1":9.371955823153257,"myB2":9.441566115710884,"myB3":6.464391318149865,"simA1":7.23374933004379,"simA2":5.64809889299795,"simA3":3.88609998160973,"simB1":7.459288504906,"simB2":8.95420984365046,"simB3":8.0907674995251}