{"ppntid":0,"trialid":1,"simBweight":2.92900152504444,"myBweight":4.759857401950285,"myvalue1":28.588784486392427,"myvalue2":16.83327156239764,"myvalue3":53.257319633509816,"simvalue1":24.8420819882576,"simvalue2":16.5181396438975,"simvalue3":37.2214369068358,"mychoice":3,"simchoice":3,"myA1":1.799103447701782,"myA2":7.186310219112784,"myA3":8.384512020274997,"myB1":5.628252860624343,"myB2":2.026733267121017,"myB3":9.427342843264341,"simA1":5.67112212534994,"simA2":2.389488783665,"simA3":8.77995934104547,"simB1":6.54522017110139,"simB2":4.82370894635096,"simB3":9.71029797103256}