{"ppntid":0,"trialid":11,"simBweight":2.92900152504444,"myBweight":0.6167044839821756,"myvalue1":1.229568436484971,"myvalue2":2.7604592428810903,"myvalue3":9.231503221476887,"simvalue1":9.9197921404594,"simvalue2":11.6245677233259,"simvalue3":7.85712064627827,"mychoice":3,"simchoice":3,"myA1":0.64669439336285,"myA2":1.8966224207542837,"myA3":5.724160100799054,"myB1":0.9451431897468865,"myB2":1.400730567984283,"myB3":5.687234667129815,"simA1":1.94303552154452,"simA2":1.2680093664676,"simA3":5.39368811063468,"simB1":2.72337059257552,"simB2":3.53586649522185,"simB3":0.841048567090183}