{"ppntid":0,"trialid":1,"simBweight":2.92900152504444,"myBweight":4.231212334707379,"myvalue1":38.0841639952306,"myvalue2":20.792503553304183,"myvalue3":45.44540041866243,"simvalue1":24.8420819882576,"simvalue2":16.5181396438975,"simvalue3":37.2214369068358,"mychoice":3,"simchoice":3,"myA1":0.8824877440929413,"myA2":3.8289918936789036,"myA3":7.545366829726845,"myB1":8.792202637996525,"myB2":4.009137409739196,"myB3":8.957251631654799,"simA1":5.67112212534994,"simA2":2.389488783665,"simA3":8.77995934104547,"simB1":6.54522017110139,"simB2":4.82370894635096,"simB3":9.71029797103256}