{"ppntid":0,"trialid":1,"simBweight":2.92900152504444,"myBweight":3.8807046541478485,"myvalue1":27.54027048196764,"myvalue2":13.09798818492043,"myvalue3":42.608431097535686,"simvalue1":24.8420819882576,"simvalue2":16.5181396438975,"simvalue3":37.2214369068358,"mychoice":3,"simchoice":3,"myA1":4.8282770602963865,"myA2":4.988440508022904,"myA3":8.063821026589721,"myB1":5.852543660439551,"myB2":2.089710091240704,"myB3":8.90163337578997,"simA1":5.67112212534994,"simA2":2.389488783665,"simA3":8.77995934104547,"simB1":6.54522017110139,"simB2":4.82370894635096,"simB3":9.71029797103256}