{"ppntid":0,"trialid":4,"simBweight":2.92900152504444,"myBweight":2.5290091219358146,"myvalue1":30.30764306711123,"myvalue2":24.083823299862154,"myvalue3":11.89474521236505,"simvalue1":29.0820167366599,"simvalue2":31.8749931806181,"simvalue3":27.5839703264988,"mychoice":1,"simchoice":2,"myA1":9.595017896499485,"myA2":8.728628889657557,"myA3":2.6648578071035445,"myB1":8.19001599913463,"myB2":6.071624762844294,"myB3":3.649606213439256,"simA1":7.23374933004379,"simA2":5.64809889299795,"simA3":3.88609998160973,"simB1":7.459288504906,"simB2":8.95420984365046,"simB3":8.0907674995251}