{"ppntid":0,"trialid":5,"simBweight":2.92900152504444,"myBweight":2.337349015288055,"myvalue1":25.96165209352928,"myvalue2":21.223178463758877,"myvalue3":18.08050973633823,"simvalue1":13.2756742221018,"simvalue2":30.3546781549135,"simvalue3":23.5392310011038,"mychoice":1,"simchoice":2,"myA1":5.853847076650709,"myA2":8.748507127165794,"myA3":7.844263066072017,"myB1":8.602825202979147,"myB2":5.337102527264506,"myB3":4.379425838124007,"simA1":8.18546326132491,"simA2":4.21199968550354,"simA3":1.76696498412639,"simB1":1.73786558909342,"simB2":8.92545744543895,"simB3":7.43334062164649}