{"ppntid":0,"trialid":13,"simBweight":2.92900152504444,"myBweight":1.62737668142654,"myvalue1":20.841426127397845,"myvalue2":15.705370370717834,"myvalue3":13.48529262876147,"simvalue1":19.4881299579769,"simvalue2":24.9032378382858,"simvalue3":10.8954607930942,"mychoice":1,"simchoice":2,"myA1":9.7342200553976,"myA2":9.108817181549966,"myA3":7.184023605659604,"myB1":6.825221350882202,"myB2":4.053488823119551,"myB3":3.87204087106511,"simA1":2.6640361500904,"simA2":5.32445900142193,"simA3":4.68264800496399,"simB1":5.74396894779056,"simB2":6.68445498216897,"simB3":2.12113675428554}