{"ppntid":0,"trialid":4,"simBweight":2.92900152504444,"myBweight":4.830651065567508,"myvalue1":24.302126852496617,"myvalue2":18.602658848556576,"myvalue3":3.806140173631401,"simvalue1":29.0820167366599,"simvalue2":31.8749931806181,"simvalue3":27.5839703264988,"mychoice":1,"simchoice":2,"myA1":7.759398254565895,"myA2":6.3036978035233915,"myA3":2.0560353342443705,"myB1":3.424533954821527,"myB2":2.546025551855564,"myB3":0.3622917109169066,"simA1":7.23374933004379,"simA2":5.64809889299795,"simA3":3.88609998160973,"simB1":7.459288504906,"simB2":8.95420984365046,"simB3":8.0907674995251}