{"ppntid":0,"trialid":6,"simBweight":2.92900152504444,"myBweight":1.1683727335184813,"myvalue1":14.077311918039548,"myvalue2":3.383624859956911,"myvalue3":16.772910905548727,"simvalue1":32.3724469339229,"simvalue2":7.31317136996306,"simvalue3":26.9463834162194,"mychoice":3,"simchoice":1,"myA1":3.1935180397704244,"myA2":2.3169358889572322,"myA3":6.954456793610007,"myB1":9.31534395320341,"myB2":0.9129697573371232,"myB3":8.403528968337923,"simA1":5.60983883915469,"simA2":0.712338301818818,"simA3":8.53584753349423,"simB1":9.13710964843631,"simB2":2.25361202843487,"simB3":6.28560133045539}