{"ppntid":0,"trialid":1,"simBweight":2.92900152504444,"myBweight":1.796787796774879,"myvalue1":19.141065646340362,"myvalue2":8.586897469632246,"myvalue3":21.12712218756755,"simvalue1":24.8420819882576,"simvalue2":16.5181396438975,"simvalue3":37.2214369068358,"mychoice":3,"simchoice":3,"myA1":3.94843872403726,"myA2":0.7167507708072662,"myA3":9.569660043343902,"myB1":8.455437503289431,"myB2":4.3801202974282205,"myB3":6.432291094679385,"simA1":5.67112212534994,"simA2":2.389488783665,"simA3":8.77995934104547,"simB1":6.54522017110139,"simB2":4.82370894635096,"simB3":9.71029797103256}