{"ppntid":0,"trialid":2,"simBweight":2.92900152504444,"myBweight":3.016822272911668,"myvalue1":12.604554855738693,"myvalue2":17.820217049816517,"myvalue3":17.21057179993375,"simvalue1":4.79336017374058,"simvalue2":33.7039452458313,"simvalue3":10.9773753368355,"mychoice":2,"simchoice":2,"myA1":9.33821310987696,"myA2":8.120164670981467,"myA3":1.8217524560168386,"myB1":1.082709371112287,"myB2":3.215321123134345,"myB3":5.101002960000187,"simA1":4.60025910520926,"simA2":6.2205648701638,"simA3":3.88418034650385,"simB1":0.0659272680059075,"simB2":9.38319087261334,"simB3":2.42171092424542}