{"ppntid":0,"trialid":1,"simBweight":2.92900152504444,"myBweight":0.9020169486757368,"myvalue1":12.963343910076151,"myvalue2":6.468151243908444,"myvalue3":17.435722690207193,"simvalue1":24.8420819882576,"simvalue2":16.5181396438975,"simvalue3":37.2214369068358,"mychoice":3,"simchoice":3,"myA1":6.599732905160636,"myA2":2.9553197883069515,"myA3":9.709014126565307,"myB1":7.054868552368134,"myB2":3.8944184593856335,"myB3":8.56603479012847,"simA1":5.67112212534994,"simA2":2.389488783665,"simA3":8.77995934104547,"simB1":6.54522017110139,"simB2":4.82370894635096,"simB3":9.71029797103256}