{"ppntid":0,"trialid":1,"simBweight":2.92900152504444,"myBweight":0.35673507838509977,"myvalue1":8.057970503290726,"myvalue2":3.062858362784143,"myvalue3":12.642996673444147,"simvalue1":24.8420819882576,"simvalue2":16.5181396438975,"simvalue3":37.2214369068358,"mychoice":3,"simchoice":3,"myA1":6.08165176352486,"myA2":2.2823780472390354,"myA3":9.351825483608991,"myB1":5.5400179559364915,"myB2":2.1878429199568927,"myB3":9.22581318533048,"simA1":5.67112212534994,"simA2":2.389488783665,"simA3":8.77995934104547,"simB1":6.54522017110139,"simB2":4.82370894635096,"simB3":9.71029797103256}