{"ppntid":0,"trialid":2,"simBweight":2.92900152504444,"myBweight":1.6331362444907427,"myvalue1":11.873787440355098,"myvalue2":18.04454000059384,"myvalue3":16.426284917557286,"simvalue1":4.79336017374058,"simvalue2":33.7039452458313,"simvalue3":10.9773753368355,"mychoice":2,"simchoice":2,"myA1":1.2757517816498876,"myA2":3.6527517018839717,"myA3":2.7378050633706152,"myB1":6.489376311656088,"myB2":8.812362316530198,"myB3":8.381713344715536,"simA1":4.60025910520926,"simA2":6.2205648701638,"simA3":3.88418034650385,"simB1":0.0659272680059075,"simB2":9.38319087261334,"simB3":2.42171092424542}