{"ppntid":0,"trialid":3,"simBweight":2.92900152504444,"myBweight":4.730712050804868,"myvalue1":17.77677834870249,"myvalue2":23.647156943087225,"myvalue3":56.732940144014535,"simvalue1":8.12483891560789,"simvalue2":28.2043243209439,"simvalue3":35.1603063288223,"mychoice":3,"simchoice":3,"myA1":1.5200822078622878,"myA2":5.391617603600025,"myA3":9.604888132307678,"myB1":3.4364163293503225,"myB2":3.8589411368593574,"myB3":9.962147665210068,"simA1":5.65594530198723,"simA2":1.80899103172123,"simA3":9.04499290045351,"simB1":0.842913051601499,"simB2":9.01171715464443,"simB3":8.91611465718597}