{"ppntid":0,"trialid":2,"simBweight":2.92900152504444,"myBweight":1.8726063473150134,"myvalue1":9.773498133343814,"myvalue2":15.266853286985404,"myvalue3":11.933374193701095,"simvalue1":4.79336017374058,"simvalue2":33.7039452458313,"simvalue3":10.9773753368355,"mychoice":2,"simchoice":2,"myA1":4.389254245907068,"myA2":6.6664922423660755,"myA3":5.076844170689583,"myB1":2.875267348717898,"myB2":4.59272236097604,"myB3":3.661490324884653,"simA1":4.60025910520926,"simA2":6.2205648701638,"simA3":3.88418034650385,"simB1":0.0659272680059075,"simB2":9.38319087261334,"simB3":2.42171092424542}