{"ppntid":0,"trialid":13,"simBweight":2.92900152504444,"myBweight":2.0533090666867793,"myvalue1":12.301878435708097,"myvalue2":18.26658288976162,"myvalue3":11.587215280102164,"simvalue1":19.4881299579769,"simvalue2":24.9032378382858,"simvalue3":10.8954607930942,"mychoice":2,"simchoice":2,"myA1":1.2835530773736537,"myA2":3.133192441891879,"myA3":0.7878545508719981,"myB1":5.366130962502211,"myB2":7.370244788471609,"myB3":5.259491084143519,"simA1":2.6640361500904,"simA2":5.32445900142193,"simA3":4.68264800496399,"simB1":5.74396894779056,"simB2":6.68445498216897,"simB3":2.12113675428554}