{"ppntid":0,"trialid":4,"simBweight":2.92900152504444,"myBweight":2.836945039452985,"myvalue1":23.84226386462958,"myvalue2":16.03711229254108,"myvalue3":16.933395327835004,"simvalue1":29.0820167366599,"simvalue2":31.8749931806181,"simvalue3":27.5839703264988,"mychoice":1,"simchoice":2,"myA1":7.7875868626870215,"myA2":7.437526367139071,"myA3":9.835363142192364,"myB1":5.659142767544836,"myB2":3.031283935997635,"myB3":2.5019984832033515,"simA1":7.23374933004379,"simA2":5.64809889299795,"simA3":3.88609998160973,"simB1":7.459288504906,"simB2":8.95420984365046,"simB3":8.0907674995251}