{"ppntid":0,"trialid":1,"simBweight":2.92900152504444,"myBweight":2.842472696211189,"myvalue1":8.905134549558571,"myvalue2":1.159327082644445,"myvalue3":21.217738302846477,"simvalue1":24.8420819882576,"simvalue2":16.5181396438975,"simvalue3":37.2214369068358,"mychoice":3,"simchoice":3,"myA1":6.605488276109099,"myA2":0.5283094476908445,"myA3":9.663004607427865,"myB1":0.809030206874013,"myB2":0.22199602331966162,"myB3":4.065028913319111,"simA1":5.67112212534994,"simA2":2.389488783665,"simA3":8.77995934104547,"simB1":6.54522017110139,"simB2":4.82370894635096,"simB3":9.71029797103256}