{"ppntid":0,"trialid":2,"simBweight":2.92900152504444,"myBweight":4.143926433753222,"myvalue1":7.301021148995765,"myvalue2":19.83888341774942,"myvalue3":11.467822178095712,"simvalue1":4.79336017374058,"simvalue2":33.7039452458313,"simvalue3":10.9773753368355,"mychoice":2,"simchoice":2,"myA1":4.756176865193993,"myA2":5.527690516319126,"myA3":3.905947324819863,"myB1":0.614114252384752,"myB2":3.4535344992764294,"myB3":1.8248091451823711,"simA1":4.60025910520926,"simA2":6.2205648701638,"simA3":3.88418034650385,"simB1":0.0659272680059075,"simB2":9.38319087261334,"simB3":2.42171092424542}