{"ppntid":0,"trialid":4,"simBweight":2.92900152504444,"myBweight":1.7416717542801052,"myvalue1":19.230087371003798,"myvalue2":13.653021385168762,"myvalue3":12.428481740226053,"simvalue1":29.0820167366599,"simvalue2":31.8749931806181,"simvalue3":27.5839703264988,"mychoice":1,"simchoice":2,"myA1":5.409255847334862,"myA2":4.652514911722392,"myA3":4.160330928862095,"myB1":7.935382479336113,"myB2":5.167739817406982,"myB3":4.747249756474048,"simA1":7.23374933004379,"simA2":5.64809889299795,"simA3":3.88609998160973,"simB1":7.459288504906,"simB2":8.95420984365046,"simB3":8.0907674995251}