{"ppntid":0,"trialid":2,"simBweight":2.92900152504444,"myBweight":0.32412170548923314,"myvalue1":8.134045921013078,"myvalue2":9.149626456581242,"myvalue3":7.005944912050868,"simvalue1":4.79336017374058,"simvalue2":33.7039452458313,"simvalue3":10.9773753368355,"mychoice":2,"simchoice":2,"myA1":5.364118253346533,"myA2":6.874450908508152,"myA3":5.456718958448619,"myB1":8.545949317049235,"myB2":7.019509985111654,"myB3":4.779766141436994,"simA1":4.60025910520926,"simA2":6.2205648701638,"simA3":3.88418034650385,"simB1":0.0659272680059075,"simB2":9.38319087261334,"simB3":2.42171092424542}