{"ppntid":0,"trialid":1,"simBweight":2.92900152504444,"myBweight":0.7761341135483235,"myvalue1":10.346441608981408,"myvalue2":6.316730922669285,"myvalue3":17.112602317810033,"simvalue1":24.8420819882576,"simvalue2":16.5181396438975,"simvalue3":37.2214369068358,"mychoice":3,"simchoice":3,"myA1":5.476923955138773,"myA2":4.665716397576034,"myA3":9.876136961393058,"myB1":6.274067289195955,"myB2":2.127228395547718,"myB3":9.323730564210564,"simA1":5.67112212534994,"simA2":2.389488783665,"simA3":8.77995934104547,"simB1":6.54522017110139,"simB2":4.82370894635096,"simB3":9.71029797103256}