{"ppntid":0,"trialid":1,"simBweight":2.92900152504444,"myBweight":3.5173259605653584,"myvalue1":33.781645869714666,"myvalue2":23.153017101488537,"myvalue3":41.46899688091165,"simvalue1":24.8420819882576,"simvalue2":16.5181396438975,"simvalue3":37.2214369068358,"mychoice":3,"simchoice":3,"myA1":1.8894984875805676,"myA2":2.426311862654984,"myA3":9.614285638090223,"myB1":9.06715719262138,"myB2":5.892745077144355,"myB3":9.056513840332627,"simA1":5.67112212534994,"simA2":2.389488783665,"simA3":8.77995934104547,"simB1":6.54522017110139,"simB2":4.82370894635096,"simB3":9.71029797103256}