{"ppntid":0,"trialid":13,"simBweight":2.92900152504444,"myBweight":2.0008256391156465,"myvalue1":17.307838516129564,"myvalue2":21.259746527472377,"myvalue3":12.777641403062722,"simvalue1":19.4881299579769,"simvalue2":24.9032378382858,"simvalue3":10.8954607930942,"mychoice":2,"simchoice":2,"myA1":1.5366671769879758,"myA2":3.0090521462261677,"myA3":0.13907093554735184,"myB1":7.882331688888371,"myB2":9.121581623330712,"myB3":6.31667758570984,"simA1":2.6640361500904,"simA2":5.32445900142193,"simA3":4.68264800496399,"simB1":5.74396894779056,"simB2":6.68445498216897,"simB3":2.12113675428554}