{"ppntid":0,"trialid":4,"simBweight":2.92900152504444,"myBweight":4.910209561930969,"myvalue1":45.72267279469792,"myvalue2":50.37553083636085,"myvalue3":38.51219781272838,"simvalue1":29.0820167366599,"simvalue2":31.8749931806181,"simvalue3":27.5839703264988,"mychoice":2,"simchoice":2,"myA1":2.831130800768733,"myA2":5.21479394286871,"myA3":5.7246245187707245,"myB1":8.735175444744527,"myB2":9.197313541080803,"myB3":6.677428504917771,"simA1":7.23374933004379,"simA2":5.64809889299795,"simA3":3.88609998160973,"simB1":7.459288504906,"simB2":8.95420984365046,"simB3":8.0907674995251}