{"ppntid":0,"trialid":13,"simBweight":2.92900152504444,"myBweight":3.0353210191242397,"myvalue1":22.10558990639482,"myvalue2":18.18233456043864,"myvalue3":13.581016529265398,"simvalue1":19.4881299579769,"simvalue2":24.9032378382858,"simvalue3":10.8954607930942,"mychoice":1,"simchoice":2,"myA1":2.741988366469741,"myA2":4.314143061637878,"myA3":2.860154469963163,"myB1":6.379424587357789,"myB2":4.568937325384468,"myB3":3.5320356534793973,"simA1":2.6640361500904,"simA2":5.32445900142193,"simA3":4.68264800496399,"simB1":5.74396894779056,"simB2":6.68445498216897,"simB3":2.12113675428554}