{"ppntid":0,"trialid":1,"simBweight":2.92900152504444,"myBweight":2.279527486534789,"myvalue1":22.93170530481133,"myvalue2":12.034207665389983,"myvalue3":31.32017211472388,"simvalue1":24.8420819882576,"simvalue2":16.5181396438975,"simvalue3":37.2214369068358,"mychoice":3,"simchoice":3,"myA1":8.358314177021384,"myA2":4.900494837202132,"myA3":9.425565612036735,"myB1":6.393163150642067,"myB2":3.1294699758291245,"myB3":9.604888132307678,"simA1":5.67112212534994,"simA2":2.389488783665,"simA3":8.77995934104547,"simB1":6.54522017110139,"simB2":4.82370894635096,"simB3":9.71029797103256}