{"ppntid":0,"trialid":2,"simBweight":2.92900152504444,"myBweight":2.96310676028952,"myvalue1":11.307004409057775,"myvalue2":31.41668545677291,"myvalue3":8.163212557618792,"simvalue1":4.79336017374058,"simvalue2":33.7039452458313,"simvalue3":10.9773753368355,"mychoice":2,"simchoice":2,"myA1":5.4390068259090185,"myA2":5.110545204952359,"myA3":6.842316398397088,"myB1":1.9803530746139586,"myB2":8.877891476731747,"myB3":0.4457808192819357,"simA1":4.60025910520926,"simA2":6.2205648701638,"simA3":3.88418034650385,"simB1":0.0659272680059075,"simB2":9.38319087261334,"simB3":2.42171092424542}