{"ppntid":0,"trialid":3,"simBweight":2.92900152504444,"myBweight":0.6084046384785324,"myvalue1":6.388747626201345,"myvalue2":4.298800675519325,"myvalue3":12.692986585347501,"simvalue1":8.12483891560789,"simvalue2":28.2043243209439,"simvalue3":35.1603063288223,"mychoice":3,"simchoice":3,"myA1":0.8824877440929413,"myA2":3.8289918936789036,"myA3":7.545366829726845,"myB1":9.050325283315033,"myB2":0.7721978961490095,"myB3":8.460848964750767,"simA1":5.65594530198723,"simA2":1.80899103172123,"simA3":9.04499290045351,"simB1":0.842913051601499,"simB2":9.01171715464443,"simB3":8.91611465718597}