{"ppntid":0,"trialid":3,"simBweight":2.92900152504444,"myBweight":3.9905219071079046,"myvalue1":25.133596416092466,"myvalue2":20.113592109163456,"myvalue3":43.10049860110346,"simvalue1":8.12483891560789,"simvalue2":28.2043243209439,"simvalue3":35.1603063288223,"mychoice":3,"simchoice":3,"myA1":0.30138320522382855,"myA2":8.68217095034197,"myA3":5.089419360738248,"myB1":6.222798367962241,"myB2":2.8646431281231344,"myB3":9.525340325199068,"simA1":5.65594530198723,"simA2":1.80899103172123,"simA3":9.04499290045351,"simB1":0.842913051601499,"simB2":9.01171715464443,"simB3":8.91611465718597}