{"ppntid":0,"trialid":1,"simBweight":2.92900152504444,"myBweight":2.9419371497351676,"myvalue1":21.798140748276058,"myvalue2":4.307760694908917,"myvalue3":24.788882473813157,"simvalue1":24.8420819882576,"simvalue2":16.5181396438975,"simvalue3":37.2214369068358,"mychoice":3,"simchoice":3,"myA1":7.250487576238811,"myA2":2.6041087019257247,"myA3":7.740382864139974,"myB1":4.944923168513924,"myB2":0.5790919065475464,"myB3":5.7949911034666,"simA1":5.67112212534994,"simA2":2.389488783665,"simA3":8.77995934104547,"simB1":6.54522017110139,"simB2":4.82370894635096,"simB3":9.71029797103256}