{"ppntid":0,"trialid":4,"simBweight":2.92900152504444,"myBweight":3.157498127548024,"myvalue1":28.60302461933935,"myvalue2":19.536106234954772,"myvalue3":7.319717114263527,"simvalue1":29.0820167366599,"simvalue2":31.8749931806181,"simvalue3":27.5839703264988,"mychoice":1,"simchoice":2,"myA1":4.707661645952612,"myA2":2.9626931552775204,"myA3":0.04385117208585143,"myB1":7.567815405782312,"myB2":5.248906700871885,"myB3":2.3043136205524206,"simA1":7.23374933004379,"simA2":5.64809889299795,"simA3":3.88609998160973,"simB1":7.459288504906,"simB2":8.95420984365046,"simB3":8.0907674995251}