{"ppntid":0,"trialid":4,"simBweight":2.92900152504444,"myBweight":1.212369193090126,"myvalue1":14.831984436016626,"myvalue2":16.18203643375905,"myvalue3":12.21783206225033,"simvalue1":29.0820167366599,"simvalue2":31.8749931806181,"simvalue3":27.5839703264988,"mychoice":2,"simchoice":2,"myA1":8.801527896430343,"myA2":8.053154107183218,"myA3":5.656622827518731,"myB1":4.974109020549804,"myB2":6.704956190660596,"myB3":5.411890430841595,"simA1":7.23374933004379,"simA2":5.64809889299795,"simA3":3.88609998160973,"simB1":7.459288504906,"simB2":8.95420984365046,"simB3":8.0907674995251}