{"ppntid":0,"trialid":5,"simBweight":2.92900152504444,"myBweight":0.609241888159886,"myvalue1":13.249705446367283,"myvalue2":3.666323949867689,"myvalue3":5.71378065654441,"simvalue1":13.2756742221018,"simvalue2":30.3546781549135,"simvalue3":23.5392310011038,"mychoice":1,"simchoice":2,"myA1":7.193073674570769,"myA2":0.9547435003332794,"myA3":4.020549252163619,"myB1":9.941259603947401,"myB2":4.450745265930891,"myB3":2.779243248514831,"simA1":8.18546326132491,"simA2":4.21199968550354,"simA3":1.76696498412639,"simB1":1.73786558909342,"simB2":8.92545744543895,"simB3":7.43334062164649}