{"ppntid":0,"trialid":8,"simBweight":2.92900152504444,"myBweight":3.158002697164193,"myvalue1":19.590504681665237,"myvalue2":17.418570751823736,"myvalue3":32.09806063924859,"simvalue1":24.3077395788662,"simvalue2":12.8486379765393,"simvalue3":21.1752809804918,"mychoice":3,"simchoice":3,"myA1":2.367078084498644,"myA2":1.6770972032099962,"myA3":5.379047486931086,"myB1":5.453898634295911,"myB2":4.984629545360804,"myB3":8.460731580853462,"simA1":4.10054257372394,"simA2":3.45694060437381,"simA3":8.24872852535918,"simB1":6.89900528639555,"simB2":3.20645014755428,"simB3":4.41329659428447}