{"ppntid":0,"trialid":4,"simBweight":2.92900152504444,"myBweight":0.7457505539059639,"myvalue1":11.290382970387387,"myvalue2":7.594521927737969,"myvalue3":2.9214526960594793,"simvalue1":29.0820167366599,"simvalue2":31.8749931806181,"simvalue3":27.5839703264988,"mychoice":1,"simchoice":2,"myA1":6.001732596196234,"myA2":3.273912144359201,"myA3":0.34370859153568745,"myB1":7.0917149796150625,"myB2":5.793639388866723,"myB3":3.4565768553875387,"simA1":7.23374933004379,"simA2":5.64809889299795,"simA3":3.88609998160973,"simB1":7.459288504906,"simB2":8.95420984365046,"simB3":8.0907674995251}