{"ppntid":0,"trialid":4,"simBweight":2.92900152504444,"myBweight":1.5334826137404889,"myvalue1":15.228495013679916,"myvalue2":13.907183848029115,"myvalue3":8.540206318859296,"simvalue1":29.0820167366599,"simvalue2":31.8749931806181,"simvalue3":27.5839703264988,"mychoice":1,"simchoice":2,"myA1":4.7853337856940925,"myA2":6.221895434428006,"myA3":5.380661960225552,"myB1":6.810094313696027,"myB2":5.011656698770821,"myB3":2.060371816623956,"simA1":7.23374933004379,"simA2":5.64809889299795,"simA3":3.88609998160973,"simB1":7.459288504906,"simB2":8.95420984365046,"simB3":8.0907674995251}