{"ppntid":0,"trialid":3,"simBweight":2.92900152504444,"myBweight":4.125276843551546,"myvalue1":10.911590331174722,"myvalue2":28.979568128439574,"myvalue3":45.971698363838215,"simvalue1":8.12483891560789,"simvalue2":28.2043243209439,"simvalue3":35.1603063288223,"mychoice":3,"simchoice":3,"myA1":4.127322477288544,"myA2":4.322714244481176,"myA3":7.7989282459020615,"myB1":1.6445606225170195,"myB2":5.977017984259874,"myB3":9.253383849281818,"simA1":5.65594530198723,"simA2":1.80899103172123,"simA3":9.04499290045351,"simB1":0.842913051601499,"simB2":9.01171715464443,"simB3":8.91611465718597}