{"ppntid":0,"trialid":13,"simBweight":2.92900152504444,"myBweight":1.3199160515796393,"myvalue1":15.549952117622766,"myvalue2":16.972530635728724,"myvalue3":16.204020200006337,"simvalue1":19.4881299579769,"simvalue2":24.9032378382858,"simvalue3":10.8954607930942,"mychoice":2,"simchoice":2,"myA1":8.41680899495259,"myA2":8.313299771398306,"myA3":9.337541630957276,"myB1":5.404240000061691,"myB2":6.560440608300269,"myB3":5.20220855018124,"simA1":2.6640361500904,"simA2":5.32445900142193,"simA3":4.68264800496399,"simB1":5.74396894779056,"simB2":6.68445498216897,"simB3":2.12113675428554}