{"ppntid":0,"trialid":5,"simBweight":2.92900152504444,"myBweight":1.0048603417817503,"myvalue1":16.380800743751536,"myvalue2":9.506553897847489,"myvalue3":7.599746472710078,"simvalue1":13.2756742221018,"simvalue2":30.3546781549135,"simvalue3":23.5392310011038,"mychoice":1,"simchoice":2,"myA1":6.725599055644125,"myA2":3.3615677268244326,"myA3":1.2508091563358903,"myB1":9.608501088805497,"myB2":6.115263898391277,"myB3":6.318228566087782,"simA1":8.18546326132491,"simA2":4.21199968550354,"simA3":1.76696498412639,"simB1":1.73786558909342,"simB2":8.92545744543895,"simB3":7.43334062164649}