{"ppntid":0,"trialid":3,"simBweight":2.92900152504444,"myBweight":2.1164009405765682,"myvalue1":8.245454005593551,"myvalue2":19.863095250621274,"myvalue3":27.884638876959105,"simvalue1":8.12483891560789,"simvalue2":28.2043243209439,"simvalue3":35.1603063288223,"mychoice":3,"simchoice":3,"myA1":6.973135867156088,"myA2":3.490601156372577,"myA3":9.949952757451683,"myB1":0.6011706544086337,"myB2":7.736007757484913,"myB3":8.474143899511546,"simA1":5.65594530198723,"simA2":1.80899103172123,"simA3":9.04499290045351,"simB1":0.842913051601499,"simB2":9.01171715464443,"simB3":8.91611465718597}