{"ppntid":0,"trialid":1,"simBweight":2.92900152504444,"myBweight":2.365639212075621,"myvalue1":12.257319069315923,"myvalue2":6.573747715274912,"myvalue3":30.708891305968226,"simvalue1":24.8420819882576,"simvalue2":16.5181396438975,"simvalue3":37.2214369068358,"mychoice":3,"simchoice":3,"myA1":0.9598573041148484,"myA2":4.345428794622421,"myA3":9.47788760298863,"myB1":4.775648673530668,"myB2":0.9419521410018206,"myB3":8.974742891732603,"simA1":5.67112212534994,"simA2":2.389488783665,"simA3":8.77995934104547,"simB1":6.54522017110139,"simB2":4.82370894635096,"simB3":9.71029797103256}