{"ppntid":0,"trialid":3,"simBweight":2.92900152504444,"myBweight":2.8368474647868425,"myvalue1":15.20904388688189,"myvalue2":14.46956439778603,"myvalue3":33.802570275569586,"simvalue1":8.12483891560789,"simvalue2":28.2043243209439,"simvalue3":35.1603063288223,"mychoice":3,"simchoice":3,"myA1":0.19775183871388435,"myA2":6.2959621590562165,"myA3":9.297407818958163,"myB1":5.291540075559169,"myB2":2.881227256730199,"myB3":8.638167106546462,"simA1":5.65594530198723,"simA2":1.80899103172123,"simA3":9.04499290045351,"simB1":0.842913051601499,"simB2":9.01171715464443,"simB3":8.91611465718597}