{"ppntid":0,"trialid":1,"simBweight":2.92900152504444,"myBweight":4.940151942428201,"myvalue1":9.441252230104244,"myvalue2":30.066241994366422,"myvalue3":51.72563803431683,"simvalue1":24.8420819882576,"simvalue2":16.5181396438975,"simvalue3":37.2214369068358,"mychoice":3,"simchoice":3,"myA1":1.4879263704642653,"myA2":4.847823788877577,"myA3":8.589378867764026,"myB1":1.6099354741163552,"myB2":5.1047859457321465,"myB3":8.731767700519413,"simA1":5.67112212534994,"simA2":2.389488783665,"simA3":8.77995934104547,"simB1":6.54522017110139,"simB2":4.82370894635096,"simB3":9.71029797103256}