{"ppntid":0,"trialid":2,"simBweight":2.92900152504444,"myBweight":4.340477756923065,"myvalue1":13.703905120412813,"myvalue2":29.04904561192784,"myvalue3":18.298582684931013,"simvalue1":4.79336017374058,"simvalue2":33.7039452458313,"simvalue3":10.9773753368355,"mychoice":2,"simchoice":2,"myA1":5.728771642316133,"myA2":8.160989407915622,"myA3":6.228863960132003,"myB1":1.837386095430702,"myB2":4.812386417761445,"myB3":2.780735071282834,"simA1":4.60025910520926,"simA2":6.2205648701638,"simA3":3.88418034650385,"simB1":0.0659272680059075,"simB2":9.38319087261334,"simB3":2.42171092424542}