{"ppntid":0,"trialid":18,"simBweight":2.92900152504444,"myBweight":1.420875588664785,"myvalue1":11.060473693264331,"myvalue2":11.179879698289847,"myvalue3":18.92916666831897,"simvalue1":29.278641166275,"simvalue2":22.3575730969011,"simvalue3":16.2277070528167,"mychoice":3,"simchoice":3,"myA1":5.0150552787818015,"myA2":5.541209913790226,"myA3":8.35950818611309,"myB1":4.254713405389339,"myB2":3.968447223305702,"myB3":7.438834593631327,"simA1":3.45552658895031,"simA2":1.83656022651121,"simA3":8.13114545540884,"simB1":8.81635409081355,"simB2":7.00614618835971,"simB3":2.76427360251546}