{"ppntid":0,"trialid":4,"simBweight":2.92900152504444,"myBweight":0.5850771768018603,"myvalue1":10.485887691717101,"myvalue2":9.706263637361804,"myvalue3":5.2535804346450705,"simvalue1":29.0820167366599,"simvalue2":31.8749931806181,"simvalue3":27.5839703264988,"mychoice":1,"simchoice":2,"myA1":8.592913085594773,"myA2":8.375225085765123,"myA3":5.194640054833144,"myB1":3.2354271900840104,"myB2":2.2749794460833073,"myB3":0.10073949582874775,"simA1":7.23374933004379,"simA2":5.64809889299795,"simA3":3.88609998160973,"simB1":7.459288504906,"simB2":8.95420984365046,"simB3":8.0907674995251}