{"ppntid":0,"trialid":1,"simBweight":2.92900152504444,"myBweight":4.3052097607869655,"myvalue1":31.112864820077736,"myvalue2":17.596108959013783,"myvalue3":49.95056306562663,"simvalue1":24.8420819882576,"simvalue2":16.5181396438975,"simvalue3":37.2214369068358,"mychoice":3,"simchoice":3,"myA1":6.371569277253002,"myA2":2.782427545171231,"myA3":9.967866837978363,"myB1":5.746826964896172,"myB2":3.440873322542757,"myB3":9.287049516569823,"simA1":5.67112212534994,"simA2":2.389488783665,"simA3":8.77995934104547,"simB1":6.54522017110139,"simB2":4.82370894635096,"simB3":9.71029797103256}