{"ppntid":0,"trialid":6,"simBweight":2.92900152504444,"myBweight":4.646959980018437,"myvalue1":39.557321462100084,"myvalue2":1.3426285857306293,"myvalue3":39.4120415665119,"simvalue1":32.3724469339229,"simvalue2":7.31317136996306,"simvalue3":26.9463834162194,"mychoice":1,"simchoice":1,"myA1":4.099034185055643,"myA2":0.5262003396637738,"myA3":4.325339994393289,"myB1":7.630426650866866,"myB2":0.17569082789123058,"myB3":7.550463469233364,"simA1":5.60983883915469,"simA2":0.712338301818818,"simA3":8.53584753349423,"simB1":9.13710964843631,"simB2":2.25361202843487,"simB3":6.28560133045539}