{"ppntid":0,"trialid":2,"simBweight":2.92900152504444,"myBweight":1.55025249812752,"myvalue1":13.038965018568982,"myvalue2":16.48256585134915,"myvalue3":14.213923286047375,"simvalue1":4.79336017374058,"simvalue2":33.7039452458313,"simvalue3":10.9773753368355,"mychoice":2,"simchoice":2,"myA1":8.083265915047377,"myA2":6.053737187758088,"myA3":8.11370292911306,"myB1":3.196704478468746,"myB2":6.727180685847998,"myB3":3.9349850197322667,"simA1":4.60025910520926,"simA2":6.2205648701638,"simA3":3.88418034650385,"simB1":0.0659272680059075,"simB2":9.38319087261334,"simB3":2.42171092424542}