{"ppntid":0,"trialid":9,"simBweight":2.92900152504444,"myBweight":4.539409071439877,"myvalue1":34.82004918869354,"myvalue2":23.34192248375187,"myvalue3":47.19385259492401,"simvalue1":23.3903938429017,"simvalue2":18.0867040995148,"simvalue3":35.9628005125761,"mychoice":3,"simchoice":3,"myA1":5.729624768719077,"myA2":3.962467066012323,"myA3":9.419534211046994,"myB1":6.408416593912989,"myB2":4.269158190581948,"myB3":8.321417565457523,"simA1":2.61885447893292,"simA2":1.33204466663301,"simA3":9.1047868761234,"simB1":7.09167925873771,"simB2":5.72026313049719,"simB3":9.16968236677349}