{"ppntid":0,"trialid":3,"simBweight":2.92900152504444,"myBweight":4.351766330655664,"myvalue1":9.754848520839737,"myvalue2":34.04583750170939,"myvalue3":46.27220258581606,"simvalue1":8.12483891560789,"simvalue2":28.2043243209439,"simvalue3":35.1603063288223,"mychoice":3,"simchoice":3,"myA1":8.089146735146642,"myA2":3.827110673300922,"myA3":3.3514867373742163,"myB1":0.38276452803984284,"myB2":6.944014115724713,"myB3":9.862826399039477,"simA1":5.65594530198723,"simA2":1.80899103172123,"simA3":9.04499290045351,"simB1":0.842913051601499,"simB2":9.01171715464443,"simB3":8.91611465718597}