{"ppntid":0,"trialid":3,"simBweight":2.92900152504444,"myBweight":3.916452801786363,"myvalue1":13.153905451881132,"myvalue2":26.618546430274243,"myvalue3":43.2001772313466,"simvalue1":8.12483891560789,"simvalue2":28.2043243209439,"simvalue3":35.1603063288223,"mychoice":3,"simchoice":3,"myA1":1.4560434385202825,"myA2":3.33989086560905,"myA3":7.177254017442465,"myB1":2.9868512670509517,"myB2":5.943811081815511,"myB3":9.197844334412366,"simA1":5.65594530198723,"simA2":1.80899103172123,"simA3":9.04499290045351,"simB1":0.842913051601499,"simB2":9.01171715464443,"simB3":8.91611465718597}