{"ppntid":0,"trialid":1,"simBweight":2.92900152504444,"myBweight":2.2961471788585186,"myvalue1":18.22406179255635,"myvalue2":13.39176236562926,"myvalue3":28.47261512523446,"simvalue1":24.8420819882576,"simvalue2":16.5181396438975,"simvalue3":37.2214369068358,"mychoice":3,"simchoice":3,"myA1":7.238292584661394,"myA2":1.3455987512134016,"myA3":6.314858011901379,"myB1":4.78443599306047,"myB2":5.2462506433948874,"myB3":9.649972491897643,"simA1":5.67112212534994,"simA2":2.389488783665,"simA3":8.77995934104547,"simB1":6.54522017110139,"simB2":4.82370894635096,"simB3":9.71029797103256}