{"ppntid":0,"trialid":3,"simBweight":2.92900152504444,"myBweight":4.694046576041728,"myvalue1":7.51255172514984,"myvalue2":39.51197838760911,"myvalue3":45.1039340110732,"simvalue1":8.12483891560789,"simvalue2":28.2043243209439,"simvalue3":35.1603063288223,"mychoice":3,"simchoice":3,"myA1":6.408915265928954,"myA2":2.730548840481788,"myA3":9.60037199081853,"myB1":0.23511408362537622,"myB2":7.835761522874236,"myB3":7.56352998316288,"simA1":5.65594530198723,"simA2":1.80899103172123,"simA3":9.04499290045351,"simB1":0.842913051601499,"simB2":9.01171715464443,"simB3":8.91611465718597}