{"ppntid":0,"trialid":2,"simBweight":2.92900152504444,"myBweight":4.746996144531295,"myvalue1":26.26825993254038,"myvalue2":35.093017387882625,"myvalue3":35.29389139178562,"simvalue1":4.79336017374058,"simvalue2":33.7039452458313,"simvalue3":10.9773753368355,"mychoice":3,"simchoice":2,"myA1":6.989573931787163,"myA2":7.421996854245663,"myA3":8.805048072244972,"myB1":4.061239026486874,"myB2":5.8291643159464,"myB3":5.580127413850278,"simA1":4.60025910520926,"simA2":6.2205648701638,"simA3":3.88418034650385,"simB1":0.0659272680059075,"simB2":9.38319087261334,"simB3":2.42171092424542}