{"ppntid":0,"trialid":4,"simBweight":2.92900152504444,"myBweight":1.1449163022916764,"myvalue1":16.554173432738253,"myvalue2":13.769828087813675,"myvalue3":13.473708870769558,"simvalue1":29.0820167366599,"simvalue2":31.8749931806181,"simvalue3":27.5839703264988,"mychoice":1,"simchoice":2,"myA1":6.735458939801902,"myA2":4.980084826238453,"myA3":2.374969639349729,"myB1":8.575923386961222,"myB2":7.6771928602829576,"myB3":9.693930647335947,"simA1":7.23374933004379,"simA2":5.64809889299795,"simA3":3.88609998160973,"simB1":7.459288504906,"simB2":8.95420984365046,"simB3":8.0907674995251}