{"ppntid":0,"trialid":4,"simBweight":2.92900152504444,"myBweight":1.7475042829755694,"myvalue1":18.699103487889335,"myvalue2":17.60734163926438,"myvalue3":12.829885171604653,"simvalue1":29.0820167366599,"simvalue2":31.8749931806181,"simvalue3":27.5839703264988,"mychoice":1,"simchoice":2,"myA1":4.257614964153618,"myA2":1.0501099471002817,"myA3":1.2039129645563662,"myB1":8.264064737595618,"myB2":9.474787474609911,"myB3":6.652900550980121,"simA1":7.23374933004379,"simA2":5.64809889299795,"simA3":3.88609998160973,"simB1":7.459288504906,"simB2":8.95420984365046,"simB3":8.0907674995251}