{"ppntid":0,"trialid":4,"simBweight":2.92900152504444,"myBweight":0.11730852769687772,"myvalue1":9.799031648170219,"myvalue2":8.259777859508015,"myvalue3":6.825279319471779,"simvalue1":29.0820167366599,"simvalue2":31.8749931806181,"simvalue3":27.5839703264988,"mychoice":1,"simchoice":2,"myA1":9.146056787576526,"myA2":7.627936841454357,"myA3":5.8043543878011405,"myB1":5.566303434316069,"myB2":5.386147371027619,"myB3":8.70290465420112,"simA1":7.23374933004379,"simA2":5.64809889299795,"simA3":3.88609998160973,"simB1":7.459288504906,"simB2":8.95420984365046,"simB3":8.0907674995251}