{"ppntid":0,"trialid":1,"simBweight":2.92900152504444,"myBweight":2.4569363275077194,"myvalue1":20.777664621235317,"myvalue2":13.460031407284749,"myvalue3":33.24492056964813,"simvalue1":24.8420819882576,"simvalue2":16.5181396438975,"simvalue3":37.2214369068358,"mychoice":3,"simchoice":3,"myA1":4.839650853537023,"myA2":5.9593354584649205,"myA3":9.879954210482538,"myB1":6.486946197692305,"myB2":3.052865418139845,"myB3":9.509797261562198,"simA1":5.67112212534994,"simA2":2.389488783665,"simA3":8.77995934104547,"simB1":6.54522017110139,"simB2":4.82370894635096,"simB3":9.71029797103256}