{"ppntid":0,"trialid":5,"simBweight":2.92900152504444,"myBweight":0.6040392338763922,"myvalue1":12.17609169894123,"myvalue2":6.322391267180736,"myvalue3":5.112600246715541,"simvalue1":13.2756742221018,"simvalue2":30.3546781549135,"simvalue3":23.5392310011038,"mychoice":1,"simchoice":2,"myA1":6.235929389949888,"myA2":2.9909630259498954,"myA3":1.2331187375821173,"myB1":9.834067020565271,"myB2":5.515251418109983,"myB3":6.422565442044288,"simA1":8.18546326132491,"simA2":4.21199968550354,"simA3":1.76696498412639,"simB1":1.73786558909342,"simB2":8.92545744543895,"simB3":7.43334062164649}