{"ppntid":0,"trialid":4,"simBweight":2.92900152504444,"myBweight":1.421124842017889,"myvalue1":20.31732816019226,"myvalue2":16.96253660915628,"myvalue3":9.98633369500806,"simvalue1":29.0820167366599,"simvalue2":31.8749931806181,"simvalue3":27.5839703264988,"mychoice":1,"simchoice":2,"myA1":8.611775741446763,"myA2":6.596490072552115,"myA3":3.649606213439256,"myB1":8.236822038888931,"myB2":7.294254684820771,"myB3":4.458952017594129,"simA1":7.23374933004379,"simA2":5.64809889299795,"simA3":3.88609998160973,"simB1":7.459288504906,"simB2":8.95420984365046,"simB3":8.0907674995251}