{"ppntid":0,"trialid":4,"simBweight":2.92900152504444,"myBweight":2.2299586108420044,"myvalue1":25.67503656472428,"myvalue2":22.93127781544618,"myvalue3":17.390644280154852,"simvalue1":29.0820167366599,"simvalue2":31.8749931806181,"simvalue3":27.5839703264988,"mychoice":1,"simchoice":2,"myA1":7.813435464631766,"myA2":9.911767973098904,"myA3":9.47783085051924,"myB1":8.009835255797952,"myB2":5.838453583419323,"myB3":3.5484126885421574,"simA1":7.23374933004379,"simA2":5.64809889299795,"simA3":3.88609998160973,"simB1":7.459288504906,"simB2":8.95420984365046,"simB3":8.0907674995251}