{"ppntid":0,"trialid":3,"simBweight":2.92900152504444,"myBweight":4.939526072703302,"myvalue1":13.999397212560085,"myvalue2":44.17464125755884,"myvalue3":40.781232056074124,"simvalue1":8.12483891560789,"simvalue2":28.2043243209439,"simvalue3":35.1603063288223,"mychoice":2,"simchoice":3,"myA1":0.10060888947919011,"myA2":4.793100843671709,"myA3":9.537060311995447,"myB1":2.8137898491695523,"myB2":7.9727366217412055,"myB3":6.325337954331189,"simA1":5.65594530198723,"simA2":1.80899103172123,"simA3":9.04499290045351,"simB1":0.842913051601499,"simB2":9.01171715464443,"simB3":8.91611465718597}