{"ppntid":0,"trialid":1,"simBweight":2.92900152504444,"myBweight":3.979986554477364,"myvalue1":26.11618016898294,"myvalue2":29.96428078789627,"myvalue3":47.892454718503494,"simvalue1":24.8420819882576,"simvalue2":16.5181396438975,"simvalue3":37.2214369068358,"mychoice":3,"simchoice":3,"myA1":2.877773679792881,"myA2":2.578083872795105,"myA3":8.423716688994318,"myB1":5.838815325405449,"myB2":6.880977244582027,"myB3":9.91680185077712,"simA1":5.67112212534994,"simA2":2.389488783665,"simA3":8.77995934104547,"simB1":6.54522017110139,"simB2":4.82370894635096,"simB3":9.71029797103256}