{"ppntid":0,"trialid":15,"simBweight":2.92900152504444,"myBweight":0.7158673636149615,"myvalue1":13.432403024099964,"myvalue2":13.05002767679993,"myvalue3":5.408293153161788,"simvalue1":30.7336370866232,"simvalue2":31.7994098581279,"simvalue3":6.46325227742265,"mychoice":1,"simchoice":2,"myA1":8.021497707813978,"myA2":7.405021532904357,"myA3":4.819363504648209,"myB1":7.558530520182103,"myB2":7.885547562036663,"myB3":0.8226798404939473,"simA1":7.56775138666853,"simA2":5.10697468882427,"simA3":4.38148951623589,"simB1":7.90914088021964,"simB2":9.11315168021247,"simB3":0.710741439834237}