{"ppntid":0,"trialid":4,"simBweight":2.92900152504444,"myBweight":3.6415653384756297,"myvalue1":33.445872602874225,"myvalue2":39.64894631874198,"myvalue3":33.4545734480891,"simvalue1":29.0820167366599,"simvalue2":31.8749931806181,"simvalue3":27.5839703264988,"mychoice":2,"simchoice":2,"myA1":6.673362369183451,"myA2":8.56774477288127,"myA3":6.431732645723969,"myB1":7.351923622190952,"myB2":8.535121206659824,"myB3":7.420666194520891,"simA1":7.23374933004379,"simA2":5.64809889299795,"simA3":3.88609998160973,"simB1":7.459288504906,"simB2":8.95420984365046,"simB3":8.0907674995251}