{"ppntid":0,"trialid":1,"simBweight":2.92900152504444,"myBweight":4.911410236964002,"myvalue1":48.198386400853224,"myvalue2":17.39724699697353,"myvalue3":50.53403944023737,"simvalue1":24.8420819882576,"simvalue2":16.5181396438975,"simvalue3":37.2214369068358,"mychoice":3,"simchoice":3,"myA1":1.1471817246638238,"myA2":3.575534368865192,"myA3":7.005460881628096,"myB1":9.579978541005403,"myB2":2.814204466994852,"myB3":8.862745414953679,"simA1":5.67112212534994,"simA2":2.389488783665,"simA3":8.77995934104547,"simB1":6.54522017110139,"simB2":4.82370894635096,"simB3":9.71029797103256}