{"ppntid":0,"trialid":1,"simBweight":2.92900152504444,"myBweight":0.8731428009923548,"myvalue1":9.515777677737635,"myvalue2":4.553931896937122,"myvalue3":12.28666758388193,"simvalue1":24.8420819882576,"simvalue2":16.5181396438975,"simvalue3":37.2214369068358,"mychoice":3,"simchoice":3,"myA1":5.546992248855531,"myA2":2.388698209542781,"myA3":8.847525836899877,"myB1":4.545402452349663,"myB2":2.4798162281513214,"myB3":3.9388078823685646,"simA1":5.67112212534994,"simA2":2.389488783665,"simA3":8.77995934104547,"simB1":6.54522017110139,"simB2":4.82370894635096,"simB3":9.71029797103256}