{"ppntid":0,"trialid":4,"simBweight":2.92900152504444,"myBweight":0.7980413385666907,"myvalue1":11.788284093703531,"myvalue2":14.67873767451779,"myvalue3":14.970593870496508,"simvalue1":29.0820167366599,"simvalue2":31.8749931806181,"simvalue3":27.5839703264988,"mychoice":3,"simchoice":2,"myA1":5.593421508092433,"myA2":7.625877058599144,"myA3":8.940112374257296,"myB1":7.76258357334882,"myB2":8.837713380344212,"myB3":7.55660290364176,"simA1":7.23374933004379,"simA2":5.64809889299795,"simA3":3.88609998160973,"simB1":7.459288504906,"simB2":8.95420984365046,"simB3":8.0907674995251}