{"ppntid":0,"trialid":2,"simBweight":2.92900152504444,"myBweight":2.220997887197882,"myvalue1":10.492861435912355,"myvalue2":17.597555251210512,"myvalue3":10.543404420148336,"simvalue1":4.79336017374058,"simvalue2":33.7039452458313,"simvalue3":10.9773753368355,"mychoice":2,"simchoice":2,"myA1":7.528783434536308,"myA2":9.888452040031552,"myA3":9.375338633544743,"myB1":1.3345703831873834,"myB2":3.47100879997015,"myB3":0.5259193596430123,"simA1":4.60025910520926,"simA2":6.2205648701638,"simA3":3.88418034650385,"simB1":0.0659272680059075,"simB2":9.38319087261334,"simB3":2.42171092424542}