{"ppntid":0,"trialid":11,"simBweight":2.92900152504444,"myBweight":0.25192672037519515,"myvalue1":9.022096401207001,"myvalue2":1.6196988822413383,"myvalue3":8.263720003244499,"simvalue1":9.9197921404594,"simvalue2":11.6245677233259,"simvalue3":7.85712064627827,"mychoice":1,"simchoice":3,"myA1":8.877854365855455,"myA2":0.6583157973363996,"myA3":6.460159083362669,"myB1":0.5725555238313973,"myB2":3.816121940035373,"myB3":7.159069578628987,"simA1":1.94303552154452,"simA2":1.2680093664676,"simA3":5.39368811063468,"simB1":2.72337059257552,"simB2":3.53586649522185,"simB3":0.841048567090183}