{"ppntid":0,"trialid":3,"simBweight":2.92900152504444,"myBweight":1.9574101036414504,"myvalue1":8.492784024605754,"myvalue2":18.965734018166586,"myvalue3":25.25153968674451,"simvalue1":8.12483891560789,"simvalue2":28.2043243209439,"simvalue3":35.1603063288223,"mychoice":3,"simchoice":3,"myA1":2.6033441186882555,"myA2":3.688867650926113,"myA3":8.32077547442168,"myB1":3.0087920231744647,"myB2":7.804632426705211,"myB3":8.649574343580753,"simA1":5.65594530198723,"simA2":1.80899103172123,"simA3":9.04499290045351,"simB1":0.842913051601499,"simB2":9.01171715464443,"simB3":8.91611465718597}