{"ppntid":0,"trialid":4,"simBweight":2.92900152504444,"myBweight":3.713093603728339,"myvalue1":27.104764193241646,"myvalue2":35.44060935043555,"myvalue3":38.201969099909725,"simvalue1":29.0820167366599,"simvalue2":31.8749931806181,"simvalue3":27.5839703264988,"mychoice":3,"simchoice":2,"myA1":7.457496097777039,"myA2":6.161264618858695,"myA3":1.915807193145156,"myB1":5.291347375605255,"myB2":7.885431356262416,"myB3":9.772487790323794,"simA1":7.23374933004379,"simA2":5.64809889299795,"simA3":3.88609998160973,"simB1":7.459288504906,"simB2":8.95420984365046,"simB3":8.0907674995251}