{"ppntid":0,"trialid":3,"simBweight":2.92900152504444,"myBweight":3.4094808681402355,"myvalue1":14.26633589290494,"myvalue2":23.285230810545077,"myvalue3":40.96598489382269,"simvalue1":8.12483891560789,"simvalue2":28.2043243209439,"simvalue3":35.1603063288223,"mychoice":3,"simchoice":3,"myA1":9.083644687198102,"myA2":4.9026137427426875,"myA3":8.218302566092461,"myB1":1.5200822078622878,"myB2":5.391617603600025,"myB3":9.604888132307678,"simA1":5.65594530198723,"simA2":1.80899103172123,"simA3":9.04499290045351,"simB1":0.842913051601499,"simB2":9.01171715464443,"simB3":8.91611465718597}