{"ppntid":0,"trialid":4,"simBweight":2.92900152504444,"myBweight":1.4129345840774477,"myvalue1":19.79782931259213,"myvalue2":15.234029327542437,"myvalue3":10.57344865586607,"simvalue1":29.0820167366599,"simvalue2":31.8749931806181,"simvalue3":27.5839703264988,"mychoice":1,"simchoice":2,"myA1":8.519315761514008,"myA2":6.197060653939843,"myA3":5.111445381771773,"myB1":7.98233242938295,"myB2":6.395886105019599,"myB3":3.865715607535094,"simA1":7.23374933004379,"simA2":5.64809889299795,"simA3":3.88609998160973,"simB1":7.459288504906,"simB2":8.95420984365046,"simB3":8.0907674995251}