{"ppntid":0,"trialid":1,"simBweight":2.92900152504444,"myBweight":0.5295446165837348,"myvalue1":3.825272846283414,"myvalue2":2.952246337966373,"myvalue3":14.171306258372567,"simvalue1":24.8420819882576,"simvalue2":16.5181396438975,"simvalue3":37.2214369068358,"mychoice":3,"simchoice":3,"myA1":3.496186186093837,"myA2":0.10438257362693548,"myA3":9.312608309555799,"myB1":0.6214521871879697,"myB2":5.3779486659914255,"myB3":9.175238113384694,"simA1":5.67112212534994,"simA2":2.389488783665,"simA3":8.77995934104547,"simB1":6.54522017110139,"simB2":4.82370894635096,"simB3":9.71029797103256}