{"ppntid":0,"trialid":2,"simBweight":2.92900152504444,"myBweight":3.639832715271041,"myvalue1":17.704227672227486,"myvalue2":18.210735863218453,"myvalue3":27.785030909966153,"simvalue1":4.79336017374058,"simvalue2":33.7039452458313,"simvalue3":10.9773753368355,"mychoice":3,"simchoice":2,"myA1":0.6169548211619258,"myA2":3.5075588314794004,"myA3":1.524437579791993,"myB1":4.694521476048976,"myB2":4.039519994985312,"myB3":7.214780289214104,"simA1":4.60025910520926,"simA2":6.2205648701638,"simA3":3.88418034650385,"simB1":0.0659272680059075,"simB2":9.38319087261334,"simB3":2.42171092424542}