{"ppntid":0,"trialid":1,"simBweight":2.92900152504444,"myBweight":1.7744158662389964,"myvalue1":17.50161664216539,"myvalue2":8.470225313887346,"myvalue3":26.39191084370527,"simvalue1":24.8420819882576,"simvalue2":16.5181396438975,"simvalue3":37.2214369068358,"mychoice":3,"simchoice":3,"myA1":5.920350055675954,"myA2":2.3297966504469514,"myA3":9.361713151447475,"myB1":6.526805134490132,"myB2":3.460535255726427,"myB3":9.597636053804308,"simA1":5.67112212534994,"simA2":2.389488783665,"simA3":8.77995934104547,"simB1":6.54522017110139,"simB2":4.82370894635096,"simB3":9.71029797103256}