{"ppntid":0,"trialid":10,"simBweight":2.92900152504444,"myBweight":0.04810342099517584,"myvalue1":9.604263919202788,"myvalue2":1.5024932296972995,"myvalue3":1.7384230865232768,"simvalue1":37.9813174690878,"simvalue2":6.61483609034862,"simvalue3":27.6690730806335,"mychoice":1,"simchoice":1,"myA1":9.234945867210627,"myA2":1.4316491270437837,"myA3":1.6876094555482268,"myB1":7.677583929616958,"myB2":1.4727456215769053,"myB3":1.056341314688325,"simA1":9.01910115499049,"simA2":0.586219872348011,"simA3":0.457009491510689,"simB1":9.88808509195223,"simB2":2.05824960023165,"simB3":9.29055972024798}