{"ppntid":0,"trialid":2,"simBweight":2.92900152504444,"myBweight":4.279721596976742,"myvalue1":16.816585608340375,"myvalue2":33.76787760675659,"myvalue3":18.839196533483385,"simvalue1":4.79336017374058,"simvalue2":33.7039452458313,"simvalue3":10.9773753368355,"mychoice":2,"simchoice":2,"myA1":1.4014695049263537,"myA2":9.287556193303317,"myA3":3.6059951432980597,"myB1":3.6018969351425767,"myB2":5.720073340926319,"myB3":3.559390732552856,"simA1":4.60025910520926,"simA2":6.2205648701638,"simA3":3.88418034650385,"simB1":0.0659272680059075,"simB2":9.38319087261334,"simB3":2.42171092424542}