{"ppntid":0,"trialid":14,"simBweight":2.92900152504444,"myBweight":3.555233650840819,"myvalue1":30.889920522482804,"myvalue2":24.38482332941393,"myvalue3":15.182561800792222,"simvalue1":21.4466630013766,"simvalue2":16.5967321665458,"simvalue3":17.1931218988671,"mychoice":1,"simchoice":2,"myA1":4.4825379550457,"myA2":6.679458171129227,"myA3":1.345916681457311,"myB1":7.427748823538423,"myB2":4.980084826238453,"myB3":3.89190879650414,"simA1":9.75632399087772,"simA2":8.09382772771642,"simA3":2.75334256468341,"simB1":3.99123691488057,"simB2":2.90300444234163,"simB3":4.92993233725429}