{"ppntid":0,"trialid":4,"simBweight":2.92900152504444,"myBweight":4.0067852777428925,"myvalue1":29.811785153770295,"myvalue2":30.646275223485382,"myvalue3":36.28924680839325,"simvalue1":29.0820167366599,"simvalue2":31.8749931806181,"simvalue3":27.5839703264988,"mychoice":3,"simchoice":2,"myA1":5.671369782648981,"myA2":4.551671124063432,"myA3":1.9194168131798506,"myB1":6.0248837154358625,"myB2":6.512603568844497,"myB3":8.57790662907064,"simA1":7.23374933004379,"simA2":5.64809889299795,"simA3":3.88609998160973,"simB1":7.459288504906,"simB2":8.95420984365046,"simB3":8.0907674995251}