{"ppntid":0,"trialid":3,"simBweight":2.92900152504444,"myBweight":3.9344564720522612,"myvalue1":11.48294372902629,"myvalue2":23.64989892733355,"myvalue3":39.89255265704518,"simvalue1":8.12483891560789,"simvalue2":28.2043243209439,"simvalue3":35.1603063288223,"mychoice":3,"simchoice":3,"myA1":2.220887604635209,"myA2":1.6462118620984256,"myA3":5.540338433347642,"myB1":2.354087836574763,"myB2":5.592560807708651,"myB3":8.731120668817312,"simA1":5.65594530198723,"simA2":1.80899103172123,"simA3":9.04499290045351,"simB1":0.842913051601499,"simB2":9.01171715464443,"simB3":8.91611465718597}