{"ppntid":0,"trialid":2,"simBweight":2.92900152504444,"myBweight":0.17550989636220038,"myvalue1":4.888471937795687,"myvalue2":6.488946797863939,"myvalue3":6.068566798128138,"simvalue1":4.79336017374058,"simvalue2":33.7039452458313,"simvalue3":10.9773753368355,"mychoice":2,"simchoice":2,"myA1":4.0850746049545705,"myA2":6.162617320660502,"myA3":5.691831188742071,"myB1":4.577504456974566,"myB2":1.8593223742209375,"myB3":2.146520607639104,"simA1":4.60025910520926,"simA2":6.2205648701638,"simA3":3.88418034650385,"simB1":0.0659272680059075,"simB2":9.38319087261334,"simB3":2.42171092424542}