{"ppntid":0,"trialid":2,"simBweight":2.92900152504444,"myBweight":0.6452702137175947,"myvalue1":9.862298028711704,"myvalue2":12.029209416633682,"myvalue3":8.88206992635854,"simvalue1":4.79336017374058,"simvalue2":33.7039452458313,"simvalue3":10.9773753368355,"mychoice":2,"simchoice":2,"myA1":9.018371577840298,"myA2":9.894658529665321,"myA3":8.548920867033303,"myB1":1.307865190319717,"myB2":3.3079953817650676,"myB3":0.5162938754074275,"simA1":4.60025910520926,"simA2":6.2205648701638,"simA3":3.88418034650385,"simB1":0.0659272680059075,"simB2":9.38319087261334,"simB3":2.42171092424542}