{"ppntid":0,"trialid":1,"simBweight":2.92900152504444,"myBweight":2.677827914012596,"myvalue1":20.882065670865735,"myvalue2":20.321289424784037,"myvalue3":35.767408988570274,"simvalue1":24.8420819882576,"simvalue2":16.5181396438975,"simvalue3":37.2214369068358,"mychoice":3,"simchoice":3,"myA1":6.127015659585595,"myA2":0.34965567756444216,"myA3":9.310591814573854,"myB1":5.510081485845149,"myB2":7.458146822173148,"myB3":9.879954210482538,"simA1":5.67112212534994,"simA2":2.389488783665,"simA3":8.77995934104547,"simB1":6.54522017110139,"simB2":4.82370894635096,"simB3":9.71029797103256}