{"ppntid":0,"trialid":3,"simBweight":2.92900152504444,"myBweight":3.9963706221897155,"myvalue1":6.029002573943737,"myvalue2":29.739201309537226,"myvalue3":31.39801957379062,"simvalue1":8.12483891560789,"simvalue2":28.2043243209439,"simvalue3":35.1603063288223,"mychoice":3,"simchoice":3,"myA1":4.481812720187008,"myA2":3.9837678358890116,"myA3":9.25166454166174,"myB1":0.3871487407013774,"myB2":6.444705936592072,"myB3":5.541616913396865,"simA1":5.65594530198723,"simA2":1.80899103172123,"simA3":9.04499290045351,"simB1":0.842913051601499,"simB2":9.01171715464443,"simB3":8.91611465718597}