{"ppntid":0,"trialid":2,"simBweight":2.92900152504444,"myBweight":0.32412170548923314,"myvalue1":5.421665181618502,"myvalue2":7.918052510738559,"myvalue3":6.049336882968451,"simvalue1":4.79336017374058,"simvalue2":33.7039452458313,"simvalue3":10.9773753368355,"mychoice":2,"simchoice":2,"myA1":2.6517375139519572,"myA2":5.6428769626654685,"myA3":4.500110929366201,"myB1":8.545949317049235,"myB2":7.019509985111654,"myB3":4.779766141436994,"simA1":4.60025910520926,"simA2":6.2205648701638,"simA3":3.88418034650385,"simB1":0.0659272680059075,"simB2":9.38319087261334,"simB3":2.42171092424542}