{"ppntid":0,"trialid":6,"simBweight":2.92900152504444,"myBweight":3.970540283480659,"myvalue1":26.217232323688272,"myvalue2":3.776950115860792,"myvalue3":43.58605173307938,"simvalue1":32.3724469339229,"simvalue2":7.31317136996306,"simvalue3":26.9463834162194,"mychoice":3,"simchoice":1,"myA1":6.906267523299903,"myA2":0.361079596914351,"myA3":3.988011183682829,"myB1":4.8635609820485115,"myB2":0.8603037055581808,"myB3":9.972960283048451,"simA1":5.60983883915469,"simA2":0.712338301818818,"simA3":8.53584753349423,"simB1":9.13710964843631,"simB2":2.25361202843487,"simB3":6.28560133045539}