{"ppntid":0,"trialid":2,"simBweight":2.92900152504444,"myBweight":4.286214185412973,"myvalue1":20.761973855539516,"myvalue2":34.79641996012569,"myvalue3":24.004875557313024,"simvalue1":4.79336017374058,"simvalue2":33.7039452458313,"simvalue3":10.9773753368355,"mychoice":2,"simchoice":2,"myA1":6.524464376270771,"myA2":9.389373268932104,"myA3":6.4465736085549,"myB1":3.3216980914585292,"myB2":5.92761947773397,"myB3":4.096459296997637,"simA1":4.60025910520926,"simA2":6.2205648701638,"simA3":3.88418034650385,"simB1":0.0659272680059075,"simB2":9.38319087261334,"simB3":2.42171092424542}