{"ppntid":0,"trialid":4,"simBweight":2.92900152504444,"myBweight":2.896007711533457,"myvalue1":16.950459964772364,"myvalue2":14.818892092065411,"myvalue3":8.917667964095605,"simvalue1":29.0820167366599,"simvalue2":31.8749931806181,"simvalue3":27.5839703264988,"mychoice":1,"simchoice":2,"myA1":4.743749857880175,"myA2":6.249901328701526,"myA3":7.304170145653188,"myB1":4.215012984350324,"myB2":2.9588977713137865,"myB3":0.55714555317536,"simA1":7.23374933004379,"simA2":5.64809889299795,"simA3":3.88609998160973,"simB1":7.459288504906,"simB2":8.95420984365046,"simB3":8.0907674995251}