{"ppntid":0,"trialid":4,"simBweight":2.92900152504444,"myBweight":1.4394012186676264,"myvalue1":11.208949514559796,"myvalue2":8.666376919265598,"myvalue3":14.386888415777221,"simvalue1":29.0820167366599,"simvalue2":31.8749931806181,"simvalue3":27.5839703264988,"mychoice":3,"simchoice":2,"myA1":2.0915803872048855,"myA2":0.8522054203785956,"myA3":5.848546240013093,"myB1":6.334140202961862,"myB2":5.428765376564115,"myB3":5.931870881468058,"simA1":7.23374933004379,"simA2":5.64809889299795,"simA3":3.88609998160973,"simB1":7.459288504906,"simB2":8.95420984365046,"simB3":8.0907674995251}