{"ppntid":0,"trialid":2,"simBweight":2.92900152504444,"myBweight":4.509130814112723,"myvalue1":23.34380067184503,"myvalue2":31.194678903637865,"myvalue3":18.48285393799363,"simvalue1":4.79336017374058,"simvalue2":33.7039452458313,"simvalue3":10.9773753368355,"mychoice":2,"simchoice":2,"myA1":2.9234955366700888,"myA2":1.6343492083251476,"myA3":2.0669903932139277,"myB1":4.528656625188887,"myB2":6.555660262238234,"myB3":3.640582680236548,"simA1":4.60025910520926,"simA2":6.2205648701638,"simA3":3.88418034650385,"simB1":0.0659272680059075,"simB2":9.38319087261334,"simB3":2.42171092424542}