{"ppntid":0,"trialid":1,"simBweight":2.92900152504444,"myBweight":1.2293815857265145,"myvalue1":14.32524238249084,"myvalue2":6.158349650110523,"myvalue3":19.80653790932469,"simvalue1":24.8420819882576,"simvalue2":16.5181396438975,"simvalue3":37.2214369068358,"mychoice":3,"simchoice":3,"myA1":6.006981942337006,"myA2":2.2994605428539217,"myA3":9.659622681792825,"myB1":6.766215255483985,"myB2":3.138886373490095,"myB3":8.253674323204905,"simA1":5.67112212534994,"simA2":2.389488783665,"simA3":8.77995934104547,"simB1":6.54522017110139,"simB2":4.82370894635096,"simB3":9.71029797103256}