{"ppntid":0,"trialid":2,"simBweight":2.92900152504444,"myBweight":0.0809266825672239,"myvalue1":5.584839214593775,"myvalue2":4.9240404548932215,"myvalue3":6.884454684376797,"simvalue1":4.79336017374058,"simvalue2":33.7039452458313,"simvalue3":10.9773753368355,"mychoice":3,"simchoice":2,"myA1":5.387330788653344,"myA2":4.833045774139464,"myA3":6.572294721845537,"myB1":2.440584732685238,"myB2":1.1244088830426335,"myB3":3.857318162918091,"simA1":4.60025910520926,"simA2":6.2205648701638,"simA3":3.88418034650385,"simB1":0.0659272680059075,"simB2":9.38319087261334,"simB3":2.42171092424542}