{"ppntid":0,"trialid":1,"simBweight":2.92900152504444,"myBweight":2.1365642442833632,"myvalue1":14.669921057220035,"myvalue2":12.05643502288615,"myvalue3":29.10246241603278,"simvalue1":24.8420819882576,"simvalue2":16.5181396438975,"simvalue3":37.2214369068358,"mychoice":3,"simchoice":3,"myA1":2.2298611886799335,"myA2":9.229562943801284,"myA3":9.610868063755333,"myB1":5.822460008785129,"myB2":1.3230924773961306,"myB3":9.122868364211172,"simA1":5.67112212534994,"simA2":2.389488783665,"simA3":8.77995934104547,"simB1":6.54522017110139,"simB2":4.82370894635096,"simB3":9.71029797103256}