{"ppntid":0,"trialid":3,"simBweight":2.92900152504444,"myBweight":4.5638177916407585,"myvalue1":29.593865936047486,"myvalue2":14.668691718505084,"myvalue3":47.31911338612092,"simvalue1":8.12483891560789,"simvalue2":28.2043243209439,"simvalue3":35.1603063288223,"mychoice":3,"simchoice":3,"myA1":6.307663971092552,"myA2":8.234031924512237,"myA3":7.314800338353962,"myB1":5.102351370733231,"myB2":1.4099291618913412,"myB3":8.765536854043603,"simA1":5.65594530198723,"simA2":1.80899103172123,"simA3":9.04499290045351,"simB1":0.842913051601499,"simB2":9.01171715464443,"simB3":8.91611465718597}