{"ppntid":0,"trialid":3,"simBweight":2.92900152504444,"myBweight":3.0649741971865296,"myvalue1":19.602339619913778,"myvalue2":12.11197068897636,"myvalue3":38.5113701337499,"simvalue1":8.12483891560789,"simvalue2":28.2043243209439,"simvalue3":35.1603063288223,"mychoice":3,"simchoice":3,"myA1":5.102351370733231,"myA2":0.800991530995816,"myA3":8.765536854043603,"myB1":4.730867967009544,"myB2":3.690399471670389,"myB3":9.705084403976798,"simA1":5.65594530198723,"simA2":1.80899103172123,"simA3":9.04499290045351,"simB1":0.842913051601499,"simB2":9.01171715464443,"simB3":8.91611465718597}