{"ppntid":0,"trialid":5,"simBweight":2.92900152504444,"myBweight":0.8878959610592574,"myvalue1":15.02062785882416,"myvalue2":9.680363928213055,"myvalue3":6.03949588232483,"simvalue1":13.2756742221018,"simvalue2":30.3546781549135,"simvalue3":23.5392310011038,"mychoice":1,"simchoice":2,"myA1":7.868656397331506,"myA2":3.013364712242037,"myA3":4.733530264347792,"myB1":8.05496564367786,"myB2":7.5087617337703705,"myB3":1.4708543289452791,"simA1":8.18546326132491,"simA2":4.21199968550354,"simA3":1.76696498412639,"simB1":1.73786558909342,"simB2":8.92545744543895,"simB3":7.43334062164649}