{"ppntid":0,"trialid":3,"simBweight":2.92900152504444,"myBweight":1.8213562411256135,"myvalue1":10.869393646219255,"myvalue2":15.2908314767268,"myvalue3":24.634248822690665,"simvalue1":8.12483891560789,"simvalue2":28.2043243209439,"simvalue3":35.1603063288223,"mychoice":3,"simchoice":3,"myA1":1.6099354741163552,"myA2":5.1047859457321465,"myA3":8.731767700519413,"myB1":5.083825977053493,"myB2":5.592560807708651,"myB3":8.731120668817312,"simA1":5.65594530198723,"simA2":1.80899103172123,"simA3":9.04499290045351,"simB1":0.842913051601499,"simB2":9.01171715464443,"simB3":8.91611465718597}