{"ppntid":0,"trialid":3,"simBweight":2.92900152504444,"myBweight":3.5348166059702635,"myvalue1":11.719606402798158,"myvalue2":19.234428663615734,"myvalue3":37.44201802117806,"simvalue1":8.12483891560789,"simvalue2":28.2043243209439,"simvalue3":35.1603063288223,"mychoice":3,"simchoice":3,"myA1":5.779802734032273,"myA2":2.7269979077391326,"myA3":9.528366196900606,"myB1":1.6803711000829935,"myB2":4.669953945558518,"myB3":7.896775119006634,"simA1":5.65594530198723,"simA2":1.80899103172123,"simA3":9.04499290045351,"simB1":0.842913051601499,"simB2":9.01171715464443,"simB3":8.91611465718597}