{"ppntid":0,"trialid":3,"simBweight":2.92900152504444,"myBweight":2.1454478800296783,"myvalue1":13.103950157251484,"myvalue2":9.580730448223399,"myvalue3":29.70330644857675,"simvalue1":8.12483891560789,"simvalue2":28.2043243209439,"simvalue3":35.1603063288223,"mychoice":3,"simchoice":3,"myA1":3.269797347020358,"myA2":5.653847290668637,"myA3":9.697382771410048,"myB1":4.583729533478618,"myB2":1.830332581885159,"myB3":9.324823904316872,"simA1":5.65594530198723,"simA2":1.80899103172123,"simA3":9.04499290045351,"simB1":0.842913051601499,"simB2":9.01171715464443,"simB3":8.91611465718597}