{"ppntid":0,"trialid":4,"simBweight":2.92900152504444,"myBweight":1.9115143711678684,"myvalue1":24.19959269670244,"myvalue2":14.399477445642146,"myvalue3":12.819630537032552,"simvalue1":29.0820167366599,"simvalue2":31.8749931806181,"simvalue3":27.5839703264988,"mychoice":1,"simchoice":2,"myA1":9.581809227820486,"myA2":4.153052712790668,"myA3":4.512909883633256,"myB1":7.64722655992955,"myB2":5.360370231792331,"myB3":4.345622914843261,"simA1":7.23374933004379,"simA2":5.64809889299795,"simA3":3.88609998160973,"simB1":7.459288504906,"simB2":8.95420984365046,"simB3":8.0907674995251}