{"ppntid":0,"trialid":12,"simBweight":2.92900152504444,"myBweight":2.253407910466194,"myvalue1":29.020944172427825,"myvalue2":12.964411623845372,"myvalue3":12.514486377344511,"simvalue1":28.1951467835836,"simvalue2":11.8677511152072,"simvalue3":18.803283641035,"mychoice":1,"simchoice":1,"myA1":8.5153937083669,"myA2":8.068710623774678,"myA3":0.20165740279480815,"myB1":9.09979518968612,"myB2":2.17257646843791,"myB3":5.464092371985316,"simA1":7.654377091676,"simA2":4.44485993124545,"simA3":0.361374919302762,"simB1":7.01289142947644,"simB2":2.53427358111367,"simB3":6.29631243413314}