{"ppntid":0,"trialid":3,"simBweight":2.92900152504444,"myBweight":1.6558699565939605,"myvalue1":7.927641558328111,"myvalue2":17.470602857397726,"myvalue3":24.11318057129686,"simvalue1":8.12483891560789,"simvalue2":28.2043243209439,"simvalue3":35.1603063288223,"mychoice":3,"simchoice":3,"myA1":5.04925322253257,"myA2":1.8051255331374705,"myA3":8.513289871625602,"myB1":1.7382937134243548,"myB2":9.460572227835655,"myB3":9.420963667798787,"simA1":5.65594530198723,"simA2":1.80899103172123,"simA3":9.04499290045351,"simB1":0.842913051601499,"simB2":9.01171715464443,"simB3":8.91611465718597}