{"ppntid":0,"trialid":3,"simBweight":2.92900152504444,"myBweight":4.782005571760237,"myvalue1":30.2645428239107,"myvalue2":18.78355208741723,"myvalue3":50.58765558012291,"simvalue1":8.12483891560789,"simvalue2":28.2043243209439,"simvalue3":35.1603063288223,"mychoice":3,"simchoice":3,"myA1":4.9603686993941665,"myA2":5.005507292225957,"myA3":9.279892346821725,"myB1":5.291540075559169,"myB2":2.881227256730199,"myB3":8.638167106546462,"simA1":5.65594530198723,"simA2":1.80899103172123,"simA3":9.04499290045351,"simB1":0.842913051601499,"simB2":9.01171715464443,"simB3":8.91611465718597}