{"ppntid":0,"trialid":2,"simBweight":2.92900152504444,"myBweight":1.1514152772724628,"myvalue1":7.580007357476407,"myvalue2":12.004614506931762,"myvalue3":6.960895621908942,"simvalue1":4.79336017374058,"simvalue2":33.7039452458313,"simvalue3":10.9773753368355,"mychoice":2,"simchoice":2,"myA1":2.3497874895110726,"myA2":3.453202045056969,"myA3":0.9168106992729008,"myB1":4.542427021078765,"myB2":7.426870765630156,"myB3":5.249265874736011,"simA1":4.60025910520926,"simA2":6.2205648701638,"simA3":3.88418034650385,"simB1":0.0659272680059075,"simB2":9.38319087261334,"simB3":2.42171092424542}