{"ppntid":0,"trialid":1,"simBweight":2.92900152504444,"myBweight":0.8969561546109617,"myvalue1":8.168293251115877,"myvalue2":11.764374203788076,"myvalue3":14.323866952090185,"simvalue1":24.8420819882576,"simvalue2":16.5181396438975,"simvalue3":37.2214369068358,"mychoice":3,"simchoice":3,"myA1":0.7336462172679603,"myA2":7.9727366217412055,"myA3":6.325337954331189,"myB1":8.288751903455704,"myB2":4.2272273427806795,"myB3":8.91741358442232,"simA1":5.67112212534994,"simA2":2.389488783665,"simA3":8.77995934104547,"simB1":6.54522017110139,"simB2":4.82370894635096,"simB3":9.71029797103256}