{"ppntid":0,"trialid":5,"simBweight":2.92900152504444,"myBweight":4.621873494470492,"myvalue1":35.21883870890592,"myvalue2":13.741476857910566,"myvalue3":10.249747016919466,"simvalue1":13.2756742221018,"simvalue2":30.3546781549135,"simvalue3":23.5392310011038,"mychoice":1,"simchoice":2,"myA1":9.046667735092342,"myA2":5.268071936443448,"myA3":4.27629264537245,"myB1":5.662675753701478,"myB2":1.8333268817514181,"myB3":1.2924313871189952,"simA1":8.18546326132491,"simA2":4.21199968550354,"simA3":1.76696498412639,"simB1":1.73786558909342,"simB2":8.92545744543895,"simB3":7.43334062164649}