{"ppntid":0,"trialid":3,"simBweight":2.92900152504444,"myBweight":1.4653460134286433,"myvalue1":5.585541826153268,"myvalue2":12.952479241478734,"myvalue3":21.862933845921965,"simvalue1":8.12483891560789,"simvalue2":28.2043243209439,"simvalue3":35.1603063288223,"mychoice":3,"simchoice":3,"myA1":0.5189247778616846,"myA2":5.085997490677983,"myA3":8.330519702285528,"myB1":3.4576250263489783,"myB2":5.368344185408205,"myB3":9.23496158560738,"simA1":5.65594530198723,"simA2":1.80899103172123,"simA3":9.04499290045351,"simB1":0.842913051601499,"simB2":9.01171715464443,"simB3":8.91611465718597}