{"ppntid":0,"trialid":5,"simBweight":2.92900152504444,"myBweight":1.8214632268063724,"myvalue1":23.49395341909243,"myvalue2":13.449298033362739,"myvalue3":13.016438478253557,"simvalue1":13.2756742221018,"simvalue2":30.3546781549135,"simvalue3":23.5392310011038,"mychoice":1,"simchoice":2,"myA1":7.12494061794132,"myA2":3.316456018947065,"myA3":3.6885053012520075,"myB1":8.986738002859056,"myB2":5.5630231043323874,"myB3":5.121120777912438,"simA1":8.18546326132491,"simA2":4.21199968550354,"simA3":1.76696498412639,"simB1":1.73786558909342,"simB2":8.92545744543895,"simB3":7.43334062164649}