{"ppntid":0,"trialid":4,"simBweight":2.92900152504444,"myBweight":3.510525047313422,"myvalue1":36.70108539299482,"myvalue2":21.196203750414725,"myvalue3":21.436151087008326,"simvalue1":29.0820167366599,"simvalue2":31.8749931806181,"simvalue3":27.5839703264988,"mychoice":1,"simchoice":2,"myA1":6.047891771886498,"myA2":0.3541880729608238,"myA3":1.3359047914855182,"myB1":8.731797439977527,"myB2":5.937008110340685,"myB3":5.725709409452975,"simA1":7.23374933004379,"simA2":5.64809889299795,"simA3":3.88609998160973,"simB1":7.459288504906,"simB2":8.95420984365046,"simB3":8.0907674995251}