{"ppntid":0,"trialid":5,"simBweight":2.92900152504444,"myBweight":3.5594699112698436,"myvalue1":38.791790574724324,"myvalue2":25.065579268558245,"myvalue3":20.429522214492838,"simvalue1":13.2756742221018,"simvalue2":30.3546781549135,"simvalue3":23.5392310011038,"mychoice":1,"simchoice":2,"myA1":6.492761583067477,"myA2":3.1219026655890048,"myA3":3.4896461572498083,"myB1":9.07411210006103,"myB2":6.164872059598565,"myB3":4.759100787341595,"simA1":8.18546326132491,"simA2":4.21199968550354,"simA3":1.76696498412639,"simB1":1.73786558909342,"simB2":8.92545744543895,"simB3":7.43334062164649}