{"ppntid":0,"trialid":23,"simBweight":2.92900152504444,"myBweight":2.1236738841980696,"myvalue1":25.57501368567256,"myvalue2":24.45847702006434,"myvalue3":23.594964719917012,"simvalue1":6.26752328227177,"simvalue2":5.41139321470715,"simvalue3":7.48297016126837,"mychoice":1,"simchoice":2,"myA1":5.963361174799502,"myA2":6.920185952913016,"myA3":6.886535985395312,"myB1":9.234775949735194,"myB2":8.258467176929116,"myB3":7.867699866183102,"simA1":4.1521517559886,"simA2":3.3411023998633,"simA3":2.82731729093939,"simB1":0.722215918358415,"simB2":0.706824765074998,"simB3":1.58950168872252}