{"ppntid":0,"trialid":4,"simBweight":2.92900152504444,"myBweight":1.1302300821989775,"myvalue1":16.077393551446146,"myvalue2":16.541376142380972,"myvalue3":13.487216446836177,"simvalue1":29.0820167366599,"simvalue2":31.8749931806181,"simvalue3":27.5839703264988,"mychoice":2,"simchoice":2,"myA1":8.88154617510736,"myA2":7.270907612983137,"myA3":4.92514522280544,"myB1":6.366710185538977,"myB2":8.202284362632781,"myB3":7.575511711183935,"simA1":7.23374933004379,"simA2":5.64809889299795,"simA3":3.88609998160973,"simB1":7.459288504906,"simB2":8.95420984365046,"simB3":8.0907674995251}