{"ppntid":0,"trialid":4,"simBweight":2.92900152504444,"myBweight":3.2266004593111575,"myvalue1":32.63734778562669,"myvalue2":24.72228397878042,"myvalue3":22.50208073472854,"simvalue1":29.0820167366599,"simvalue2":31.8749931806181,"simvalue3":27.5839703264988,"mychoice":1,"simchoice":2,"myA1":5.173781604971737,"myA2":5.718823890201747,"myA3":8.136907436419278,"myB1":8.511610447894782,"myB2":5.889622941613197,"myB3":4.452107870019972,"simA1":7.23374933004379,"simA2":5.64809889299795,"simA3":3.88609998160973,"simB1":7.459288504906,"simB2":8.95420984365046,"simB3":8.0907674995251}