{"ppntid":0,"trialid":1,"simBweight":2.92900152504444,"myBweight":1.667806210462004,"myvalue1":14.445747903842845,"myvalue2":9.413625783609977,"myvalue3":24.2031090913145,"simvalue1":24.8420819882576,"simvalue2":16.5181396438975,"simvalue3":37.2214369068358,"mychoice":3,"simchoice":3,"myA1":5.4350331402383745,"myA2":2.396766385063529,"myA3":9.790823131334037,"myB1":5.40273486636579,"myB2":4.207239039242268,"myB3":8.641463180538267,"simA1":5.67112212534994,"simA2":2.389488783665,"simA3":8.77995934104547,"simB1":6.54522017110139,"simB2":4.82370894635096,"simB3":9.71029797103256}