{"ppntid":0,"trialid":3,"simBweight":2.92900152504444,"myBweight":4.989288400392979,"myvalue1":17.454924458726758,"myvalue2":29.509583888353365,"myvalue3":50.64390324598234,"simvalue1":8.12483891560789,"simvalue2":28.2043243209439,"simvalue3":35.1603063288223,"mychoice":3,"simchoice":3,"myA1":2.7218392747454345,"myA2":4.937624961603433,"myA3":9.000652735121548,"myB1":2.9529431858099997,"myB2":4.924942587967962,"myB3":8.346531041897833,"simA1":5.65594530198723,"simA2":1.80899103172123,"simA3":9.04499290045351,"simB1":0.842913051601499,"simB2":9.01171715464443,"simB3":8.91611465718597}