{"ppntid":0,"trialid":9,"simBweight":2.92900152504444,"myBweight":2.783174889627844,"myvalue1":11.682882984158914,"myvalue2":16.251718484514925,"myvalue3":29.769531697887434,"simvalue1":23.3903938429017,"simvalue2":18.0867040995148,"simvalue3":35.9628005125761,"mychoice":3,"simchoice":3,"myA1":6.800156498793513,"myA2":5.085755996406078,"myA3":8.368887400720268,"myB1":1.7543728579767048,"myB2":4.011951433494687,"myB3":7.689291958231479,"simA1":2.61885447893292,"simA2":1.33204466663301,"simA3":9.1047868761234,"simB1":7.09167925873771,"simB2":5.72026313049719,"simB3":9.16968236677349}