{"ppntid":0,"trialid":2,"simBweight":2.92900152504444,"myBweight":2.567897418048233,"myvalue1":7.886381935128922,"myvalue2":14.09335356791252,"myvalue3":4.593773678566183,"simvalue1":4.79336017374058,"simvalue2":33.7039452458313,"simvalue3":10.9773753368355,"mychoice":2,"simchoice":2,"myA1":1.666253786534071,"myA2":0.6912101362831891,"myA3":1.1094434722326696,"myB1":2.422265042550862,"myB2":5.2191116893664,"myB3":1.3568806066177785,"simA1":4.60025910520926,"simA2":6.2205648701638,"simA3":3.88418034650385,"simB1":0.0659272680059075,"simB2":9.38319087261334,"simB3":2.42171092424542}