{"ppntid":0,"trialid":7,"simBweight":2.92900152504444,"myBweight":0.13107324251905084,"myvalue1":2.6615189817353357,"myvalue2":5.383083351201841,"myvalue3":7.823685068862643,"simvalue1":29.155178200811,"simvalue2":15.1925325184091,"simvalue3":26.5468177351021,"mychoice":3,"simchoice":3,"myA1":2.6318876864388585,"myA2":4.101469910237938,"myA3":6.730237866286188,"myB1":0.22606669925153255,"myB2":9.777841886971146,"myB3":8.342261025682092,"simA1":0.691449935548007,"simA2":5.14853976666927,"simA3":8.05417287861928,"simB1":9.71789465518668,"simB2":3.42915244866163,"simB3":6.3136344240047}