{"ppntid":0,"trialid":8,"simBweight":2.92900152504444,"myBweight":3.392299801344052,"myvalue1":23.154165483042465,"myvalue2":17.74253296095251,"myvalue3":31.919827789406696,"simvalue1":24.3077395788662,"simvalue2":12.8486379765393,"simvalue3":21.1752809804918,"mychoice":3,"simchoice":3,"myA1":4.525953296106309,"myA2":7.253775740973651,"myA3":0.5934452917426825,"myB1":5.49132248852402,"myB2":3.0919310892932117,"myB3":9.23455600393936,"simA1":4.10054257372394,"simA2":3.45694060437381,"simA3":8.24872852535918,"simB1":6.89900528639555,"simB2":3.20645014755428,"simB3":4.41329659428447}