{"ppntid":0,"trialid":3,"simBweight":2.92900152504444,"myBweight":2.3846316942945123,"myvalue1":7.075070002686147,"myvalue2":26.019139677824235,"myvalue3":26.37307751694293,"simvalue1":8.12483891560789,"simvalue2":28.2043243209439,"simvalue3":35.1603063288223,"mychoice":3,"simchoice":3,"myA1":1.9490147102624178,"myA2":5.418546001892537,"myA3":9.863320575095713,"myB1":2.1496213879436255,"myB2":8.638899552170187,"myB3":6.9233991065993905,"simA1":5.65594530198723,"simA2":1.80899103172123,"simA3":9.04499290045351,"simB1":0.842913051601499,"simB2":9.01171715464443,"simB3":8.91611465718597}