{"ppntid":0,"trialid":2,"simBweight":2.92900152504444,"myBweight":0.36179495276883245,"myvalue1":0.5906690919674037,"myvalue2":2.0779490123999462,"myvalue3":3.1054424403376513,"simvalue1":4.79336017374058,"simvalue2":33.7039452458313,"simvalue3":10.9773753368355,"mychoice":3,"simchoice":2,"myA1":0.294924380723387,"myA2":1.0521625587716699,"myA3":2.8371294890530407,"myB1":0.8174373605288565,"myB2":2.83527021529153,"myB3":0.7416160707361996,"simA1":4.60025910520926,"simA2":6.2205648701638,"simA3":3.88418034650385,"simB1":0.0659272680059075,"simB2":9.38319087261334,"simB3":2.42171092424542}