{"ppntid":0,"trialid":1,"simBweight":2.92900152504444,"myBweight":4.60791272809729,"myvalue1":29.95490662657185,"myvalue2":20.413998652666784,"myvalue3":53.047368168612905,"simvalue1":24.8420819882576,"simvalue2":16.5181396438975,"simvalue3":37.2214369068358,"mychoice":3,"simchoice":3,"myA1":3.8157158880494535,"myA2":5.118136976379901,"myA3":9.078834792599082,"myB1":5.67267487058416,"myB2":3.3194772945716977,"myB3":9.541963133960962,"simA1":5.67112212534994,"simA2":2.389488783665,"simA3":8.77995934104547,"simB1":6.54522017110139,"simB2":4.82370894635096,"simB3":9.71029797103256}