{"ppntid":0,"trialid":27,"simBweight":2.92900152504444,"myBweight":2.306374468607828,"myvalue1":29.59520570692155,"myvalue2":11.533291540684479,"myvalue3":26.985099511819364,"simvalue1":35.3647314510909,"simvalue2":16.7587412022365,"simvalue3":34.1816848700997,"mychoice":1,"simchoice":1,"myA1":8.785822710487992,"myA2":1.4493386703543365,"myA3":9.982690133620054,"myB1":9.022551749367267,"myB2":4.372209720313549,"myB3":7.37192056607455,"simA1":7.30655817780644,"simA2":2.66332316910848,"simA3":7.54257221473381,"simB1":9.57943279761821,"simB2":4.8123628180474,"simB3":9.09494666615501}