{"ppntid":0,"trialid":4,"simBweight":2.92900152504444,"myBweight":3.0459882877767086,"myvalue1":30.34432962934725,"myvalue2":29.85402423099296,"myvalue3":25.889759572323502,"simvalue1":29.0820167366599,"simvalue2":31.8749931806181,"simvalue3":27.5839703264988,"mychoice":1,"simchoice":2,"myA1":9.091140776872635,"myA2":7.56759392330423,"myA3":4.691368055064231,"myB1":6.9774361699819565,"myB2":7.316650033462793,"myB3":6.959446168038994,"simA1":7.23374933004379,"simA2":5.64809889299795,"simA3":3.88609998160973,"simB1":7.459288504906,"simB2":8.95420984365046,"simB3":8.0907674995251}