{"ppntid":0,"trialid":3,"simBweight":2.92900152504444,"myBweight":3.220552501734346,"myvalue1":6.079885017577377,"myvalue2":16.157284758621223,"myvalue3":35.32074263254873,"simvalue1":8.12483891560789,"simvalue2":28.2043243209439,"simvalue3":35.1603063288223,"mychoice":3,"simchoice":3,"myA1":4.3854462169110775,"myA2":3.8258153363130987,"myA3":9.840296700131148,"myB1":0.5261329538188875,"myB2":3.8289918936789036,"myB3":7.911824421025813,"simA1":5.65594530198723,"simA2":1.80899103172123,"simA3":9.04499290045351,"simB1":0.842913051601499,"simB2":9.01171715464443,"simB3":8.91611465718597}