{"ppntid":0,"trialid":1,"simBweight":2.92900152504444,"myBweight":0.16113322810269892,"myvalue1":7.447490614082532,"myvalue2":3.515182580326703,"myvalue3":11.140816741128353,"simvalue1":24.8420819882576,"simvalue2":16.5181396438975,"simvalue3":37.2214369068358,"mychoice":3,"simchoice":3,"myA1":6.315993429161608,"myA2":3.1082785641774535,"myA3":9.686117500532418,"myB1":7.022121993359178,"myB2":2.525264471769333,"myB3":9.027928365394473,"simA1":5.67112212534994,"simA2":2.389488783665,"simA3":8.77995934104547,"simB1":6.54522017110139,"simB2":4.82370894635096,"simB3":9.71029797103256}