{"ppntid":0,"trialid":12,"simBweight":2.92900152504444,"myBweight":0.6946243706624955,"myvalue1":12.783402581584316,"myvalue2":5.365988748173004,"myvalue3":4.716413554685263,"simvalue1":28.1951467835836,"simvalue2":11.8677511152072,"simvalue3":18.803283641035,"mychoice":1,"simchoice":1,"myA1":6.19770982535556,"myA2":1.5950329275801778,"myA3":2.5451696617528796,"myB1":9.480941116344184,"myB2":5.428769821301103,"myB3":3.12578133540228,"simA1":7.654377091676,"simA2":4.44485993124545,"simA3":0.361374919302762,"simB1":7.01289142947644,"simB2":2.53427358111367,"simB3":6.29631243413314}