{"ppntid":0,"trialid":1,"simBweight":2.92900152504444,"myBweight":2.102734432555735,"myvalue1":27.278759578227216,"myvalue2":13.29664834482973,"myvalue3":29.893214518305978,"simvalue1":24.8420819882576,"simvalue2":16.5181396438975,"simvalue3":37.2214369068358,"mychoice":3,"simchoice":3,"myA1":9.903643082361668,"myA2":5.360696145799011,"myA3":9.676925062667578,"myB1":8.263105519581586,"myB2":3.7741105468012393,"myB3":9.614285638090223,"simA1":5.67112212534994,"simA2":2.389488783665,"simA3":8.77995934104547,"simB1":6.54522017110139,"simB2":4.82370894635096,"simB3":9.71029797103256}