{"ppntid":0,"trialid":5,"simBweight":2.92900152504444,"myBweight":3.418767766561359,"myvalue1":34.59301819027934,"myvalue2":22.242000433199525,"myvalue3":18.23981205505238,"simvalue1":13.2756742221018,"simvalue2":30.3546781549135,"simvalue3":23.5392310011038,"mychoice":1,"simchoice":2,"myA1":2.2857110551558435,"myA2":2.8756442852318287,"myA3":2.14468308724463,"myB1":9.449985884130001,"myB2":5.664718246553093,"myB3":4.7078743181191385,"simA1":8.18546326132491,"simA2":4.21199968550354,"simA3":1.76696498412639,"simB1":1.73786558909342,"simB2":8.92545744543895,"simB3":7.43334062164649}