{"ppntid":0,"trialid":2,"simBweight":2.92900152504444,"myBweight":1.7258339177351445,"myvalue1":9.319664011679716,"myvalue2":15.157069909135876,"myvalue3":8.29135914526068,"simvalue1":4.79336017374058,"simvalue2":33.7039452458313,"simvalue3":10.9773753368355,"mychoice":2,"simchoice":2,"myA1":3.196704478468746,"myA2":6.727180685847998,"myA3":3.9349850197322667,"myB1":3.5478266305290163,"myB2":4.884530971758068,"myB3":2.5242139934562147,"simA1":4.60025910520926,"simA2":6.2205648701638,"simA3":3.88418034650385,"simB1":0.0659272680059075,"simB2":9.38319087261334,"simB3":2.42171092424542}