{"ppntid":0,"trialid":4,"simBweight":2.92900152504444,"myBweight":0.018675803439691663,"myvalue1":8.224916177057155,"myvalue2":6.160013861176027,"myvalue3":3.408194836156834,"simvalue1":29.0820167366599,"simvalue2":31.8749931806181,"simvalue3":27.5839703264988,"mychoice":1,"simchoice":2,"myA1":8.065499777439982,"myA2":6.140692259650677,"myA3":3.345139939337969,"myB1":8.535986156202853,"myB2":1.0345794004388154,"myB3":3.376288309227675,"simA1":7.23374933004379,"simA2":5.64809889299795,"simA3":3.88609998160973,"simB1":7.459288504906,"simB2":8.95420984365046,"simB3":8.0907674995251}