{"ppntid":0,"trialid":1,"simBweight":2.92900152504444,"myBweight":0.4686997027602047,"myvalue1":8.503284296899354,"myvalue2":2.926852815807159,"myvalue3":12.436597585960413,"simvalue1":24.8420819882576,"simvalue2":16.5181396438975,"simvalue3":37.2214369068358,"mychoice":3,"simchoice":3,"myA1":5.565128170419484,"myA2":1.8968485458754003,"myA3":7.909867325797677,"myB1":6.268739043734968,"myB2":2.1975782443769276,"myB3":9.658060872461647,"simA1":5.67112212534994,"simA2":2.389488783665,"simA3":8.77995934104547,"simB1":6.54522017110139,"simB2":4.82370894635096,"simB3":9.71029797103256}