{"ppntid":0,"trialid":1,"simBweight":2.92900152504444,"myBweight":4.718908575596288,"myvalue1":33.47355275116678,"myvalue2":20.641658882083053,"myvalue3":54.32991128103362,"simvalue1":24.8420819882576,"simvalue2":16.5181396438975,"simvalue3":37.2214369068358,"mychoice":3,"simchoice":3,"myA1":2.9529431858099997,"myA2":4.924942587967962,"myA3":8.346531041897833,"myB1":6.467726398259401,"myB2":3.3305829181335866,"myB3":9.744494834449142,"simA1":5.67112212534994,"simA2":2.389488783665,"simA3":8.77995934104547,"simB1":6.54522017110139,"simB2":4.82370894635096,"simB3":9.71029797103256}