{"ppntid":0,"trialid":9,"simBweight":2.92900152504444,"myBweight":2.708744938718155,"myvalue1":19.234024688343986,"myvalue2":18.49741725245901,"myvalue3":26.595526499887008,"simvalue1":23.3903938429017,"simvalue2":18.0867040995148,"simvalue3":35.9628005125761,"mychoice":3,"simchoice":3,"myA1":4.504890632815659,"myA2":6.922476310282946,"myA3":2.751888041384518,"myB1":5.437623101752251,"myB2":4.27317492198199,"myB3":8.802467193454504,"simA1":2.61885447893292,"simA2":1.33204466663301,"simA3":9.1047868761234,"simB1":7.09167925873771,"simB2":5.72026313049719,"simB3":9.16968236677349}