{"ppntid":0,"trialid":4,"simBweight":2.92900152504444,"myBweight":4.561302919173613,"myvalue1":38.43614949025155,"myvalue2":43.73227723005323,"myvalue3":37.06314410016718,"simvalue1":29.0820167366599,"simvalue2":31.8749931806181,"simvalue3":27.5839703264988,"mychoice":2,"simchoice":2,"myA1":6.581345004960895,"myA2":5.079730253200978,"myA3":9.161441018804908,"myB1":6.9837072980590165,"myB2":8.474014478269964,"myB3":6.11704672453925,"simA1":7.23374933004379,"simA2":5.64809889299795,"simA3":3.88609998160973,"simB1":7.459288504906,"simB2":8.95420984365046,"simB3":8.0907674995251}