{"ppntid":0,"trialid":2,"simBweight":2.92900152504444,"myBweight":0.9934505831915885,"myvalue1":7.349254402537692,"myvalue2":9.618911993611556,"myvalue3":6.422511181836058,"simvalue1":4.79336017374058,"simvalue2":33.7039452458313,"simvalue3":10.9773753368355,"mychoice":2,"simchoice":2,"myA1":1.4333761157467961,"myA2":2.1598736220039427,"myA3":1.0800327942706645,"myB1":5.95487927319482,"myB2":7.508212786633521,"myB3":5.377699180971831,"simA1":4.60025910520926,"simA2":6.2205648701638,"simA3":3.88418034650385,"simB1":0.0659272680059075,"simB2":9.38319087261334,"simB3":2.42171092424542}