{"ppntid":0,"trialid":2,"simBweight":2.92900152504444,"myBweight":1.8484267918393016,"myvalue1":10.863018033019543,"myvalue2":17.838643600766417,"myvalue3":17.622215620751955,"simvalue1":4.79336017374058,"simvalue2":33.7039452458313,"simvalue3":10.9773753368355,"mychoice":2,"simchoice":2,"myA1":4.9900141521357,"myA2":7.465209630317986,"myA3":5.238854908384383,"myB1":3.1772986124269664,"myB2":5.612033982761204,"myB3":6.69940555235371,"simA1":4.60025910520926,"simA2":6.2205648701638,"simA3":3.88418034650385,"simB1":0.0659272680059075,"simB2":9.38319087261334,"simB3":2.42171092424542}