{"ppntid":0,"trialid":13,"simBweight":2.92900152504444,"myBweight":3.116372759686783,"myvalue1":19.424127356389267,"myvalue2":20.95342925802638,"myvalue3":11.349417648874585,"simvalue1":19.4881299579769,"simvalue2":24.9032378382858,"simvalue3":10.8954607930942,"mychoice":2,"simchoice":2,"myA1":9.555456296075135,"myA2":9.739153846167028,"myA3":8.536245594732463,"myB1":3.1667171488516033,"myB2":3.598502578679472,"myB3":0.9027071762830019,"simA1":2.6640361500904,"simA2":5.32445900142193,"simA3":4.68264800496399,"simB1":5.74396894779056,"simB2":6.68445498216897,"simB3":2.12113675428554}