{"ppntid":0,"trialid":4,"simBweight":2.92900152504444,"myBweight":4.1977084742393345,"myvalue1":44.462203891281455,"myvalue2":33.75567513929312,"myvalue3":33.1916236519608,"simvalue1":29.0820167366599,"simvalue2":31.8749931806181,"simvalue3":27.5839703264988,"mychoice":1,"simchoice":2,"myA1":7.813435464631766,"myA2":9.911767973098904,"myA3":9.47783085051924,"myB1":8.730660704895854,"myB2":5.680219889618456,"myB3":5.649223367217928,"simA1":7.23374933004379,"simA2":5.64809889299795,"simA3":3.88609998160973,"simB1":7.459288504906,"simB2":8.95420984365046,"simB3":8.0907674995251}