{"ppntid":0,"trialid":3,"simBweight":2.92900152504444,"myBweight":0.6052387901581824,"myvalue1":8.723688820349814,"myvalue2":6.268942138741701,"myvalue3":14.98095794030012,"simvalue1":8.12483891560789,"simvalue2":28.2043243209439,"simvalue3":35.1603063288223,"mychoice":3,"simchoice":3,"myA1":5.453898634295911,"myA2":4.984629545360804,"myA3":9.382493034936488,"myB1":5.402479548938572,"myB2":2.1219931938685477,"myB3":9.250010072719306,"simA1":5.65594530198723,"simA2":1.80899103172123,"simA3":9.04499290045351,"simB1":0.842913051601499,"simB2":9.01171715464443,"simB3":8.91611465718597}