{"ppntid":0,"trialid":5,"simBweight":2.92900152504444,"myBweight":0.14592695166356862,"myvalue1":10.868922848697508,"myvalue2":1.9820789468328386,"myvalue3":1.1755473626287563,"simvalue1":13.2756742221018,"simvalue2":30.3546781549135,"simvalue3":23.5392310011038,"mychoice":1,"simchoice":2,"myA1":9.425813325215131,"myA2":1.1145330057479441,"myA3":0.34074777737259865,"myB1":9.88925970857963,"myB2":5.945069990120828,"myB3":5.720667606219649,"simA1":8.18546326132491,"simA2":4.21199968550354,"simA3":1.76696498412639,"simB1":1.73786558909342,"simB2":8.92545744543895,"simB3":7.43334062164649}