{"ppntid":0,"trialid":3,"simBweight":2.92900152504444,"myBweight":2.9709560924675316,"myvalue1":17.730017465683765,"myvalue2":22.46034614570594,"myvalue3":38.19145217852777,"simvalue1":8.12483891560789,"simvalue2":28.2043243209439,"simvalue3":35.1603063288223,"mychoice":3,"simchoice":3,"myA1":8.284442368894815,"myA2":4.700289356987923,"myA3":8.744504356291145,"myB1":3.1793048442341387,"myB2":5.977892717346549,"myB3":9.911606535315514,"simA1":5.65594530198723,"simA2":1.80899103172123,"simA3":9.04499290045351,"simB1":0.842913051601499,"simB2":9.01171715464443,"simB3":8.91611465718597}