{"ppntid":0,"trialid":4,"simBweight":2.92900152504444,"myBweight":4.146720417775214,"myvalue1":41.92879072000392,"myvalue2":8.75527955343231,"myvalue3":11.734935397413803,"simvalue1":29.0820167366599,"simvalue2":31.8749931806181,"simvalue3":27.5839703264988,"mychoice":1,"simchoice":2,"myA1":8.065499777439982,"myA2":6.072975464630872,"myA3":3.345139939337969,"myB1":8.166282635647804,"myB2":0.6468495144508779,"myB3":2.02323634410277,"simA1":7.23374933004379,"simA2":5.64809889299795,"simA3":3.88609998160973,"simB1":7.459288504906,"simB2":8.95420984365046,"simB3":8.0907674995251}