{"ppntid":0,"trialid":2,"simBweight":2.92900152504444,"myBweight":2.87049503531307,"myvalue1":15.578052311239997,"myvalue2":20.861600164054387,"myvalue3":17.31933478872724,"simvalue1":4.79336017374058,"simvalue2":33.7039452458313,"simvalue3":10.9773753368355,"mychoice":2,"simchoice":2,"myA1":6.936545507051051,"myA2":9.2260806215927,"myA3":7.787844298873097,"myB1":3.0104587180539966,"myB2":4.053488823119551,"myB3":3.3205040846951306,"simA1":4.60025910520926,"simA2":6.2205648701638,"simA3":3.88418034650385,"simB1":0.0659272680059075,"simB2":9.38319087261334,"simB3":2.42171092424542}