{"ppntid":0,"trialid":8,"simBweight":2.92900152504444,"myBweight":0.9381650574505329,"myvalue1":2.448968871645208,"myvalue2":6.001303844892454,"myvalue3":14.512750891097287,"simvalue1":24.3077395788662,"simvalue2":12.8486379765393,"simvalue3":21.1752809804918,"mychoice":3,"simchoice":3,"myA1":2.4119602609425783,"myA2":3.2418813090771437,"myA3":6.787828484084457,"myB1":0.039447867311537266,"myB2":2.941297497600317,"myB3":8.234076024964452,"simA1":4.10054257372394,"simA2":3.45694060437381,"simA3":8.24872852535918,"simB1":6.89900528639555,"simB2":3.20645014755428,"simB3":4.41329659428447}