{"ppntid":0,"trialid":12,"simBweight":2.92900152504444,"myBweight":2.598193835001439,"myvalue1":30.67454383932377,"myvalue2":16.113370248950574,"myvalue3":6.3386291644278145,"simvalue1":28.1951467835836,"simvalue2":11.8677511152072,"simvalue3":18.803283641035,"mychoice":1,"simchoice":1,"myA1":6.840296150185168,"myA2":0.47065498074516654,"myA3":2.5872976589016616,"myB1":9.17339090257883,"myB2":6.020611340645701,"myB3":1.4438228029757738,"simA1":7.654377091676,"simA2":4.44485993124545,"simA3":0.361374919302762,"simB1":7.01289142947644,"simB2":2.53427358111367,"simB3":6.29631243413314}