{"ppntid":0,"trialid":2,"simBweight":2.92900152504444,"myBweight":3.9596488454844803,"myvalue1":9.829929547120516,"myvalue2":33.79881034909321,"myvalue3":11.395645045346914,"simvalue1":4.79336017374058,"simvalue2":33.7039452458313,"simvalue3":10.9773753368355,"mychoice":2,"simchoice":2,"myA1":2.5710653164424,"myA2":4.539739161264151,"myA3":3.5545578110031784,"myB1":1.8332090834155679,"myB2":7.389309590216726,"myB3":1.980248133186251,"simA1":4.60025910520926,"simA2":6.2205648701638,"simA3":3.88418034650385,"simB1":0.0659272680059075,"simB2":9.38319087261334,"simB3":2.42171092424542}