{"ppntid":0,"trialid":3,"simBweight":2.92900152504444,"myBweight":1.0816399101167917,"myvalue1":7.968445260725323,"myvalue2":8.608403640451163,"myvalue3":12.16520981594628,"simvalue1":8.12483891560789,"simvalue2":28.2043243209439,"simvalue3":35.1603063288223,"mychoice":3,"simchoice":3,"myA1":0.8445729571394622,"myA2":6.9660990056581795,"myA3":5.299538811668754,"myB1":6.586177374701947,"myB2":1.5183469280600548,"myB3":6.347464567515999,"simA1":5.65594530198723,"simA2":1.80899103172123,"simA3":9.04499290045351,"simB1":0.842913051601499,"simB2":9.01171715464443,"simB3":8.91611465718597}