{"ppntid":0,"trialid":2,"simBweight":2.92900152504444,"myBweight":3.6885195842478424,"myvalue1":23.545959255923336,"myvalue2":18.207320493480616,"myvalue3":15.95190345436001,"simvalue1":4.79336017374058,"simvalue2":33.7039452458313,"simvalue3":10.9773753368355,"mychoice":1,"simchoice":2,"myA1":0.874396120198071,"myA2":2.9505367996171117,"myA3":3.3653813344426453,"myB1":6.146521014161408,"myB2":4.136289192829281,"myB3":3.4123506280593574,"simA1":4.60025910520926,"simA2":6.2205648701638,"simA3":3.88418034650385,"simB1":0.0659272680059075,"simB2":9.38319087261334,"simB3":2.42171092424542}