{"ppntid":0,"trialid":4,"simBweight":2.92900152504444,"myBweight":1.0732638218905777,"myvalue1":16.202930660207326,"myvalue2":14.821150199051646,"myvalue3":10.034037037570666,"simvalue1":29.0820167366599,"simvalue2":31.8749931806181,"simvalue3":27.5839703264988,"mychoice":1,"simchoice":2,"myA1":6.9837072980590165,"myA2":8.474014478269964,"myA3":6.11704672453925,"myB1":8.589894836768508,"myB2":5.913863480091095,"myB3":3.649606213439256,"simA1":7.23374933004379,"simA2":5.64809889299795,"simA3":3.88609998160973,"simB1":7.459288504906,"simB2":8.95420984365046,"simB3":8.0907674995251}