{"ppntid":0,"trialid":2,"simBweight":2.92900152504444,"myBweight":3.5946094116661698,"myvalue1":15.811985138356228,"myvalue2":27.279885219741765,"myvalue3":12.432472668352727,"simvalue1":4.79336017374058,"simvalue2":33.7039452458313,"simvalue3":10.9773753368355,"mychoice":2,"simchoice":2,"myA1":6.4768171682953835,"myA2":9.398648850619793,"myA3":8.27587952138856,"myB1":2.5969909108243883,"myB2":4.97445878572762,"myB3":1.156340695451945,"simA1":4.60025910520926,"simA2":6.2205648701638,"simA3":3.88418034650385,"simB1":0.0659272680059075,"simB2":9.38319087261334,"simB3":2.42171092424542}