{"ppntid":0,"trialid":3,"simBweight":2.92900152504444,"myBweight":4.377304766094312,"myvalue1":28.221287734081432,"myvalue2":31.174198536765047,"myvalue3":48.67571017005401,"simvalue1":8.12483891560789,"simvalue2":28.2043243209439,"simvalue3":35.1603063288223,"mychoice":3,"simchoice":3,"myA1":4.5421132748015225,"myA2":4.8563890205696225,"myA3":9.157716308254749,"myB1":5.409532971680164,"myB2":6.012331999372691,"myB3":9.027928365394473,"simA1":5.65594530198723,"simA2":1.80899103172123,"simA3":9.04499290045351,"simB1":0.842913051601499,"simB2":9.01171715464443,"simB3":8.91611465718597}