{"ppntid":0,"trialid":4,"simBweight":2.92900152504444,"myBweight":3.6069197533652186,"myvalue1":33.01844246392379,"myvalue2":39.065830191052775,"myvalue3":30.732852704698907,"simvalue1":29.0820167366599,"simvalue2":31.8749931806181,"simvalue3":27.5839703264988,"mychoice":2,"simchoice":2,"myA1":3.2106241188012064,"myA2":4.891032089944929,"myA3":6.736374290194362,"myB1":8.264064737595618,"myB2":9.474787474609911,"myB3":6.652900550980121,"simA1":7.23374933004379,"simA2":5.64809889299795,"simA3":3.88609998160973,"simB1":7.459288504906,"simB2":8.95420984365046,"simB3":8.0907674995251}