{"ppntid":0,"trialid":1,"simBweight":2.92900152504444,"myBweight":2.6465773722156882,"myvalue1":20.705193200611106,"myvalue2":13.21131475637363,"myvalue3":34.94317545369046,"simvalue1":24.8420819882576,"simvalue2":16.5181396438975,"simvalue3":37.2214369068358,"mychoice":3,"simchoice":3,"myA1":4.322964248713106,"myA2":5.371483135968447,"myA3":9.579714080318809,"myB1":6.189967889804393,"myB2":2.962252947036177,"myB3":9.583495135884732,"simA1":5.67112212534994,"simA2":2.389488783665,"simA3":8.77995934104547,"simB1":6.54522017110139,"simB2":4.82370894635096,"simB3":9.71029797103256}