{"ppntid":0,"trialid":10,"simBweight":2.92900152504444,"myBweight":4.519123716745526,"myvalue1":48.00924609861141,"myvalue2":19.393959802252624,"myvalue3":26.3218160428551,"simvalue1":37.9813174690878,"simvalue2":6.61483609034862,"simvalue3":27.6690730806335,"mychoice":1,"simchoice":1,"myA1":9.091914482414722,"myA2":3.1184694240801036,"myA3":1.4716577669605613,"myB1":8.61169865122065,"myB2":3.60147041734308,"myB3":5.498888685833663,"simA1":9.01910115499049,"simA2":0.586219872348011,"simA3":0.457009491510689,"simB1":9.88808509195223,"simB2":2.05824960023165,"simB3":9.29055972024798}