{"ppntid":0,"trialid":1,"simBweight":2.92900152504444,"myBweight":4.047247538110241,"myvalue1":28.433163735774638,"myvalue2":10.888601853364575,"myvalue3":44.7198275190166,"simvalue1":24.8420819882576,"simvalue2":16.5181396438975,"simvalue3":37.2214369068358,"mychoice":3,"simchoice":3,"myA1":5.801602171268314,"myA2":1.47254558512941,"myA3":9.83858855906874,"myB1":5.5918402201496065,"myB2":2.326533324085176,"myB3":8.618508907966316,"simA1":5.67112212534994,"simA2":2.389488783665,"simA3":8.77995934104547,"simB1":6.54522017110139,"simB2":4.82370894635096,"simB3":9.71029797103256}