{"ppntid":0,"trialid":2,"simBweight":2.92900152504444,"myBweight":0.8293160086032003,"myvalue1":8.399597648218757,"myvalue2":14.545589516480195,"myvalue3":13.367728661422106,"simvalue1":4.79336017374058,"simvalue2":33.7039452458313,"simvalue3":10.9773753368355,"mychoice":2,"simchoice":2,"myA1":7.939884560182691,"myA2":8.159210705198348,"myA3":8.450904886703938,"myB1":0.5543280043639243,"myB2":7.700778406579047,"myB3":5.928769882302731,"simA1":4.60025910520926,"simA2":6.2205648701638,"simA3":3.88418034650385,"simB1":0.0659272680059075,"simB2":9.38319087261334,"simB3":2.42171092424542}