{"ppntid":0,"trialid":6,"simBweight":2.92900152504444,"myBweight":3.1615116680040956,"myvalue1":35.143768914666225,"myvalue2":10.51367260265248,"myvalue3":30.771720586048552,"simvalue1":32.3724469339229,"simvalue2":7.31317136996306,"simvalue3":26.9463834162194,"mychoice":1,"simchoice":1,"myA1":5.650037107989192,"myA2":0.7575972378253937,"myA3":5.9111070283688605,"myB1":9.328996664844453,"myB2":3.085889406502247,"myB3":7.863521052058786,"simA1":5.60983883915469,"simA2":0.712338301818818,"simA3":8.53584753349423,"simB1":9.13710964843631,"simB2":2.25361202843487,"simB3":6.28560133045539}