{"ppntid":0,"trialid":5,"simBweight":2.92900152504444,"myBweight":0.11123918113298714,"myvalue1":8.816733463896428,"myvalue2":4.619130523554576,"myvalue3":2.83635288376314,"simvalue1":13.2756742221018,"simvalue2":30.3546781549135,"simvalue3":23.5392310011038,"mychoice":1,"simchoice":2,"myA1":7.835097508504987,"myA2":4.055720395408571,"myA3":2.62321466114372,"myB1":8.824552153237164,"myB2":5.064853250514716,"myB3":1.916035523172468,"simA1":8.18546326132491,"simA2":4.21199968550354,"simA3":1.76696498412639,"simB1":1.73786558909342,"simB2":8.92545744543895,"simB3":7.43334062164649}