{"ppntid":0,"trialid":3,"simBweight":2.92900152504444,"myBweight":3.3838325180113316,"myvalue1":5.15175831709613,"myvalue2":20.71761056884723,"myvalue3":37.28305213751855,"simvalue1":8.12483891560789,"simvalue2":28.2043243209439,"simvalue3":35.1603063288223,"mychoice":3,"simchoice":3,"myA1":0.11686468031257391,"myA2":4.313386790454388,"myA3":8.21803261525929,"myB1":1.4879263704642653,"myB2":4.847823788877577,"myB3":8.589378867764026,"simA1":5.65594530198723,"simA2":1.80899103172123,"simA3":9.04499290045351,"simB1":0.842913051601499,"simB2":9.01171715464443,"simB3":8.91611465718597}