{"ppntid":0,"trialid":2,"simBweight":2.92900152504444,"myBweight":0.8929107093717903,"myvalue1":8.790107105400985,"myvalue2":12.596250403953958,"myvalue3":6.255137126209008,"simvalue1":4.79336017374058,"simvalue2":33.7039452458313,"simvalue3":10.9773753368355,"mychoice":2,"simchoice":2,"myA1":7.239989163354039,"myA2":9.957310378085822,"myA3":5.629174851346761,"myB1":1.736027942970395,"myB2":2.955435519106686,"myB3":0.7010356895625591,"simA1":4.60025910520926,"simA2":6.2205648701638,"simA3":3.88418034650385,"simB1":0.0659272680059075,"simB2":9.38319087261334,"simB3":2.42171092424542}