{"ppntid":0,"trialid":2,"simBweight":2.92900152504444,"myBweight":1.8053533392958343,"myvalue1":10.478480546307086,"myvalue2":18.00013916994419,"myvalue3":12.568805649484275,"simvalue1":4.79336017374058,"simvalue2":33.7039452458313,"simvalue3":10.9773753368355,"mychoice":2,"simchoice":2,"myA1":2.5395647482946515,"myA2":5.481956878211349,"myA3":1.0806455952115357,"myB1":4.397430478129536,"myB2":6.9339236919768155,"myB3":6.36338593903929,"simA1":4.60025910520926,"simA2":6.2205648701638,"simA3":3.88418034650385,"simB1":0.0659272680059075,"simB2":9.38319087261334,"simB3":2.42171092424542}