{"ppntid":0,"trialid":2,"simBweight":2.92900152504444,"myBweight":0.5812136339955032,"myvalue1":4.270592362672185,"myvalue2":9.498595447873816,"myvalue3":7.080364215541799,"simvalue1":4.79336017374058,"simvalue2":33.7039452458313,"simvalue3":10.9773753368355,"mychoice":2,"simchoice":2,"myA1":3.7655389891006052,"myA2":8.815295654349029,"myA3":6.670590126886964,"myB1":0.8689633966423571,"myB2":1.1756430915556848,"myB3":0.7050317898392677,"simA1":4.60025910520926,"simA2":6.2205648701638,"simA3":3.88418034650385,"simB1":0.0659272680059075,"simB2":9.38319087261334,"simB3":2.42171092424542}