{"ppntid":0,"trialid":9,"simBweight":2.92900152504444,"myBweight":3.188085376750678,"myvalue1":22.382622581045535,"myvalue2":19.105754266891562,"myvalue3":30.189916202194997,"simvalue1":23.3903938429017,"simvalue2":18.0867040995148,"simvalue3":35.9628005125761,"mychoice":3,"simchoice":3,"myA1":4.550317265093327,"myA2":1.870518282521516,"myA3":9.893588966224343,"myB1":5.593421508092433,"myB2":5.40614003315568,"myB3":6.366306054405868,"simA1":2.61885447893292,"simA2":1.33204466663301,"simA3":9.1047868761234,"simB1":7.09167925873771,"simB2":5.72026313049719,"simB3":9.16968236677349}