{"ppntid":0,"trialid":10,"simBweight":2.92900152504444,"myBweight":0.04810342099517584,"myvalue1":9.203679578665474,"myvalue2":5.082497963002451,"myvalue3":3.2727964329656736,"simvalue1":37.9813174690878,"simvalue2":6.61483609034862,"simvalue3":27.6690730806335,"mychoice":1,"simchoice":1,"myA1":8.736977733206004,"myA2":4.899958767928183,"myA3":2.9812894598580897,"myB1":9.702051035128534,"myB2":3.7947237701155245,"myB3":6.06000502826646,"simA1":9.01910115499049,"simA2":0.586219872348011,"simA3":0.457009491510689,"simB1":9.88808509195223,"simB2":2.05824960023165,"simB3":9.29055972024798}