{"ppntid":0,"trialid":2,"simBweight":2.92900152504444,"myBweight":2.805233027320355,"myvalue1":6.925459395871073,"myvalue2":23.173536978336326,"myvalue3":14.56097647716731,"simvalue1":4.79336017374058,"simvalue2":33.7039452458313,"simvalue3":10.9773753368355,"mychoice":2,"simchoice":2,"myA1":1.2061974522657692,"myA2":3.9462269679643214,"myA3":3.3228978980332613,"myB1":2.0387831912375987,"myB2":6.854086567182094,"myB3":4.0061123156920075,"simA1":4.60025910520926,"simA2":6.2205648701638,"simA3":3.88418034650385,"simB1":0.0659272680059075,"simB2":9.38319087261334,"simB3":2.42171092424542}