{"ppntid":0,"trialid":6,"simBweight":2.92900152504444,"myBweight":2.18677636818029,"myvalue1":25.370582412870302,"myvalue2":4.770192320974476,"myvalue3":21.89844423300829,"simvalue1":32.3724469339229,"simvalue2":7.31317136996306,"simvalue3":26.9463834162194,"mychoice":1,"simchoice":1,"myA1":7.885883282870054,"myA2":0.4311990668065846,"myA3":4.9117778753861785,"myB1":7.995650302618742,"myB2":1.9841961516067386,"myB3":7.767902838531882,"simA1":5.60983883915469,"simA2":0.712338301818818,"simA3":8.53584753349423,"simB1":9.13710964843631,"simB2":2.25361202843487,"simB3":6.28560133045539}