{"ppntid":0,"trialid":2,"simBweight":2.92900152504444,"myBweight":2.6942025090102106,"myvalue1":13.188005273839249,"myvalue2":25.349706028516938,"myvalue3":18.568300540062687,"simvalue1":4.79336017374058,"simvalue2":33.7039452458313,"simvalue3":10.9773753368355,"mychoice":2,"simchoice":2,"myA1":0.7050520135089755,"myA2":8.841215518768877,"myA3":9.169417349621654,"myB1":4.633264655712992,"myB2":6.127412640489638,"myB3":3.48855854710564,"simA1":4.60025910520926,"simA2":6.2205648701638,"simA3":3.88418034650385,"simB1":0.0659272680059075,"simB2":9.38319087261334,"simB3":2.42171092424542}