{"ppntid":0,"trialid":3,"simBweight":2.92900152504444,"myBweight":3.766031365375966,"myvalue1":2.8308947990554616,"myvalue2":4.202462795318106,"myvalue3":45.07115212073006,"simvalue1":8.12483891560789,"simvalue2":28.2043243209439,"simvalue3":35.1603063288223,"mychoice":3,"simchoice":3,"myA1":1.8425780441612005,"myA2":3.9391788793727756,"myA3":9.541963133960962,"myB1":0.26242924155667424,"myB2":0.06991017609834671,"myB3":9.43411924643442,"simA1":5.65594530198723,"simA2":1.80899103172123,"simA3":9.04499290045351,"simB1":0.842913051601499,"simB2":9.01171715464443,"simB3":8.91611465718597}