{"ppntid":0,"trialid":6,"simBweight":2.92900152504444,"myBweight":1.6864557936787605,"myvalue1":21.992716945046226,"myvalue2":3.902911019155807,"myvalue3":18.112271697870874,"simvalue1":32.3724469339229,"simvalue2":7.31317136996306,"simvalue3":26.9463834162194,"mychoice":1,"simchoice":1,"myA1":7.02329107793048,"myA2":2.9564811242744327,"myA3":9.561882298439741,"myB1":8.876263417769223,"myB2":0.5611946061253548,"myB3":5.0700347032397985,"simA1":5.60983883915469,"simA2":0.712338301818818,"simA3":8.53584753349423,"simB1":9.13710964843631,"simB2":2.25361202843487,"simB3":6.28560133045539}