{"ppntid":0,"trialid":2,"simBweight":2.92900152504444,"myBweight":3.782316989963874,"myvalue1":10.830722984919792,"myvalue2":17.560630216594397,"myvalue3":15.557683024549627,"simvalue1":4.79336017374058,"simvalue2":33.7039452458313,"simvalue3":10.9773753368355,"mychoice":2,"simchoice":2,"myA1":6.488528090994805,"myA2":8.6662444495596,"myA3":6.599836011882871,"myB1":1.1480251140892506,"myB2":2.351570688188076,"myB3":2.3683490930125117,"simA1":4.60025910520926,"simA2":6.2205648701638,"simA3":3.88418034650385,"simB1":0.0659272680059075,"simB2":9.38319087261334,"simB3":2.42171092424542}