{"ppntid":0,"trialid":2,"simBweight":2.92900152504444,"myBweight":3.772037405287847,"myvalue1":13.853898022204262,"myvalue2":23.85740543685265,"myvalue3":21.324851400198224,"simvalue1":4.79336017374058,"simvalue2":33.7039452458313,"simvalue3":10.9773753368355,"mychoice":2,"simchoice":2,"myA1":1.187285694759339,"myA2":3.499762222636491,"myA3":2.15913926018402,"myB1":3.358029352966696,"myB2":5.396988689899445,"myB3":5.08099737111479,"simA1":4.60025910520926,"simA2":6.2205648701638,"simA3":3.88418034650385,"simB1":0.0659272680059075,"simB2":9.38319087261334,"simB3":2.42171092424542}