{"ppntid":0,"trialid":2,"simBweight":2.92900152504444,"myBweight":1.3838103704620153,"myvalue1":3.949225679883945,"myvalue2":8.311220811331502,"myvalue3":4.556627978893476,"simvalue1":4.79336017374058,"simvalue2":33.7039452458313,"simvalue3":10.9773753368355,"mychoice":2,"simchoice":2,"myA1":3.2774841436184943,"myA2":4.147263246122748,"myA3":4.364180176053196,"myB1":0.48542889300733805,"myB2":3.0090521462261677,"myB3":0.13907093554735184,"simA1":4.60025910520926,"simA2":6.2205648701638,"simA3":3.88418034650385,"simB1":0.0659272680059075,"simB2":9.38319087261334,"simB3":2.42171092424542}