{"ppntid":0,"trialid":2,"simBweight":2.92900152504444,"myBweight":1.1228094925172627,"myvalue1":4.901578996336302,"myvalue2":12.00670616476284,"myvalue3":9.28156823032283,"simvalue1":4.79336017374058,"simvalue2":33.7039452458313,"simvalue3":10.9773753368355,"mychoice":2,"simchoice":2,"myA1":0.6983447936363518,"myA2":7.557042189873755,"myA3":2.278124471195042,"myB1":3.7434972100891173,"myB2":3.962973242159933,"myB3":6.237428348977119,"simA1":4.60025910520926,"simA2":6.2205648701638,"simA3":3.88418034650385,"simB1":0.0659272680059075,"simB2":9.38319087261334,"simB3":2.42171092424542}