{"ppntid":0,"trialid":5,"simBweight":2.92900152504444,"myBweight":0.1703982101753354,"myvalue1":8.11895374128592,"myvalue2":3.7443567147033776,"myvalue3":3.053769621864548,"simvalue1":13.2756742221018,"simvalue2":30.3546781549135,"simvalue3":23.5392310011038,"mychoice":1,"simchoice":2,"myA1":6.8634227639995515,"myA2":3.2490630936808884,"myA3":2.4385187053121626,"myB1":7.3682169313542545,"myB2":2.90668323636055,"myB3":3.6106653697788715,"simA1":8.18546326132491,"simA2":4.21199968550354,"simA3":1.76696498412639,"simB1":1.73786558909342,"simB2":8.92545744543895,"simB3":7.43334062164649}