{"ppntid":0,"trialid":1,"simBweight":2.92900152504444,"myBweight":0.8867640688549727,"myvalue1":9.958419452258575,"myvalue2":5.0958146420125985,"myvalue3":17.011025851893738,"simvalue1":24.8420819882576,"simvalue2":16.5181396438975,"simvalue3":37.2214369068358,"mychoice":3,"simchoice":3,"myA1":6.420884598046541,"myA2":4.793100843671709,"myA3":9.537060311995447,"myB1":3.989262734539807,"myB2":0.34136903937906027,"myB3":8.428358570672572,"simA1":5.67112212534994,"simA2":2.389488783665,"simA3":8.77995934104547,"simB1":6.54522017110139,"simB2":4.82370894635096,"simB3":9.71029797103256}