{"ppntid":0,"trialid":4,"simBweight":2.92900152504444,"myBweight":4.976549292914569,"myvalue1":39.924115321868854,"myvalue2":47.78199997584141,"myvalue3":44.02851848993962,"simvalue1":29.0820167366599,"simvalue2":31.8749931806181,"simvalue3":27.5839703264988,"mychoice":2,"simchoice":2,"myA1":4.954619372729212,"myA2":7.5465428829193115,"myA3":9.700106733944267,"myB1":7.026856138836592,"myB2":8.085011264774948,"myB3":6.898035111371428,"simA1":7.23374933004379,"simA2":5.64809889299795,"simA3":3.88609998160973,"simB1":7.459288504906,"simB2":8.95420984365046,"simB3":8.0907674995251}