{"ppntid":0,"trialid":3,"simBweight":2.92900152504444,"myBweight":0.2791667135898024,"myvalue1":7.0488776289311765,"myvalue2":4.445291185665185,"myvalue3":11.87485333016914,"simvalue1":8.12483891560789,"simvalue2":28.2043243209439,"simvalue3":35.1603063288223,"mychoice":3,"simchoice":3,"myA1":6.44276759121567,"myA2":3.2998293917626143,"myA3":9.529573847539723,"myB1":2.1711400686763227,"myB2":4.103146034758538,"myB3":8.400999719742686,"simA1":5.65594530198723,"simA2":1.80899103172123,"simA3":9.04499290045351,"simB1":0.842913051601499,"simB2":9.01171715464443,"simB3":8.91611465718597}