{"ppntid":0,"trialid":1,"simBweight":2.92900152504444,"myBweight":4.911410236964002,"myvalue1":37.95346640525639,"myvalue2":18.134577338108542,"myvalue3":57.30987075521518,"simvalue1":24.8420819882576,"simvalue2":16.5181396438975,"simvalue3":37.2214369068358,"mychoice":3,"simchoice":3,"myA1":5.565128170419484,"myA2":1.8968485458754003,"myA3":8.725995155982673,"myB1":6.594508842099458,"myB2":3.3061234978958964,"myB3":9.892041848506778,"simA1":5.67112212534994,"simA2":2.389488783665,"simA3":8.77995934104547,"simB1":6.54522017110139,"simB2":4.82370894635096,"simB3":9.71029797103256}