{"ppntid":0,"trialid":18,"simBweight":2.92900152504444,"myBweight":2.0797137799672782,"myvalue1":7.652046269408614,"myvalue2":7.206077512591378,"myvalue3":24.431130202103216,"simvalue1":29.278641166275,"simvalue2":22.3575730969011,"simvalue3":16.2277070528167,"mychoice":3,"simchoice":3,"myA1":4.273922860156745,"myA2":4.256085276138037,"myA3":7.651850848924369,"myB1":1.6243213089182973,"myB2":1.4184606866911054,"myB3":8.068071440793574,"simA1":3.45552658895031,"simA2":1.83656022651121,"simA3":8.13114545540884,"simB1":8.81635409081355,"simB2":7.00614618835971,"simB3":2.76427360251546}