{"ppntid":0,"trialid":10,"simBweight":2.92900152504444,"myBweight":0.5766452290117741,"myvalue1":10.799141749449998,"myvalue2":4.600165193995486,"myvalue3":4.064026262749242,"simvalue1":37.9813174690878,"simvalue2":6.61483609034862,"simvalue3":27.6690730806335,"mychoice":1,"simchoice":1,"myA1":5.3624825947918,"myA2":2.1560395904816687,"myA3":2.99884908599779,"myB1":9.428083128295839,"myB2":4.238525666296482,"myB3":1.8471967219375074,"simA1":9.01910115499049,"simA2":0.586219872348011,"simA3":0.457009491510689,"simB1":9.88808509195223,"simB2":2.05824960023165,"simB3":9.29055972024798}