{"ppntid":0,"trialid":1,"simBweight":2.92900152504444,"myBweight":3.331081309588626,"myvalue1":25.497570425426467,"myvalue2":16.62425113188051,"myvalue3":41.32594755774805,"simvalue1":24.8420819882576,"simvalue2":16.5181396438975,"simvalue3":37.2214369068358,"mychoice":3,"simchoice":3,"myA1":3.953047904651612,"myA2":5.529808623250574,"myA3":8.8662429433316,"myB1":6.467726398259401,"myB2":3.3305829181335866,"myB3":9.744494834449142,"simA1":5.67112212534994,"simA2":2.389488783665,"simA3":8.77995934104547,"simB1":6.54522017110139,"simB2":4.82370894635096,"simB3":9.71029797103256}