{"ppntid":0,"trialid":3,"simBweight":2.92900152504444,"myBweight":0.7951493537984788,"myvalue1":7.947935990668186,"myvalue2":6.015646913702835,"myvalue3":17.068024411563123,"simvalue1":8.12483891560789,"simvalue2":28.2043243209439,"simvalue3":35.1603063288223,"mychoice":3,"simchoice":3,"myA1":6.076084568630904,"myA2":2.497479668818414,"myA3":9.788664593361318,"myB1":2.354087836574763,"myB2":4.4245363818481565,"myB3":9.154707582201809,"simA1":5.65594530198723,"simA2":1.80899103172123,"simA3":9.04499290045351,"simB1":0.842913051601499,"simB2":9.01171715464443,"simB3":8.91611465718597}