{"ppntid":0,"trialid":10,"simBweight":2.92900152504444,"myBweight":2.3902972869109362,"myvalue1":29.810841103650695,"myvalue2":8.579676780042671,"myvalue3":16.056338779312096,"simvalue1":37.9813174690878,"simvalue2":6.61483609034862,"simvalue3":27.6690730806335,"mychoice":1,"simchoice":1,"myA1":8.229967874940485,"myA2":3.1376988138072193,"myA3":4.897586167789996,"myB1":9.028531031217426,"myB2":2.2766950353980064,"myB3":4.668353460729122,"simA1":9.01910115499049,"simA2":0.586219872348011,"simA3":0.457009491510689,"simB1":9.88808509195223,"simB2":2.05824960023165,"simB3":9.29055972024798}