{"ppntid":0,"trialid":4,"simBweight":2.92900152504444,"myBweight":0.9050815331283957,"myvalue1":13.352753167895527,"myvalue2":13.046282124150327,"myvalue3":10.626941918272134,"simvalue1":29.0820167366599,"simvalue2":31.8749931806181,"simvalue3":27.5839703264988,"mychoice":1,"simchoice":2,"myA1":5.25130694033578,"myA2":7.118135895580053,"myA3":6.117287739180028,"myB1":8.95106786629185,"myB2":6.54984773369506,"myB3":4.982594400644302,"simA1":7.23374933004379,"simA2":5.64809889299795,"simA3":3.88609998160973,"simB1":7.459288504906,"simB2":8.95420984365046,"simB3":8.0907674995251}