{"ppntid":0,"trialid":3,"simBweight":2.92900152504444,"myBweight":1.4380342059303075,"myvalue1":11.377623779567072,"myvalue2":3.784301666909534,"myvalue3":22.559337543547457,"simvalue1":8.12483891560789,"simvalue2":28.2043243209439,"simvalue3":35.1603063288223,"mychoice":3,"simchoice":3,"myA1":6.266453790012747,"myA2":3.1724625173956156,"myA3":9.95419571409002,"myB1":3.554275669157505,"myB2":0.4254691209644079,"myB3":8.765536854043603,"simA1":5.65594530198723,"simA2":1.80899103172123,"simA3":9.04499290045351,"simB1":0.842913051601499,"simB2":9.01171715464443,"simB3":8.91611465718597}