{"ppntid":0,"trialid":3,"simBweight":2.92900152504444,"myBweight":1.7895493342075497,"myvalue1":9.736546378064173,"myvalue2":10.633680939374454,"myvalue3":25.530519483334032,"simvalue1":8.12483891560789,"simvalue2":28.2043243209439,"simvalue3":35.1603063288223,"mychoice":3,"simchoice":3,"myA1":8.492823261767626,"myA2":5.0340518821030855,"myA3":8.821189966984093,"myB1":0.6949923606589437,"myB2":3.129072191659361,"myB3":9.337171765509993,"simA1":5.65594530198723,"simA2":1.80899103172123,"simA3":9.04499290045351,"simB1":0.842913051601499,"simB2":9.01171715464443,"simB3":8.91611465718597}