{"ppntid":0,"trialid":3,"simBweight":2.92900152504444,"myBweight":2.9485340404789895,"myvalue1":7.488371544991759,"myvalue2":28.628498027632435,"myvalue3":21.19506281249378,"simvalue1":8.12483891560789,"simvalue2":28.2043243209439,"simvalue3":35.1603063288223,"mychoice":2,"simchoice":3,"myA1":6.599732905160636,"myA2":3.02882143529132,"myA3":9.709014126565307,"myB1":0.30138320522382855,"myB2":8.68217095034197,"myB3":3.8955116434954107,"simA1":5.65594530198723,"simA2":1.80899103172123,"simA3":9.04499290045351,"simB1":0.842913051601499,"simB2":9.01171715464443,"simB3":8.91611465718597}