{"ppntid":0,"trialid":4,"simBweight":2.92900152504444,"myBweight":2.9985914658755064,"myvalue1":31.681069660006813,"myvalue2":29.59567534813211,"myvalue3":23.043775258651735,"simvalue1":29.0820167366599,"simvalue2":31.8749931806181,"simvalue3":27.5839703264988,"mychoice":1,"simchoice":2,"myA1":4.42045251140371,"myA2":6.9035527925007045,"myA3":8.976279045455158,"myB1":9.091140776872635,"myB2":7.56759392330423,"myB3":4.691368055064231,"simA1":7.23374933004379,"simA2":5.64809889299795,"simA3":3.88609998160973,"simB1":7.459288504906,"simB2":8.95420984365046,"simB3":8.0907674995251}