{"ppntid":0,"trialid":1,"simBweight":2.92900152504444,"myBweight":1.1259478505235165,"myvalue1":9.772867784228575,"myvalue2":3.4504296271771597,"myvalue3":18.50551532359585,"simvalue1":24.8420819882576,"simvalue2":16.5181396438975,"simvalue3":37.2214369068358,"mychoice":3,"simchoice":3,"myA1":2.7323477691970766,"myA2":3.159610799048096,"myA3":7.648348598740995,"myB1":6.252971673384309,"myB2":0.25828800862655044,"myB3":9.642690573818982,"simA1":5.67112212534994,"simA2":2.389488783665,"simA3":8.77995934104547,"simB1":6.54522017110139,"simB2":4.82370894635096,"simB3":9.71029797103256}