{"ppntid":0,"trialid":10,"simBweight":2.92900152504444,"myBweight":3.263884164625779,"myvalue1":34.64794076022014,"myvalue2":14.011870049405495,"myvalue3":24.274916586941117,"simvalue1":37.9813174690878,"simvalue2":6.61483609034862,"simvalue3":27.6690730806335,"mychoice":1,"simchoice":1,"myA1":2.9645695094950497,"myA2":5.879764298442751,"myA3":8.823658036999404,"myB1":9.707259710412472,"myB2":2.49154238961637,"myB3":4.734009471721947,"simA1":9.01910115499049,"simA2":0.586219872348011,"simA3":0.457009491510689,"simB1":9.88808509195223,"simB2":2.05824960023165,"simB3":9.29055972024798}