{"ppntid":0,"trialid":4,"simBweight":2.92900152504444,"myBweight":2.2244579275138676,"myvalue1":22.874897809090967,"myvalue2":25.242323457164705,"myvalue3":21.58279151525809,"simvalue1":29.0820167366599,"simvalue2":31.8749931806181,"simvalue3":27.5839703264988,"mychoice":2,"simchoice":2,"myA1":9.888170850463212,"myA2":8.310769069939852,"myA3":2.0584566425532103,"myB1":5.838153555523604,"myB2":7.611541750375181,"myB3":8.77712031826377,"simA1":7.23374933004379,"simA2":5.64809889299795,"simA3":3.88609998160973,"simB1":7.459288504906,"simB2":8.95420984365046,"simB3":8.0907674995251}