{"ppntid":0,"trialid":4,"simBweight":2.92900152504444,"myBweight":1.7416717542801052,"myvalue1":24.314760824938837,"myvalue2":19.915367863474877,"myvalue3":13.620630317678348,"simvalue1":29.0820167366599,"simvalue2":31.8749931806181,"simvalue3":27.5839703264988,"mychoice":1,"simchoice":2,"myA1":8.787279911339283,"myA2":6.209731784183532,"myA3":4.942586387041956,"myB1":8.915274003520608,"myB2":7.8692417475394905,"myB3":4.982594400644302,"simA1":7.23374933004379,"simA2":5.64809889299795,"simA3":3.88609998160973,"simB1":7.459288504906,"simB2":8.95420984365046,"simB3":8.0907674995251}