{"ppntid":0,"trialid":2,"simBweight":2.92900152504444,"myBweight":3.1873107189312577,"myvalue1":1.2768945281749524,"myvalue2":5.455912250509082,"myvalue3":33.29977239865075,"simvalue1":4.79336017374058,"simvalue2":33.7039452458313,"simvalue3":10.9773753368355,"mychoice":3,"simchoice":2,"myA1":1.1327210068702698,"myA2":2.1217461116611958,"myA3":2.7688640099950135,"myB1":0.045233594719320536,"myB2":1.0460750246420503,"myB3":9.578893017023802,"simA1":4.60025910520926,"simA2":6.2205648701638,"simA3":3.88418034650385,"simB1":0.0659272680059075,"simB2":9.38319087261334,"simB3":2.42171092424542}