{"ppntid":0,"trialid":3,"simBweight":2.92900152504444,"myBweight":1.541925820056349,"myvalue1":15.892568743612074,"myvalue2":12.17248384027059,"myvalue3":23.034168419158803,"simvalue1":8.12483891560789,"simvalue2":28.2043243209439,"simvalue3":35.1603063288223,"mychoice":3,"simchoice":3,"myA1":0.7605429878458381,"myA2":3.549169930629432,"myA3":9.57142802188173,"myB1":9.813718376681209,"myB2":5.592560807708651,"myB3":8.731120668817312,"simA1":5.65594530198723,"simA2":1.80899103172123,"simA3":9.04499290045351,"simB1":0.842913051601499,"simB2":9.01171715464443,"simB3":8.91611465718597}