{"ppntid":0,"trialid":3,"simBweight":2.92900152504444,"myBweight":1.6873701801523566,"myvalue1":7.541239644163741,"myvalue2":14.970489605473425,"myvalue3":23.38989760882997,"simvalue1":8.12483891560789,"simvalue2":28.2043243209439,"simvalue3":35.1603063288223,"mychoice":3,"simchoice":3,"myA1":0.14136847108602524,"myA2":8.514922892209142,"myA3":6.7856743931770325,"myB1":4.3854462169110775,"myB2":3.8258153363130987,"myB3":9.840296700131148,"simA1":5.65594530198723,"simA2":1.80899103172123,"simA3":9.04499290045351,"simB1":0.842913051601499,"simB2":9.01171715464443,"simB3":8.91611465718597}