{"ppntid":0,"trialid":2,"simBweight":2.92900152504444,"myBweight":0.3986851719673723,"myvalue1":5.768880979820717,"myvalue2":6.793680088238873,"myvalue3":4.106570833908043,"simvalue1":4.79336017374058,"simvalue2":33.7039452458313,"simvalue3":10.9773753368355,"mychoice":2,"simchoice":2,"myA1":2.3497874895110726,"myA2":3.605283237993717,"myA3":0.9168106992729008,"myB1":8.575923386961222,"myB2":7.997279744595289,"myB3":8.000699195545167,"simA1":4.60025910520926,"simA2":6.2205648701638,"simA3":3.88418034650385,"simB1":0.0659272680059075,"simB2":9.38319087261334,"simB3":2.42171092424542}