{"ppntid":0,"trialid":1,"simBweight":2.92900152504444,"myBweight":4.630978492787108,"myvalue1":35.35392396803334,"myvalue2":19.8541546673189,"myvalue3":54.381100329344115,"simvalue1":24.8420819882576,"simvalue2":16.5181396438975,"simvalue3":37.2214369068358,"mychoice":3,"simchoice":3,"myA1":6.10469423700124,"myA2":5.459783487021923,"myA3":9.52489850576967,"myB1":6.315993429161608,"myB2":3.1082785641774535,"myB3":9.686117500532418,"simA1":5.67112212534994,"simA2":2.389488783665,"simA3":8.77995934104547,"simB1":6.54522017110139,"simB2":4.82370894635096,"simB3":9.71029797103256}