{"ppntid":0,"trialid":8,"simBweight":2.92900152504444,"myBweight":3.1299050664529204,"myvalue1":17.680808993734043,"myvalue2":14.457282553736961,"myvalue3":37.044488883813585,"simvalue1":24.3077395788662,"simvalue2":12.8486379765393,"simvalue3":21.1752809804918,"mychoice":3,"simchoice":3,"myA1":6.262634277809411,"myA2":4.231561922933906,"myA3":9.794426993466914,"myB1":3.6480897897854447,"myB2":3.2671024883165956,"myB3":8.70635412633419,"simA1":4.10054257372394,"simA2":3.45694060437381,"simA3":8.24872852535918,"simB1":6.89900528639555,"simB2":3.20645014755428,"simB3":4.41329659428447}