{"ppntid":0,"trialid":4,"simBweight":2.92900152504444,"myBweight":4.054477731697261,"myvalue1":39.535270459242774,"myvalue2":32.19101759110589,"myvalue3":30.66176731267925,"simvalue1":29.0820167366599,"simvalue2":31.8749931806181,"simvalue3":27.5839703264988,"mychoice":1,"simchoice":2,"myA1":6.095030086580664,"myA2":7.414914022665471,"myA3":9.813850154168904,"myB1":8.247730678413063,"myB2":6.110800257883966,"myB3":5.1419488620013,"simA1":7.23374933004379,"simA2":5.64809889299795,"simA3":3.88609998160973,"simB1":7.459288504906,"simB2":8.95420984365046,"simB3":8.0907674995251}