{"ppntid":0,"trialid":15,"simBweight":2.92900152504444,"myBweight":4.909165286226198,"myvalue1":22.62379204071229,"myvalue2":16.746328473159856,"myvalue3":2.796240492890484,"simvalue1":30.7336370866232,"simvalue2":31.7994098581279,"simvalue3":6.46325227742265,"mychoice":1,"simchoice":2,"myA1":5.813811894040555,"myA2":3.087892006151378,"myA3":1.3912070984952152,"myB1":3.4242033353075385,"myB2":2.782231941819191,"myB3":0.28620616998523474,"simA1":7.56775138666853,"simA2":5.10697468882427,"simA3":4.38148951623589,"simB1":7.90914088021964,"simB2":9.11315168021247,"simB3":0.710741439834237}