{"ppntid":0,"trialid":1,"simBweight":2.92900152504444,"myBweight":0.9963836974930018,"myvalue1":12.602139361207831,"myvalue2":5.227552457574624,"myvalue3":16.79304027581371,"simvalue1":24.8420819882576,"simvalue2":16.5181396438975,"simvalue3":37.2214369068358,"mychoice":3,"simchoice":3,"myA1":4.343362092040479,"myA2":1.0156120476312935,"myA3":7.907874756492674,"myB1":8.288751903455704,"myB2":4.2272273427806795,"myB3":8.91741358442232,"simA1":5.67112212534994,"simA2":2.389488783665,"simA3":8.77995934104547,"simB1":6.54522017110139,"simB2":4.82370894635096,"simB3":9.71029797103256}