{"ppntid":0,"trialid":5,"simBweight":2.92900152504444,"myBweight":1.4887304359581321,"myvalue1":13.179318717624028,"myvalue2":15.214768325179389,"myvalue3":11.549068139164525,"simvalue1":13.2756742221018,"simvalue2":30.3546781549135,"simvalue3":23.5392310011038,"mychoice":2,"simchoice":2,"myA1":0.5241661379113793,"myA2":7.106335675343871,"myA3":5.2843432617373765,"myB1":8.50063401274383,"myB2":5.446541868150234,"myB3":4.2080988781526685,"simA1":8.18546326132491,"simA2":4.21199968550354,"simA3":1.76696498412639,"simB1":1.73786558909342,"simB2":8.92545744543895,"simB3":7.43334062164649}