{"ppntid":0,"trialid":2,"simBweight":2.92900152504444,"myBweight":2.567897418048233,"myvalue1":19.732945023778306,"myvalue2":15.053414702863861,"myvalue3":18.47149482547413,"simvalue1":4.79336017374058,"simvalue2":33.7039452458313,"simvalue3":10.9773753368355,"mychoice":1,"simchoice":2,"myA1":8.402496697381139,"myA2":8.599614647682756,"myA3":8.410033131949604,"myB1":4.412344607990235,"myB2":2.513262410648167,"myB3":3.918171194382012,"simA1":4.60025910520926,"simA2":6.2205648701638,"simA3":3.88418034650385,"simB1":0.0659272680059075,"simB2":9.38319087261334,"simB3":2.42171092424542}