{"ppntid":0,"trialid":1,"simBweight":2.92900152504444,"myBweight":1.9351246592123061,"myvalue1":12.830122450523536,"myvalue2":10.965261072776947,"myvalue3":25.34951943458426,"simvalue1":24.8420819882576,"simvalue2":16.5181396438975,"simvalue3":37.2214369068358,"mychoice":3,"simchoice":3,"myA1":8.347940181847662,"myA2":1.730225335340947,"myA3":9.653332501184195,"myB1":2.3162240465171635,"myB2":4.772320839110762,"myB3":8.111201962456107,"simA1":5.67112212534994,"simA2":2.389488783665,"simA3":8.77995934104547,"simB1":6.54522017110139,"simB2":4.82370894635096,"simB3":9.71029797103256}