{"ppntid":0,"trialid":1,"simBweight":2.92900152504444,"myBweight":3.0642372113652527,"myvalue1":21.29585803865008,"myvalue2":12.327028600200386,"myvalue3":38.86079238566421,"simvalue1":24.8420819882576,"simvalue2":16.5181396438975,"simvalue3":37.2214369068358,"mychoice":3,"simchoice":3,"myA1":9.552047541365027,"myA2":3.6249614972621202,"myA3":8.707789066247642,"myB1":3.8325396133586764,"myB2":2.8398803691379726,"myB3":9.840296700131148,"simA1":5.67112212534994,"simA2":2.389488783665,"simA3":8.77995934104547,"simB1":6.54522017110139,"simB2":4.82370894635096,"simB3":9.71029797103256}