{"ppntid":0,"trialid":4,"simBweight":2.92900152504444,"myBweight":3.6267891176976264,"myvalue1":40.93013689418519,"myvalue2":35.94510186741243,"myvalue3":23.38580123192133,"simvalue1":29.0820167366599,"simvalue2":31.8749931806181,"simvalue3":27.5839703264988,"mychoice":1,"simchoice":2,"myA1":8.596318156924099,"myA2":7.405021532904357,"myA3":5.314982081763446,"myB1":8.915274003520608,"myB2":7.8692417475394905,"myB3":4.982594400644302,"simA1":7.23374933004379,"simA2":5.64809889299795,"simA3":3.88609998160973,"simB1":7.459288504906,"simB2":8.95420984365046,"simB3":8.0907674995251}