{"ppntid":0,"trialid":5,"simBweight":2.92900152504444,"myBweight":3.0803240777458996,"myvalue1":30.45622620557166,"myvalue2":17.83837178847068,"myvalue3":19.77089377818336,"simvalue1":13.2756742221018,"simvalue2":30.3546781549135,"simvalue3":23.5392310011038,"mychoice":1,"simchoice":2,"myA1":4.4525856035761535,"myA2":4.874630840495229,"myA3":3.6704661999829113,"myB1":8.441852203104645,"myB2":4.208563975989819,"myB3":5.22686158074066,"simA1":8.18546326132491,"simA2":4.21199968550354,"simA3":1.76696498412639,"simB1":1.73786558909342,"simB2":8.92545744543895,"simB3":7.43334062164649}