{"ppntid":0,"trialid":3,"simBweight":2.92900152504444,"myBweight":1.48617904051207,"myvalue1":4.883294221193206,"myvalue2":12.710617309883151,"myvalue3":23.33055171902625,"simvalue1":8.12483891560789,"simvalue2":28.2043243209439,"simvalue3":35.1603063288223,"mychoice":3,"simchoice":3,"myA1":4.298577047884464,"myA2":4.898149494547397,"myA3":9.837777737993747,"myB1":0.39343656273558736,"myB2":5.256747405510396,"myB3":9.078834792599082,"simA1":5.65594530198723,"simA2":1.80899103172123,"simA3":9.04499290045351,"simB1":0.842913051601499,"simB2":9.01171715464443,"simB3":8.91611465718597}