{"ppntid":0,"trialid":1,"simBweight":2.92900152504444,"myBweight":1.2556159019004554,"myvalue1":13.620603714696005,"myvalue2":7.8014530938471935,"myvalue3":20.770895168040177,"simvalue1":24.8420819882576,"simvalue2":16.5181396438975,"simvalue3":37.2214369068358,"mychoice":3,"simchoice":3,"myA1":5.8508625463582575,"myA2":2.326533324085176,"myA3":9.133060043677688,"myB1":6.1879920097999275,"myB2":4.36034599551931,"myB3":9.268626740667969,"simA1":5.67112212534994,"simA2":2.389488783665,"simA3":8.77995934104547,"simB1":6.54522017110139,"simB2":4.82370894635096,"simB3":9.71029797103256}