{"ppntid":0,"trialid":3,"simBweight":2.92900152504444,"myBweight":2.010865587508306,"myvalue1":6.619743964294276,"myvalue2":8.204519051082329,"myvalue3":26.658933711225714,"simvalue1":8.12483891560789,"simvalue2":28.2043243209439,"simvalue3":35.1603063288223,"mychoice":3,"simchoice":3,"myA1":2.5022984738461673,"myA2":3.688867650926113,"myA3":8.140233748126775,"myB1":2.047598564531654,"myB2":2.2456256789155304,"myB3":9.209317658096552,"simA1":5.65594530198723,"simA2":1.80899103172123,"simA3":9.04499290045351,"simB1":0.842913051601499,"simB2":9.01171715464443,"simB3":8.91611465718597}