{"ppntid":0,"trialid":2,"simBweight":2.92900152504444,"myBweight":3.103837623493746,"myvalue1":17.437771610728127,"myvalue2":25.946180490667935,"myvalue3":22.89364414537804,"simvalue1":4.79336017374058,"simvalue2":33.7039452458313,"simvalue3":10.9773753368355,"mychoice":2,"simchoice":2,"myA1":6.797000670339912,"myA2":8.209454321768135,"myA3":7.244695744011551,"myB1":3.428262760862708,"myB2":5.714450406376272,"myB3":5.0418064021505415,"simA1":4.60025910520926,"simA2":6.2205648701638,"simA3":3.88418034650385,"simB1":0.0659272680059075,"simB2":9.38319087261334,"simB3":2.42171092424542}