{"ppntid":0,"trialid":3,"simBweight":2.92900152504444,"myBweight":4.201462098862976,"myvalue1":23.541062382195648,"myvalue2":26.38960488831695,"myvalue3":45.9999236928676,"simvalue1":8.12483891560789,"simvalue2":28.2043243209439,"simvalue3":35.1603063288223,"mychoice":3,"simchoice":3,"myA1":1.3237919635139406,"myA2":5.200040496420115,"myA3":9.253383849281818,"myB1":5.287985443137586,"myB2":5.043378684204072,"myB3":8.74613146064803,"simA1":5.65594530198723,"simA2":1.80899103172123,"simA3":9.04499290045351,"simB1":0.842913051601499,"simB2":9.01171715464443,"simB3":8.91611465718597}