{"ppntid":0,"trialid":9,"simBweight":2.92900152504444,"myBweight":1.56576860928908,"myvalue1":7.72503166667742,"myvalue2":9.91200671503009,"myvalue3":21.033218964393072,"simvalue1":23.3903938429017,"simvalue2":18.0867040995148,"simvalue3":35.9628005125761,"mychoice":3,"simchoice":3,"myA1":5.835334733128548,"myA2":2.8392262919805944,"myA3":9.170607817359269,"myB1":1.2068813503719866,"myB2":4.5171300414949656,"myB3":7.576222359202802,"simA1":2.61885447893292,"simA2":1.33204466663301,"simA3":9.1047868761234,"simB1":7.09167925873771,"simB2":5.72026313049719,"simB3":9.16968236677349}