{"ppntid":0,"trialid":5,"simBweight":2.92900152504444,"myBweight":1.1473591241519898,"myvalue1":10.835484912007008,"myvalue2":12.526707110215693,"myvalue3":11.722193026237926,"simvalue1":13.2756742221018,"simvalue2":30.3546781549135,"simvalue3":23.5392310011038,"mychoice":2,"simchoice":2,"myA1":0.31947341514751315,"myA2":5.95670466311276,"myA3":6.828502044081688,"myB1":9.165405386593193,"myB2":5.726195320021361,"myB3":4.265178076457232,"simA1":8.18546326132491,"simA2":4.21199968550354,"simA3":1.76696498412639,"simB1":1.73786558909342,"simB2":8.92545744543895,"simB3":7.43334062164649}