{"ppntid":0,"trialid":2,"simBweight":2.92900152504444,"myBweight":1.569964693626389,"myvalue1":9.42046034425816,"myvalue2":13.518154917749234,"myvalue3":9.743081545911643,"simvalue1":4.79336017374058,"simvalue2":33.7039452458313,"simvalue3":10.9773753368355,"mychoice":2,"simchoice":2,"myA1":0.834627638105303,"myA2":2.030827053822577,"myA3":2.3310273652896285,"myB1":5.468806235585362,"myB2":7.31693388428539,"myB3":4.721159788314253,"simA1":4.60025910520926,"simA2":6.2205648701638,"simA3":3.88418034650385,"simB1":0.0659272680059075,"simB2":9.38319087261334,"simB3":2.42171092424542}