{"ppntid":0,"trialid":1,"simBweight":2.92900152504444,"myBweight":4.007247210247442,"myvalue1":23.88396635118834,"myvalue2":13.175122428805976,"myvalue3":48.07359447414381,"simvalue1":24.8420819882576,"simvalue2":16.5181396438975,"simvalue3":37.2214369068358,"mychoice":3,"simchoice":3,"myA1":2.9529431858099997,"myA2":4.924942587967962,"myA3":8.346531041897833,"myB1":5.2232922171242535,"myB2":2.058814794290811,"myB3":9.913804002571851,"simA1":5.67112212534994,"simA2":2.389488783665,"simA3":8.77995934104547,"simB1":6.54522017110139,"simB2":4.82370894635096,"simB3":9.71029797103256}