{"ppntid":0,"trialid":1,"simBweight":2.92900152504444,"myBweight":2.8760995622724295,"myvalue1":21.268276691254325,"myvalue2":2.204239109745783,"myvalue3":35.815547727594044,"simvalue1":24.8420819882576,"simvalue2":16.5181396438975,"simvalue3":37.2214369068358,"mychoice":3,"simchoice":3,"myA1":4.307684097439051,"myA2":0.676355417817831,"myA3":8.574859858490527,"myB1":5.8970811776816845,"myB2":0.531234631780535,"myB3":9.471399469766766,"simA1":5.67112212534994,"simA2":2.389488783665,"simA3":8.77995934104547,"simB1":6.54522017110139,"simB2":4.82370894635096,"simB3":9.71029797103256}