{"ppntid":0,"trialid":4,"simBweight":2.92900152504444,"myBweight":1.394953663693741,"myvalue1":17.41059233616191,"myvalue2":20.00087464360115,"myvalue3":5.951256071502842,"simvalue1":29.0820167366599,"simvalue2":31.8749931806181,"simvalue3":27.5839703264988,"mychoice":2,"simchoice":2,"myA1":8.750856751576066,"myA2":9.111252087168396,"myA3":2.5984655204229057,"myB1":6.207901961170137,"myB2":7.806440342683345,"myB3":2.403513921890408,"simA1":7.23374933004379,"simA2":5.64809889299795,"simA3":3.88609998160973,"simB1":7.459288504906,"simB2":8.95420984365046,"simB3":8.0907674995251}