{"ppntid":0,"trialid":5,"simBweight":2.92900152504444,"myBweight":0.872589562786743,"myvalue1":7.919664517801094,"myvalue2":2.3165430661626294,"myvalue3":2.5742767317629536,"simvalue1":13.2756742221018,"simvalue2":30.3546781549135,"simvalue3":23.5392310011038,"mychoice":1,"simchoice":2,"myA1":6.393181167077273,"myA2":1.5867756959050894,"myA3":1.741386849898845,"myB1":1.7493715439923108,"myB2":0.8363237441517413,"myB3":0.9545036032795906,"simA1":8.18546326132491,"simA2":4.21199968550354,"simA3":1.76696498412639,"simB1":1.73786558909342,"simB2":8.92545744543895,"simB3":7.43334062164649}