{"ppntid":0,"trialid":5,"simBweight":2.92900152504444,"myBweight":2.6262819243129343,"myvalue1":26.612881803825285,"myvalue2":22.310108879439984,"myvalue3":13.790194292011511,"simvalue1":13.2756742221018,"simvalue2":30.3546781549135,"simvalue3":23.5392310011038,"mychoice":1,"simchoice":2,"myA1":8.229967874940485,"myA2":4.85141372308135,"myA3":4.897586167789996,"myB1":6.9995965622365475,"myB2":6.647685077041388,"myB3":3.3860066742636263,"simA1":8.18546326132491,"simA2":4.21199968550354,"simA3":1.76696498412639,"simB1":1.73786558909342,"simB2":8.92545744543895,"simB3":7.43334062164649}