{"ppntid":0,"trialid":1,"simBweight":2.92900152504444,"myBweight":2.7875587402377278,"myvalue1":29.029336571128162,"myvalue2":13.058891922573688,"myvalue3":37.11876014383828,"simvalue1":24.8420819882576,"simvalue2":16.5181396438975,"simvalue3":37.2214369068358,"mychoice":3,"simchoice":3,"myA1":2.187696483451873,"myA2":2.3156881821341813,"myA3":9.850494468118995,"myB1":9.629085012711585,"myB2":3.8539829081855714,"myB3":9.782131325919181,"simA1":5.67112212534994,"simA2":2.389488783665,"simA3":8.77995934104547,"simB1":6.54522017110139,"simB2":4.82370894635096,"simB3":9.71029797103256}