{"ppntid":0,"trialid":4,"simBweight":2.92900152504444,"myBweight":1.5277903014793992,"myvalue1":17.844989075908572,"myvalue2":17.29531433998507,"myvalue3":15.729234975461594,"simvalue1":29.0820167366599,"simvalue2":31.8749931806181,"simvalue3":27.5839703264988,"mychoice":1,"simchoice":2,"myA1":4.081427196506411,"myA2":6.716365416068584,"myA3":9.431900600902736,"myB1":9.00880301836878,"myB2":6.924346170853823,"myB3":4.121857802383602,"simA1":7.23374933004379,"simA2":5.64809889299795,"simA3":3.88609998160973,"simB1":7.459288504906,"simB2":8.95420984365046,"simB3":8.0907674995251}