{"ppntid":0,"trialid":4,"simBweight":2.92900152504444,"myBweight":1.67916729580611,"myvalue1":22.328700933907967,"myvalue2":19.4197230909611,"myvalue3":12.368173613450141,"simvalue1":29.0820167366599,"simvalue2":31.8749931806181,"simvalue3":27.5839703264988,"mychoice":1,"simchoice":2,"myA1":8.02481173304841,"myA2":9.406108257826418,"myA3":4.2192635289393365,"myB1":8.518441990017891,"myB2":5.963440842460841,"myB3":4.852947115432471,"simA1":7.23374933004379,"simA2":5.64809889299795,"simA3":3.88609998160973,"simB1":7.459288504906,"simB2":8.95420984365046,"simB3":8.0907674995251}