{"ppntid":0,"trialid":8,"simBweight":2.92900152504444,"myBweight":2.1365671034436673,"myvalue1":10.55788232610837,"myvalue2":4.283639861470864,"myvalue3":21.440696578627872,"simvalue1":24.3077395788662,"simvalue2":12.8486379765393,"simvalue3":21.1752809804918,"mychoice":3,"simchoice":3,"myA1":3.5281878686510026,"myA2":1.356128912884742,"myA3":5.84640086395666,"myB1":3.2901819213293493,"myB2":1.3701937766745687,"myB3":7.298762435093522,"simA1":4.10054257372394,"simA2":3.45694060437381,"simA3":8.24872852535918,"simB1":6.89900528639555,"simB2":3.20645014755428,"simB3":4.41329659428447}