{"ppntid":0,"trialid":1,"simBweight":2.92900152504444,"myBweight":4.716416244627908,"myvalue1":34.56006933153677,"myvalue2":14.435653174997746,"myvalue3":53.05821038909784,"simvalue1":24.8420819882576,"simvalue2":16.5181396438975,"simvalue3":37.2214369068358,"mychoice":3,"simchoice":3,"myA1":6.076084568630904,"myA2":2.198163908906281,"myA3":9.788664593361318,"myB1":6.039328016340733,"myB2":2.594658450689167,"myB3":9.174242380540818,"simA1":5.67112212534994,"simA2":2.389488783665,"simA3":8.77995934104547,"simB1":6.54522017110139,"simB2":4.82370894635096,"simB3":9.71029797103256}