{"ppntid":0,"trialid":4,"simBweight":2.92900152504444,"myBweight":3.5435718891676515,"myvalue1":35.36870562530371,"myvalue2":32.839906305495006,"myvalue3":21.384140709575703,"simvalue1":29.0820167366599,"simvalue2":31.8749931806181,"simvalue3":27.5839703264988,"mychoice":1,"simchoice":2,"myA1":0.2106169960461557,"myA2":3.0338193057104945,"myA3":4.071113574318588,"myB1":9.921652425546199,"myB2":8.41131150489673,"myB3":4.885755863506347,"simA1":7.23374933004379,"simA2":5.64809889299795,"simA3":3.88609998160973,"simB1":7.459288504906,"simB2":8.95420984365046,"simB3":8.0907674995251}