{"ppntid":0,"trialid":2,"simBweight":2.92900152504444,"myBweight":3.075829333392903,"myvalue1":16.229167241523925,"myvalue2":14.6294597413243,"myvalue3":5.825258411024995,"simvalue1":4.79336017374058,"simvalue2":33.7039452458313,"simvalue3":10.9773753368355,"mychoice":1,"simchoice":2,"myA1":6.3724657776765525,"myA2":7.377025333698839,"myA3":3.8280342565849423,"myB1":3.2045670924708247,"myB2":2.3578793299384415,"myB3":0.6493286648765206,"simA1":4.60025910520926,"simA2":6.2205648701638,"simA3":3.88418034650385,"simB1":0.0659272680059075,"simB2":9.38319087261334,"simB3":2.42171092424542}