{"ppntid":0,"trialid":9,"simBweight":2.92900152504444,"myBweight":1.4257858588825911,"myvalue1":6.81595620343154,"myvalue2":10.359381162310708,"myvalue3":19.692884160910864,"simvalue1":23.3903938429017,"simvalue2":18.0867040995148,"simvalue3":35.9628005125761,"mychoice":3,"simchoice":3,"myA1":1.7914799554273486,"myA2":4.50480698607862,"myA3":6.500300103798509,"myB1":3.524004826322198,"myB2":4.106208614539355,"myB3":9.252850962802768,"simA1":2.61885447893292,"simA2":1.33204466663301,"simA3":9.1047868761234,"simB1":7.09167925873771,"simB2":5.72026313049719,"simB3":9.16968236677349}