{"ppntid":0,"trialid":1,"simBweight":2.92900152504444,"myBweight":1.9383181550074369,"myvalue1":17.01409489683978,"myvalue2":11.262437179900875,"myvalue3":28.424046481052887,"simvalue1":24.8420819882576,"simvalue2":16.5181396438975,"simvalue3":37.2214369068358,"mychoice":3,"simchoice":3,"myA1":4.221712788566947,"myA2":5.391617603600025,"myA3":9.604888132307678,"myB1":6.599732905160636,"myB2":3.02882143529132,"myB3":9.709014126565307,"simA1":5.67112212534994,"simA2":2.389488783665,"simA3":8.77995934104547,"simB1":6.54522017110139,"simB2":4.82370894635096,"simB3":9.71029797103256}