{"ppntid":0,"trialid":3,"simBweight":2.92900152504444,"myBweight":1.8242176808416843,"myvalue1":7.96615668050158,"myvalue2":8.161717123505651,"myvalue3":24.845158042437177,"simvalue1":8.12483891560789,"simvalue2":28.2043243209439,"simvalue3":35.1603063288223,"mychoice":3,"simchoice":3,"myA1":6.599732905160636,"myA2":2.9847573093138635,"myA3":9.709014126565307,"myB1":0.7490464486181736,"myB2":2.8379068290814757,"myB3":8.297334290109575,"simA1":5.65594530198723,"simA2":1.80899103172123,"simA3":9.04499290045351,"simB1":0.842913051601499,"simB2":9.01171715464443,"simB3":8.91611465718597}