{"ppntid":0,"trialid":1,"simBweight":2.92900152504444,"myBweight":2.92557047563605,"myvalue1":20.864422315962596,"myvalue2":8.723582809722984,"myvalue3":35.44465285763488,"simvalue1":24.8420819882576,"simvalue2":16.5181396438975,"simvalue3":37.2214369068358,"mychoice":3,"simchoice":3,"myA1":3.7745019025169313,"myA2":0.4402772174216807,"myA3":9.112608954310417,"myB1":5.841568526811898,"myB2":2.8313471376895905,"myB3":9.000652735121548,"simA1":5.67112212534994,"simA2":2.389488783665,"simA3":8.77995934104547,"simB1":6.54522017110139,"simB2":4.82370894635096,"simB3":9.71029797103256}