{"ppntid":0,"trialid":5,"simBweight":2.92900152504444,"myBweight":3.456046824576333,"myvalue1":31.032176988586347,"myvalue2":9.638108475223241,"myvalue3":8.279362233724724,"simvalue1":13.2756742221018,"simvalue2":30.3546781549135,"simvalue3":23.5392310011038,"mychoice":1,"simchoice":2,"myA1":8.160182777792215,"myA2":4.821265067439526,"myA3":3.3651012973859906,"myB1":6.617964215110987,"myB2":1.3937436765991151,"myB3":1.4219312369823456,"simA1":8.18546326132491,"simA2":4.21199968550354,"simA3":1.76696498412639,"simB1":1.73786558909342,"simB2":8.92545744543895,"simB3":7.43334062164649}