{"ppntid":0,"trialid":20,"simBweight":2.92900152504444,"myBweight":4.00224301032722,"myvalue1":23.604112891233783,"myvalue2":19.36578450883426,"myvalue3":17.47523236266838,"simvalue1":30.2356599180612,"simvalue2":26.8042973424022,"simvalue3":18.6933581208693,"mychoice":1,"simchoice":2,"myA1":1.9408650905825198,"myA2":4.840228292159736,"myA3":5.074297124519944,"myB1":5.412776721641421,"myB2":3.6293538846075535,"myB3":3.0984963197261095,"simA1":1.68803035514429,"simA2":4.40414110431448,"simA3":5.71626756573096,"simB1":9.74653967190534,"simB2":7.64771067770198,"simB3":4.43055097246543}