{"ppntid":0,"trialid":9,"simBweight":2.92900152504444,"myBweight":3.44593369634822,"myvalue1":24.380293471856845,"myvalue2":18.709661344297253,"myvalue3":40.30122684695254,"simvalue1":23.3903938429017,"simvalue2":18.0867040995148,"simvalue3":35.9628005125761,"mychoice":3,"simchoice":3,"myA1":8.479180969297886,"myA2":6.450366196222603,"myA3":9.700714137870818,"myB1":4.614456894341856,"myB2":3.5576120228506625,"myB3":8.880180353298783,"simA1":2.61885447893292,"simA2":1.33204466663301,"simA3":9.1047868761234,"simB1":7.09167925873771,"simB2":5.72026313049719,"simB3":9.16968236677349}