{"ppntid":0,"trialid":6,"simBweight":2.92900152504444,"myBweight":2.927546597784385,"myvalue1":31.63587028791418,"myvalue2":7.963888953016518,"myvalue3":28.010626988528294,"simvalue1":32.3724469339229,"simvalue2":7.31317136996306,"simvalue3":26.9463834162194,"mychoice":1,"simchoice":1,"myA1":6.6818475583568215,"myA2":0.8071896876208484,"myA3":7.183963370043784,"myB1":8.523868671618402,"myB2":2.444606439676136,"myB3":7.114033175166696,"simA1":5.60983883915469,"simA2":0.712338301818818,"simA3":8.53584753349423,"simB1":9.13710964843631,"simB2":2.25361202843487,"simB3":6.28560133045539}