{"ppntid":0,"trialid":2,"simBweight":2.92900152504444,"myBweight":2.967390634585172,"myvalue1":18.47836943393598,"myvalue2":17.009249062413552,"myvalue3":19.20641525984943,"simvalue1":4.79336017374058,"simvalue2":33.7039452458313,"simvalue3":10.9773753368355,"mychoice":3,"simchoice":2,"myA1":5.429475416895002,"myA2":6.9339236919768155,"myA3":5.491834641434252,"myB1":4.397430478129536,"myB2":3.3953485102392733,"myB3":4.621764475014061,"simA1":4.60025910520926,"simA2":6.2205648701638,"simA3":3.88418034650385,"simB1":0.0659272680059075,"simB2":9.38319087261334,"simB3":2.42171092424542}