{"ppntid":0,"trialid":2,"simBweight":2.92900152504444,"myBweight":4.251124829752371,"myvalue1":20.8259904998341,"myvalue2":21.930405993237155,"myvalue3":13.20482728035106,"simvalue1":4.79336017374058,"simvalue2":33.7039452458313,"simvalue3":10.9773753368355,"mychoice":2,"simchoice":2,"myA1":3.850966729223728,"myA2":5.048319853376597,"myA3":5.060120946727693,"myB1":3.9930664119310677,"myB2":3.971204520203173,"myB3":1.915894418489188,"simA1":4.60025910520926,"simA2":6.2205648701638,"simA3":3.88418034650385,"simB1":0.0659272680059075,"simB2":9.38319087261334,"simB3":2.42171092424542}