{"ppntid":0,"trialid":2,"simBweight":2.92900152504444,"myBweight":3.316584478598088,"myvalue1":17.541314944141575,"myvalue2":28.36541919502594,"myvalue3":17.50616128655909,"simvalue1":4.79336017374058,"simvalue2":33.7039452458313,"simvalue3":10.9773753368355,"mychoice":2,"simchoice":2,"myA1":7.55687428638339,"myA2":8.999973197933286,"myA3":6.493428978137672,"myB1":3.0104587180539966,"myB2":5.838972630444914,"myB3":3.3205040846951306,"simA1":4.60025910520926,"simA2":6.2205648701638,"simA3":3.88418034650385,"simB1":0.0659272680059075,"simB2":9.38319087261334,"simB3":2.42171092424542}