{"ppntid":0,"trialid":1,"simBweight":2.92900152504444,"myBweight":1.253506193170324,"myvalue1":16.563024753836817,"myvalue2":8.252964934849814,"myvalue3":19.746905374338503,"simvalue1":24.8420819882576,"simvalue2":16.5181396438975,"simvalue3":37.2214369068358,"mychoice":3,"simchoice":3,"myA1":4.183344757184386,"myA2":0.9469776600599289,"myA3":8.279119418002665,"myB1":9.87604214809835,"myB2":5.828441306948662,"myB3":9.148567449301481,"simA1":5.67112212534994,"simA2":2.389488783665,"simA3":8.77995934104547,"simB1":6.54522017110139,"simB2":4.82370894635096,"simB3":9.71029797103256}