{"ppntid":0,"trialid":14,"simBweight":2.92900152504444,"myBweight":3.514916457934305,"myvalue1":25.672771883379795,"myvalue2":17.674941738766258,"myvalue3":16.529470071171424,"simvalue1":21.4466630013766,"simvalue2":16.5967321665458,"simvalue3":17.1931218988671,"mychoice":1,"simchoice":2,"myA1":2.6926545309834182,"myA2":2.8725790791213512,"myA3":9.734560772776604,"myB1":6.537884364370257,"myB2":4.211298571899533,"myB3":1.933163811918348,"simA1":9.75632399087772,"simA2":8.09382772771642,"simA3":2.75334256468341,"simB1":3.99123691488057,"simB2":2.90300444234163,"simB3":4.92993233725429}