{"ppntid":0,"trialid":1,"simBweight":2.92900152504444,"myBweight":3.8492982112802565,"myvalue1":27.311101811246473,"myvalue2":10.32937565219395,"myvalue3":44.3959466296526,"simvalue1":24.8420819882576,"simvalue2":16.5181396438975,"simvalue3":37.2214369068358,"mychoice":3,"simchoice":3,"myA1":5.694454936310649,"myA2":2.0856751454994082,"myA3":8.939040929544717,"myB1":5.615737126208842,"myB2":2.1416112896986306,"myB3":9.21126495115459,"simA1":5.67112212534994,"simA2":2.389488783665,"simA3":8.77995934104547,"simB1":6.54522017110139,"simB2":4.82370894635096,"simB3":9.71029797103256}