{"ppntid":0,"trialid":1,"simBweight":2.92900152504444,"myBweight":1.5886968548875302,"myvalue1":15.07898008369843,"myvalue2":5.7615593214104335,"myvalue3":24.875514616995,"simvalue1":24.8420819882576,"simvalue2":16.5181396438975,"simvalue3":37.2214369068358,"mychoice":3,"simchoice":3,"myA1":6.471448158845305,"myA2":2.441643471829593,"myA3":9.764022279996425,"myB1":5.4179826052859426,"myB2":2.089710091240704,"myB3":9.511879053898156,"simA1":5.67112212534994,"simA2":2.389488783665,"simA3":8.77995934104547,"simB1":6.54522017110139,"simB2":4.82370894635096,"simB3":9.71029797103256}