{"ppntid":0,"trialid":2,"simBweight":2.92900152504444,"myBweight":4.901335802860558,"myvalue1":33.21464858774817,"myvalue2":37.579341316140955,"myvalue3":35.490201910509555,"simvalue1":4.79336017374058,"simvalue2":33.7039452458313,"simvalue3":10.9773753368355,"mychoice":2,"simchoice":2,"myA1":5.318136943969876,"myA2":5.424418880138546,"myA3":4.497824308928102,"myB1":5.691614034585655,"myB2":6.560440608300269,"myB3":6.323251221328974,"simA1":4.60025910520926,"simA2":6.2205648701638,"simA3":3.88418034650385,"simB1":0.0659272680059075,"simB2":9.38319087261334,"simB3":2.42171092424542}