{"ppntid":0,"trialid":2,"simBweight":2.92900152504444,"myBweight":3.8522392348386347,"myvalue1":15.99334240709405,"myvalue2":33.229096646245836,"myvalue3":19.726069230739334,"simvalue1":4.79336017374058,"simvalue2":33.7039452458313,"simvalue3":10.9773753368355,"mychoice":2,"simchoice":2,"myA1":6.488528090994805,"myA2":8.6662444495596,"myA3":6.599836011882871,"myB1":2.467347881756723,"myB2":6.376253056805581,"myB3":3.4074293985031545,"simA1":4.60025910520926,"simA2":6.2205648701638,"simA3":3.88418034650385,"simB1":0.0659272680059075,"simB2":9.38319087261334,"simB3":2.42171092424542}