{"ppntid":0,"trialid":9,"simBweight":2.92900152504444,"myBweight":1.455095203127712,"myvalue1":7.302390150374985,"myvalue2":5.636486067659682,"myvalue3":19.332938631721532,"simvalue1":23.3903938429017,"simvalue2":18.0867040995148,"simvalue3":35.9628005125761,"mychoice":3,"simchoice":3,"myA1":0.37894462002441287,"myA2":1.2064583273604512,"myA3":7.805006424896419,"myB1":4.758070479147136,"myB2":3.044493398629129,"myB3":7.922459081746638,"simA1":2.61885447893292,"simA2":1.33204466663301,"simA3":9.1047868761234,"simB1":7.09167925873771,"simB2":5.72026313049719,"simB3":9.16968236677349}