{"ppntid":0,"trialid":3,"simBweight":2.92900152504444,"myBweight":3.5620921570807695,"myvalue1":17.4907425747407,"myvalue2":24.68673523160237,"myvalue3":40.69528558317553,"simvalue1":8.12483891560789,"simvalue2":28.2043243209439,"simvalue3":35.1603063288223,"mychoice":3,"simchoice":3,"myA1":3.6517465976066887,"myA2":4.105499146971852,"myA3":7.890847381204367,"myB1":3.8850752217695117,"myB2":5.77785053756088,"myB3":9.209317658096552,"simA1":5.65594530198723,"simA2":1.80899103172123,"simA3":9.04499290045351,"simB1":0.842913051601499,"simB2":9.01171715464443,"simB3":8.91611465718597}