{"ppntid":0,"trialid":13,"simBweight":2.92900152504444,"myBweight":4.85297960229218,"myvalue1":35.645747177365465,"myvalue2":30.97006147118553,"myvalue3":33.464893930476535,"simvalue1":19.4881299579769,"simvalue2":24.9032378382858,"simvalue3":10.8954607930942,"mychoice":1,"simchoice":2,"myA1":4.370004730299115,"myA2":7.265532298479229,"myA3":4.562914103735238,"myB1":6.44464741460979,"myB2":4.884530971758068,"myB3":5.9555123234167695,"simA1":2.6640361500904,"simA2":5.32445900142193,"simA3":4.68264800496399,"simB1":5.74396894779056,"simB2":6.68445498216897,"simB3":2.12113675428554}