{"ppntid":0,"trialid":2,"simBweight":2.92900152504444,"myBweight":0.42091027717106044,"myvalue1":4.918651829432183,"myvalue2":8.999474901768533,"myvalue3":6.856426213476146,"simvalue1":4.79336017374058,"simvalue2":33.7039452458313,"simvalue3":10.9773753368355,"mychoice":2,"simchoice":2,"myA1":3.07547906646505,"myA2":7.213545409031212,"myA3":4.152836613357067,"myB1":4.379015821032226,"myB2":4.243017074186355,"myB3":6.423196929972619,"simA1":4.60025910520926,"simA2":6.2205648701638,"simA3":3.88418034650385,"simB1":0.0659272680059075,"simB2":9.38319087261334,"simB3":2.42171092424542}