{"ppntid":0,"trialid":2,"simBweight":2.92900152504444,"myBweight":0.6062724720686674,"myvalue1":6.207537501533298,"myvalue2":9.192720750238731,"myvalue3":6.848677714346274,"simvalue1":4.79336017374058,"simvalue2":33.7039452458313,"simvalue3":10.9773753368355,"mychoice":2,"simchoice":2,"myA1":4.729075338691473,"myA2":7.615034433547407,"myA3":5.605121371336281,"myB1":2.438610082026571,"myB2":2.6022727228701115,"myB3":2.0511509268544614,"simA1":4.60025910520926,"simA2":6.2205648701638,"simA3":3.88418034650385,"simB1":0.0659272680059075,"simB2":9.38319087261334,"simB3":2.42171092424542}