{"ppntid":0,"trialid":1,"simBweight":2.92900152504444,"myBweight":4.860905567184091,"myvalue1":35.38647226245671,"myvalue2":14.632340317638903,"myvalue3":34.84678234013303,"simvalue1":24.8420819882576,"simvalue2":16.5181396438975,"simvalue3":37.2214369068358,"mychoice":1,"simchoice":3,"myA1":6.10469423700124,"myA2":5.459783487021923,"myA3":9.52489850576967,"myB1":6.02393476292491,"myB2":1.8870057654567063,"myB3":5.209293512161821,"simA1":5.67112212534994,"simA2":2.389488783665,"simA3":8.77995934104547,"simB1":6.54522017110139,"simB2":4.82370894635096,"simB3":9.71029797103256}