{"ppntid":0,"trialid":3,"simBweight":2.92900152504444,"myBweight":3.4813263767864555,"myvalue1":25.612900038530135,"myvalue2":19.96080776738187,"myvalue3":36.495711082802586,"simvalue1":8.12483891560789,"simvalue2":28.2043243209439,"simvalue3":35.1603063288223,"mychoice":3,"simchoice":3,"myA1":6.804216641467065,"myA2":1.8958529201336205,"myA3":6.655993196181953,"myB1":5.40273486636579,"myB2":5.189101190771908,"myB3":8.571364663075656,"simA1":5.65594530198723,"simA2":1.80899103172123,"simA3":9.04499290045351,"simB1":0.842913051601499,"simB2":9.01171715464443,"simB3":8.91611465718597}