{"ppntid":0,"trialid":2,"simBweight":2.92900152504444,"myBweight":1.5330230025574565,"myvalue1":11.597134316363478,"myvalue2":12.627002726096915,"myvalue3":10.83030805707815,"simvalue1":4.79336017374058,"simvalue2":33.7039452458313,"simvalue3":10.9773753368355,"mychoice":2,"simchoice":2,"myA1":6.462936028838158,"myA2":8.562272125855088,"myA3":8.053163597360253,"myB1":3.3490680041722953,"myB2":2.6514478866010904,"myB3":1.8115478078834713,"simA1":4.60025910520926,"simA2":6.2205648701638,"simA3":3.88418034650385,"simB1":0.0659272680059075,"simB2":9.38319087261334,"simB3":2.42171092424542}