{"ppntid":0,"trialid":4,"simBweight":2.92900152504444,"myBweight":0.2754093601834029,"myvalue1":9.229999708233471,"myvalue2":8.212834408765934,"myvalue3":5.626829934407232,"simvalue1":29.0820167366599,"simvalue2":31.8749931806181,"simvalue3":27.5839703264988,"mychoice":1,"simchoice":2,"myA1":7.30072638951242,"myA2":6.248438076581806,"myA3":3.6966207111254334,"myB1":7.005111654289067,"myB2":7.1326418640092015,"myB3":7.008509885054082,"simA1":7.23374933004379,"simA2":5.64809889299795,"simA3":3.88609998160973,"simB1":7.459288504906,"simB2":8.95420984365046,"simB3":8.0907674995251}