{"ppntid":0,"trialid":3,"simBweight":2.92900152504444,"myBweight":3.91798498458229,"myvalue1":19.54214567357551,"myvalue2":3.2501316314198125,"myvalue3":23.4144474976013,"simvalue1":8.12483891560789,"simvalue2":28.2043243209439,"simvalue3":35.1603063288223,"mychoice":3,"simchoice":3,"myA1":5.31783816870302,"myA2":1.6640954604372382,"myA3":9.47912423638627,"myB1":3.6305160843767226,"myB2":0.4048091499134898,"myB3":3.5567576996982098,"simA1":5.65594530198723,"simA2":1.80899103172123,"simA3":9.04499290045351,"simB1":0.842913051601499,"simB2":9.01171715464443,"simB3":8.91611465718597}