{"ppntid":0,"trialid":18,"simBweight":2.92900152504444,"myBweight":1.9625240843743086,"myvalue1":14.53204428112096,"myvalue2":14.942824317926549,"myvalue3":25.02395829694737,"simvalue1":29.278641166275,"simvalue2":22.3575730969011,"simvalue3":16.2277070528167,"mychoice":3,"simchoice":3,"myA1":4.821830338332802,"myA2":5.655278768390417,"myA3":8.860990062821656,"myB1":4.947818994987756,"myB2":4.732449208386242,"myB3":8.235806308221072,"simA1":3.45552658895031,"simA2":1.83656022651121,"simA3":8.13114545540884,"simB1":8.81635409081355,"simB2":7.00614618835971,"simB3":2.76427360251546}