{"ppntid":0,"trialid":1,"simBweight":2.92900152504444,"myBweight":4.636103098746389,"myvalue1":29.624765439558782,"myvalue2":21.787045691115896,"myvalue3":52.632795938579505,"simvalue1":24.8420819882576,"simvalue2":16.5181396438975,"simvalue3":37.2214369068358,"mychoice":3,"simchoice":3,"myA1":8.846619599498808,"myA2":3.3178872824646533,"myA3":9.741125288419425,"myB1":4.481812720187008,"myB2":3.9837678358890116,"myB3":9.25166454166174,"simA1":5.67112212534994,"simA2":2.389488783665,"simA3":8.77995934104547,"simB1":6.54522017110139,"simB2":4.82370894635096,"simB3":9.71029797103256}