{"ppntid":0,"trialid":7,"simBweight":2.92900152504444,"myBweight":1.2571006442885846,"myvalue1":10.48657163654898,"myvalue2":17.770151851658063,"myvalue3":16.893201143835206,"simvalue1":29.155178200811,"simvalue2":15.1925325184091,"simvalue3":26.5468177351021,"mychoice":2,"simchoice":3,"myA1":5.987389350775629,"myA2":9.15964380837977,"myA3":7.006849336903542,"myB1":3.5790151776745915,"myB2":6.849497756920755,"myB3":7.864407557062805,"simA1":0.691449935548007,"simA2":5.14853976666927,"simA3":8.05417287861928,"simB1":9.71789465518668,"simB2":3.42915244866163,"simB3":6.3136344240047}