{"ppntid":0,"trialid":3,"simBweight":2.92900152504444,"myBweight":4.510082537308335,"myvalue1":7.0794469864345135,"myvalue2":27.216435598782688,"myvalue3":50.41104957149993,"simvalue1":8.12483891560789,"simvalue2":28.2043243209439,"simvalue3":35.1603063288223,"mychoice":3,"simchoice":3,"myA1":3.0798688903450966,"myA2":9.8465039068833,"myA3":9.694347502663732,"myB1":0.8868081821128726,"myB2":3.8513556122779846,"myB3":9.027928365394473,"simA1":5.65594530198723,"simA2":1.80899103172123,"simA3":9.04499290045351,"simB1":0.842913051601499,"simB2":9.01171715464443,"simB3":8.91611465718597}