{"ppntid":0,"trialid":3,"simBweight":2.92900152504444,"myBweight":3.013878744095564,"myvalue1":16.30736560113887,"myvalue2":19.689229661473796,"myvalue3":37.32378981180935,"simvalue1":8.12483891560789,"simvalue2":28.2043243209439,"simvalue3":35.1603063288223,"mychoice":3,"simchoice":3,"myA1":1.980355114210397,"myA2":2.1416112896986306,"myA3":8.890498345717788,"myB1":4.753678466659039,"myB2":5.822270854841918,"myB3":9.43411924643442,"simA1":5.65594530198723,"simA2":1.80899103172123,"simA3":9.04499290045351,"simB1":0.842913051601499,"simB2":9.01171715464443,"simB3":8.91611465718597}