{"ppntid":0,"trialid":5,"simBweight":2.92900152504444,"myBweight":2.6099414308555424,"myvalue1":30.540326415621855,"myvalue2":17.5137136143646,"myvalue3":15.416299331360184,"simvalue1":13.2756742221018,"simvalue2":30.3546781549135,"simvalue3":23.5392310011038,"mychoice":1,"simchoice":2,"myA1":7.617685969453305,"myA2":3.966690900269896,"myA3":3.9974827808327973,"myB1":8.782817949540913,"myB2":5.190546636004001,"myB3":4.3751236773096025,"simA1":8.18546326132491,"simA2":4.21199968550354,"simA3":1.76696498412639,"simB1":1.73786558909342,"simB2":8.92545744543895,"simB3":7.43334062164649}