{"ppntid":0,"trialid":6,"simBweight":2.92900152504444,"myBweight":1.376830090302974,"myvalue1":17.046989220960594,"myvalue2":2.8946631529351374,"myvalue3":16.84428967209839,"simvalue1":32.3724469339229,"simvalue2":7.31317136996306,"simvalue3":26.9463834162194,"mychoice":1,"simchoice":1,"myA1":3.8978028134442866,"myA2":0.5262003396637738,"myA3":4.0435165097005665,"myB1":9.550333407241851,"myB2":1.7202288284897804,"myB3":9.297278765588999,"simA1":5.60983883915469,"simA2":0.712338301818818,"simA3":8.53584753349423,"simB1":9.13710964843631,"simB2":2.25361202843487,"simB3":6.28560133045539}