{"ppntid":0,"trialid":7,"simBweight":2.92900152504444,"myBweight":1.8022249615751207,"myvalue1":7.4129746353458845,"myvalue2":18.501364201684694,"myvalue3":18.016236846764293,"simvalue1":29.155178200811,"simvalue2":15.1925325184091,"simvalue3":26.5468177351021,"mychoice":2,"simchoice":3,"myA1":5.987389350775629,"myA2":9.15964380837977,"myA3":7.006849336903542,"myB1":0.7910140603780746,"myB2":5.183437468949705,"myB3":6.108775399625301,"simA1":0.691449935548007,"simA2":5.14853976666927,"simA3":8.05417287861928,"simB1":9.71789465518668,"simB2":3.42915244866163,"simB3":6.3136344240047}