{"ppntid":0,"trialid":2,"simBweight":2.92900152504444,"myBweight":1.7260108049958944,"myvalue1":7.806989795824865,"myvalue2":18.72114417234891,"myvalue3":8.520401111487079,"simvalue1":4.79336017374058,"simvalue2":33.7039452458313,"simvalue3":10.9773753368355,"mychoice":2,"simchoice":2,"myA1":5.369420589413494,"myA2":8.304072134196758,"myA3":5.82754542818293,"myB1":1.4122560527175665,"myB2":6.035345785785466,"myB3":1.5601615444757044,"simA1":4.60025910520926,"simA2":6.2205648701638,"simA3":3.88418034650385,"simB1":0.0659272680059075,"simB2":9.38319087261334,"simB3":2.42171092424542}