{"ppntid":0,"trialid":8,"simBweight":2.92900152504444,"myBweight":2.687871365342289,"myvalue1":16.095453388949828,"myvalue2":10.505366512272346,"myvalue3":18.581752486456143,"simvalue1":24.3077395788662,"simvalue2":12.8486379765393,"simvalue3":21.1752809804918,"mychoice":3,"simchoice":3,"myA1":6.612138245254755,"myA2":6.86026643961668,"myA3":2.867379013914615,"myB1":3.5281878686510026,"myB2":1.356128912884742,"myB3":5.84640086395666,"simA1":4.10054257372394,"simA2":3.45694060437381,"simA3":8.24872852535918,"simB1":6.89900528639555,"simB2":3.20645014755428,"simB3":4.41329659428447}