{"ppntid":0,"trialid":2,"simBweight":2.92900152504444,"myBweight":2.5237231119535863,"myvalue1":8.264109512575699,"myvalue2":13.60730220519453,"myvalue3":9.425488335781555,"simvalue1":4.79336017374058,"simvalue2":33.7039452458313,"simvalue3":10.9773753368355,"mychoice":2,"simchoice":2,"myA1":7.226611345540732,"myA2":9.370504629332572,"myA3":4.846991449594498,"myB1":0.4110982548445463,"myB2":1.6787885944359004,"myB3":1.8141835229471326,"simA1":4.60025910520926,"simA2":6.2205648701638,"simA3":3.88418034650385,"simB1":0.0659272680059075,"simB2":9.38319087261334,"simB3":2.42171092424542}