{"ppntid":0,"trialid":2,"simBweight":2.92900152504444,"myBweight":0.09214864112436771,"myvalue1":5.300241267176409,"myvalue2":5.7457894161600365,"myvalue3":4.309482768879933,"simvalue1":4.79336017374058,"simvalue2":33.7039452458313,"simvalue3":10.9773753368355,"mychoice":2,"simchoice":2,"myA1":4.930446182843298,"myA2":5.259955532383174,"myA3":3.8032289827242494,"myB1":4.013028079643846,"myB2":5.272284841630608,"myB3":5.493882275186479,"simA1":4.60025910520926,"simA2":6.2205648701638,"simA3":3.88418034650385,"simB1":0.0659272680059075,"simB2":9.38319087261334,"simB3":2.42171092424542}