{"ppntid":0,"trialid":3,"simBweight":2.92900152504444,"myBweight":1.660317654022947,"myvalue1":9.003278357296306,"myvalue2":12.046786186784281,"myvalue3":22.476878916697878,"simvalue1":8.12483891560789,"simvalue2":28.2043243209439,"simvalue3":35.1603063288223,"mychoice":3,"simchoice":3,"myA1":1.1106620775535703,"myA2":2.3799670999869704,"myA3":6.81324418168515,"myB1":4.753678466659039,"myB2":5.822270854841918,"myB3":9.43411924643442,"simA1":5.65594530198723,"simA2":1.80899103172123,"simA3":9.04499290045351,"simB1":0.842913051601499,"simB2":9.01171715464443,"simB3":8.91611465718597}