{"ppntid":0,"trialid":7,"simBweight":2.92900152504444,"myBweight":3.7258255237247795,"myvalue1":8.116936673790585,"myvalue2":27.26119791003192,"myvalue3":35.31395172254668,"simvalue1":29.155178200811,"simvalue2":15.1925325184091,"simvalue3":26.5468177351021,"mychoice":3,"simchoice":3,"myA1":4.185631570871919,"myA2":8.744278480298817,"myA3":8.785278385039419,"myB1":1.0551500809378922,"myB2":4.969883670564741,"myB3":7.120213538873941,"simA1":0.691449935548007,"simA2":5.14853976666927,"simA3":8.05417287861928,"simB1":9.71789465518668,"simB2":3.42915244866163,"simB3":6.3136344240047}