{"ppntid":0,"trialid":5,"simBweight":2.92900152504444,"myBweight":3.1559383030980825,"myvalue1":28.952427917968876,"myvalue2":11.19238465485608,"myvalue3":5.210833354855376,"simvalue1":13.2756742221018,"simvalue2":30.3546781549135,"simvalue3":23.5392310011038,"mychoice":1,"simchoice":2,"myA1":8.686035149730742,"myA2":0.4406407126225531,"myA3":2.5071360892616212,"myB1":6.421669507399201,"myB2":3.406829573214054,"myB3":0.8567015593871474,"simA1":8.18546326132491,"simA2":4.21199968550354,"simA3":1.76696498412639,"simB1":1.73786558909342,"simB2":8.92545744543895,"simB3":7.43334062164649}