{"ppntid":0,"trialid":1,"simBweight":2.92900152504444,"myBweight":4.342401998583227,"myvalue1":31.974690191314604,"myvalue2":21.0603759893025,"myvalue3":51.09986725995022,"simvalue1":24.8420819882576,"simvalue2":16.5181396438975,"simvalue3":37.2214369068358,"mychoice":3,"simchoice":3,"myA1":9.46045684395358,"myA2":1.9168072752654552,"myA3":9.686117500532418,"myB1":5.184741844423115,"myB2":4.4085206114687026,"myB3":9.537060311995447,"simA1":5.67112212534994,"simA2":2.389488783665,"simA3":8.77995934104547,"simB1":6.54522017110139,"simB2":4.82370894635096,"simB3":9.71029797103256}