{"ppntid":0,"trialid":1,"simBweight":2.92900152504444,"myBweight":0.3637552971486002,"myvalue1":8.859951269497445,"myvalue2":3.205061544849208,"myvalue3":12.893761356885122,"simvalue1":24.8420819882576,"simvalue2":16.5181396438975,"simvalue3":37.2214369068358,"mychoice":3,"simchoice":3,"myA1":8.064165085088462,"myA2":2.3627177020534873,"myA3":9.310591814573854,"myB1":2.187696483451873,"myB2":2.3156881821341813,"myB3":9.850494468118995,"simA1":5.67112212534994,"simA2":2.389488783665,"simA3":8.77995934104547,"simB1":6.54522017110139,"simB2":4.82370894635096,"simB3":9.71029797103256}