{"ppntid":0,"trialid":2,"simBweight":2.92900152504444,"myBweight":1.019130703061819,"myvalue1":6.44454185370687,"myvalue2":10.966878569377267,"myvalue3":6.637953256520331,"simvalue1":4.79336017374058,"simvalue2":33.7039452458313,"simvalue3":10.9773753368355,"mychoice":2,"simchoice":2,"myA1":0.8994235889986157,"myA2":2.9282630188390613,"myA3":1.1211219569668174,"myB1":5.441027581691742,"myB2":7.8877179604023695,"myB3":5.4132716078311205,"simA1":4.60025910520926,"simA2":6.2205648701638,"simA3":3.88418034650385,"simB1":0.0659272680059075,"simB2":9.38319087261334,"simB3":2.42171092424542}