{"ppntid":0,"trialid":3,"simBweight":2.92900152504444,"myBweight":1.3066754466854036,"myvalue1":10.998604346025331,"myvalue2":8.43092346734945,"myvalue3":15.112460111438601,"simvalue1":8.12483891560789,"simvalue2":28.2043243209439,"simvalue3":35.1603063288223,"mychoice":3,"simchoice":3,"myA1":3.280252122785896,"myA2":7.228297768160701,"myA3":2.683068918995559,"myB1":5.906862521078438,"myB2":0.9203706262633204,"myB3":9.512225261423737,"simA1":5.65594530198723,"simA2":1.80899103172123,"simA3":9.04499290045351,"simB1":0.842913051601499,"simB2":9.01171715464443,"simB3":8.91611465718597}