{"ppntid":0,"trialid":5,"simBweight":2.92900152504444,"myBweight":2.9650459170807153,"myvalue1":32.259194504222215,"myvalue2":13.978665898565454,"myvalue3":18.797571156133536,"simvalue1":13.2756742221018,"simvalue2":30.3546781549135,"simvalue3":23.5392310011038,"mychoice":1,"simchoice":2,"myA1":7.856961858924478,"myA2":4.566219162661582,"myA3":4.276003285776824,"myB1":8.229967874940485,"myB2":3.1744691310450435,"myB3":4.897586167789996,"simA1":8.18546326132491,"simA2":4.21199968550354,"simA3":1.76696498412639,"simB1":1.73786558909342,"simB2":8.92545744543895,"simB3":7.43334062164649}