{"ppntid":0,"trialid":4,"simBweight":2.92900152504444,"myBweight":4.5156926941126585,"myvalue1":38.54520683412568,"myvalue2":41.65235096327132,"myvalue3":45.4435418945428,"simvalue1":29.0820167366599,"simvalue2":31.8749931806181,"simvalue3":27.5839703264988,"mychoice":3,"simchoice":2,"myA1":9.658066225238144,"myA2":7.31693388428539,"myA3":4.275959434453398,"myB1":6.3970563467592,"myB2":7.603576993569732,"myB3":9.116559794638306,"simA1":7.23374933004379,"simA2":5.64809889299795,"simA3":3.88609998160973,"simB1":7.459288504906,"simB2":8.95420984365046,"simB3":8.0907674995251}