{"ppntid":0,"trialid":11,"simBweight":2.92900152504444,"myBweight":0.1663962414022535,"myvalue1":2.283213106671156,"myvalue2":3.9526416631155867,"myvalue3":8.242805988362635,"simvalue1":9.9197921404594,"simvalue2":11.6245677233259,"simvalue3":7.85712064627827,"mychoice":3,"simchoice":3,"myA1":2.16065805638209,"myA2":3.672735416330397,"myA3":7.336972872726619,"myB1":0.7365253521129489,"myB2":1.6821668832562864,"myB3":5.443831591401249,"simA1":1.94303552154452,"simA2":1.2680093664676,"simA3":5.39368811063468,"simB1":2.72337059257552,"simB2":3.53586649522185,"simB3":0.841048567090183}