{"ppntid":0,"trialid":1,"simBweight":2.92900152504444,"myBweight":1.3029290759004653,"myvalue1":13.84836785816001,"myvalue2":8.830712731196478,"myvalue3":20.877090427753636,"simvalue1":24.8420819882576,"simvalue2":16.5181396438975,"simvalue3":37.2214369068358,"mychoice":3,"simchoice":3,"myA1":5.453898634295911,"myA2":4.531269071158022,"myA3":8.460731580853462,"myB1":6.44276759121567,"myB2":3.2998293917626143,"myB3":9.529573847539723,"simA1":5.67112212534994,"simA2":2.389488783665,"simA3":8.77995934104547,"simB1":6.54522017110139,"simB2":4.82370894635096,"simB3":9.71029797103256}