{"ppntid":0,"trialid":1,"simBweight":2.92900152504444,"myBweight":2.80725585995242,"myvalue1":26.32864959977598,"myvalue2":11.573277341100734,"myvalue3":33.97492420031438,"simvalue1":24.8420819882576,"simvalue2":16.5181396438975,"simvalue3":37.2214369068358,"mychoice":3,"simchoice":3,"myA1":9.552047541365027,"myA2":3.6249614972621202,"myA3":8.707789066247642,"myB1":5.976157106924802,"myB2":2.8313471376895905,"myB3":9.000652735121548,"simA1":5.67112212534994,"simA2":2.389488783665,"simA3":8.77995934104547,"simB1":6.54522017110139,"simB2":4.82370894635096,"simB3":9.71029797103256}