{"ppntid":0,"trialid":1,"simBweight":2.92900152504444,"myBweight":2.2847218555398285,"myvalue1":18.834410414238,"myvalue2":16.23783882096899,"myvalue3":29.254473231258462,"simvalue1":24.8420819882576,"simvalue2":16.5181396438975,"simvalue3":37.2214369068358,"mychoice":3,"simchoice":3,"myA1":6.222798367962241,"myA2":1.8753588036634028,"myA3":9.525340325199068,"myB1":5.519976979121566,"myB2":6.286314451135695,"myB3":8.63524496788159,"simA1":5.67112212534994,"simA2":2.389488783665,"simA3":8.77995934104547,"simB1":6.54522017110139,"simB2":4.82370894635096,"simB3":9.71029797103256}