{"ppntid":0,"trialid":3,"simBweight":2.92900152504444,"myBweight":2.4727845657616854,"myvalue1":10.254032558079487,"myvalue2":15.882699594347073,"myvalue3":28.827887075094427,"simvalue1":8.12483891560789,"simvalue2":28.2043243209439,"simvalue3":35.1603063288223,"mychoice":3,"simchoice":3,"myA1":8.970843376591802,"myA2":3.3061234978958964,"myA3":8.228306530509144,"myB1":0.5189247778616846,"myB2":5.085997490677983,"myB3":8.330519702285528,"simA1":5.65594530198723,"simA2":1.80899103172123,"simA3":9.04499290045351,"simB1":0.842913051601499,"simB2":9.01171715464443,"simB3":8.91611465718597}