{"ppntid":0,"trialid":2,"simBweight":2.92900152504444,"myBweight":4.509130814112723,"myvalue1":22.496976111996275,"myvalue2":34.57981540131051,"myvalue3":20.39713253277062,"simvalue1":4.79336017374058,"simvalue2":33.7039452458313,"simvalue3":10.9773753368355,"mychoice":2,"simchoice":2,"myA1":2.076670976821333,"myA2":5.019485705997795,"myA3":3.9812689879909158,"myB1":4.528656625188887,"myB2":6.555660262238234,"myB3":3.640582680236548,"simA1":4.60025910520926,"simA2":6.2205648701638,"simA3":3.88418034650385,"simB1":0.0659272680059075,"simB2":9.38319087261334,"simB3":2.42171092424542}