{"ppntid":0,"trialid":10,"simBweight":2.92900152504444,"myBweight":1.753641051473096,"myvalue1":24.676955587406592,"myvalue2":6.92632945163259,"myvalue3":11.845058996323605,"simvalue1":37.9813174690878,"simvalue2":6.61483609034862,"simvalue3":27.6690730806335,"mychoice":1,"simchoice":1,"myA1":8.482175406534225,"myA2":4.415730771142989,"myA3":4.359530645888299,"myB1":9.234945867210627,"myB2":1.4316491270437837,"myB3":4.268563594669104,"simA1":9.01910115499049,"simA2":0.586219872348011,"simA3":0.457009491510689,"simB1":9.88808509195223,"simB2":2.05824960023165,"simB3":9.29055972024798}