{"ppntid":0,"trialid":1,"simBweight":2.92900152504444,"myBweight":0.29687466798350215,"myvalue1":7.024096298360462,"myvalue2":4.241292037962538,"myvalue3":11.766403788737998,"simvalue1":24.8420819882576,"simvalue2":16.5181396438975,"simvalue3":37.2214369068358,"mychoice":3,"simchoice":3,"myA1":6.492687331046909,"myA2":1.275711734779179,"myA3":9.68465167330578,"myB1":1.7900111549533904,"myB2":9.989334298297763,"myB3":7.0122254942543805,"simA1":5.67112212534994,"simA2":2.389488783665,"simA3":8.77995934104547,"simB1":6.54522017110139,"simB2":4.82370894635096,"simB3":9.71029797103256}