{"ppntid":0,"trialid":5,"simBweight":2.92900152504444,"myBweight":1.2087308592163026,"myvalue1":13.515069722505206,"myvalue2":7.0331574734845645,"myvalue3":8.019945896108476,"simvalue1":13.2756742221018,"simvalue2":30.3546781549135,"simvalue3":23.5392310011038,"mychoice":1,"simchoice":2,"myA1":4.134206441231072,"myA2":0.8199989213608205,"myA3":2.6317336037755013,"myB1":7.760919819120318,"myB2":5.140233249403536,"myB3":4.457743633538485,"simA1":8.18546326132491,"simA2":4.21199968550354,"simA3":1.76696498412639,"simB1":1.73786558909342,"simB2":8.92545744543895,"simB3":7.43334062164649}