{"ppntid":0,"trialid":4,"simBweight":2.92900152504444,"myBweight":3.710493362741545,"myvalue1":39.98781987819411,"myvalue2":28.068210068342243,"myvalue3":20.566476826229156,"simvalue1":29.0820167366599,"simvalue2":31.8749931806181,"simvalue3":27.5839703264988,"mychoice":1,"simchoice":2,"myA1":2.9645695094950497,"myA2":5.879764298442751,"myA3":8.823658036999404,"myB1":9.977985876612365,"myB2":5.979917924851179,"myB3":3.164759411010891,"simA1":7.23374933004379,"simA2":5.64809889299795,"simA3":3.88609998160973,"simB1":7.459288504906,"simB2":8.95420984365046,"simB3":8.0907674995251}