{"ppntid":0,"trialid":1,"simBweight":2.92900152504444,"myBweight":4.6035484748426825,"myvalue1":34.00825958264514,"myvalue2":30.545368636513455,"myvalue3":51.210787450335516,"simvalue1":24.8420819882576,"simvalue2":16.5181396438975,"simvalue3":37.2214369068358,"mychoice":3,"simchoice":3,"myA1":3.388578847516328,"myA2":0.10519563220441341,"myA3":6.736761254724115,"myB1":6.651321453973651,"myB2":6.612328113988042,"myB3":9.660814139060676,"simA1":5.67112212534994,"simA2":2.389488783665,"simA3":8.77995934104547,"simB1":6.54522017110139,"simB2":4.82370894635096,"simB3":9.71029797103256}