{"ppntid":0,"trialid":1,"simBweight":2.92900152504444,"myBweight":3.184653336647898,"myvalue1":21.0400328589539,"myvalue2":14.751831730359497,"myvalue3":40.59533638337615,"simvalue1":24.8420819882576,"simvalue2":16.5181396438975,"simvalue3":37.2214369068358,"mychoice":3,"simchoice":3,"myA1":5.9738584025762975,"myA2":2.9991887393407524,"myA3":9.68800695380196,"myB1":4.730867967009544,"myB2":3.690399471670389,"myB3":9.705084403976798,"simA1":5.67112212534994,"simA2":2.389488783665,"simA3":8.77995934104547,"simB1":6.54522017110139,"simB2":4.82370894635096,"simB3":9.71029797103256}