{"ppntid":0,"trialid":3,"simBweight":2.92900152504444,"myBweight":0.28459917986765504,"myvalue1":6.627688389461369,"myvalue2":5.871494467141284,"myvalue3":12.324736874769561,"simvalue1":8.12483891560789,"simvalue2":28.2043243209439,"simvalue3":35.1603063288223,"mychoice":3,"simchoice":3,"myA1":6.1879920097999275,"myA2":4.36034599551931,"myA3":9.70551508013159,"myB1":1.5449671354144812,"myB2":5.309742889367044,"myB3":9.203195159789175,"simA1":5.65594530198723,"simA2":1.80899103172123,"simA3":9.04499290045351,"simB1":0.842913051601499,"simB2":9.01171715464443,"simB3":8.91611465718597}