{"ppntid":0,"trialid":5,"simBweight":2.92900152504444,"myBweight":4.583669182611629,"myvalue1":47.97804478395544,"myvalue2":30.775166308700236,"myvalue3":28.388266542481997,"simvalue1":13.2756742221018,"simvalue2":30.3546781549135,"simvalue3":23.5392310011038,"mychoice":1,"simchoice":2,"myA1":4.957342501729727,"myA2":1.5491776377893984,"myA3":2.240206627175212,"myB1":9.385647298768163,"myB2":6.37611212907359,"myB3":5.704613241832703,"simA1":8.18546326132491,"simA2":4.21199968550354,"simA3":1.76696498412639,"simB1":1.73786558909342,"simB2":8.92545744543895,"simB3":7.43334062164649}