{"ppntid":0,"trialid":6,"simBweight":2.92900152504444,"myBweight":3.1470976548735052,"myvalue1":30.519088821681915,"myvalue2":13.714728908791283,"myvalue3":36.60250565007682,"simvalue1":32.3724469339229,"simvalue2":7.31317136996306,"simvalue3":26.9463834162194,"mychoice":3,"simchoice":1,"myA1":5.919034639373422,"myA2":2.58535448461771,"myA3":8.054550329688936,"myB1":7.816743196453899,"myB2":3.536393097601831,"myB3":9.071200976613909,"simA1":5.60983883915469,"simA2":0.712338301818818,"simA3":8.53584753349423,"simB1":9.13710964843631,"simB2":2.25361202843487,"simB3":6.28560133045539}