{"ppntid":0,"trialid":1,"simBweight":2.92900152504444,"myBweight":2.2697401989717036,"myvalue1":24.305243156219518,"myvalue2":9.850336737826646,"myvalue3":25.61926752117004,"simvalue1":24.8420819882576,"simvalue2":16.5181396438975,"simvalue3":37.2214369068358,"mychoice":3,"simchoice":3,"myA1":3.554275669157505,"myA2":0.4254691209644079,"myA3":7.863567606545985,"myB1":9.14244171930477,"myB2":4.152399301528931,"myB3":7.822789552155882,"simA1":5.67112212534994,"simA2":2.389488783665,"simA3":8.77995934104547,"simB1":6.54522017110139,"simB2":4.82370894635096,"simB3":9.71029797103256}