{"ppntid":0,"trialid":1,"simBweight":2.92900152504444,"myBweight":0.9832619840744883,"myvalue1":12.285906951533317,"myvalue2":6.8512033944888024,"myvalue3":18.517417678893505,"simvalue1":24.8420819882576,"simvalue2":16.5181396438975,"simvalue3":37.2214369068358,"mychoice":3,"simchoice":3,"myA1":4.4675669725984335,"myA2":4.12771565373987,"myA3":9.468265746254474,"myB1":7.951431160327047,"myB2":2.769849526230246,"myB3":9.203195159789175,"simA1":5.67112212534994,"simA2":2.389488783665,"simA3":8.77995934104547,"simB1":6.54522017110139,"simB2":4.82370894635096,"simB3":9.71029797103256}