{"ppntid":0,"trialid":3,"simBweight":2.92900152504444,"myBweight":4.525026170304045,"myvalue1":45.7318961648261,"myvalue2":5.769243074034501,"myvalue3":29.488180548488888,"simvalue1":8.12483891560789,"simvalue2":28.2043243209439,"simvalue3":35.1603063288223,"mychoice":1,"simchoice":3,"myA1":2.9868512670509517,"myA2":1.876346291974187,"myA3":8.209628174081445,"myB1":9.44636412896216,"myB2":0.8603037055581808,"myB3":4.702415317296982,"simA1":5.65594530198723,"simA2":1.80899103172123,"simA3":9.04499290045351,"simB1":0.842913051601499,"simB2":9.01171715464443,"simB3":8.91611465718597}