{"ppntid":0,"trialid":2,"simBweight":2.92900152504444,"myBweight":2.638805047608912,"myvalue1":11.968680818576136,"myvalue2":22.4039597967627,"myvalue3":17.463107368676695,"simvalue1":4.79336017374058,"simvalue2":33.7039452458313,"simvalue3":10.9773753368355,"mychoice":2,"simchoice":2,"myA1":1.837386095430702,"myA2":4.812386417761445,"myA3":2.780735071282834,"myB1":3.839349455665797,"myB2":6.6664922423660755,"myB3":5.564023121260107,"simA1":4.60025910520926,"simA2":6.2205648701638,"simA3":3.88418034650385,"simB1":0.0659272680059075,"simB2":9.38319087261334,"simB3":2.42171092424542}