{"ppntid":0,"trialid":3,"simBweight":2.92900152504444,"myBweight":1.8016023887321353,"myvalue1":10.474963341124912,"myvalue2":18.33108558597309,"myvalue3":20.18231592586767,"simvalue1":8.12483891560789,"simvalue2":28.2043243209439,"simvalue3":35.1603063288223,"mychoice":3,"simchoice":3,"myA1":4.364286120980978,"myA2":5.384211929049343,"myA3":8.602830609306693,"myB1":3.391801242250949,"myB2":7.186310219112784,"myB3":6.427325690165162,"simA1":5.65594530198723,"simA2":1.80899103172123,"simA3":9.04499290045351,"simB1":0.842913051601499,"simB2":9.01171715464443,"simB3":8.91611465718597}