{"ppntid":0,"trialid":1,"simBweight":2.92900152504444,"myBweight":2.878360034665093,"myvalue1":22.96096956637427,"myvalue2":13.920721515169006,"myvalue3":35.1103142784621,"simvalue1":24.8420819882576,"simvalue2":16.5181396438975,"simvalue3":37.2214369068358,"mychoice":3,"simchoice":3,"myA1":1.5449671354144812,"myA2":5.309742889367044,"myA3":9.203195159789175,"myB1":7.440348730888218,"myB2":2.991626663133502,"myB3":9.000652735121548,"simA1":5.67112212534994,"simA2":2.389488783665,"simA3":8.77995934104547,"simB1":6.54522017110139,"simB2":4.82370894635096,"simB3":9.71029797103256}