{"ppntid":0,"trialid":3,"simBweight":2.92900152504444,"myBweight":1.5560558682773262,"myvalue1":7.963595049115329,"myvalue2":12.574044243642266,"myvalue3":22.105301024963964,"simvalue1":8.12483891560789,"simvalue2":28.2043243209439,"simvalue3":35.1603063288223,"mychoice":3,"simchoice":3,"myA1":1.4879263704642653,"myA2":4.847823788877577,"myA3":8.589378867764026,"myB1":4.16159137384966,"myB2":4.9652590323239565,"myB3":8.686013421975076,"simA1":5.65594530198723,"simA2":1.80899103172123,"simA3":9.04499290045351,"simB1":0.842913051601499,"simB2":9.01171715464443,"simB3":8.91611465718597}