{"ppntid":0,"trialid":2,"simBweight":2.92900152504444,"myBweight":1.9991171231959015,"myvalue1":11.214748807447116,"myvalue2":18.813990921825013,"myvalue3":11.845717428133076,"simvalue1":4.79336017374058,"simvalue2":33.7039452458313,"simvalue3":10.9773753368355,"mychoice":2,"simchoice":2,"myA1":5.441027581691742,"myA2":7.8877179604023695,"myA3":5.4132716078311205,"myB1":2.8881355468183756,"myB2":5.465549184009433,"myB3":3.2176433014683425,"simA1":4.60025910520926,"simA2":6.2205648701638,"simA3":3.88418034650385,"simB1":0.0659272680059075,"simB2":9.38319087261334,"simB3":2.42171092424542}