{"ppntid":0,"trialid":13,"simBweight":2.92900152504444,"myBweight":0.19024132983759046,"myvalue1":4.004317718422948,"myvalue2":7.168356418653648,"myvalue3":5.268116914729978,"simvalue1":19.4881299579769,"simvalue2":24.9032378382858,"simvalue3":10.8954607930942,"mychoice":2,"simchoice":2,"myA1":2.741988366469741,"myA2":5.522710280492902,"myA3":3.6009014560841024,"myB1":6.635410680901259,"myB2":8.650308214128017,"myB3":8.76368694473058,"simA1":2.6640361500904,"simA2":5.32445900142193,"simA3":4.68264800496399,"simB1":5.74396894779056,"simB2":6.68445498216897,"simB3":2.12113675428554}