{"ppntid":0,"trialid":10,"simBweight":2.92900152504444,"myBweight":2.3159125924576074,"myvalue1":29.796537585792812,"myvalue2":6.147482052129641,"myvalue3":14.467390815792323,"simvalue1":37.9813174690878,"simvalue2":6.61483609034862,"simvalue3":27.6690730806335,"mychoice":1,"simchoice":1,"myA1":7.974142215680331,"myA2":2.584220243152231,"myA3":5.027635442093015,"myB1":9.42280612885952,"myB2":1.5385994361713529,"myB3":4.076041299849749,"simA1":9.01910115499049,"simA2":0.586219872348011,"simA3":0.457009491510689,"simB1":9.88808509195223,"simB2":2.05824960023165,"simB3":9.29055972024798}