{"ppntid":0,"trialid":1,"simBweight":2.92900152504444,"myBweight":1.5279366914182901,"myvalue1":17.306074324660713,"myvalue2":4.507290161560651,"myvalue3":19.85029365635392,"simvalue1":24.8420819882576,"simvalue2":16.5181396438975,"simvalue3":37.2214369068358,"mychoice":3,"simchoice":3,"myA1":5.843949439004064,"myA2":0.39463368942961097,"myA3":9.747660523280501,"myB1":7.501701444853097,"myB2":2.691640625707805,"myB3":6.61194484680891,"simA1":5.67112212534994,"simA2":2.389488783665,"simA3":8.77995934104547,"simB1":6.54522017110139,"simB2":4.82370894635096,"simB3":9.71029797103256}