{"ppntid":0,"trialid":4,"simBweight":2.92900152504444,"myBweight":4.325984346214682,"myvalue1":45.777836621113494,"myvalue2":34.68086729955844,"myvalue3":33.921113088444535,"simvalue1":29.0820167366599,"simvalue2":31.8749931806181,"simvalue3":27.5839703264988,"mychoice":1,"simchoice":2,"myA1":6.212138128466904,"myA2":8.08757398976013,"myA3":8.8115668669343,"myB1":9.146056787576526,"myB2":6.147339236922562,"myB3":5.8043543878011405,"simA1":7.23374933004379,"simA2":5.64809889299795,"simA3":3.88609998160973,"simB1":7.459288504906,"simB2":8.95420984365046,"simB3":8.0907674995251}