{"ppntid":0,"trialid":1,"simBweight":2.92900152504444,"myBweight":3.3396170078776777,"myvalue1":20.874940488934545,"myvalue2":6.303175850164581,"myvalue3":40.575066070202524,"simvalue1":24.8420819882576,"simvalue2":16.5181396438975,"simvalue3":37.2214369068358,"mychoice":3,"simchoice":3,"myA1":4.8282770602963865,"myA2":2.8990371339023113,"myA3":8.428207761608064,"myB1":4.804941222537309,"myB2":1.01932009216398,"myB3":9.62591166375205,"simA1":5.67112212534994,"simA2":2.389488783665,"simA3":8.77995934104547,"simB1":6.54522017110139,"simB2":4.82370894635096,"simB3":9.71029797103256}