{"ppntid":0,"trialid":3,"simBweight":2.92900152504444,"myBweight":4.724252236774191,"myvalue1":24.567687177871246,"myvalue2":25.739214067247772,"myvalue3":53.775826111820315,"simvalue1":8.12483891560789,"simvalue2":28.2043243209439,"simvalue3":35.1603063288223,"mychoice":3,"simchoice":3,"myA1":3.52212413912639,"myA2":0.30283881817013025,"myA3":7.79853894142434,"myB1":4.454792416654527,"myB2":5.384211929049343,"myB3":9.732182971201837,"simA1":5.65594530198723,"simA2":1.80899103172123,"simA3":9.04499290045351,"simB1":0.842913051601499,"simB2":9.01171715464443,"simB3":8.91611465718597}