{"ppntid":0,"trialid":3,"simBweight":2.92900152504444,"myBweight":0.9914370311889797,"myvalue1":8.352936868380302,"myvalue2":8.353122954159282,"myvalue3":17.675888733270188,"simvalue1":8.12483891560789,"simvalue2":28.2043243209439,"simvalue3":35.1603063288223,"mychoice":3,"simchoice":3,"myA1":7.838455627206713,"myA2":3.3106767013669014,"myA3":9.41670301137492,"myB1":0.5189247778616846,"myB2":5.085997490677983,"myB3":8.330519702285528,"simA1":5.65594530198723,"simA2":1.80899103172123,"simA3":9.04499290045351,"simB1":0.842913051601499,"simB2":9.01171715464443,"simB3":8.91611465718597}