{"ppntid":0,"trialid":3,"simBweight":2.92900152504444,"myBweight":3.732719864929095,"myvalue1":7.1737884636199025,"myvalue2":15.732740281485563,"myvalue3":40.73834440780445,"simvalue1":8.12483891560789,"simvalue2":28.2043243209439,"simvalue3":35.1603063288223,"mychoice":3,"simchoice":3,"myA1":2.1416846197098494,"myA2":6.012331999372691,"myA3":9.027928365394473,"myB1":1.3481064816005528,"myB2":2.6041087019257247,"myB3":8.495257396716624,"simA1":5.65594530198723,"simA2":1.80899103172123,"simA3":9.04499290045351,"simB1":0.842913051601499,"simB2":9.01171715464443,"simB3":8.91611465718597}