{"ppntid":0,"trialid":7,"simBweight":2.92900152504444,"myBweight":1.2025129201356322,"myvalue1":1.6031767773597367,"myvalue2":11.33787677149363,"myvalue3":14.972564656783124,"simvalue1":29.155178200811,"simvalue2":15.1925325184091,"simvalue3":26.5468177351021,"mychoice":3,"simchoice":3,"myA1":1.3005981920287013,"myA2":5.887469137087464,"myA3":7.038605096749961,"myB1":0.2516218996606767,"myB2":4.532514822203666,"myB3":6.597816478461027,"simA1":0.691449935548007,"simA2":5.14853976666927,"simA3":8.05417287861928,"simB1":9.71789465518668,"simB2":3.42915244866163,"simB3":6.3136344240047}