{"ppntid":0,"trialid":6,"simBweight":2.92900152504444,"myBweight":4.103711568750441,"myvalue1":38.73979708430626,"myvalue2":23.19203328707474,"myvalue3":42.45225742998582,"simvalue1":32.3724469339229,"simvalue2":7.31317136996306,"simvalue3":26.9463834162194,"mychoice":3,"simchoice":1,"myA1":4.715011813677847,"myA2":1.1301697511225939,"myA3":4.507130940910429,"myB1":8.291222397238016,"myB2":5.37607557605952,"myB3":9.246538372244686,"simA1":5.60983883915469,"simA2":0.712338301818818,"simA3":8.53584753349423,"simB1":9.13710964843631,"simB2":2.25361202843487,"simB3":6.28560133045539}