{"ppntid":0,"trialid":5,"simBweight":2.92900152504444,"myBweight":0.41371654719114304,"myvalue1":11.37997151660104,"myvalue2":6.465607345427505,"myvalue3":4.227434785304502,"simvalue1":13.2756742221018,"simvalue2":30.3546781549135,"simvalue3":23.5392310011038,"mychoice":1,"simchoice":2,"myA1":9.009344433434308,"myA2":5.383715333882719,"myA3":4.040923188440502,"myB1":5.730075577739626,"myB2":2.615056175272912,"myB3":0.45081976568326354,"simA1":8.18546326132491,"simA2":4.21199968550354,"simA3":1.76696498412639,"simB1":1.73786558909342,"simB2":8.92545744543895,"simB3":7.43334062164649}