{"ppntid":0,"trialid":1,"simBweight":2.92900152504444,"myBweight":2.7653554384596646,"myvalue1":21.163007310472153,"myvalue2":15.539591818745267,"myvalue3":33.425731770773794,"simvalue1":24.8420819882576,"simvalue2":16.5181396438975,"simvalue3":37.2214369068358,"mychoice":3,"simchoice":3,"myA1":6.539848006796092,"myA2":1.5928571461699903,"myA3":9.74035111721605,"myB1":5.287985443137586,"myB2":5.043378684204072,"myB3":8.565040256362408,"simA1":5.67112212534994,"simA2":2.389488783665,"simA3":8.77995934104547,"simB1":6.54522017110139,"simB2":4.82370894635096,"simB3":9.71029797103256}