{"ppntid":0,"trialid":5,"simBweight":2.92900152504444,"myBweight":1.997956110863015,"myvalue1":25.834045152883125,"myvalue2":13.3012660931642,"myvalue3":11.507041444216217,"simvalue1":13.2756742221018,"simvalue2":30.3546781549135,"simvalue3":23.5392310011038,"mychoice":1,"simchoice":2,"myA1":9.046667735092342,"myA2":5.268071936443448,"myA3":4.27629264537245,"myB1":8.402275368571281,"myB2":4.020706017035991,"myB3":3.619072891306132,"simA1":8.18546326132491,"simA2":4.21199968550354,"simA3":1.76696498412639,"simB1":1.73786558909342,"simB2":8.92545744543895,"simB3":7.43334062164649}