{"ppntid":0,"trialid":1,"simBweight":2.92900152504444,"myBweight":3.657566896872595,"myvalue1":34.62122167530887,"myvalue2":8.099233225799711,"myvalue3":44.401241781032866,"simvalue1":24.8420819882576,"simvalue2":16.5181396438975,"simvalue3":37.2214369068358,"mychoice":3,"simchoice":3,"myA1":6.393163150642067,"myA2":3.1294699758291245,"myA3":9.604888132307678,"myB1":7.717714896425605,"myB2":1.358762092422694,"myB3":9.513524873182178,"simA1":5.67112212534994,"simA2":2.389488783665,"simA3":8.77995934104547,"simB1":6.54522017110139,"simB2":4.82370894635096,"simB3":9.71029797103256}