{"ppntid":0,"trialid":7,"simBweight":2.92900152504444,"myBweight":0.001999682281166315,"myvalue1":0.33083610216837445,"myvalue2":5.728133160473514,"myvalue3":7.751525514253476,"simvalue1":29.155178200811,"simvalue2":15.1925325184091,"simvalue3":26.5468177351021,"mychoice":3,"simchoice":3,"myA1":0.3286711825057864,"myA2":5.710377863142639,"myA3":7.740111444145441,"myB1":1.0826318175531924,"myB2":8.879059187602252,"myB3":5.70794181432575,"simA1":0.691449935548007,"simA2":5.14853976666927,"simA3":8.05417287861928,"simB1":9.71789465518668,"simB2":3.42915244866163,"simB3":6.3136344240047}