{"ppntid":0,"trialid":8,"simBweight":2.92900152504444,"myBweight":2.4147165345493704,"myvalue1":15.26172272818086,"myvalue2":8.805412800206593,"myvalue3":30.926177519176942,"simvalue1":24.3077395788662,"simvalue2":12.8486379765393,"simvalue3":21.1752809804918,"mychoice":3,"simchoice":3,"myA1":3.837878149934113,"myA2":2.345975886564702,"myA3":7.233594197314233,"myB1":4.730925727635622,"myB2":2.6750290649943054,"myB3":9.811745181214064,"simA1":4.10054257372394,"simA2":3.45694060437381,"simA3":8.24872852535918,"simB1":6.89900528639555,"simB2":3.20645014755428,"simB3":4.41329659428447}