{"ppntid":0,"trialid":4,"simBweight":2.92900152504444,"myBweight":2.1931974752806127,"myvalue1":20.70401961893368,"myvalue2":17.60032580240999,"myvalue3":16.149310985631445,"simvalue1":29.0820167366599,"simvalue2":31.8749931806181,"simvalue3":27.5839703264988,"mychoice":1,"simchoice":2,"myA1":5.360712374094874,"myA2":8.275730493478477,"myA3":8.46059841569513,"myB1":6.995862168259919,"myB2":4.251598597038537,"myB3":3.5057092015631497,"simA1":7.23374933004379,"simA2":5.64809889299795,"simA3":3.88609998160973,"simB1":7.459288504906,"simB2":8.95420984365046,"simB3":8.0907674995251}