{"ppntid":0,"trialid":3,"simBweight":2.92900152504444,"myBweight":4.774828485678881,"myvalue1":15.009929452239207,"myvalue2":42.26198302800265,"myvalue3":52.23124387243652,"simvalue1":8.12483891560789,"simvalue2":28.2043243209439,"simvalue3":35.1603063288223,"mychoice":3,"simchoice":3,"myA1":1.3469232292845845,"myA2":4.847823788877577,"myA3":8.589378867764026,"myB1":2.861465341411531,"myB2":7.835707471240312,"myB3":9.139985893853009,"simA1":5.65594530198723,"simA2":1.80899103172123,"simA3":9.04499290045351,"simB1":0.842913051601499,"simB2":9.01171715464443,"simB3":8.91611465718597}