{"ppntid":0,"trialid":6,"simBweight":2.92900152504444,"myBweight":2.620918380562216,"myvalue1":29.854780054044312,"myvalue2":8.94399033076406,"myvalue3":23.654939026424053,"simvalue1":32.3724469339229,"simvalue2":7.31317136996306,"simvalue3":26.9463834162194,"mychoice":1,"simchoice":1,"myA1":7.174037261866033,"myA2":3.76828798558563,"myA3":9.779107733629644,"myB1":8.653738689608872,"myB2":1.9747667014598846,"myB3":5.2942630322650075,"simA1":5.60983883915469,"simA2":0.712338301818818,"simA3":8.53584753349423,"simB1":9.13710964843631,"simB2":2.25361202843487,"simB3":6.28560133045539}