{"ppntid":0,"trialid":19,"simBweight":2.92900152504444,"myBweight":2.4389770987909287,"myvalue1":19.700743998750898,"myvalue2":6.698342366368496,"myvalue3":25.72709349729503,"simvalue1":23.9648656770971,"simvalue2":9.31357607840151,"simvalue3":33.3839512700173,"mychoice":3,"simchoice":3,"myA1":3.8258531596511602,"myA2":0.6035829405300319,"myA3":4.190183109603822,"myB1":6.508831446990371,"myB2":2.4988998170010746,"myB3":8.830304474104196,"simA1":4.32004463626072,"simA2":0.128159222658724,"simA3":5.63038276741281,"simB1":6.70700266724452,"simB2":3.13602324109524,"simB3":9.47543668560684}