{"ppntid":0,"trialid":1,"simBweight":2.92900152504444,"myBweight":1.0749523795675486,"myvalue1":11.549697851694596,"myvalue2":6.745574139613826,"myvalue3":19.483598215077123,"simvalue1":24.8420819882576,"simvalue2":16.5181396438975,"simvalue3":37.2214369068358,"mychoice":3,"simchoice":3,"myA1":5.185603471472859,"myA2":4.241153686307371,"myA3":9.420202386099845,"myB1":5.920350055675954,"myB2":2.3297966504469514,"myB3":9.361713151447475,"simA1":5.67112212534994,"simA2":2.389488783665,"simA3":8.77995934104547,"simB1":6.54522017110139,"simB2":4.82370894635096,"simB3":9.71029797103256}