{"ppntid":0,"trialid":13,"simBweight":2.92900152504444,"myBweight":3.2755064929369837,"myvalue1":26.155331010495278,"myvalue2":31.600913632326215,"myvalue3":22.032604411290677,"simvalue1":19.4881299579769,"simvalue2":24.9032378382858,"simvalue3":10.8954607930942,"mychoice":2,"simchoice":2,"myA1":1.6703009023331106,"myA2":0.8459605253301561,"myA3":0.9168106992729008,"myB1":7.47518900083378,"myB2":9.389373268932104,"myB3":6.4465736085549,"simA1":2.6640361500904,"simA2":5.32445900142193,"simA3":4.68264800496399,"simB1":5.74396894779056,"simB2":6.68445498216897,"simB3":2.12113675428554}