{"ppntid":0,"trialid":4,"simBweight":2.92900152504444,"myBweight":4.649590821936727,"myvalue1":49.14530127420411,"myvalue2":44.290917839887825,"myvalue3":25.508194194567636,"simvalue1":29.0820167366599,"simvalue2":31.8749931806181,"simvalue3":27.5839703264988,"mychoice":1,"simchoice":2,"myA1":6.9837072980590165,"myA2":7.610359953250736,"myA3":8.395967655815184,"myB1":9.06780738150701,"myB2":7.8889862122014165,"myB3":3.6803725734353065,"simA1":7.23374933004379,"simA2":5.64809889299795,"simA3":3.88609998160973,"simB1":7.459288504906,"simB2":8.95420984365046,"simB3":8.0907674995251}