{"ppntid":0,"trialid":4,"simBweight":2.92900152504444,"myBweight":0.2708297094795853,"myvalue1":11.089565281630081,"myvalue2":3.524556249227129,"myvalue3":3.4177792234587203,"simvalue1":29.0820167366599,"simvalue2":31.8749931806181,"simvalue3":27.5839703264988,"mychoice":1,"simchoice":2,"myA1":9.160129083320498,"myA2":1.7529478529468179,"myA3":2.3885973868891597,"myB1":7.1241674409247935,"myB2":6.54141083592549,"myB3":3.8001068588346243,"simA1":7.23374933004379,"simA2":5.64809889299795,"simA3":3.88609998160973,"simB1":7.459288504906,"simB2":8.95420984365046,"simB3":8.0907674995251}