{"ppntid":0,"trialid":6,"simBweight":2.92900152504444,"myBweight":4.103711568750441,"myvalue1":43.9298093381362,"myvalue2":13.553332577426856,"myvalue3":41.49402820815492,"simvalue1":32.3724469339229,"simvalue2":7.31317136996306,"simvalue3":26.9463834162194,"mychoice":1,"simchoice":1,"myA1":4.715011813677847,"myA2":1.1301697511225939,"myA3":4.507130940910429,"myB1":9.555934150703251,"myB2":3.0272992188110948,"myB3":9.013035309035331,"simA1":5.60983883915469,"simA2":0.712338301818818,"simA3":8.53584753349423,"simB1":9.13710964843631,"simB2":2.25361202843487,"simB3":6.28560133045539}