{"ppntid":0,"trialid":1,"simBweight":2.92900152504444,"myBweight":4.330220519332215,"myvalue1":32.05737126275292,"myvalue2":21.23481528251422,"myvalue3":51.488460087843265,"simvalue1":24.8420819882576,"simvalue2":16.5181396438975,"simvalue3":37.2214369068358,"mychoice":3,"simchoice":3,"myA1":8.064165085088462,"myA2":2.3627177020534873,"myA3":9.310591814573854,"myB1":5.54087397409603,"myB2":4.358230140060186,"myB3":9.74035111721605,"simA1":5.67112212534994,"simA2":2.389488783665,"simA3":8.77995934104547,"simB1":6.54522017110139,"simB2":4.82370894635096,"simB3":9.71029797103256}