{"ppntid":0,"trialid":11,"simBweight":2.92900152504444,"myBweight":1.636821870924905,"myvalue1":4.759552220283445,"myvalue2":9.268160701567254,"myvalue3":9.866654551687585,"simvalue1":9.9197921404594,"simvalue2":11.6245677233259,"simvalue3":7.85712064627827,"mychoice":3,"simchoice":3,"myA1":2.9979178425855935,"myA2":5.3463814640417695,"myA3":0.8460803935304284,"myB1":1.0762529564090073,"myB2":2.395971918012947,"myB3":5.511029830668122,"simA1":1.94303552154452,"simA2":1.2680093664676,"simA3":5.39368811063468,"simB1":2.72337059257552,"simB2":3.53586649522185,"simB3":0.841048567090183}