{"ppntid":0,"trialid":5,"simBweight":2.92900152504444,"myBweight":1.7002463212702423,"myvalue1":26.34119707468833,"myvalue2":5.864731261510808,"myvalue3":5.842340618434697,"simvalue1":13.2756742221018,"simvalue2":30.3546781549135,"simvalue3":23.5392310011038,"mychoice":1,"simchoice":2,"myA1":9.442222721409053,"myA2":5.726195320021361,"myA3":5.503389167133719,"myB1":9.939133019652218,"myB2":0.08147992426529527,"myB3":0.1993543212302029,"simA1":8.18546326132491,"simA2":4.21199968550354,"simA3":1.76696498412639,"simB1":1.73786558909342,"simB2":8.92545744543895,"simB3":7.43334062164649}