{"ppntid":0,"trialid":3,"simBweight":2.92900152504444,"myBweight":1.171650328906253,"myvalue1":9.901069098564086,"myvalue2":6.81850814120899,"myvalue3":18.14745829638204,"simvalue1":8.12483891560789,"simvalue2":28.2043243209439,"simvalue3":35.1603063288223,"mychoice":3,"simchoice":3,"myA1":1.2250611116178334,"myA2":2.1107392269186676,"myA3":6.651164833456278,"myB1":7.404946486931294,"myB2":4.018066481221467,"myB3":9.8120515816845,"simA1":5.65594530198723,"simA2":1.80899103172123,"simA3":9.04499290045351,"simB1":0.842913051601499,"simB2":9.01171715464443,"simB3":8.91611465718597}