{"ppntid":0,"trialid":7,"simBweight":2.92900152504444,"myBweight":2.2742019407451153,"myvalue1":11.55805573439466,"myvalue2":21.98449832179722,"myvalue3":24.315418182577506,"simvalue1":29.155178200811,"simvalue2":15.1925325184091,"simvalue3":26.5468177351021,"mychoice":3,"simchoice":3,"myA1":2.356769726611674,"myA2":5.482670629862696,"myA3":5.766171102877706,"myB1":4.0459406189620495,"myB2":7.256096038036048,"myB3":8.15637641819194,"simA1":0.691449935548007,"simA2":5.14853976666927,"simA3":8.05417287861928,"simB1":9.71789465518668,"simB2":3.42915244866163,"simB3":6.3136344240047}