{"ppntid":0,"trialid":5,"simBweight":2.92900152504444,"myBweight":1.6390070877969265,"myvalue1":18.5416536217273,"myvalue2":9.821362612226922,"myvalue3":9.492362905946685,"simvalue1":13.2756742221018,"simvalue2":30.3546781549135,"simvalue3":23.5392310011038,"mychoice":1,"simchoice":2,"myA1":8.225979530252516,"myA2":4.9022004450671375,"myA3":2.0723380986601114,"myB1":6.293855693656951,"myB2":3.001306219957769,"myB3":4.527146259788424,"simA1":8.18546326132491,"simA2":4.21199968550354,"simA3":1.76696498412639,"simB1":1.73786558909342,"simB2":8.92545744543895,"simB3":7.43334062164649}