{"ppntid":0,"trialid":3,"simBweight":2.92900152504444,"myBweight":3.4276244963984936,"myvalue1":29.80632980959861,"myvalue2":5.5331184965171785,"myvalue3":22.449292993852485,"simvalue1":8.12483891560789,"simvalue2":28.2043243209439,"simvalue3":35.1603063288223,"mychoice":1,"simchoice":3,"myA1":0.4996935185045004,"myA2":4.988440508022904,"myA3":8.063821026589721,"myB1":8.55013036634773,"myB2":0.1589083019644022,"myB3":4.196921798866242,"simA1":5.65594530198723,"simA2":1.80899103172123,"simA3":9.04499290045351,"simB1":0.842913051601499,"simB2":9.01171715464443,"simB3":8.91611465718597}