{"ppntid":0,"trialid":2,"simBweight":2.92900152504444,"myBweight":2.420555680291727,"myvalue1":19.562642001368815,"myvalue2":33.107612714588626,"myvalue3":30.650370430451485,"simvalue1":4.79336017374058,"simvalue2":33.7039452458313,"simvalue3":10.9773753368355,"mychoice":2,"simchoice":2,"myA1":8.32302764756605,"myA2":9.275167933665216,"myA3":6.6459620906971395,"myB1":4.6434025233611465,"myB2":9.845856872852892,"myB3":9.916899881791323,"simA1":4.60025910520926,"simA2":6.2205648701638,"simA3":3.88418034650385,"simB1":0.0659272680059075,"simB2":9.38319087261334,"simB3":2.42171092424542}