{"ppntid":0,"trialid":2,"simBweight":2.92900152504444,"myBweight":2.5307543913368136,"myvalue1":9.054932674790688,"myvalue2":18.970315260688203,"myvalue3":13.892521610806691,"simvalue1":4.79336017374058,"simvalue2":33.7039452458313,"simvalue3":10.9773753368355,"mychoice":2,"simchoice":2,"myA1":3.799388480838388,"myA2":6.267229767981917,"myA3":3.8169076363556087,"myB1":2.076670976821333,"myB2":5.019485705997795,"myB3":3.9812689879909158,"simA1":4.60025910520926,"simA2":6.2205648701638,"simA3":3.88418034650385,"simB1":0.0659272680059075,"simB2":9.38319087261334,"simB3":2.42171092424542}