{"ppntid":0,"trialid":3,"simBweight":2.92900152504444,"myBweight":1.5893728588707745,"myvalue1":9.682653046419581,"myvalue2":13.043626539480503,"myvalue3":22.669714895903468,"simvalue1":8.12483891560789,"simvalue2":28.2043243209439,"simvalue3":35.1603063288223,"mychoice":3,"simchoice":3,"myA1":2.9746139445342124,"myA2":5.973236486315727,"myA3":9.443649991881102,"myB1":4.220557224471122,"myB2":4.448540827725083,"myB3":8.321562074124813,"simA1":5.65594530198723,"simA2":1.80899103172123,"simA3":9.04499290045351,"simB1":0.842913051601499,"simB2":9.01171715464443,"simB3":8.91611465718597}