{"ppntid":0,"trialid":4,"simBweight":2.92900152504444,"myBweight":2.9149345378391445,"myvalue1":33.07675024848323,"myvalue2":32.5059237154139,"myvalue3":24.16514285107726,"simvalue1":29.0820167366599,"simvalue2":31.8749931806181,"simvalue3":27.5839703264988,"mychoice":1,"simchoice":2,"myA1":6.0415697121061385,"myA2":6.680537685751915,"myA3":6.620506274048239,"myB1":9.274712754413486,"myB2":8.85967958951369,"myB3":6.0188784170895815,"simA1":7.23374933004379,"simA2":5.64809889299795,"simA3":3.88609998160973,"simB1":7.459288504906,"simB2":8.95420984365046,"simB3":8.0907674995251}