{"ppntid":0,"trialid":3,"simBweight":2.92900152504444,"myBweight":0.5551013117656112,"myvalue1":4.519200685008426,"myvalue2":9.748480071825131,"myvalue3":14.598900161630006,"simvalue1":8.12483891560789,"simvalue2":28.2043243209439,"simvalue3":35.1603063288223,"mychoice":3,"simchoice":3,"myA1":1.5116714336909354,"myA2":9.662111848592758,"myA3":9.831610049586743,"myB1":5.4179826052859426,"myB2":0.15559001825749874,"myB3":8.588144201785326,"simA1":5.65594530198723,"simA2":1.80899103172123,"simA3":9.04499290045351,"simB1":0.842913051601499,"simB2":9.01171715464443,"simB3":8.91611465718597}