{"ppntid":0,"trialid":1,"simBweight":2.92900152504444,"myBweight":3.207953996025026,"myvalue1":28.461599833026973,"myvalue2":18.213035156493106,"myvalue3":40.81038099199452,"simvalue1":24.8420819882576,"simvalue2":16.5181396438975,"simvalue3":37.2214369068358,"mychoice":3,"simchoice":3,"myA1":8.499148942064494,"myA2":5.218819708097726,"myA3":9.552177446894348,"myB1":6.222798367962241,"myB2":4.050624000374228,"myB3":9.743968767579645,"simA1":5.67112212534994,"simA2":2.389488783665,"simA3":8.77995934104547,"simB1":6.54522017110139,"simB2":4.82370894635096,"simB3":9.71029797103256}