{"ppntid":0,"trialid":2,"simBweight":2.92900152504444,"myBweight":1.6860296484082937,"myvalue1":9.77166634528745,"myvalue2":13.719479769802863,"myvalue3":10.54176861237421,"simvalue1":4.79336017374058,"simvalue2":33.7039452458313,"simvalue3":10.9773753368355,"mychoice":2,"simchoice":2,"myA1":7.607557801529765,"myA2":8.436824418604374,"myA3":9.213422480970621,"myB1":1.2835530773736537,"myB2":3.133192441891879,"myB3":0.7878545508719981,"simA1":4.60025910520926,"simA2":6.2205648701638,"simA3":3.88418034650385,"simB1":0.0659272680059075,"simB2":9.38319087261334,"simB3":2.42171092424542}