{"ppntid":0,"trialid":1,"simBweight":2.92900152504444,"myBweight":4.494564279448241,"myvalue1":18.160065618227854,"myvalue2":2.91330852755959,"myvalue3":47.72047872638381,"simvalue1":24.8420819882576,"simvalue2":16.5181396438975,"simvalue3":37.2214369068358,"mychoice":3,"simchoice":3,"myA1":1.1135019385255873,"myA2":1.0701489122584462,"myA3":6.208662902936339,"myB1":3.7927066162228584,"myB2":0.4100863845087588,"myB3":9.236004480626434,"simA1":5.67112212534994,"simA2":2.389488783665,"simA3":8.77995934104547,"simB1":6.54522017110139,"simB2":4.82370894635096,"simB3":9.71029797103256}