{"ppntid":0,"trialid":3,"simBweight":2.92900152504444,"myBweight":0.09363900520838797,"myvalue1":4.070987287042136,"myvalue2":0.9804523553852367,"myvalue3":10.611258919478471,"simvalue1":8.12483891560789,"simvalue2":28.2043243209439,"simvalue3":35.1603063288223,"mychoice":3,"simchoice":3,"myA1":3.6788857681676745,"myA2":0.6011043605394661,"myA3":9.675475470721722,"myB1":4.187373819295317,"myB2":4.05117497779429,"myB3":9.993521894793957,"simA1":5.65594530198723,"simA2":1.80899103172123,"simA3":9.04499290045351,"simB1":0.842913051601499,"simB2":9.01171715464443,"simB3":8.91611465718597}