{"ppntid":0,"trialid":1,"simBweight":2.92900152504444,"myBweight":2.8942690743133426,"myvalue1":21.030958969461068,"myvalue2":13.490736556891829,"myvalue3":36.348700706108744,"simvalue1":24.8420819882576,"simvalue2":16.5181396438975,"simvalue3":37.2214369068358,"mychoice":3,"simchoice":3,"myA1":3.8958728942088783,"myA2":6.747678162064403,"myA3":9.253383849281818,"myB1":5.920350055675954,"myB2":2.3297966504469514,"myB3":9.361713151447475,"simA1":5.67112212534994,"simA2":2.389488783665,"simA3":8.77995934104547,"simB1":6.54522017110139,"simB2":4.82370894635096,"simB3":9.71029797103256}