{"ppntid":0,"trialid":1,"simBweight":2.92900152504444,"myBweight":0.46604168019257486,"myvalue1":7.55213462463815,"myvalue2":5.817644418227343,"myvalue3":13.66239985522784,"simvalue1":24.8420819882576,"simvalue2":16.5181396438975,"simvalue3":37.2214369068358,"mychoice":3,"simchoice":3,"myA1":4.9603686993941665,"myA2":5.005507292225957,"myA3":9.279892346821725,"myB1":5.561232042964548,"myB2":1.7426276672631502,"myB3":9.403681461699307,"simA1":5.67112212534994,"simA2":2.389488783665,"simA3":8.77995934104547,"simB1":6.54522017110139,"simB2":4.82370894635096,"simB3":9.71029797103256}