{"ppntid":0,"trialid":1,"simBweight":2.92900152504444,"myBweight":1.2378239841200411,"myvalue1":11.234481636943425,"myvalue2":2.6331522693563487,"myvalue3":20.567040315149434,"simvalue1":24.8420819882576,"simvalue2":16.5181396438975,"simvalue3":37.2214369068358,"mychoice":3,"simchoice":3,"myA1":5.539038511924446,"myA2":0.8993821032345295,"myA3":9.967866837978363,"myB1":4.601173670962453,"myB2":1.4006596966646612,"myB3":8.562746895477176,"simA1":5.67112212534994,"simA2":2.389488783665,"simA3":8.77995934104547,"simB1":6.54522017110139,"simB2":4.82370894635096,"simB3":9.71029797103256}