{"ppntid":0,"trialid":10,"simBweight":2.92900152504444,"myBweight":4.989736319985241,"myvalue1":56.969903656644306,"myvalue2":24.43932376348299,"myvalue3":36.01721547875806,"simvalue1":37.9813174690878,"simvalue2":6.61483609034862,"simvalue3":27.6690730806335,"mychoice":1,"simchoice":1,"myA1":9.026016793213785,"myA2":1.975087122991681,"myA3":4.490920924581587,"myB1":9.608501088805497,"myB2":4.502088928129524,"myB3":6.318228566087782,"simA1":9.01910115499049,"simA2":0.586219872348011,"simA3":0.457009491510689,"simB1":9.88808509195223,"simB2":2.05824960023165,"simB3":9.29055972024798}