{"ppntid":0,"trialid":5,"simBweight":2.92900152504444,"myBweight":1.6993703064508736,"myvalue1":23.84727689068496,"myvalue2":10.954592006558709,"myvalue3":13.27442749947809,"simvalue1":13.2756742221018,"simvalue2":30.3546781549135,"simvalue3":23.5392310011038,"mychoice":1,"simchoice":2,"myA1":8.482604525052011,"myA2":2.7651187079027295,"myA3":3.331350958906114,"myB1":9.041391571518034,"myB2":4.819122275803238,"myB3":5.851035823579878,"simA1":8.18546326132491,"simA2":4.21199968550354,"simA3":1.76696498412639,"simB1":1.73786558909342,"simB2":8.92545744543895,"simB3":7.43334062164649}