{"ppntid":0,"trialid":3,"simBweight":2.92900152504444,"myBweight":0.07875759270973504,"myvalue1":5.844571774975861,"myvalue2":1.9026763303304313,"myvalue3":9.666910883182402,"simvalue1":8.12483891560789,"simvalue2":28.2043243209439,"simvalue3":35.1603063288223,"mychoice":3,"simchoice":3,"myA1":5.488937145564705,"myA2":1.813463717699051,"myA3":8.942415495403111,"myB1":4.515559924766421,"myB2":1.1327493586577475,"myB3":9.19905450195074,"simA1":5.65594530198723,"simA2":1.80899103172123,"simA3":9.04499290045351,"simB1":0.842913051601499,"simB2":9.01171715464443,"simB3":8.91611465718597}