{"ppntid":0,"trialid":1,"simBweight":2.92900152504444,"myBweight":0.416511211078614,"myvalue1":9.193292820409793,"myvalue2":4.9141523981904935,"myvalue3":10.676308369128897,"simvalue1":24.8420819882576,"simvalue2":16.5181396438975,"simvalue3":37.2214369068358,"mychoice":3,"simchoice":3,"myA1":5.748681523837149,"myA2":4.739347333088517,"myA3":8.785840489435941,"myB1":8.270152651239187,"myB2":0.41968873934820294,"myB3":4.538816313724965,"simA1":5.67112212534994,"simA2":2.389488783665,"simA3":8.77995934104547,"simB1":6.54522017110139,"simB2":4.82370894635096,"simB3":9.71029797103256}