{"ppntid":0,"trialid":1,"simBweight":2.92900152504444,"myBweight":2.4586471973452717,"myvalue1":19.900425646475902,"myvalue2":15.425006907925024,"myvalue3":33.12046703209144,"simvalue1":24.8420819882576,"simvalue2":16.5181396438975,"simvalue3":37.2214369068358,"mychoice":3,"simchoice":3,"myA1":2.063804748468101,"myA2":6.35161658981815,"myA3":9.541963133960962,"myB1":7.2546483762562275,"myB2":3.690399471670389,"myB3":9.590031430125237,"simA1":5.67112212534994,"simA2":2.389488783665,"simA3":8.77995934104547,"simB1":6.54522017110139,"simB2":4.82370894635096,"simB3":9.71029797103256}