{"ppntid":0,"trialid":23,"simBweight":2.92900152504444,"myBweight":0.2580809872597456,"myvalue1":8.055720862477276,"myvalue2":6.732082265278247,"myvalue3":8.889111048467193,"simvalue1":6.26752328227177,"simvalue2":5.41139321470715,"simvalue3":7.48297016126837,"mychoice":3,"simchoice":2,"myA1":7.791179190389812,"myA2":6.182518543209881,"myA3":8.429134115576744,"myB1":1.0250335559248924,"myB2":2.1294235112145543,"myB3":1.782296858727932,"simA1":4.1521517559886,"simA2":3.3411023998633,"simA3":2.82731729093939,"simB1":0.722215918358415,"simB2":0.706824765074998,"simB3":1.58950168872252}