{"ppntid":0,"trialid":2,"simBweight":2.92900152504444,"myBweight":0.04694984178058803,"myvalue1":3.1900032733247223,"myvalue2":5.920406531852969,"myvalue3":4.483343172794818,"simvalue1":4.79336017374058,"simvalue2":33.7039452458313,"simvalue3":10.9773753368355,"mychoice":2,"simchoice":2,"myA1":2.9277297318913043,"myA2":5.721261401195079,"myA3":4.344988360535353,"myB1":5.5862497398629785,"myB2":4.241657119709998,"myB3":2.946864292025566,"simA1":4.60025910520926,"simA2":6.2205648701638,"simA3":3.88418034650385,"simB1":0.0659272680059075,"simB2":9.38319087261334,"simB3":2.42171092424542}