{"ppntid":0,"trialid":7,"simBweight":2.92900152504444,"myBweight":0.9928132162895054,"myvalue1":6.806472339483044,"myvalue2":14.204624907076731,"myvalue3":14.205484766464773,"simvalue1":29.155178200811,"simvalue2":15.1925325184091,"simvalue3":26.5468177351021,"mychoice":3,"simchoice":3,"myA1":5.199355208314955,"myA2":9.355467224959284,"myA3":9.089483909774572,"myB1":1.618750742636621,"myB2":4.884259800892323,"myB3":5.153034601826221,"simA1":0.691449935548007,"simA2":5.14853976666927,"simA3":8.05417287861928,"simB1":9.71789465518668,"simB2":3.42915244866163,"simB3":6.3136344240047}