{"ppntid":0,"trialid":2,"simBweight":2.92900152504444,"myBweight":1.3141924201045185,"myvalue1":5.612051928289029,"myvalue2":15.749619639320812,"myvalue3":10.39499940696256,"simvalue1":4.79336017374058,"simvalue2":33.7039452458313,"simvalue3":10.9773753368355,"mychoice":2,"simchoice":2,"myA1":3.048024117015302,"myA2":6.814178992062807,"myA3":5.067412138450891,"myB1":1.951029219198972,"myB2":6.799187478609383,"myB3":4.053886772599071,"simA1":4.60025910520926,"simA2":6.2205648701638,"simA3":3.88418034650385,"simB1":0.0659272680059075,"simB2":9.38319087261334,"simB3":2.42171092424542}