{"ppntid":0,"trialid":4,"simBweight":2.92900152504444,"myBweight":0.6918705743737519,"myvalue1":12.416627533829407,"myvalue2":11.352146557569219,"myvalue3":10.495949393305239,"simvalue1":29.0820167366599,"simvalue2":31.8749931806181,"simvalue3":27.5839703264988,"mychoice":1,"simchoice":2,"myA1":7.813435464631766,"myA2":7.771554624196142,"myA3":8.2106654625386,"myB1":6.653256027493626,"myB2":5.175233730114996,"myB3":3.3030511997640133,"simA1":7.23374933004379,"simA2":5.64809889299795,"simA3":3.88609998160973,"simB1":7.459288504906,"simB2":8.95420984365046,"simB3":8.0907674995251}