{"ppntid":0,"trialid":2,"simBweight":2.92900152504444,"myBweight":1.0272643517237157,"myvalue1":9.25106203855134,"myvalue2":13.054195222726001,"myvalue3":10.057048409280947,"simvalue1":4.79336017374058,"simvalue2":33.7039452458313,"simvalue3":10.9773753368355,"mychoice":2,"simchoice":2,"myA1":4.249921005684882,"myA2":6.320000947453082,"myA3":4.894754672423005,"myB1":4.868407070171088,"myB2":6.555463804397732,"myB3":5.025282662827522,"simA1":4.60025910520926,"simA2":6.2205648701638,"simA3":3.88418034650385,"simB1":0.0659272680059075,"simB2":9.38319087261334,"simB3":2.42171092424542}