{"ppntid":0,"trialid":3,"simBweight":2.92900152504444,"myBweight":3.9019438240211457,"myvalue1":11.28924328577854,"myvalue2":17.70497715392031,"myvalue3":44.84189758767513,"simvalue1":8.12483891560789,"simvalue2":28.2043243209439,"simvalue3":35.1603063288223,"mychoice":3,"simchoice":3,"myA1":4.498608207795769,"myA2":1.8051255331374705,"myA3":9.08042949391529,"myB1":1.7403210769407451,"myB2":4.074854056816548,"myB3":9.165039197541773,"simA1":5.65594530198723,"simA2":1.80899103172123,"simA3":9.04499290045351,"simB1":0.842913051601499,"simB2":9.01171715464443,"simB3":8.91611465718597}