{"ppntid":0,"trialid":3,"simBweight":2.92900152504444,"myBweight":0.694240597076714,"myvalue1":8.911654875613566,"myvalue2":6.122209293984753,"myvalue3":15.454599028973114,"simvalue1":8.12483891560789,"simvalue2":28.2043243209439,"simvalue3":35.1603063288223,"mychoice":3,"simchoice":3,"myA1":5.698895512614399,"myA2":5.592560807708651,"myA3":8.731120668817312,"myB1":4.627731908112764,"myB2":0.7629177672788501,"myB3":9.68465167330578,"simA1":5.65594530198723,"simA2":1.80899103172123,"simA3":9.04499290045351,"simB1":0.842913051601499,"simB2":9.01171715464443,"simB3":8.91611465718597}