{"ppntid":0,"trialid":3,"simBweight":2.92900152504444,"myBweight":0.9480268799234182,"myvalue1":7.421269249983696,"myvalue2":11.462433678654914,"myvalue3":17.343422859117354,"simvalue1":8.12483891560789,"simvalue2":28.2043243209439,"simvalue3":35.1603063288223,"mychoice":3,"simchoice":3,"myA1":2.7980876830406487,"myA2":4.774508168920875,"myA3":9.669886662159115,"myB1":4.87663553096354,"myB2":7.054573716595769,"myB3":8.0942179588601,"simA1":5.65594530198723,"simA2":1.80899103172123,"simA3":9.04499290045351,"simB1":0.842913051601499,"simB2":9.01171715464443,"simB3":8.91611465718597}