{"ppntid":0,"trialid":3,"simBweight":2.92900152504444,"myBweight":4.006150180939585,"myvalue1":6.218306702407657,"myvalue2":25.772382239097208,"myvalue3":47.65029795502523,"simvalue1":8.12483891560789,"simvalue2":28.2043243209439,"simvalue3":35.1603063288223,"mychoice":3,"simchoice":3,"myA1":5.438088332302868,"myA2":2.2277834662236273,"myA3":9.09285701578483,"myB1":0.19475514767691493,"myB2":5.877113365568221,"myB3":9.624562035314739,"simA1":5.65594530198723,"simA2":1.80899103172123,"simA3":9.04499290045351,"simB1":0.842913051601499,"simB2":9.01171715464443,"simB3":8.91611465718597}