{"ppntid":0,"trialid":4,"simBweight":2.92900152504444,"myBweight":1.68228056631051,"myvalue1":18.505587869542268,"myvalue2":21.10655787303255,"myvalue3":20.23071212685501,"simvalue1":29.0820167366599,"simvalue2":31.8749931806181,"simvalue3":27.5839703264988,"mychoice":2,"simchoice":2,"myA1":9.091140776872635,"myA2":6.693207344505936,"myA3":5.2431738981977105,"myB1":5.596240770537406,"myB2":8.56774477288127,"myB3":8.909059837460518,"simA1":7.23374933004379,"simA2":5.64809889299795,"simA3":3.88609998160973,"simB1":7.459288504906,"simB2":8.95420984365046,"simB3":8.0907674995251}