{"ppntid":0,"trialid":1,"simBweight":2.92900152504444,"myBweight":4.343926997389644,"myvalue1":28.212642616304304,"myvalue2":3.3163114344800055,"myvalue3":52.297241025265926,"simvalue1":24.8420819882576,"simvalue2":16.5181396438975,"simvalue3":37.2214369068358,"mychoice":3,"simchoice":3,"myA1":6.371569277253002,"myA2":2.782427545171231,"myA3":9.967866837978363,"myB1":5.027955891564488,"myB2":0.12290351325646043,"myB3":9.744494834449142,"simA1":5.67112212534994,"simA2":2.389488783665,"simA3":8.77995934104547,"simB1":6.54522017110139,"simB2":4.82370894635096,"simB3":9.71029797103256}