{"ppntid":0,"trialid":10,"simBweight":2.92900152504444,"myBweight":0.9190456930082291,"myvalue1":16.937069324460083,"myvalue2":2.9662544176398375,"myvalue3":6.519042263779286,"simvalue1":37.9813174690878,"simvalue2":6.61483609034862,"simvalue3":27.6690730806335,"mychoice":1,"simchoice":1,"myA1":9.429296001326293,"myA2":2.58333652978763,"myA3":3.521316854748875,"myB1":8.169096901547164,"myB2":0.41664727963507175,"myB3":3.2617805968038738,"simA1":9.01910115499049,"simA2":0.586219872348011,"simA3":0.457009491510689,"simB1":9.88808509195223,"simB2":2.05824960023165,"simB3":9.29055972024798}