{"ppntid":0,"trialid":2,"simBweight":2.92900152504444,"myBweight":4.867650021333247,"myvalue1":40.305607837653376,"myvalue2":40.0985420457346,"myvalue3":27.331015737278637,"simvalue1":4.79336017374058,"simvalue2":33.7039452458313,"simvalue3":10.9773753368355,"mychoice":1,"simchoice":2,"myA1":1.2597643490880728,"myA2":4.053488823119551,"myA3":3.87204087106511,"myB1":8.021497707813978,"myB2":7.405021532904357,"myB3":4.819363504648209,"simA1":4.60025910520926,"simA2":6.2205648701638,"simA3":3.88418034650385,"simB1":0.0659272680059075,"simB2":9.38319087261334,"simB3":2.42171092424542}