{"ppntid":0,"trialid":1,"simBweight":2.92900152504444,"myBweight":1.2074533198028803,"myvalue1":10.424719196167434,"myvalue2":2.432272670383074,"myvalue3":18.529952377957823,"simvalue1":24.8420819882576,"simvalue2":16.5181396438975,"simvalue3":37.2214369068358,"mychoice":3,"simchoice":3,"myA1":4.380006045103073,"myA2":0.4248810256831348,"myA3":7.815873387735337,"myB1":5.00616715522483,"myB2":1.662500414531678,"myB3":8.87328629149124,"simA1":5.67112212534994,"simA2":2.389488783665,"simA3":8.77995934104547,"simB1":6.54522017110139,"simB2":4.82370894635096,"simB3":9.71029797103256}