{"ppntid":0,"trialid":4,"simBweight":2.92900152504444,"myBweight":4.683400421636179,"myvalue1":36.998759281370816,"myvalue2":32.02764869321687,"myvalue3":29.46774230572268,"simvalue1":29.0820167366599,"simvalue2":31.8749931806181,"simvalue3":27.5839703264988,"mychoice":1,"simchoice":2,"myA1":8.105196258984506,"myA2":6.05697349878028,"myA3":4.739262016955763,"myB1":6.169355686288327,"myB2":5.5452604638412595,"myB3":5.280026916880161,"simA1":7.23374933004379,"simA2":5.64809889299795,"simA3":3.88609998160973,"simB1":7.459288504906,"simB2":8.95420984365046,"simB3":8.0907674995251}