{"ppntid":0,"trialid":5,"simBweight":2.92900152504444,"myBweight":2.5673831440508366,"myvalue1":31.62943051371936,"myvalue2":19.77747686343139,"myvalue3":18.367359513043848,"simvalue1":13.2756742221018,"simvalue2":30.3546781549135,"simvalue3":23.5392310011038,"mychoice":1,"simchoice":2,"myA1":8.498991476371884,"myA2":5.955416862852871,"myA3":5.452770709525794,"myB1":9.009344433434308,"myB2":5.383715333882719,"myB3":5.030253794975579,"simA1":8.18546326132491,"simA2":4.21199968550354,"simA3":1.76696498412639,"simB1":1.73786558909342,"simB2":8.92545744543895,"simB3":7.43334062164649}