{"ppntid":0,"trialid":18,"simBweight":2.92900152504444,"myBweight":0.7190892344806343,"myvalue1":7.782248327167348,"myvalue2":6.110294438766527,"myvalue3":13.983235375068682,"simvalue1":29.278641166275,"simvalue2":22.3575730969011,"simvalue3":16.2277070528167,"mychoice":3,"simchoice":3,"myA1":5.566303434316069,"myA2":5.386147371027619,"myA3":9.381111511029303,"myB1":3.0815993156284094,"myB2":1.007033665664494,"myB3":6.399934310466051,"simA1":3.45552658895031,"simA2":1.83656022651121,"simA3":8.13114545540884,"simB1":8.81635409081355,"simB2":7.00614618835971,"simB3":2.76427360251546}