{"ppntid":0,"trialid":3,"simBweight":2.92900152504444,"myBweight":3.122926747892052,"myvalue1":3.9952057877275626,"myvalue2":20.936660093039805,"myvalue3":34.347761571693155,"simvalue1":8.12483891560789,"simvalue2":28.2043243209439,"simvalue3":35.1603063288223,"mychoice":3,"simchoice":3,"myA1":2.4346995330415666,"myA2":5.358125800266862,"myA3":9.165039197541773,"myB1":0.4996935185045004,"myB2":4.988440508022904,"myB3":8.063821026589721,"simA1":5.65594530198723,"simA2":1.80899103172123,"simA3":9.04499290045351,"simB1":0.842913051601499,"simB2":9.01171715464443,"simB3":8.91611465718597}