{"ppntid":0,"trialid":3,"simBweight":2.92900152504444,"myBweight":1.9361765205394477,"myvalue1":9.053349314464079,"myvalue2":9.848472565773493,"myvalue3":25.28551316779737,"simvalue1":8.12483891560789,"simvalue2":28.2043243209439,"simvalue3":35.1603063288223,"mychoice":3,"simchoice":3,"myA1":1.4758717129006982,"myA2":3.7309083226136863,"myA3":9.019694761373103,"myB1":3.9136295276694,"myB2":3.159610799048096,"myB3":8.400999719742686,"simA1":5.65594530198723,"simA2":1.80899103172123,"simA3":9.04499290045351,"simB1":0.842913051601499,"simB2":9.01171715464443,"simB3":8.91611465718597}