{"ppntid":0,"trialid":2,"simBweight":2.92900152504444,"myBweight":3.9139005646575242,"myvalue1":10.398331897859311,"myvalue2":43.47898334443697,"myvalue3":7.66954652035811,"simvalue1":4.79336017374058,"simvalue2":33.7039452458313,"simvalue3":10.9773753368355,"mychoice":2,"simchoice":2,"myA1":5.085384726990014,"myA2":9.796471167355776,"myA3":5.7888075592927635,"myB1":1.3574558380059898,"myB2":8.605868141166866,"myB3":0.4805280384607613,"simA1":4.60025910520926,"simA2":6.2205648701638,"simA3":3.88418034650385,"simB1":0.0659272680059075,"simB2":9.38319087261334,"simB3":2.42171092424542}