{"ppntid":0,"trialid":3,"simBweight":2.92900152504444,"myBweight":3.6950565059669316,"myvalue1":13.471278318437697,"myvalue2":28.077948748614794,"myvalue3":41.76212236115616,"simvalue1":8.12483891560789,"simvalue2":28.2043243209439,"simvalue3":35.1603063288223,"mychoice":3,"simchoice":3,"myA1":0.6328037055209279,"myA2":9.9703434179537,"myA3":6.37186024338007,"myB1":3.4745002118870616,"myB2":4.900494837202132,"myB3":9.577732319012284,"simA1":5.65594530198723,"simA2":1.80899103172123,"simA3":9.04499290045351,"simB1":0.842913051601499,"simB2":9.01171715464443,"simB3":8.91611465718597}