{"ppntid":0,"trialid":3,"simBweight":2.92900152504444,"myBweight":3.033292517066002,"myvalue1":25.046345294152403,"myvalue2":5.768122887270927,"myvalue3":38.32843800936622,"simvalue1":8.12483891560789,"simvalue2":28.2043243209439,"simvalue3":35.1603063288223,"mychoice":3,"simchoice":3,"myA1":5.40273486636579,"myA2":2.1594887389801443,"myA3":8.952056558337063,"myB1":6.476002666167915,"myB2":1.1896756174974144,"myB3":9.68465167330578,"simA1":5.65594530198723,"simA2":1.80899103172123,"simA3":9.04499290045351,"simB1":0.842913051601499,"simB2":9.01171715464443,"simB3":8.91611465718597}