{"ppntid":0,"trialid":1,"simBweight":2.92900152504444,"myBweight":3.4942548733670264,"myvalue1":24.22245233046653,"myvalue2":17.719269420484242,"myvalue3":41.22784153078997,"simvalue1":24.8420819882576,"simvalue2":16.5181396438975,"simvalue3":37.2214369068358,"mychoice":3,"simchoice":3,"myA1":2.2839866927824914,"myA2":6.605475882533938,"myA3":9.61695818696171,"myB1":6.278438875451684,"myB2":3.180590409319848,"myB3":9.046530516352504,"simA1":5.67112212534994,"simA2":2.389488783665,"simA3":8.77995934104547,"simB1":6.54522017110139,"simB2":4.82370894635096,"simB3":9.71029797103256}