{"ppntid":0,"trialid":5,"simBweight":2.92900152504444,"myBweight":4.858226242940873,"myvalue1":52.19623043538508,"myvalue2":17.40187329812717,"myvalue3":21.3646812093763,"simvalue1":13.2756742221018,"simvalue2":30.3546781549135,"simvalue3":23.5392310011038,"mychoice":1,"simchoice":2,"myA1":9.227993914391845,"myA2":4.107907072175294,"myA3":5.328324814327061,"myB1":8.844428886659443,"myB2":2.736382696311921,"myB3":3.300866528879851,"simA1":8.18546326132491,"simA2":4.21199968550354,"simA3":1.76696498412639,"simB1":1.73786558909342,"simB2":8.92545744543895,"simB3":7.43334062164649}