{"ppntid":0,"trialid":4,"simBweight":2.92900152504444,"myBweight":1.6094420454464853,"myvalue1":19.532091150264414,"myvalue2":19.5380315715351,"myvalue3":17.524701519825506,"simvalue1":29.0820167366599,"simvalue2":31.8749931806181,"simvalue3":27.5839703264988,"mychoice":2,"simchoice":2,"myA1":4.812042806297541,"myA2":5.969763626344502,"myA3":8.182929521426558,"myB1":9.146056787576526,"myB2":8.430417226627469,"myB3":5.8043543878011405,"simA1":7.23374933004379,"simA2":5.64809889299795,"simA3":3.88609998160973,"simB1":7.459288504906,"simB2":8.95420984365046,"simB3":8.0907674995251}