{"ppntid":0,"trialid":2,"simBweight":2.92900152504444,"myBweight":3.3247608470264822,"myvalue1":17.60931163194201,"myvalue2":28.3185646455414,"myvalue3":9.022027483797393,"simvalue1":4.79336017374058,"simvalue2":33.7039452458313,"simvalue3":10.9773753368355,"mychoice":2,"simchoice":2,"myA1":0.614114252384752,"myA2":3.4535344992764294,"myA3":1.8248091451823711,"myB1":5.111705220770091,"myB2":7.478742469102144,"myB3":2.164732643868774,"simA1":4.60025910520926,"simA2":6.2205648701638,"simA3":3.88418034650385,"simB1":0.0659272680059075,"simB2":9.38319087261334,"simB3":2.42171092424542}