{"ppntid":0,"trialid":3,"simBweight":2.92900152504444,"myBweight":3.675891918828711,"myvalue1":18.474514145776133,"myvalue2":19.65584448539292,"myvalue3":44.90298778770623,"simvalue1":8.12483891560789,"simvalue2":28.2043243209439,"simvalue3":35.1603063288223,"mychoice":3,"simchoice":3,"myA1":2.354087836574763,"myA2":5.592560807708651,"myA3":8.731120668817312,"myB1":4.3854462169110775,"myB2":3.8258153363130987,"myB3":9.840296700131148,"simA1":5.65594530198723,"simA2":1.80899103172123,"simA3":9.04499290045351,"simB1":0.842913051601499,"simB2":9.01171715464443,"simB3":8.91611465718597}