{"ppntid":0,"trialid":4,"simBweight":2.92900152504444,"myBweight":4.6357728948351,"myvalue1":45.34713402675355,"myvalue2":32.55164915142276,"myvalue3":41.04843755523787,"simvalue1":29.0820167366599,"simvalue2":31.8749931806181,"simvalue3":27.5839703264988,"mychoice":1,"simchoice":2,"myA1":7.112527703866363,"myA2":4.223366950172931,"myA3":1.7013375158421695,"myB1":8.247730678413063,"myB2":6.110800257883966,"myB3":8.48771088058129,"simA1":7.23374933004379,"simA2":5.64809889299795,"simA3":3.88609998160973,"simB1":7.459288504906,"simB2":8.95420984365046,"simB3":8.0907674995251}