{"ppntid":0,"trialid":8,"simBweight":2.92900152504444,"myBweight":0.6988048274070024,"myvalue1":7.038632517286699,"myvalue2":8.542750197987228,"myvalue3":14.468128062414758,"simvalue1":24.3077395788662,"simvalue2":12.8486379765393,"simvalue3":21.1752809804918,"mychoice":3,"simchoice":3,"myA1":5.4103209800086915,"myA2":5.275476251263171,"myA3":8.804517621174455,"myB1":2.3301377915777266,"myB2":4.67551713809371,"myB3":8.104709954932332,"simA1":4.10054257372394,"simA2":3.45694060437381,"simA3":8.24872852535918,"simB1":6.89900528639555,"simB2":3.20645014755428,"simB3":4.41329659428447}