{"ppntid":0,"trialid":10,"simBweight":2.92900152504444,"myBweight":3.357164330082014,"myvalue1":41.59396902289245,"myvalue2":9.138423728410507,"myvalue3":12.34485332501719,"simvalue1":37.9813174690878,"simvalue2":6.61483609034862,"simvalue3":27.6690730806335,"mychoice":1,"simchoice":1,"myA1":9.956402741372585,"myA2":4.173711990006268,"myA3":9.369672152679414,"myB1":9.423895636573434,"myB2":1.4788408461026847,"myB3":0.8862185105681419,"simA1":9.01910115499049,"simA2":0.586219872348011,"simA3":0.457009491510689,"simB1":9.88808509195223,"simB2":2.05824960023165,"simB3":9.29055972024798}