{"ppntid":0,"trialid":2,"simBweight":2.92900152504444,"myBweight":3.255387785611674,"myvalue1":16.874808866538096,"myvalue2":23.633603267626526,"myvalue3":18.119677891683445,"simvalue1":4.79336017374058,"simvalue2":33.7039452458313,"simvalue3":10.9773753368355,"mychoice":2,"simchoice":2,"myA1":1.837386095430702,"myA2":4.812386417761445,"myA3":2.780735071282834,"myB1":4.619241626933217,"myB2":5.781559091992676,"myB3":4.711863480042666,"simA1":4.60025910520926,"simA2":6.2205648701638,"simA3":3.88418034650385,"simB1":0.0659272680059075,"simB2":9.38319087261334,"simB3":2.42171092424542}