{"ppntid":0,"trialid":2,"simBweight":2.92900152504444,"myBweight":3.0330328887794167,"myvalue1":28.07566398072411,"myvalue2":19.639428680349507,"myvalue3":25.54562904488412,"simvalue1":4.79336017374058,"simvalue2":33.7039452458313,"simvalue3":10.9773753368355,"mychoice":1,"simchoice":2,"myA1":3.125034247059375,"myA2":3.5075588314794004,"myA3":1.4976736065000296,"myB1":8.226297125220299,"myB2":5.318725658580661,"myB3":7.928682714700699,"simA1":4.60025910520926,"simA2":6.2205648701638,"simA3":3.88418034650385,"simB1":0.0659272680059075,"simB2":9.38319087261334,"simB3":2.42171092424542}