{"ppntid":0,"trialid":3,"simBweight":2.92900152504444,"myBweight":3.24304009671323,"myvalue1":6.463967271870599,"myvalue2":23.340963055224343,"myvalue3":39.82833409378637,"simvalue1":8.12483891560789,"simvalue2":28.2043243209439,"simvalue3":35.1603063288223,"mychoice":3,"simchoice":3,"myA1":1.209103164728731,"myA2":4.876743569038808,"myA3":9.962147665210068,"myB1":1.6203512600623071,"myB2":5.693490963894874,"myB3":9.209317658096552,"simA1":5.65594530198723,"simA2":1.80899103172123,"simA3":9.04499290045351,"simB1":0.842913051601499,"simB2":9.01171715464443,"simB3":8.91611465718597}