{"ppntid":0,"trialid":2,"simBweight":2.92900152504444,"myBweight":1.1337005416862667,"myvalue1":8.763735927519209,"myvalue2":13.209472858266476,"myvalue3":8.099825621157429,"simvalue1":4.79336017374058,"simvalue2":33.7039452458313,"simvalue3":10.9773753368355,"mychoice":2,"simchoice":2,"myA1":5.689668785780668,"myA2":6.8472102377563715,"myA3":5.857263137586415,"myB1":2.7115336270071566,"myB2":5.611942824907601,"myB3":1.9780906871892512,"simA1":4.60025910520926,"simA2":6.2205648701638,"simA3":3.88418034650385,"simB1":0.0659272680059075,"simB2":9.38319087261334,"simB3":2.42171092424542}