{"ppntid":0,"trialid":2,"simBweight":2.92900152504444,"myBweight":1.275308399926871,"myvalue1":6.3580008373989045,"myvalue2":15.74051565056542,"myvalue3":7.039895620209922,"simvalue1":4.79336017374058,"simvalue2":33.7039452458313,"simvalue3":10.9773753368355,"mychoice":2,"simchoice":2,"myA1":2.761816792190075,"myA2":9.950518559198827,"myA3":0.39050926687195897,"myB1":2.819854433182627,"myB2":4.540076025296003,"myB3":5.213943822309375,"simA1":4.60025910520926,"simA2":6.2205648701638,"simA3":3.88418034650385,"simB1":0.0659272680059075,"simB2":9.38319087261334,"simB3":2.42171092424542}