{"ppntid":0,"trialid":4,"simBweight":2.92900152504444,"myBweight":3.7743550911545753,"myvalue1":30.784629883902934,"myvalue2":29.264371747149394,"myvalue3":29.823650501161072,"simvalue1":29.0820167366599,"simvalue2":31.8749931806181,"simvalue3":27.5839703264988,"mychoice":1,"simchoice":2,"myA1":9.673070937860757,"myA2":8.85967958951369,"myA3":6.0188784170895815,"myB1":5.593421508092433,"myB2":5.40614003315568,"myB3":6.306977353524417,"simA1":7.23374933004379,"simA2":5.64809889299795,"simA3":3.88609998160973,"simB1":7.459288504906,"simB2":8.95420984365046,"simB3":8.0907674995251}