{"ppntid":0,"trialid":3,"simBweight":2.92900152504444,"myBweight":1.4819129917304963,"myvalue1":15.233757772868517,"myvalue2":5.8681979942474385,"myvalue3":20.931718367086276,"simvalue1":8.12483891560789,"simvalue2":28.2043243209439,"simvalue3":35.1603063288223,"mychoice":3,"simchoice":3,"myA1":9.163959461729974,"myA2":4.8060357151553035,"myA3":8.862745414953679,"myB1":4.095920843537897,"myB2":0.7167507708072662,"myB3":8.14418459078297,"simA1":5.65594530198723,"simA2":1.80899103172123,"simA3":9.04499290045351,"simB1":0.842913051601499,"simB2":9.01171715464443,"simB3":8.91611465718597}