{"ppntid":0,"trialid":1,"simBweight":2.92900152504444,"myBweight":1.1000066751148552,"myvalue1":13.477945523219207,"myvalue2":1.8209201223126041,"myvalue3":12.351103367630666,"simvalue1":24.8420819882576,"simvalue2":16.5181396438975,"simvalue3":37.2214369068358,"mychoice":1,"simchoice":3,"myA1":5.047716347035021,"myA2":0.9203706262633204,"myA3":9.512225261423737,"myB1":7.663798199500889,"myB2":0.818676392082125,"myB3":2.58078261744231,"simA1":5.67112212534994,"simA2":2.389488783665,"simA3":8.77995934104547,"simB1":6.54522017110139,"simB2":4.82370894635096,"simB3":9.71029797103256}