{"ppntid":0,"trialid":12,"simBweight":2.92900152504444,"myBweight":2.7962153602857143,"myvalue1":29.189790323669566,"myvalue2":12.906107588280403,"myvalue3":14.962510205947504,"simvalue1":28.1951467835836,"simvalue2":11.8677511152072,"simvalue3":18.803283641035,"mychoice":1,"simchoice":1,"myA1":7.007005678024143,"myA2":2.8483516699634492,"myA3":2.6420238660648465,"myB1":7.933145980350673,"myB2":3.5969174839556217,"myB3":4.406129268463701,"simA1":7.654377091676,"simA2":4.44485993124545,"simA3":0.361374919302762,"simB1":7.01289142947644,"simB2":2.53427358111367,"simB3":6.29631243413314}