{"ppntid":0,"trialid":5,"simBweight":2.92900152504444,"myBweight":1.2336130358744413,"myvalue1":20.413587891768415,"myvalue2":8.395751856213279,"myvalue3":7.020275830028197,"simvalue1":13.2756742221018,"simvalue2":30.3546781549135,"simvalue3":23.5392310011038,"mychoice":1,"simchoice":2,"myA1":9.808110839221627,"myA2":6.568973432295024,"myA3":5.457558566704392,"myB1":8.59708575066179,"myB2":1.4808358624577522,"myB3":1.266780763398856,"simA1":8.18546326132491,"simA2":4.21199968550354,"simA3":1.76696498412639,"simB1":1.73786558909342,"simB2":8.92545744543895,"simB3":7.43334062164649}