{"ppntid":0,"trialid":5,"simBweight":2.92900152504444,"myBweight":1.6400396300014108,"myvalue1":10.779787649794839,"myvalue2":17.86376544817871,"myvalue3":15.67729184734356,"simvalue1":13.2756742221018,"simvalue2":30.3546781549135,"simvalue3":23.5392310011038,"mychoice":2,"simchoice":2,"myA1":9.596029850654304,"myA2":2.4619165947660804,"myA3":2.295927267987281,"myB1":0.7217860943637788,"myB2":9.391144318506122,"myB3":8.159171482548118,"simA1":8.18546326132491,"simA2":4.21199968550354,"simA3":1.76696498412639,"simB1":1.73786558909342,"simB2":8.92545744543895,"simB3":7.43334062164649}