{"ppntid":0,"trialid":11,"simBweight":2.92900152504444,"myBweight":0.5393397982697934,"myvalue1":1.494090205927721,"myvalue2":2.699618680196947,"myvalue3":12.193097444785995,"simvalue1":9.9197921404594,"simvalue2":11.6245677233259,"simvalue3":7.85712064627827,"mychoice":3,"simchoice":3,"myA1":0.1902587991207838,"myA2":0.9414362348616123,"myA3":8.382447443436831,"myB1":2.4174581794068217,"myB2":3.259878931567073,"myB3":7.065397386904806,"simA1":1.94303552154452,"simA2":1.2680093664676,"simA3":5.39368811063468,"simB1":2.72337059257552,"simB2":3.53586649522185,"simB3":0.841048567090183}