{"ppntid":0,"trialid":4,"simBweight":2.92900152504444,"myBweight":2.8841912501957268,"myvalue1":23.59033495303838,"myvalue2":25.609031960175912,"myvalue3":23.901367446466782,"simvalue1":29.0820167366599,"simvalue2":31.8749931806181,"simvalue3":27.5839703264988,"mychoice":2,"simchoice":2,"myA1":9.704636912792921,"myA2":6.66095178341493,"myA3":5.484608472324908,"myB1":4.814416533336043,"myB2":6.5696337493136525,"myB3":6.385415312834084,"simA1":7.23374933004379,"simA2":5.64809889299795,"simA3":3.88609998160973,"simB1":7.459288504906,"simB2":8.95420984365046,"simB3":8.0907674995251}