{"ppntid":0,"trialid":5,"simBweight":2.92900152504444,"myBweight":1.0066576662939042,"myvalue1":15.359782822344595,"myvalue2":8.662477823642536,"myvalue3":7.305884611228733,"simvalue1":13.2756742221018,"simvalue2":30.3546781549135,"simvalue3":23.5392310011038,"mychoice":1,"simchoice":2,"myA1":5.986808151938021,"myA2":2.839728940743953,"myA3":2.8470286983065307,"myB1":9.310985237825662,"myB2":5.784239347558469,"myB3":4.429366667754948,"simA1":8.18546326132491,"simA2":4.21199968550354,"simA3":1.76696498412639,"simB1":1.73786558909342,"simB2":8.92545744543895,"simB3":7.43334062164649}