{"ppntid":0,"trialid":3,"simBweight":2.92900152504444,"myBweight":3.5322773351799697,"myvalue1":23.36156098215859,"myvalue2":29.8668588834448,"myvalue3":39.66628181419505,"simvalue1":8.12483891560789,"simvalue2":28.2043243209439,"simvalue3":35.1603063288223,"mychoice":3,"simchoice":3,"myA1":3.898425034713,"myA2":0.8591916062869132,"myA3":7.689718389883637,"myB1":5.510081485845149,"myB2":8.21217150427401,"myB3":9.052676330320537,"simA1":5.65594530198723,"simA2":1.80899103172123,"simA3":9.04499290045351,"simB1":0.842913051601499,"simB2":9.01171715464443,"simB3":8.91611465718597}