{"ppntid":0,"trialid":7,"simBweight":2.92900152504444,"myBweight":0.6244468921795487,"myvalue1":3.080072817576365,"myvalue2":12.778007519029803,"myvalue3":10.360249001496456,"simvalue1":29.155178200811,"simvalue2":15.1925325184091,"simvalue3":26.5468177351021,"mychoice":2,"simchoice":3,"myA1":1.604370444547385,"myA2":7.238431682344526,"myA3":6.47908735787496,"myB1":2.363215177319944,"myB2":8.871172082144767,"myB3":6.215359051711857,"simA1":0.691449935548007,"simA2":5.14853976666927,"simA3":8.05417287861928,"simB1":9.71789465518668,"simB2":3.42915244866163,"simB3":6.3136344240047}