{"ppntid":0,"trialid":3,"simBweight":2.92900152504444,"myBweight":0.2288157190196216,"myvalue1":6.522604096311197,"myvalue2":2.9808200745636766,"myvalue3":10.788247559211804,"simvalue1":8.12483891560789,"simvalue2":28.2043243209439,"simvalue3":35.1603063288223,"mychoice":3,"simchoice":3,"myA1":5.286373433191329,"myA2":1.793472154531628,"myA3":8.82698459085077,"myB1":5.40273486636579,"myB2":5.189101190771908,"myB3":8.571364663075656,"simA1":5.65594530198723,"simA2":1.80899103172123,"simA3":9.04499290045351,"simB1":0.842913051601499,"simB2":9.01171715464443,"simB3":8.91611465718597}