{"ppntid":0,"trialid":4,"simBweight":2.92900152504444,"myBweight":0.33165363362058997,"myvalue1":10.684708406396526,"myvalue2":8.28244073236492,"myvalue3":5.520956311886518,"simvalue1":29.0820167366599,"simvalue2":31.8749931806181,"simvalue3":27.5839703264988,"mychoice":1,"simchoice":2,"myA1":7.522520530037582,"myA2":5.70281813852489,"myA3":5.0205772602930665,"myB1":9.534609471447766,"myB2":7.7780622080899775,"myB3":1.508739844430238,"simA1":7.23374933004379,"simA2":5.64809889299795,"simA3":3.88609998160973,"simB1":7.459288504906,"simB2":8.95420984365046,"simB3":8.0907674995251}