{"ppntid":0,"trialid":6,"simBweight":2.92900152504444,"myBweight":3.797740605659783,"myvalue1":45.57926831676026,"myvalue2":11.528353424773847,"myvalue3":33.16933913896378,"simvalue1":32.3724469339229,"simvalue2":7.31317136996306,"simvalue3":26.9463834162194,"mychoice":1,"simchoice":1,"myA1":9.547568515408784,"myA2":3.798476110678166,"myA3":7.1498354454524815,"myB1":9.487667416688055,"myB2":2.0353884366340935,"myB3":6.851311449427158,"simA1":5.60983883915469,"simA2":0.712338301818818,"simA3":8.53584753349423,"simB1":9.13710964843631,"simB2":2.25361202843487,"simB3":6.28560133045539}