{"ppntid":0,"trialid":2,"simBweight":2.92900152504444,"myBweight":3.481982283992693,"myvalue1":17.539968237485844,"myvalue2":25.354514768421087,"myvalue3":18.025123646389922,"simvalue1":4.79336017374058,"simvalue2":33.7039452458313,"simvalue3":10.9773753368355,"mychoice":2,"simchoice":2,"myA1":2.875267348717898,"myA2":5.079901965800673,"myA3":2.5355440750718117,"myB1":4.211595491506159,"myB2":5.822721412405372,"myB3":4.448494652751833,"simA1":4.60025910520926,"simA2":6.2205648701638,"simA3":3.88418034650385,"simB1":0.0659272680059075,"simB2":9.38319087261334,"simB3":2.42171092424542}