{"ppntid":0,"trialid":3,"simBweight":2.92900152504444,"myBweight":0.8482971764169633,"myvalue1":8.818057202668243,"myvalue2":9.255446594756062,"myvalue3":15.037059908407109,"simvalue1":8.12483891560789,"simvalue2":28.2043243209439,"simvalue3":35.1603063288223,"mychoice":3,"simchoice":3,"myA1":6.966751466970891,"myA2":8.210576169658452,"myA3":7.0101085235364735,"myB1":2.18237875495106,"myB2":1.2317268690094352,"myB3":9.462428507395089,"simA1":5.65594530198723,"simA2":1.80899103172123,"simA3":9.04499290045351,"simB1":0.842913051601499,"simB2":9.01171715464443,"simB3":8.91611465718597}