{"ppntid":0,"trialid":1,"simBweight":2.92900152504444,"myBweight":3.16340948571451,"myvalue1":28.719930158472458,"myvalue2":16.940379523055178,"myvalue3":37.614050143412456,"simvalue1":24.8420819882576,"simvalue2":16.5181396438975,"simvalue3":37.2214369068358,"mychoice":3,"simchoice":3,"myA1":1.8536524916999042,"myA2":1.0156120476312935,"myA3":9.709014126565307,"myB1":8.492823261767626,"myB2":5.0340518821030855,"myB3":8.821189966984093,"simA1":5.67112212534994,"simA2":2.389488783665,"simA3":8.77995934104547,"simB1":6.54522017110139,"simB2":4.82370894635096,"simB3":9.71029797103256}