{"ppntid":0,"trialid":2,"simBweight":2.92900152504444,"myBweight":0.2083637926261872,"myvalue1":5.824448029727179,"myvalue2":8.106724508561557,"myvalue3":4.869958608115779,"simvalue1":4.79336017374058,"simvalue2":33.7039452458313,"simvalue3":10.9773753368355,"mychoice":2,"simchoice":2,"myA1":3.885863593313843,"myA2":6.303437401074916,"myA3":2.83552257809788,"myB1":9.303845029789954,"myB2":8.65451278630644,"myB3":9.763865421991795,"simA1":4.60025910520926,"simA2":6.2205648701638,"simA3":3.88418034650385,"simB1":0.0659272680059075,"simB2":9.38319087261334,"simB3":2.42171092424542}