{"ppntid":0,"trialid":3,"simBweight":2.92900152504444,"myBweight":4.447943234117702,"myvalue1":6.0298889499487895,"myvalue2":27.397871095008274,"myvalue3":49.32001936216245,"simvalue1":8.12483891560789,"simvalue2":28.2043243209439,"simvalue3":35.1603063288223,"mychoice":3,"simchoice":3,"myA1":5.510081485845149,"myA2":8.21217150427401,"myA3":9.052676330320537,"myB1":0.11686468031257391,"myB2":4.313386790454388,"myB3":9.053025390021503,"simA1":5.65594530198723,"simA2":1.80899103172123,"simA3":9.04499290045351,"simB1":0.842913051601499,"simB2":9.01171715464443,"simB3":8.91611465718597}