{"ppntid":0,"trialid":2,"simBweight":2.92900152504444,"myBweight":3.9139005646575242,"myvalue1":11.709013233593272,"myvalue2":30.991550292712994,"myvalue3":13.620742645684123,"simvalue1":4.79336017374058,"simvalue2":33.7039452458313,"simvalue3":10.9773753368355,"mychoice":2,"simchoice":2,"myA1":5.391050148755312,"myA2":6.382161232177168,"myA3":6.490584679413587,"myB1":1.6142369946464896,"myB2":6.2876888806931674,"myB3":1.8217524560168386,"simA1":4.60025910520926,"simA2":6.2205648701638,"simA3":3.88418034650385,"simB1":0.0659272680059075,"simB2":9.38319087261334,"simB3":2.42171092424542}