{"ppntid":0,"trialid":4,"simBweight":2.92900152504444,"myBweight":1.1656292236875743,"myvalue1":16.26582686478885,"myvalue2":13.889701110863907,"myvalue3":9.173158332892038,"simvalue1":29.0820167366599,"simvalue2":31.8749931806181,"simvalue3":27.5839703264988,"mychoice":1,"simchoice":2,"myA1":8.264064737595618,"myA2":9.474787474609911,"myA3":6.652900550980121,"myB1":6.864757647272199,"myB2":3.787579743657261,"myB3":2.162143613677472,"simA1":7.23374933004379,"simA2":5.64809889299795,"simA3":3.88609998160973,"simB1":7.459288504906,"simB2":8.95420984365046,"simB3":8.0907674995251}