{"ppntid":0,"trialid":1,"simBweight":2.92900152504444,"myBweight":4.825314448680729,"myvalue1":32.1298159660257,"myvalue2":15.275383676100049,"myvalue3":55.63864526065348,"simvalue1":24.8420819882576,"simvalue2":16.5181396438975,"simvalue3":37.2214369068358,"mychoice":3,"simchoice":3,"myA1":5.409532971680164,"myA2":6.012331999372691,"myA3":9.027928365394473,"myB1":5.537521601654589,"myB2":1.9196783495135605,"myB3":9.659622681792825,"simA1":5.67112212534994,"simA2":2.389488783665,"simA3":8.77995934104547,"simB1":6.54522017110139,"simB2":4.82370894635096,"simB3":9.71029797103256}