{"ppntid":0,"trialid":1,"simBweight":2.92900152504444,"myBweight":0.7432369224261492,"myvalue1":10.097014384719646,"myvalue2":7.4992885848543285,"myvalue3":15.231645403355113,"simvalue1":24.8420819882576,"simvalue2":16.5181396438975,"simvalue3":37.2214369068358,"mychoice":3,"simchoice":3,"myA1":5.40273486636579,"myA2":5.189101190771908,"myA3":8.571364663075656,"myB1":6.315993429161608,"myB2":3.1082785641774535,"myB3":8.961181205231696,"simA1":5.67112212534994,"simA2":2.389488783665,"simA3":8.77995934104547,"simB1":6.54522017110139,"simB2":4.82370894635096,"simB3":9.71029797103256}