{"ppntid":0,"trialid":5,"simBweight":2.92900152504444,"myBweight":2.837794495280832,"myvalue1":23.601127600778128,"myvalue2":7.121137615046665,"myvalue3":2.5298789979046723,"simvalue1":13.2756742221018,"simvalue2":30.3546781549135,"simvalue3":23.5392310011038,"mychoice":1,"simchoice":2,"myA1":7.294660659972578,"myA2":2.0974663365632296,"myA3":1.4011468994431198,"myB1":5.746176112443209,"myB2":1.7702731071040034,"myB3":0.39774976670742035,"simA1":8.18546326132491,"simA2":4.21199968550354,"simA3":1.76696498412639,"simB1":1.73786558909342,"simB2":8.92545744543895,"simB3":7.43334062164649}