{"ppntid":0,"trialid":2,"simBweight":2.92900152504444,"myBweight":2.0232470496557653,"myvalue1":10.81395621625564,"myvalue2":19.84972974048769,"myvalue3":12.227625837404762,"simvalue1":4.79336017374058,"simvalue2":33.7039452458313,"simvalue3":10.9773753368355,"mychoice":2,"simchoice":2,"myA1":5.019975088071078,"myA2":9.565138060133904,"myA3":3.36405080743134,"myB1":2.863704226911068,"myB2":5.083211010787636,"myB3":4.380866405554116,"simA1":4.60025910520926,"simA2":6.2205648701638,"simA3":3.88418034650385,"simB1":0.0659272680059075,"simB2":9.38319087261334,"simB3":2.42171092424542}