{"ppntid":0,"trialid":3,"simBweight":2.92900152504444,"myBweight":0.6189860426820815,"myvalue1":8.533780736656006,"myvalue2":3.5911285782183278,"myvalue3":15.091293792652433,"simvalue1":8.12483891560789,"simvalue2":28.2043243209439,"simvalue3":35.1603063288223,"mychoice":3,"simchoice":3,"myA1":5.4350331402383745,"myA2":2.396766385063529,"myA3":9.790823131334037,"myB1":5.00616715522483,"myB2":1.929546243045479,"myB3":8.56315053300932,"simA1":5.65594530198723,"simA2":1.80899103172123,"simA3":9.04499290045351,"simB1":0.842913051601499,"simB2":9.01171715464443,"simB3":8.91611465718597}