{"ppntid":0,"trialid":4,"simBweight":2.92900152504444,"myBweight":0.7494318671524525,"myvalue1":5.091150985496531,"myvalue2":4.96329082174768,"myvalue3":5.19936434136211,"simvalue1":29.0820167366599,"simvalue2":31.8749931806181,"simvalue3":27.5839703264988,"mychoice":3,"simchoice":2,"myA1":0.9058388229459524,"myA2":1.656688880175352,"myA3":1.9505945988930762,"myB1":5.584646645002067,"myB2":4.412144834641367,"myB3":4.334976780228317,"simA1":7.23374933004379,"simA2":5.64809889299795,"simA3":3.88609998160973,"simB1":7.459288504906,"simB2":8.95420984365046,"simB3":8.0907674995251}