{"ppntid":0,"trialid":1,"simBweight":2.92900152504444,"myBweight":2.532171686179936,"myvalue1":22.871350941335326,"myvalue2":13.586342562791172,"myvalue3":34.292194315250036,"simvalue1":24.8420819882576,"simvalue2":16.5181396438975,"simvalue3":37.2214369068358,"mychoice":3,"simchoice":3,"myA1":6.445289449766278,"myA2":5.553122800774872,"myA3":9.74035111721605,"myB1":6.486946197692305,"myB2":3.1724625173956156,"myB3":9.695963086560369,"simA1":5.67112212534994,"simA2":2.389488783665,"simA3":8.77995934104547,"simB1":6.54522017110139,"simB2":4.82370894635096,"simB3":9.71029797103256}