{"ppntid":0,"trialid":2,"simBweight":2.92900152504444,"myBweight":1.0094771417789161,"myvalue1":10.20540088583681,"myvalue2":12.938145264238239,"myvalue3":8.584758469572861,"simvalue1":4.79336017374058,"simvalue2":33.7039452458313,"simvalue3":10.9773753368355,"mychoice":2,"simchoice":2,"myA1":8.09321534819901,"myA2":9.339569043368101,"myA3":6.599836011882871,"myB1":2.0923559833317995,"myB2":3.564792179968208,"myB3":1.9662876706570387,"simA1":4.60025910520926,"simA2":6.2205648701638,"simA3":3.88418034650385,"simB1":0.0659272680059075,"simB2":9.38319087261334,"simB3":2.42171092424542}