{"ppntid":0,"trialid":1,"simBweight":2.92900152504444,"myBweight":0.5639778380282223,"myvalue1":7.139094497741444,"myvalue2":2.8514216909664944,"myvalue3":14.626674291302521,"simvalue1":24.8420819882576,"simvalue2":16.5181396438975,"simvalue3":37.2214369068358,"mychoice":3,"simchoice":3,"myA1":3.6480897897854447,"myA2":2.0378256402909756,"myA3":9.153264809865505,"myB1":6.189967889804393,"myB2":1.4426028751768172,"myB3":9.705008091405034,"simA1":5.67112212534994,"simA2":2.389488783665,"simA3":8.77995934104547,"simB1":6.54522017110139,"simB2":4.82370894635096,"simB3":9.71029797103256}