{"ppntid":0,"trialid":10,"simBweight":2.92900152504444,"myBweight":2.3902972869109362,"myvalue1":31.00054521496228,"myvalue2":9.625621072606616,"myvalue3":17.067261503693185,"simvalue1":37.9813174690878,"simvalue2":6.61483609034862,"simvalue3":27.6690730806335,"mychoice":1,"simchoice":1,"myA1":9.41967198625207,"myA2":4.183643106371164,"myA3":5.908508892171085,"myB1":9.028531031217426,"myB2":2.2766950353980064,"myB3":4.668353460729122,"simA1":9.01910115499049,"simA2":0.586219872348011,"simA3":0.457009491510689,"simB1":9.88808509195223,"simB2":2.05824960023165,"simB3":9.29055972024798}