{"ppntid":0,"trialid":3,"simBweight":2.92900152504444,"myBweight":4.598697031615302,"myvalue1":19.043163244897936,"myvalue2":28.226088786610827,"myvalue3":47.054218137805194,"simvalue1":8.12483891560789,"simvalue2":28.2043243209439,"simvalue3":35.1603063288223,"mychoice":3,"simchoice":3,"myA1":0.8642935799434781,"myA2":2.796174285467714,"myA3":6.281053032726049,"myB1":3.953047904651612,"myB2":5.529808623250574,"myB3":8.8662429433316,"simA1":5.65594530198723,"simA2":1.80899103172123,"simA3":9.04499290045351,"simB1":0.842913051601499,"simB2":9.01171715464443,"simB3":8.91611465718597}