{"ppntid":0,"trialid":5,"simBweight":2.92900152504444,"myBweight":1.0172644152771682,"myvalue1":10.31944604674534,"myvalue2":12.117958597077752,"myvalue3":13.784304123468885,"simvalue1":13.2756742221018,"simvalue2":30.3546781549135,"simvalue3":23.5392310011038,"mychoice":3,"simchoice":2,"myA1":1.6720535582862794,"myA2":6.577385368291289,"myA3":9.503554878756404,"myB1":8.50063401274383,"myB2":5.446541868150234,"myB3":4.2080988781526685,"simA1":8.18546326132491,"simA2":4.21199968550354,"simA3":1.76696498412639,"simB1":1.73786558909342,"simB2":8.92545744543895,"simB3":7.43334062164649}