{"ppntid":0,"trialid":4,"simBweight":2.92900152504444,"myBweight":2.2815140534657985,"myvalue1":28.091262639789324,"myvalue2":16.443794539747195,"myvalue3":13.249790304755757,"simvalue1":29.0820167366599,"simvalue2":31.8749931806181,"simvalue3":27.5839703264988,"mychoice":1,"simchoice":2,"myA1":5.9692054614424706,"myA2":4.2362282844260335,"myA3":2.954355999827385,"myB1":9.69621780095622,"myB2":5.350642586126924,"myB3":4.512544767931104,"simA1":7.23374933004379,"simA2":5.64809889299795,"simA3":3.88609998160973,"simB1":7.459288504906,"simB2":8.95420984365046,"simB3":8.0907674995251}