{"ppntid":0,"trialid":2,"simBweight":2.92900152504444,"myBweight":3.696855850284919,"myvalue1":16.427294384569052,"myvalue2":23.30763314989569,"myvalue3":16.818631309783886,"simvalue1":4.79336017374058,"simvalue2":33.7039452458313,"simvalue3":10.9773753368355,"mychoice":2,"simchoice":2,"myA1":1.9829868990927935,"myA2":0.8320082677528262,"myA3":1.966071673668921,"myB1":3.9071870991028845,"myB2":6.079659524839371,"myB3":4.017619360238314,"simA1":4.60025910520926,"simA2":6.2205648701638,"simA3":3.88418034650385,"simB1":0.0659272680059075,"simB2":9.38319087261334,"simB3":2.42171092424542}