{"ppntid":0,"trialid":5,"simBweight":2.92900152504444,"myBweight":4.862028964562342,"myvalue1":18.169748473625354,"myvalue2":50.126300498999804,"myvalue3":32.57548481253933,"simvalue1":13.2756742221018,"simvalue2":30.3546781549135,"simvalue3":23.5392310011038,"mychoice":2,"simchoice":2,"myA1":9.07411210006103,"myA2":2.4535041116178036,"myA3":5.1809067744761705,"myB1":1.870749113149941,"myB2":9.805123896803707,"myB3":5.634392192587256,"simA1":8.18546326132491,"simA2":4.21199968550354,"simA3":1.76696498412639,"simB1":1.73786558909342,"simB2":8.92545744543895,"simB3":7.43334062164649}