{"ppntid":0,"trialid":4,"simBweight":2.92900152504444,"myBweight":1.7095747822895646,"myvalue1":22.404125899928594,"myvalue2":18.617058703142625,"myvalue3":16.35045569968261,"simvalue1":29.0820167366599,"simvalue2":31.8749931806181,"simvalue3":27.5839703264988,"mychoice":1,"simchoice":2,"myA1":7.708077158313245,"myA2":5.95762062817812,"myA3":7.264096364378929,"myB1":8.596318156924099,"myB2":7.405021532904357,"myB3":5.314982081763446,"simA1":7.23374933004379,"simA2":5.64809889299795,"simA3":3.88609998160973,"simB1":7.459288504906,"simB2":8.95420984365046,"simB3":8.0907674995251}