{"ppntid":0,"trialid":17,"simBweight":2.92900152504444,"myBweight":2.3817869962658733,"myvalue1":22.714814675802423,"myvalue2":7.2735506230610945,"myvalue3":18.550525744755543,"simvalue1":19.9234262640653,"simvalue2":13.9677524902278,"simvalue3":11.0300755708769,"mychoice":1,"simchoice":1,"myA1":7.58300150744617,"myA2":0.6025956384837627,"myA3":3.7908177776262164,"myB1":6.353134512901306,"myB2":2.8008192987181246,"myB3":6.196905092801899,"simA1":9.80476663913578,"simA2":2.00600294396281,"simA3":5.52263837540522,"simB1":3.45464471029118,"simB2":4.08390007447451,"simB3":1.88031216384843}