{"ppntid":0,"trialid":5,"simBweight":2.92900152504444,"myBweight":1.1404311296064407,"myvalue1":16.991199440722802,"myvalue2":10.263855767697493,"myvalue3":7.007843478774543,"simvalue1":13.2756742221018,"simvalue2":30.3546781549135,"simvalue3":23.5392310011038,"mychoice":1,"simchoice":2,"myA1":7.7046466316096485,"myA2":4.439925299957395,"myA3":2.2088149492628872,"myB1":8.143019396811724,"myB2":5.106779634952545,"myB3":4.208082719705999,"simA1":8.18546326132491,"simA2":4.21199968550354,"simA3":1.76696498412639,"simB1":1.73786558909342,"simB2":8.92545744543895,"simB3":7.43334062164649}