{"ppntid":0,"trialid":18,"simBweight":2.92900152504444,"myBweight":3.54724581586197,"myvalue1":9.646223624273013,"myvalue2":19.026514201099722,"myvalue3":25.80915704166245,"simvalue1":29.278641166275,"simvalue2":22.3575730969011,"simvalue3":16.2277070528167,"mychoice":3,"simchoice":3,"myA1":9.152386630885303,"myA2":9.943203541915864,"myA3":0.39959478890523314,"myB1":0.13921702047809958,"myB2":2.5606656912714243,"myB3":7.163180555216968,"simA1":3.45552658895031,"simA2":1.83656022651121,"simA3":8.13114545540884,"simB1":8.81635409081355,"simB2":7.00614618835971,"simB3":2.76427360251546}