{"ppntid":0,"trialid":15,"simBweight":2.92900152504444,"myBweight":0.4027008672710508,"myvalue1":11.168045881820039,"myvalue2":7.493493262772773,"myvalue3":6.136134449619557,"simvalue1":30.7336370866232,"simvalue2":31.7994098581279,"simvalue3":6.46325227742265,"mychoice":1,"simchoice":2,"myA1":8.27794624492526,"myA2":5.443122880533338,"myA3":5.281591159291565,"myB1":7.176790197845548,"myB2":5.091546974144876,"myB3":2.122029922902584,"simA1":7.56775138666853,"simA2":5.10697468882427,"simA3":4.38148951623589,"simB1":7.90914088021964,"simB2":9.11315168021247,"simB3":0.710741439834237}