{"ppntid":0,"trialid":3,"simBweight":2.92900152504444,"myBweight":1.553835985250771,"myvalue1":8.025957623824869,"myvalue2":12.14622318423064,"myvalue3":17.31846255261852,"simvalue1":8.12483891560789,"simvalue2":28.2043243209439,"simvalue3":35.1603063288223,"mychoice":3,"simchoice":3,"myA1":6.338816920761019,"myA2":2.0508685777895153,"myA3":9.468647204339504,"myB1":1.0857907263562083,"myB2":6.497052907943726,"myB3":5.051894423086196,"simA1":5.65594530198723,"simA2":1.80899103172123,"simA3":9.04499290045351,"simB1":0.842913051601499,"simB2":9.01171715464443,"simB3":8.91611465718597}