{"ppntid":0,"trialid":5,"simBweight":2.92900152504444,"myBweight":2.3431352025363594,"myvalue1":31.14366256553502,"myvalue2":29.376658418465297,"myvalue3":20.696441302051273,"simvalue1":13.2756742221018,"simvalue2":30.3546781549135,"simvalue3":23.5392310011038,"mychoice":1,"simchoice":2,"myA1":9.796332805417478,"myA2":6.537383273243904,"myA3":3.8549304381012917,"myB1":9.110583860892802,"myB2":9.747314248234034,"myB3":7.187596706207842,"simA1":8.18546326132491,"simA2":4.21199968550354,"simA3":1.76696498412639,"simB1":1.73786558909342,"simB2":8.92545744543895,"simB3":7.43334062164649}