{"ppntid":0,"trialid":4,"simBweight":2.92900152504444,"myBweight":3.719120032619685,"myvalue1":14.097042132668845,"myvalue2":26.66569059645834,"myvalue3":22.927200045598333,"simvalue1":29.0820167366599,"simvalue2":31.8749931806181,"simvalue3":27.5839703264988,"mychoice":2,"simchoice":2,"myA1":3.5677268565632403,"myA2":5.350642586126924,"myA3":6.546325492672622,"myB1":2.831130800768733,"myB2":5.7312073349021375,"myB3":4.404502788092941,"simA1":7.23374933004379,"simA2":5.64809889299795,"simA3":3.88609998160973,"simB1":7.459288504906,"simB2":8.95420984365046,"simB3":8.0907674995251}