{"ppntid":0,"trialid":6,"simBweight":2.92900152504444,"myBweight":2.6711778179742396,"myvalue1":32.00856447613913,"myvalue2":6.615987089645386,"myvalue3":24.77032613905952,"simvalue1":32.3724469339229,"simvalue2":7.31317136996306,"simvalue3":26.9463834162194,"mychoice":1,"simchoice":1,"myA1":6.673965463414788,"myA2":0.6480283010751009,"myA3":9.595568755175918,"myB1":9.484429992735386,"myB2":2.23420498194173,"myB3":5.680923704057932,"simA1":5.60983883915469,"simA2":0.712338301818818,"simA3":8.53584753349423,"simB1":9.13710964843631,"simB2":2.25361202843487,"simB3":6.28560133045539}