{"ppntid":0,"trialid":3,"simBweight":2.92900152504444,"myBweight":4.334007282741368,"myvalue1":25.844411706504648,"myvalue2":15.813645202715914,"myvalue3":50.35904725710734,"simvalue1":8.12483891560789,"simvalue2":28.2043243209439,"simvalue3":35.1603063288223,"mychoice":3,"simchoice":3,"myA1":0.5189247778616846,"myA2":5.085997490677983,"myA3":8.330519702285528,"myB1":5.84343432681635,"myB2":2.4752260465174913,"myB3":9.697382771410048,"simA1":5.65594530198723,"simA2":1.80899103172123,"simA3":9.04499290045351,"simB1":0.842913051601499,"simB2":9.01171715464443,"simB3":8.91611465718597}