{"ppntid":0,"trialid":4,"simBweight":2.92900152504444,"myBweight":4.315982136176899,"myvalue1":37.3760170724414,"myvalue2":44.09295257199093,"myvalue3":40.64521547380219,"simvalue1":29.0820167366599,"simvalue2":31.8749931806181,"simvalue3":27.5839703264988,"mychoice":2,"simchoice":2,"myA1":8.010176797397435,"myA2":2.5871268287301064,"myA3":2.167177847586572,"myB1":6.803976325318217,"myB2":9.61677422048524,"myB3":8.915244876407087,"simA1":7.23374933004379,"simA2":5.64809889299795,"simA3":3.88609998160973,"simB1":7.459288504906,"simB2":8.95420984365046,"simB3":8.0907674995251}