{"ppntid":0,"trialid":14,"simBweight":2.92900152504444,"myBweight":1.3960982067510486,"myvalue1":15.898846421088436,"myvalue2":11.336503991071112,"myvalue3":11.005641352665078,"simvalue1":21.4466630013766,"simvalue2":16.5967321665458,"simvalue3":17.1931218988671,"mychoice":1,"simchoice":2,"myA1":4.004444978199899,"myA2":1.22233962174505,"myA3":7.851277778390795,"myB1":8.519745520316064,"myB2":7.244593768846244,"myB3":2.2594138141721487,"simA1":9.75632399087772,"simA2":8.09382772771642,"simA3":2.75334256468341,"simB1":3.99123691488057,"simB2":2.90300444234163,"simB3":4.92993233725429}