{"ppntid":0,"trialid":8,"simBweight":2.92900152504444,"myBweight":4.618404507637024,"myvalue1":39.10502094755073,"myvalue2":8.676490669748752,"myvalue3":28.060907592466624,"simvalue1":24.3077395788662,"simvalue2":12.8486379765393,"simvalue3":21.1752809804918,"mychoice":1,"simchoice":3,"myA1":3.667672355659306,"myA2":5.99529433529824,"myA3":9.649972491897643,"myB1":7.673071627505124,"myB2":0.5805460154078901,"myB3":3.986427579075098,"simA1":4.10054257372394,"simA2":3.45694060437381,"simA3":8.24872852535918,"simB1":6.89900528639555,"simB2":3.20645014755428,"simB3":4.41329659428447}