{"ppntid":0,"trialid":3,"simBweight":2.92900152504444,"myBweight":1.5647213789634407,"myvalue1":9.072029966345877,"myvalue2":17.14647834786483,"myvalue3":23.824841977812653,"simvalue1":8.12483891560789,"simvalue2":28.2043243209439,"simvalue3":35.1603063288223,"mychoice":3,"simchoice":3,"myA1":2.466225710231811,"myA2":8.710099016316235,"myA3":8.7958681746386,"myB1":4.221712788566947,"myB2":5.391617603600025,"myB3":9.604888132307678,"simA1":5.65594530198723,"simA2":1.80899103172123,"simA3":9.04499290045351,"simB1":0.842913051601499,"simB2":9.01171715464443,"simB3":8.91611465718597}