{"ppntid":0,"trialid":14,"simBweight":2.92900152504444,"myBweight":3.5820519051048905,"myvalue1":11.407534945781947,"myvalue2":16.22486542810627,"myvalue3":20.98608882520093,"simvalue1":21.4466630013766,"simvalue2":16.5967321665458,"simvalue3":17.1931218988671,"mychoice":3,"simchoice":2,"myA1":9.436815252993256,"myA2":7.831616785842925,"myA3":4.2768379230983555,"myB1":0.5501650297082961,"myB2":2.343139871954918,"myB3":4.664714902173728,"simA1":9.75632399087772,"simA2":8.09382772771642,"simA3":2.75334256468341,"simB1":3.99123691488057,"simB2":2.90300444234163,"simB3":4.92993233725429}