{"ppntid":0,"trialid":3,"simBweight":2.92900152504444,"myBweight":0.9445445891469717,"myvalue1":13.562468753822165,"myvalue2":3.547440614348086,"myvalue3":13.653563399028817,"simvalue1":8.12483891560789,"simvalue2":28.2043243209439,"simvalue3":35.1603063288223,"mychoice":3,"simchoice":3,"myA1":7.575212519150227,"myA2":0.7994449185207486,"myA3":4.8255361081101,"myB1":6.338775642216206,"myB2":2.9093340085819364,"myB3":9.346331970300525,"simA1":5.65594530198723,"simA2":1.80899103172123,"simA3":9.04499290045351,"simB1":0.842913051601499,"simB2":9.01171715464443,"simB3":8.91611465718597}