{"ppntid":0,"trialid":2,"simBweight":2.92900152504444,"myBweight":0.9970330609939992,"myvalue1":5.523820091037308,"myvalue2":7.620590329285477,"myvalue3":6.855628972510756,"simvalue1":4.79336017374058,"simvalue2":33.7039452458313,"simvalue3":10.9773753368355,"mychoice":2,"simchoice":2,"myA1":2.789967036806047,"myA2":3.31924706697464,"myA3":4.003960406407714,"myB1":2.741988366469741,"myB2":4.314143061637878,"myB3":2.860154469963163,"simA1":4.60025910520926,"simA2":6.2205648701638,"simA3":3.88418034650385,"simB1":0.0659272680059075,"simB2":9.38319087261334,"simB3":2.42171092424542}