{"ppntid":0,"trialid":3,"simBweight":2.92900152504444,"myBweight":2.9075203370302916,"myvalue1":18.38894963602807,"myvalue2":20.212515517801513,"myvalue3":37.311202208689465,"simvalue1":8.12483891560789,"simvalue2":28.2043243209439,"simvalue3":35.1603063288223,"mychoice":3,"simchoice":3,"myA1":1.0319442162290215,"myA2":4.167847442440689,"myA3":8.705305885523558,"myB1":5.969693555962294,"myB2":5.518333911895752,"myB3":9.83858855906874,"simA1":5.65594530198723,"simA2":1.80899103172123,"simA3":9.04499290045351,"simB1":0.842913051601499,"simB2":9.01171715464443,"simB3":8.91611465718597}