{"ppntid":0,"trialid":5,"simBweight":2.92900152504444,"myBweight":3.4559482941403985,"myvalue1":20.881894205110406,"myvalue2":6.655142986284842,"myvalue3":16.840742656952344,"simvalue1":13.2756742221018,"simvalue2":30.3546781549135,"simvalue3":23.5392310011038,"mychoice":1,"simchoice":2,"myA1":5.468610601965338,"myA2":0.7844255608506501,"myA3":2.209179645869881,"myB1":4.459928879514337,"myB2":1.6987283737398684,"myB3":4.233733194414526,"simA1":8.18546326132491,"simA2":4.21199968550354,"simA3":1.76696498412639,"simB1":1.73786558909342,"simB2":8.92545744543895,"simB3":7.43334062164649}