{"A1":7.14508535340428,"A2":9.96612856863067,"A3":5.06270894315094,"B1":7.34914857312106,"B2":9.73742052912712,"B3":12.4620961840264,"calc1":-3.7424669412291243,"calc2":-2.2280578948187304,"calc3":3.527501803711884,"ordA_12":"=","ordA_13":">","ordA_23":">","ordB_12":"=","ordB_13":"=","ordB_23":"=","ppntid":2,"calcsd":5,"Aweight":-0.542492572263425,"Bweight":0.595980577187475,"tolA":3,"tolB":3,"score1":0.15600000000000003,"score2":0.40199999999999997,"score3":0.442}