{"ppntid":9,"myBweight":0.37645909814355144,"simBweight":1,"simval1":10,"simval2":5,"myval1":2.76812956434894,"myval2":6.980892388750974,"mychoice":1,"simchoice":1,"oraclechoice":1,"myA1":1.4522662321161262,"myA2":6.548579110683653,"myB1":3.495368656838913,"myB2":1.1483671936717865,"simA1":5,"simA2":5,"simB1":10,"simB2":5}