{"ppntid":9,"myBweight":0.4668699742142329,"simBweight":1,"simval1":10,"simval2":5,"myval1":12.652068488835248,"myval2":4.028678188013546,"mychoice":1,"simchoice":1,"oraclechoice":1,"myA1":9.020180342133559,"myA2":3.387369676477563,"myB1":7.779228366129887,"myB2":1.3736340886246534,"simA1":5,"simA2":5,"simB1":10,"simB2":5}