{"ppntid":9,"myBweight":0.6360724336406182,"simBweight":1,"simval1":10,"simval2":5,"myval1":12.030410099583428,"myval2":7.879836876206818,"mychoice":1,"simchoice":1,"oraclechoice":1,"myA1":6.744542903108892,"myA2":2.5434950703839343,"myB1":8.310165504611476,"myB2":8.389519060399849,"simA1":5,"simA2":5,"simB1":10,"simB2":5}