{"ppntid":9,"myBweight":0.4328823005744008,"simBweight":1,"simval1":8.88888888888889,"simval2":5,"myval1":9.05947845739493,"myval2":7.302376574894272,"mychoice":1,"simchoice":1,"oraclechoice":1,"myA1":8.368888472147063,"myA2":6.084958291724494,"myB1":1.5953296873804002,"myB2":2.8123540314638884,"simA1":5,"simA2":5,"simB1":8.88888888888889,"simB2":5}