{"ppntid":9,"myBweight":0.5821963434132524,"simBweight":1,"simval1":8.88888888888889,"simval2":5,"myval1":12.652228915522159,"myval2":7.847280831348809,"mychoice":2,"simchoice":1,"oraclechoice":1,"myA1":8.792609299292417,"myA2":2.9510921003505874,"myB1":6.629412327810038,"myB2":8.409858265844221,"simA1":5,"simA2":5,"simB1":8.88888888888889,"simB2":5}