{"ppntid":9,"myBweight":0.35700639102319603,"simBweight":1,"simval1":10,"simval2":5,"myval1":5.078809291932255,"myval2":8.556090039032004,"mychoice":2,"simchoice":1,"oraclechoice":1,"myA1":4.9200318866650905,"myA2":6.93078735419469,"myB1":0.44474667473627383,"myB2":4.5525870844472145,"simA1":5,"simA2":5,"simB1":10,"simB2":5}