{"ppntid":9,"myBweight":0.4875751873616307,"simBweight":1,"simval1":10,"simval2":5,"myval1":7.441841983995943,"myval2":4.274466031745863,"mychoice":1,"simchoice":1,"oraclechoice":1,"myA1":2.7442416990907037,"myA2":3.6924026752622585,"myB1":9.634617196836693,"myB2":1.1937919967446842,"simA1":5,"simA2":5,"simB1":10,"simB2":5}