{"ppntid":9,"myBweight":0.40782626789622384,"simBweight":1,"simval1":6.66666666666667,"simval2":5,"myval1":6.572827831342338,"myval2":8.43149407479765,"mychoice":2,"simchoice":2,"oraclechoice":1,"myA1":4.06620102546132,"myA2":8.392704303498757,"myB1":6.146310336534917,"myB2":0.0951134695148248,"simA1":5,"simA2":5,"simB1":6.66666666666667,"simB2":5}