{"ppntid":9,"myBweight":0.626679515826725,"simBweight":1,"simval1":8.88888888888889,"simval2":5,"myval1":11.784006929938577,"myval2":10.230361954736695,"mychoice":1,"simchoice":1,"oraclechoice":1,"myA1":5.814304289662466,"myA2":6.451374924936695,"myB1":9.525925915099986,"myB2":6.030174809231963,"simA1":5,"simA2":5,"simB1":8.88888888888889,"simB2":5}