{"ppntid":9,"myBweight":0.2411330413059047,"simBweight":1,"simval1":10,"simval2":5,"myval1":1.1217686869085073,"myval2":4.922572012249194,"mychoice":1,"simchoice":1,"oraclechoice":1,"myA1":0.8291778991606824,"myA2":2.950532100240748,"myB1":1.2133998151528314,"myB2":8.1782235289219,"simA1":5,"simA2":5,"simB1":10,"simB2":5}