{"ppntid":9,"myBweight":0.5843567163706953,"simBweight":1,"simval1":10,"simval2":5,"myval1":13.566024686062988,"myval2":7.4444587718427115,"mychoice":1,"simchoice":1,"oraclechoice":1,"myA1":9.020180342133559,"myA2":3.387369676477563,"myB1":7.779228366129887,"myB2":6.942829579443859,"simA1":5,"simA2":5,"simB1":10,"simB2":5}