{"ppntid":9,"myBweight":0.378056033487493,"simBweight":1,"simval1":10,"simval2":5,"myval1":9.319058878908164,"myval2":6.879659746626476,"mychoice":1,"simchoice":1,"oraclechoice":1,"myA1":5.7108200081996525,"myA2":5.0690367663233316,"myB1":9.544190678358477,"myB2":4.7892979344900315,"simA1":5,"simA2":5,"simB1":10,"simB2":5}