{"ppntid":9,"myBweight":0.3751042442658942,"simBweight":1,"simval1":10,"simval2":5,"myval1":7.792666208166844,"myval2":5.974159018179743,"mychoice":1,"simchoice":1,"oraclechoice":1,"myA1":5.643729978034699,"myA2":3.2465336785131282,"myB1":5.728904065955764,"myB2":7.271646166000528,"simA1":5,"simA2":5,"simB1":10,"simB2":5}