{"ppntid":9,"myBweight":0.4447516751799164,"simBweight":1,"simval1":10,"simval2":5,"myval1":11.301067873667602,"myval2":7.8940019474032646,"mychoice":1,"simchoice":1,"oraclechoice":1,"myA1":8.480326353638732,"myA2":6.472084188092255,"myB1":6.342284194630157,"myB2":3.197104898448775,"simA1":5,"simA2":5,"simB1":10,"simB2":5}