{"ppntid":9,"myBweight":0.4403148521586732,"simBweight":1,"simval1":10,"simval2":5,"myval1":10.267067677867473,"myval2":6.810798967543606,"mychoice":1,"simchoice":1,"oraclechoice":1,"myA1":7.835013624154225,"myA2":2.479264537142105,"myB1":5.523443149350831,"myB2":9.837357084744841,"simA1":5,"simA2":5,"simB1":10,"simB2":5}