{"ppntid":9,"myBweight":0.49466601160332063,"simBweight":1,"simval1":8.88888888888889,"simval2":5,"myval1":7.8411769253074795,"myval2":6.687468748205364,"mychoice":1,"simchoice":1,"oraclechoice":1,"myA1":7.761608232276251,"myA2":2.1231576212710213,"myB1":0.1608533660384892,"myB2":9.227056276093062,"simA1":5,"simA2":5,"simB1":8.88888888888889,"simB2":5}