{"ppntid":9,"myBweight":0.6665177728955234,"simBweight":1,"simval1":10,"simval2":5,"myval1":13.701990948458771,"myval2":6.609569791546945,"mychoice":1,"simchoice":1,"oraclechoice":1,"myA1":8.086036183683415,"myA2":1.869809040539252,"myB1":8.425813973989342,"myB2":7.111229353145321,"simA1":5,"simA2":5,"simB1":10,"simB2":5}