{"ppntid":9,"myBweight":0.47490825308036033,"simBweight":1,"simval1":6.66666666666667,"simval2":5,"myval1":5.875644729821269,"myval2":10.263610931822502,"mychoice":2,"simchoice":2,"oraclechoice":1,"myA1":3.230216861865711,"myA2":9.533604554768878,"myB1":5.570397757454677,"myB2":1.5371524337988252,"simA1":5,"simA2":5,"simB1":6.66666666666667,"simB2":5}