{"ppntid":9,"myBweight":0.5325088403190658,"simBweight":1,"simval1":10,"simval2":5,"myval1":10.343484803405376,"myval2":8.035405693148572,"mychoice":1,"simchoice":1,"oraclechoice":1,"myA1":7.663835881009648,"myA2":5.350101144777588,"myB1":5.032121008151059,"myB2":5.04274172568106,"simA1":5,"simA2":5,"simB1":10,"simB2":5}