{"ppntid":9,"myBweight":0.5172634837949769,"simBweight":1,"simval1":10,"simval2":5,"myval1":11.028927133400838,"myval2":10.75168938633239,"mychoice":2,"simchoice":1,"oraclechoice":1,"myA1":6.369087450924704,"myA2":7.000167463496321,"myB1":9.008638398923042,"myB2":7.25263244045858,"simA1":5,"simA2":5,"simB1":10,"simB2":5}