{"ppntid":9,"myBweight":0.3505903806980404,"simBweight":1,"simval1":6.66666666666667,"simval2":5,"myval1":7.850030591522085,"myval2":10.49114533473687,"mychoice":1,"simchoice":2,"oraclechoice":1,"myA1":4.819688590288223,"myA2":7.819391566440714,"myB1":8.643540062908519,"myB2":7.620727536724141,"simA1":5,"simA2":5,"simB1":6.66666666666667,"simB2":5}