{"ppntid":9,"myBweight":0.06303946911651499,"simBweight":1,"simval1":10,"simval2":5,"myval1":4.676510414047071,"myval2":7.715615504534717,"mychoice":2,"simchoice":1,"oraclechoice":1,"myA1":4.347392673000621,"myA2":7.284807395314679,"myB1":5.220820315573187,"myB2":6.833942532475669,"simA1":5,"simA2":5,"simB1":10,"simB2":5}