{"ppntid":9,"myBweight":0.5966284114974365,"simBweight":1,"simval1":10,"simval2":5,"myval1":13.72142085017422,"myval2":7.808932736548502,"mychoice":1,"simchoice":1,"oraclechoice":1,"myA1":8.758346881269956,"myA2":6.293223382317623,"myB1":8.318534406445357,"myB2":2.5404578880625284,"simA1":5,"simA2":5,"simB1":10,"simB2":5}