{"ppntid":9,"myBweight":0.30056432543244116,"simBweight":1,"simval1":8.88888888888889,"simval2":5,"myval1":6.3320449937072,"myval2":5.549613007978696,"mychoice":2,"simchoice":1,"oraclechoice":1,"myA1":4.705711898833931,"myA2":2.8219099919888246,"myB1":5.410931894639724,"myB2":9.07527203058896,"simA1":5,"simA2":5,"simB1":8.88888888888889,"simB2":5}