{"ppntid":9,"myBweight":0.5214697367036237,"simBweight":1,"simval1":10,"simval2":5,"myval1":11.144988355877746,"myval2":10.457014452497269,"mychoice":1,"simchoice":1,"oraclechoice":1,"myA1":6.716003654821101,"myA2":9.001821970960133,"myB1":8.493272743023724,"myB2":2.7905597949669536,"simA1":5,"simA2":5,"simB1":10,"simB2":5}