{"ppntid":9,"myBweight":0.31436744306207753,"simBweight":1,"simval1":10,"simval2":5,"myval1":7.36490019845983,"myval2":8.153069261105408,"mychoice":2,"simchoice":1,"oraclechoice":1,"myA1":5.232185365988499,"myA2":6.8916554117576645,"myB1":6.784146639670279,"myB2":4.0125460736678615,"simA1":5,"simA2":5,"simB1":10,"simB2":5}