{"ppntid":9,"myBweight":0.2709731454984166,"simBweight":1,"simval1":10,"simval2":5,"myval1":2.775450464620449,"myval2":7.145435788541385,"mychoice":1,"simchoice":1,"oraclechoice":1,"myA1":1.6105879481003726,"myA2":6.586303981161041,"myB1":4.298811656695638,"myB2":2.0634214743010793,"simA1":5,"simA2":5,"simB1":10,"simB2":5}