{"ppntid":9,"myBweight":0.5737134352309813,"simBweight":1,"simval1":8.88888888888889,"simval2":5,"myval1":11.83885683883415,"myval2":10.058284478872801,"mychoice":1,"simchoice":1,"oraclechoice":1,"myA1":8.173758840123327,"myA2":8.090865116653365,"myB1":6.388377495875144,"myB2":3.4292719002254812,"simA1":5,"simA2":5,"simB1":8.88888888888889,"simB2":5}