{"ppntid":9,"myBweight":0.5456716911763526,"simBweight":1,"simval1":10,"simval2":5,"myval1":10.123901336675353,"myval2":4.631097933678584,"mychoice":1,"simchoice":1,"oraclechoice":1,"myA1":5.663288146260319,"myA2":0.15386097658057096,"myB1":8.174536562083503,"myB2":8.2050013396261,"simA1":5,"simA2":5,"simB1":10,"simB2":5}