{"ppntid":9,"myBweight":0.4185975338629296,"simBweight":1,"simval1":10,"simval2":5,"myval1":10.371515498304502,"myval2":5.7299578362059576,"mychoice":1,"simchoice":1,"oraclechoice":1,"myA1":8.910014484416124,"myA2":4.481150597193406,"myB1":3.491422895881058,"myB2":2.983312461227914,"simA1":5,"simA2":5,"simB1":10,"simB2":5}