{"ppntid":9,"myBweight":0.5458063977638289,"simBweight":1,"simval1":10,"simval2":5,"myval1":10.903104471963733,"myval2":7.3647041758085745,"mychoice":1,"simchoice":1,"oraclechoice":1,"myA1":7.8217532196291994,"myA2":3.5515297391221146,"myB1":5.64550226043308,"myB2":6.9863131914705505,"simA1":5,"simA2":5,"simB1":10,"simB2":5}