{"ppntid":9,"myBweight":0.5486784878080342,"simBweight":1,"simval1":8.88888888888889,"simval2":5,"myval1":12.357569346830061,"myval2":7.797929770454109,"mychoice":1,"simchoice":1,"oraclechoice":1,"myA1":9.891680249089003,"myA2":5.929273946506608,"myB1":4.494233239564876,"myB2":3.405739181451719,"simA1":5,"simA2":5,"simB1":8.88888888888889,"simB2":5}