{"ppntid":9,"myBweight":0.41390596227093274,"simBweight":1,"simval1":10,"simval2":5,"myval1":10.279146422240661,"myval2":4.888968557377748,"mychoice":1,"simchoice":1,"oraclechoice":1,"myA1":8.673684301643299,"myA2":3.0103860120744064,"myB1":3.878808876752702,"myB2":4.538669931199655,"simA1":5,"simA2":5,"simB1":10,"simB2":5}