{"ppntid":9,"myBweight":0.3496186572499716,"simBweight":1,"simval1":8.88888888888889,"simval2":5,"myval1":7.407910153157085,"myval2":7.8371261161025645,"mychoice":2,"simchoice":1,"oraclechoice":1,"myA1":4.786989440330802,"myA2":5.0321810643203335,"myB1":7.496512724583708,"myB2":8.022870043164605,"simA1":5,"simA2":5,"simB1":8.88888888888889,"simB2":5}