{"ppntid":9,"myBweight":0.48485457296989676,"simBweight":1,"simval1":10,"simval2":5,"myval1":10.920274286043558,"myval2":12.718714753889493,"mychoice":1,"simchoice":1,"oraclechoice":1,"myA1":6.206343399859129,"myA2":9.930237721937207,"myB1":9.722360371502782,"myB2":5.751161662500017,"simA1":5,"simA2":5,"simB1":10,"simB2":5}