{"ppntid":9,"myBweight":0.7892641449277099,"simBweight":1,"simval1":7.77777777777778,"simval2":5,"myval1":9.39362813020341,"myval2":7.203946305143537,"mychoice":1,"simchoice":1,"oraclechoice":1,"myA1":1.6533444950540765,"myA2":1.968527317073756,"myB1":9.806962200035427,"myB2":6.633291302684608,"simA1":5,"simA2":5,"simB1":7.77777777777778,"simB2":5}