{"ppntid":9,"myBweight":0.35700639102319603,"simBweight":1,"simval1":10,"simval2":5,"myval1":9.797979963795175,"myval2":8.663452291229023,"mychoice":2,"simchoice":1,"oraclechoice":1,"myA1":7.558840835075569,"myA2":7.038149606391708,"myB1":6.271986118517752,"myB2":4.5525870844472145,"simA1":5,"simA2":5,"simB1":10,"simB2":5}