{"ppntid":9,"myBweight":0.379646535109652,"simBweight":1,"simval1":10,"simval2":5,"myval1":10.736706703042154,"myval2":5.278143319073267,"mychoice":1,"simchoice":1,"oraclechoice":1,"myA1":8.299502058203107,"myA2":1.4890114766009366,"myB1":6.419667821109227,"myB2":9.980683325288162,"simA1":5,"simA2":5,"simB1":10,"simB2":5}