{"ppntid":9,"myBweight":0.9328008666420727,"simBweight":1,"simval1":10,"simval2":5,"myval1":18.391908926473402,"myval2":5.507351473923597,"mychoice":1,"simchoice":1,"oraclechoice":1,"myA1":9.243176698650522,"myA2":0.3113420226398156,"myB1":9.807808456221515,"myB2":5.570330857419277,"simA1":5,"simA2":5,"simB1":10,"simB2":5}