{"ppntid":9,"myBweight":0.3711192951938392,"simBweight":1,"simval1":10,"simval2":5,"myval1":9.28365471510134,"myval2":8.873466272868061,"mychoice":1,"simchoice":1,"oraclechoice":1,"myA1":7.221398235478196,"myA2":7.071573027207725,"myB1":5.556855993019731,"myB2":4.855293887964487,"simA1":5,"simA2":5,"simB1":10,"simB2":5}