{"ppntid":9,"myBweight":0.4867661485533755,"simBweight":1,"simval1":10,"simval2":5,"myval1":11.413986380182589,"myval2":5.517241185346803,"mychoice":1,"simchoice":1,"oraclechoice":1,"myA1":7.470366970594393,"myA2":3.093135274218024,"myB1":8.101671452109546,"myB2":4.9800215531277185,"simA1":5,"simA2":5,"simB1":10,"simB2":5}