{"ppntid":9,"myBweight":0.43981511276638185,"simBweight":1,"simval1":10,"simval2":5,"myval1":11.191091581869296,"myval2":5.959172804762957,"mychoice":1,"simchoice":1,"oraclechoice":1,"myA1":8.684037987567761,"myA2":2.070751252926315,"myB1":5.700244310688831,"myB2":8.84103669694058,"simA1":5,"simA2":5,"simB1":10,"simB2":5}