{"ppntid":9,"myBweight":0.2763321291529182,"simBweight":1,"simval1":7.77777777777778,"simval2":5,"myval1":7.297450151901397,"myval2":8.989860193361062,"mychoice":1,"simchoice":1,"oraclechoice":1,"myA1":6.810689994057027,"myA2":6.241032305859102,"myB1":1.761504025378835,"myB2":9.947550782199482,"simA1":5,"simA2":5,"simB1":7.77777777777778,"simB2":5}