{"ppntid":9,"myBweight":0.35772611538325494,"simBweight":1,"simval1":10,"simval2":5,"myval1":10.56331449321376,"myval2":5.348985587458024,"mychoice":1,"simchoice":1,"oraclechoice":1,"myA1":7.85108855713379,"myA2":2.7574201036239776,"myB1":7.581850525993015,"myB2":7.244552109530879,"simA1":5,"simA2":5,"simB1":10,"simB2":5}