{"ppntid":9,"myBweight":0.2904698652818221,"simBweight":1,"simval1":10,"simval2":5,"myval1":9.703030157190295,"myval2":6.574336649712384,"mychoice":1,"simchoice":1,"oraclechoice":1,"myA1":8.910014484416124,"myA2":5.525830091245345,"myB1":2.7301134043793684,"myB2":3.609691344228596,"simA1":5,"simA2":5,"simB1":10,"simB2":5}