{"ppntid":9,"myBweight":0.20827910115436832,"simBweight":1,"simval1":10,"simval2":5,"myval1":6.3842253122521075,"myval2":7.172908620145388,"mychoice":1,"simchoice":1,"oraclechoice":1,"myA1":5.290216101767009,"myA2":5.912355349002539,"myB1":5.25261154106029,"myB2":6.052231184772479,"simA1":5,"simA2":5,"simB1":10,"simB2":5}