{"ppntid":9,"myBweight":0.481224061273192,"simBweight":1,"simval1":10,"simval2":5,"myval1":7.576704939728077,"myval2":7.721998625219117,"mychoice":2,"simchoice":1,"oraclechoice":1,"myA1":3.872297363424919,"myA2":3.5758921714353042,"myB1":7.697885194065883,"myB2":8.615750515080869,"simA1":5,"simA2":5,"simB1":10,"simB2":5}