{"ppntid":9,"myBweight":0.17959007609995456,"simBweight":1,"simval1":10,"simval2":5,"myval1":6.34485103911803,"myval2":7.42135835432697,"mychoice":1,"simchoice":1,"oraclechoice":1,"myA1":5.433248884930062,"myA2":6.254792390478128,"myB1":5.076016303264977,"myB2":6.495715070578654,"simA1":5,"simA2":5,"simB1":10,"simB2":5}