{"ppntid":9,"myBweight":0.6145490521069809,"simBweight":1,"simval1":10,"simval2":5,"myval1":14.869773198767739,"myval2":7.260127692155134,"mychoice":1,"simchoice":1,"oraclechoice":1,"myA1":8.93028020488164,"myA2":4.19479259637294,"myB1":9.66479888549588,"myB2":4.987942110190708,"simA1":5,"simA2":5,"simB1":10,"simB2":5}