{"ppntid":9,"myBweight":0.3860980736923962,"simBweight":1,"simval1":10,"simval2":5,"myval1":9.682913018053867,"myval2":10.587664865137763,"mychoice":1,"simchoice":1,"oraclechoice":1,"myA1":7.4108865932811625,"myA2":8.42983079487186,"myB1":5.884583683737374,"myB2":5.58882371421787,"simA1":5,"simA2":5,"simB1":10,"simB2":5}