{"ppntid":9,"myBweight":0.36370427508656855,"simBweight":1,"simval1":10,"simval2":5,"myval1":9.979515385027863,"myval2":8.048446694022331,"mychoice":1,"simchoice":1,"oraclechoice":1,"myA1":9.250667780972822,"myA2":4.899733862158877,"myB1":2.003956659243449,"myB2":8.657343472561605,"simA1":5,"simA2":5,"simB1":10,"simB2":5}