{"ppntid":9,"myBweight":0.47320634850062143,"simBweight":1,"simval1":10,"simval2":5,"myval1":10.278525404148908,"myval2":5.117043128070527,"mychoice":1,"simchoice":1,"oraclechoice":1,"myA1":5.719363381232522,"myA2":3.001234375908428,"myB1":9.634617196836693,"myB2":4.471218019086489,"simA1":5,"simA2":5,"simB1":10,"simB2":5}