{"ppntid":9,"myBweight":0.05901916862499369,"simBweight":1,"simval1":8.88888888888889,"simval2":5,"myval1":6.675747954513221,"myval2":6.512557723843888,"mychoice":2,"simchoice":1,"oraclechoice":1,"myA1":6.350940406624382,"myA2":6.222186960920409,"myB1":5.503424657718552,"myB2":4.919939905770063,"simA1":5,"simA2":5,"simB1":8.88888888888889,"simB2":5}