{"ppntid":9,"myBweight":0.5093390787260648,"simBweight":1,"simval1":8.88888888888889,"simval2":5,"myval1":9.735460406861279,"myval2":7.956472483498573,"mychoice":1,"simchoice":1,"oraclechoice":1,"myA1":5.3158177808916385,"myA2":7.425843355214699,"myB1":8.67721093976108,"myB2":1.0417993640131828,"simA1":5,"simA2":5,"simB1":8.88888888888889,"simB2":5}