{"ppntid":9,"myBweight":0.6344340696872562,"simBweight":1,"simval1":8.88888888888889,"simval2":5,"myval1":9.988637895084402,"myval2":8.935814328720676,"mychoice":1,"simchoice":1,"oraclechoice":1,"myA1":4.493522846106659,"myA2":7.565393091047568,"myB1":8.661443815094225,"myB2":2.160068796980994,"simA1":5,"simA2":5,"simB1":8.88888888888889,"simB2":5}