{"ppntid":9,"myBweight":0.2714382209749249,"simBweight":1,"simval1":10,"simval2":5,"myval1":7.614505787977053,"myval2":7.474131748385305,"mychoice":2,"simchoice":1,"oraclechoice":1,"myA1":5.589344366406303,"myA2":5.666364049867704,"myB1":7.460855786252118,"myB2":6.659960016038418,"simA1":5,"simA2":5,"simB1":10,"simB2":5}