{"ppntid":9,"myBweight":0.6051842121227362,"simBweight":1,"simval1":10,"simval2":5,"myval1":13.253462732142083,"myval2":10.521281748221803,"mychoice":1,"simchoice":1,"oraclechoice":1,"myA1":7.227366398293135,"myA2":9.62320922009447,"myB1":9.957457932869549,"myB2":1.4839655598041235,"simA1":5,"simA2":5,"simB1":10,"simB2":5}