{"ppntid":9,"myBweight":0.44988086617676243,"simBweight":1,"simval1":10,"simval2":5,"myval1":11.028419059844856,"myval2":9.534126255702374,"mychoice":1,"simchoice":1,"oraclechoice":1,"myA1":7.474161792705241,"myA2":7.675049124085351,"myB1":7.900441059751837,"myB2":4.132376527626258,"simA1":5,"simA2":5,"simB1":10,"simB2":5}