{"ppntid":9,"myBweight":0.1276022911976429,"simBweight":1,"simval1":8.88888888888889,"simval2":5,"myval1":5.580135644538394,"myval2":5.539069748688415,"mychoice":1,"simchoice":1,"oraclechoice":1,"myA1":5.389368737190852,"myA2":5.3449273181108765,"myB1":1.495011614266888,"myB2":1.52146508307466,"simA1":5,"simA2":5,"simB1":8.88888888888889,"simB2":5}