{"ppntid":9,"myBweight":0.5217021368798536,"simBweight":1,"simval1":10,"simval2":5,"myval1":12.234435024206295,"myval2":7.456903915733779,"mychoice":1,"simchoice":1,"oraclechoice":1,"myA1":9.649535164015353,"myA2":3.9737873061598505,"myB1":4.954742711330386,"myB2":6.676446890567518,"simA1":5,"simA2":5,"simB1":10,"simB2":5}