{"ppntid":9,"myBweight":0.2771666276907133,"simBweight":1,"simval1":8.88888888888889,"simval2":5,"myval1":3.076372388220573,"myval2":6.295032666446919,"mychoice":1,"simchoice":1,"oraclechoice":1,"myA1":1.7711639307571558,"myA2":3.8088184587335805,"myB1":4.70911115215459,"myB2":8.970106641004678,"simA1":5,"simA2":5,"simB1":8.88888888888889,"simB2":5}