{"ppntid":9,"myBweight":0.23574557215141798,"simBweight":1,"simval1":10,"simval2":5,"myval1":9.072095174566167,"myval2":6.020555461139207,"mychoice":1,"simchoice":1,"oraclechoice":1,"myA1":7.236485575849166,"myA2":4.7112589299043295,"myB1":7.7864011695540984,"myB2":5.553854179682847,"simA1":5,"simA2":5,"simB1":10,"simB2":5}