{"ppntid":9,"myBweight":0.5760824417402655,"simBweight":1,"simval1":10,"simval2":5,"myval1":9.824632351503826,"myval2":9.50169810165671,"mychoice":1,"simchoice":1,"oraclechoice":1,"myA1":4.1970420950289355,"myA2":7.451749729971835,"myB1":9.768723794939344,"myB2":3.558428834408256,"simA1":5,"simA2":5,"simB1":10,"simB2":5}