{"ppntid":9,"myBweight":0.39517353737957267,"simBweight":1,"simval1":8.88888888888889,"simval2":5,"myval1":8.719696259487609,"myval2":6.220716601732157,"mychoice":1,"simchoice":1,"oraclechoice":1,"myA1":6.230705723368423,"myA2":3.9457092476663225,"myB1":6.298474722330553,"myB2":5.756983043833326,"simA1":5,"simA2":5,"simB1":8.88888888888889,"simB2":5}