{"ppntid":9,"myBweight":0.5098666977696474,"simBweight":1,"simval1":10,"simval2":5,"myval1":10.176438754213835,"myval2":4.8386987194784865,"mychoice":1,"simchoice":1,"oraclechoice":1,"myA1":6.703226744085013,"myA2":3.6779225909539326,"myB1":6.81200012733129,"myB2":2.276626682233285,"simA1":5,"simA2":5,"simB1":10,"simB2":5}