{"ppntid":9,"myBweight":0.6365034963647841,"simBweight":1,"simval1":10,"simval2":5,"myval1":10.621592461383699,"myval2":5.833934202104344,"mychoice":1,"simchoice":1,"oraclechoice":1,"myA1":4.418636175202049,"myA2":0.5461149474943161,"myB1":9.74536089999213,"myB2":8.307604411931692,"simA1":5,"simA2":5,"simB1":10,"simB2":5}