{"ppntid":9,"myBweight":0.8281875998472968,"simBweight":1,"simval1":10,"simval2":5,"myval1":9.516530250359484,"myval2":6.710074397826171,"mychoice":1,"simchoice":1,"oraclechoice":1,"myA1":1.6957684010988316,"myA2":0.9840933786274353,"myB1":9.443225002043816,"myB2":6.913869539044663,"simA1":5,"simA2":5,"simB1":10,"simB2":5}