{"ppntid":9,"myBweight":0.5789977109303237,"simBweight":1,"simval1":10,"simval2":5,"myval1":11.589017062635557,"myval2":11.660924848884378,"mychoice":2,"simchoice":1,"oraclechoice":1,"myA1":7.291910228144582,"myA2":8.095027934399992,"myB1":7.421630091743294,"myB2":6.158740953836867,"simA1":5,"simA2":5,"simB1":10,"simB2":5}