{"ppntid":9,"myBweight":0.42809781697546717,"simBweight":1,"simval1":10,"simval2":5,"myval1":10.434306005611964,"myval2":6.233695046211193,"mychoice":1,"simchoice":1,"oraclechoice":1,"myA1":7.2836461839837785,"myA2":6.191282218605845,"myB1":7.359672711923078,"myB2":0.09907274908570463,"simA1":5,"simA2":5,"simB1":10,"simB2":5}