{"ppntid":9,"myBweight":0.38314701094160586,"simBweight":1,"simval1":10,"simval2":5,"myval1":9.6154218895762,"myval2":9.444187492077454,"mychoice":1,"simchoice":1,"oraclechoice":1,"myA1":7.3960403188825214,"myA2":7.372997808872979,"myB1":5.792506550525922,"myB2":5.405731022445945,"simA1":5,"simA2":5,"simB1":10,"simB2":5}