{"ppntid":9,"myBweight":0.43646235632209773,"simBweight":1,"simval1":10,"simval2":5,"myval1":8.28101661043744,"myval2":7.912690991740569,"mychoice":1,"simchoice":1,"oraclechoice":1,"myA1":5.8553919155915635,"myA2":7.425390015401252,"myB1":5.5574659754983085,"myB2":1.116478819492286,"simA1":5,"simA2":5,"simB1":10,"simB2":5}