{"ppntid":9,"myBweight":0.38158678187211387,"simBweight":1,"simval1":10,"simval2":5,"myval1":6.5367052878376875,"myval2":7.236169040496233,"mychoice":1,"simchoice":1,"oraclechoice":1,"myA1":3.3549621067077995,"myA2":6.1289489115458835,"myB1":8.338190242124863,"myB2":2.9016207624336077,"simA1":5,"simA2":5,"simB1":10,"simB2":5}