{"ppntid":9,"myBweight":0.1537595525262097,"simBweight":1,"simval1":7.77777777777778,"simval2":5,"myval1":5.199010210468883,"myval2":5.956436848277638,"mychoice":2,"simchoice":1,"oraclechoice":1,"myA1":4.1761745096662795,"myA2":5.228068594308906,"myB1":6.65217662251099,"myB2":4.737060182615817,"simA1":5,"simA2":5,"simB1":7.77777777777778,"simB2":5}