{"ppntid":9,"myBweight":0.6145490521069809,"simBweight":1,"simval1":10,"simval2":5,"myval1":12.788732966872416,"myval2":5.8524743431840704,"mychoice":1,"simchoice":1,"oraclechoice":1,"myA1":8.446770332754506,"myA2":2.7368279262265194,"myB1":7.065282452607315,"myB2":5.0698091653962525,"simA1":5,"simA2":5,"simB1":10,"simB2":5}