{"ppntid":9,"myBweight":0.38054726933116656,"simBweight":1,"simval1":10,"simval2":5,"myval1":10.170101963370758,"myval2":3.475672892785494,"mychoice":1,"simchoice":1,"oraclechoice":1,"myA1":9.283465998131138,"myA2":2.9674282585729506,"myB1":2.329897063242452,"myB2":1.3355624259393895,"simA1":5,"simA2":5,"simB1":10,"simB2":5}