{"ppntid":9,"myBweight":0.5670553861212987,"simBweight":1,"simval1":10,"simval2":5,"myval1":10.511445221983314,"myval2":5.5468521907660016,"mychoice":1,"simchoice":1,"oraclechoice":1,"myA1":5.129892902087239,"myA2":4.364118646714214,"myB1":9.490346889580392,"myB2":2.085746071722858,"simA1":5,"simA2":5,"simB1":10,"simB2":5}