{"ppntid":9,"myBweight":0.6067915133256565,"simBweight":1,"simval1":7.77777777777778,"simval2":5,"myval1":7.189393113742961,"myval2":7.572109191302822,"mychoice":2,"simchoice":1,"oraclechoice":1,"myA1":3.4392641065042895,"myA2":4.054199906832392,"myB1":6.1802594876208,"myB2":5.797558481313856,"simA1":5,"simA2":5,"simB1":7.77777777777778,"simB2":5}