{"ppntid":9,"myBweight":0.41106823357800903,"simBweight":1,"simval1":10,"simval2":5,"myval1":8.378353275481935,"myval2":6.2629590657701035,"mychoice":1,"simchoice":1,"oraclechoice":1,"myA1":5.547230734225794,"myA2":5.085664224034481,"myB1":6.887232605189557,"myB2":2.863988860166218,"simA1":5,"simA2":5,"simB1":10,"simB2":5}