{"ppntid":9,"myBweight":0.29253233069021783,"simBweight":1,"simval1":10,"simval2":5,"myval1":9.25387097838557,"myval2":6.793903935709055,"mychoice":2,"simchoice":1,"oraclechoice":1,"myA1":9.250667780972822,"myA2":4.899733862158877,"myB1":0.010949891949347812,"myB2":6.475079417994458,"simA1":5,"simA2":5,"simB1":10,"simB2":5}