{"ppntid":9,"myBweight":0.4629308412325178,"simBweight":1,"simval1":10,"simval2":5,"myval1":8.808574871896445,"myval2":5.829972244925741,"mychoice":1,"simchoice":1,"oraclechoice":1,"myA1":4.59273904001118,"myA2":3.8179092699692685,"myB1":9.106837255994709,"myB2":4.346357588964064,"simA1":5,"simA2":5,"simB1":10,"simB2":5}