{"ppntid":9,"myBweight":0.4882537560582644,"simBweight":1,"simval1":10,"simval2":5,"myval1":9.810703154545951,"myval2":8.262775115172365,"mychoice":1,"simchoice":1,"oraclechoice":1,"myA1":6.348473996190176,"myA2":6.493649909176986,"myB1":7.0910445959633766,"myB2":3.6233724452582927,"simA1":5,"simA2":5,"simB1":10,"simB2":5}