{"ppntid":9,"myBweight":0.6129930160952276,"simBweight":1,"simval1":10,"simval2":5,"myval1":13.795223246570476,"myval2":7.843701260870585,"mychoice":1,"simchoice":1,"oraclechoice":1,"myA1":9.406730608303064,"myA2":3.6453340416246216,"myB1":7.159123388096916,"myB2":6.8489641953665465,"simA1":5,"simA2":5,"simB1":10,"simB2":5}