{"ppntid":9,"myBweight":0.21655857972828288,"simBweight":1,"simval1":10,"simval2":5,"myval1":9.132314835992755,"myval2":5.78111614689128,"mychoice":1,"simchoice":1,"oraclechoice":1,"myA1":7.226868343639348,"myA2":5.589838869331865,"myB1":8.798757799133059,"myB2":0.883258829086393,"simA1":5,"simA2":5,"simB1":10,"simB2":5}