{"ppntid":8,"Bweight":1.7566602893947225,"mychoice":2,"myA1":1.6018249692742903,"myA2":6.374874114456903,"myA3":3.85794054412838,"myB1":6.27140165183288,"myB2":8.034863950399313,"myB3":5.624558277573524,"simA1":4.32029129238799,"simA2":1.53823893284425,"simA3":3.49515116773546,"simB1":1.77112437551841,"simB2":9.71220241626725,"simB3":8.82223333464935}