{"ppntid":2,"Bweight":2.4592318153629202,"mychoice":2,"myA1":3.7436082752759647,"myA2":4.203150308929811,"myA3":4.703457655692005,"myB1":3.045746056696732,"myB2":5.3842578950301,"myB3":3.5249863883164467,"simA1":2.42332010762766,"simA2":3.03216766100377,"simA3":0.630926417652518,"simB1":2.96833007829264,"simB2":7.55062303738669,"simB3":3.78760563675314}