{"ppntid":3,"Bweight":1.6184606310424754,"mychoice":2,"myA1":5.275113016592947,"myA2":9.17539753541054,"myA3":6.892468485774879,"myB1":0.0907673756059002,"myB2":4.050856305709589,"myB3":2.4391721032056957,"simA1":4.80207568733022,"simA2":9.74695997312665,"simA3":7.12853846373037,"simB1":1.80112784495577,"simB2":1.52530480641872,"simB3":4.3367622490041}