{"ppntid":8,"Bweight":2.3235561872619592,"mychoice":2,"myA1":6.329602822547686,"myA2":3.2035014528864014,"myA3":0.12470003630977944,"myB1":4.312591979293239,"myB2":7.466501528403886,"myB3":3.811903009510338,"simA1":3.71603635838255,"simA2":9.79696976253763,"simA3":5.12477620737627,"simB1":7.65577855985612,"simB2":4.01422860566527,"simB3":8.65366162965074}