{"ppntid":7,"Bweight":3.279754340048009,"mychoice":3,"myA1":4.754617652675521,"myA2":4.163281087013562,"myA3":3.2305157229091708,"myB1":0.06542418624950752,"myB2":1.6978346339067585,"myB3":1.993448377842706,"simA1":2.42332010762766,"simA2":3.03216766100377,"simA3":0.630926417652518,"simB1":2.96833007829264,"simB2":7.55062303738669,"simB3":3.78760563675314}