{"ppntid":1,"Bweight":0.9640424890482235,"mychoice":3,"myA1":8.994591725031063,"myA2":8.017112160681796,"myA3":4.186942739937887,"myB1":0.7624518341988518,"myB2":1.0094233566514221,"myB3":5.951234654871362,"simA1":0.765141036827117,"simA2":1.26688185613602,"simA3":4.58259324543178,"simB1":6.34286859771237,"simB2":3.13183395890519,"simB3":7.37623665714636}