{"ppntid":7,"Bweight":4.244719447145746,"mychoice":3,"myA1":5.126986541567524,"myA2":4.2903022591437505,"myA3":8.163098636095738,"myB1":4.025773098533656,"myB2":2.2664537186014,"myB3":7.162662702497824,"simA1":0.765141036827117,"simA2":1.26688185613602,"simA3":4.58259324543178,"simB1":6.34286859771237,"simB2":3.13183395890519,"simB3":7.37623665714636}