{"ppntid":3,"Bweight":0.5689099031073463,"mychoice":1,"myA1":6.6140633406699045,"myA2":4.862694845648418,"myA3":4.980975023703831,"myB1":8.655777893235406,"myB2":8.804978912797063,"myB3":6.288303894720933,"simA1":4.32029129238799,"simA2":1.53823893284425,"simA3":3.49515116773546,"simB1":1.77112437551841,"simB2":9.71220241626725,"simB3":8.82223333464935}