{"ppntid":3,"Bweight":0.03207136281730194,"mychoice":3,"myA1":1.223112383358984,"myA2":3.67619570874796,"myA3":3.976674916907279,"myB1":0.7510301129944441,"myB2":2.65740784985689,"myB3":0.7669935613650503,"simA1":2.42332010762766,"simA2":3.03216766100377,"simA3":0.630926417652518,"simB1":2.96833007829264,"simB2":7.55062303738669,"simB3":3.78760563675314}