{"ppntid":3,"Bweight":1.020811516441562,"mychoice":3,"myA1":8.128214059516843,"myA2":6.78450985155756,"myA3":7.742927455274979,"myB1":4.794838816633929,"myB2":6.551063278920568,"myB3":6.800343859461265,"simA1":3.67379971314222,"simA2":2.96635989332572,"simA3":2.25443732691929,"simB1":2.00263310456648,"simB2":4.88128123106435,"simB3":7.29017229517922}