{"ppntid":0,"Bweight":2.6970063126557706,"mychoice":2,"myA1":9.6049793229284,"myA2":4.389446598344642,"myA3":7.357567821688747,"myB1":1.5083705337726672,"myB2":4.462081504675615,"myB3":1.619785054682621,"simA1":2.42332010762766,"simA2":3.03216766100377,"simA3":0.630926417652518,"simB1":2.96833007829264,"simB2":7.55062303738669,"simB3":3.78760563675314}