{"ppntid":8,"Bweight":0.28242319900351087,"mychoice":1,"myA1":9.354701347668652,"myA2":3.8365136776645037,"myA3":3.568909074314477,"myB1":9.743572842789161,"myB2":6.652824212864708,"myB3":5.182357440169836,"simA1":6.59848347539082,"simA2":3.2037310814485,"simA3":1.20643929112703,"simB1":6.15231747506186,"simB2":8.22033943841234,"simB3":2.70335558336228}