{"ppntid":5,"Bweight":0.8591242042164293,"mychoice":2,"myA1":5.490627493593154,"myA2":7.322475254150436,"myA3":4.667607694811025,"myB1":6.741315657680009,"myB2":5.366415403441334,"myB3":7.2790814523890806,"simA1":4.32029129238799,"simA2":1.53823893284425,"simA3":3.49515116773546,"simB1":1.77112437551841,"simB2":9.71220241626725,"simB3":8.82223333464935}