{"ppntid":7,"Bweight":0.7063679986001503,"mychoice":2,"myA1":4.319149835455112,"myA2":9.904856741407054,"myA3":5.2746920533320925,"myB1":5.842519263172623,"myB2":9.2520699181303,"myB3":5.786854261750398,"simA1":3.71603635838255,"simA2":9.79696976253763,"simA3":5.12477620737627,"simB1":7.65577855985612,"simB2":4.01422860566527,"simB3":8.65366162965074}