{"ppntid":5,"Bweight":1.4076177990693084,"mychoice":2,"myA1":0.6526877625629113,"myA2":9.686497364167671,"myA3":8.72013991606217,"myB1":0.7367021651698757,"myB2":4.280832507303874,"myB3":4.314531889735067,"simA1":2.37154772970825,"simA2":7.2398704639636,"simA3":9.46149006485939,"simB1":4.32796909473836,"simB2":2.97014408512041,"simB3":5.05007167113945}