{"ppntid":1,"Bweight":1.0934703685167568,"mychoice":2,"myA1":0.48435296520370485,"myA2":5.75057563803065,"myA3":8.318159561831353,"myB1":4.066496888626647,"myB2":9.060056165942353,"myB3":6.302611120031372,"simA1":4.80207568733022,"simA2":9.74695997312665,"simA3":7.12853846373037,"simB1":1.80112784495577,"simB2":1.52530480641872,"simB3":4.3367622490041}