{"ppntid":3,"Bweight":2.469805276814514,"mychoice":2,"myA1":4.1087247490605066,"myA2":7.2463099916708735,"myA3":6.795988925282512,"myB1":4.82307912410289,"myB2":5.560081073641352,"myB3":4.143342285915472,"simA1":4.80207568733022,"simA2":9.74695997312665,"simA3":7.12853846373037,"simB1":1.80112784495577,"simB2":1.52530480641872,"simB3":4.3367622490041}