{"ppntid":4,"Bweight":0.34841863927404404,"mychoice":2,"myA1":1.6619809738892943,"myA2":7.448921021274922,"myA3":1.9979290372352976,"myB1":1.7599346530521554,"myB2":7.979992823803393,"myB3":1.0510898331290641,"simA1":3.63090072991326,"simA2":9.16425657225773,"simA3":5.10237921960652,"simB1":5.38326209876686,"simB2":3.32310018828139,"simB3":2.30925092939287}