{"ppntid":5,"Bweight":2.0426758175477477,"mychoice":1,"myA1":6.421537114071592,"myA2":0.5132881107533205,"myA3":1.7090724585963213,"myB1":9.930461890538112,"myB2":5.434882651134114,"myB3":4.471894119756388,"simA1":6.59848347539082,"simA2":3.2037310814485,"simA3":1.20643929112703,"simB1":6.15231747506186,"simB2":8.22033943841234,"simB3":2.70335558336228}