{"ppntid":1,"Bweight":2.9645121441380473,"mychoice":1,"myA1":7.815249147148895,"myA2":4.852340873150085,"myA3":1.8877043527397919,"myB1":6.241939373406327,"myB2":4.702370681627029,"myB3":2.6876917078485807,"simA1":4.54180638305843,"simA2":2.16205808101222,"simA3":0.625319329556078,"simB1":5.18409546697512,"simB2":2.58191620465368,"simB3":3.6804819596}