{"ppntid":8,"Bweight":2.1962349731658426,"mychoice":3,"myA1":3.3041610244452047,"myA2":0.08423822163832417,"myA3":7.2002654610702965,"myB1":5.219459069676667,"myB2":1.2430274651104978,"myB3":9.176086740428847,"simA1":4.7013964317739,"simA2":1.5995579212904,"simA3":9.40290921367705,"simB1":2.04010848188773,"simB2":9.24196011386812,"simB3":3.83662213338539}