{"ppntid":2,"Bweight":2.291325668110622,"mychoice":2,"myA1":5.8230545084511975,"myA2":8.782403207713077,"myA3":4.429977366413151,"myB1":2.663907076853742,"myB2":1.3877738209800161,"myB3":2.4546661297033157,"simA1":2.91122147580609,"simA2":2.93499771505594,"simA3":1.23898578574881,"simB1":4.70522804185748,"simB2":0.172186829149723,"simB3":9.04782252851874}