{"ppntid":7,"Bweight":0.7357003621058389,"mychoice":2,"myA1":2.3115018086881434,"myA2":3.1456303218741577,"myA3":0.8578116845079253,"myB1":4.293580042312035,"myB2":7.240345253891367,"myB3":2.420877783847828,"simA1":4.32029129238799,"simA2":1.53823893284425,"simA3":3.49515116773546,"simB1":1.77112437551841,"simB2":9.71220241626725,"simB3":8.82223333464935}