{"ppntid":8,"Bweight":1.754445584252694,"mychoice":2,"myA1":4.398814245813483,"myA2":9.201506315612498,"myA3":4.024360292449016,"myB1":0.2592975781503859,"myB2":8.488386407321556,"myB3":3.5969035693850104,"simA1":3.63090072991326,"simA2":9.16425657225773,"simA3":5.10237921960652,"simB1":5.38326209876686,"simB2":3.32310018828139,"simB3":2.30925092939287}