{"ppntid":6,"Bweight":0.6029523966280426,"mychoice":2,"myA1":4.001147257764302,"myA2":6.93872579316796,"myA3":4.047297802437715,"myB1":1.6766105821396637,"myB2":5.3656581286337035,"myB3":6.144498075457987,"simA1":2.42332010762766,"simA2":3.03216766100377,"simA3":0.630926417652518,"simB1":2.96833007829264,"simB2":7.55062303738669,"simB3":3.78760563675314}