{"ppntid":6,"Bweight":0.5911287455975867,"mychoice":1,"myA1":7.839683549492618,"myA2":5.914953647550978,"myA3":4.120297571525191,"myB1":4.56405544659253,"myB2":2.704962736074117,"myB3":0.43460121605968904,"simA1":4.54180638305843,"simA2":2.16205808101222,"simA3":0.625319329556078,"simB1":5.18409546697512,"simB2":2.58191620465368,"simB3":3.6804819596}