{"ppntid":6,"Bweight":4.11067069115846,"mychoice":3,"myA1":4.531735835488591,"myA2":4.211387711217151,"myA3":2.0471686247179877,"myB1":4.468024323271019,"myB2":3.6656933575415085,"myB3":5.69193596373694,"simA1":2.91122147580609,"simA2":2.93499771505594,"simA3":1.23898578574881,"simB1":4.70522804185748,"simB2":0.172186829149723,"simB3":9.04782252851874}