{"ppntid":9,"Bweight":2.617490068437908,"mychoice":2,"myA1":6.293220632457368,"myA2":2.519694677399731,"myA3":3.8290109576491993,"myB1":1.5394011832937715,"myB2":7.2463099916708735,"myB3":4.3632265792902185,"simA1":4.80207568733022,"simA2":9.74695997312665,"simA3":7.12853846373037,"simB1":1.80112784495577,"simB2":1.52530480641872,"simB3":4.3367622490041}