{"ppntid":1,"Bweight":0.4813279967930162,"mychoice":2,"myA1":5.712536691645038,"myA2":9.201506315612498,"myA3":5.112341759772317,"myB1":1.4834664239105266,"myB2":5.01267821597682,"myB3":1.7377798324900207,"simA1":3.71603635838255,"simA2":9.79696976253763,"simA3":5.12477620737627,"simB1":7.65577855985612,"simB2":4.01422860566527,"simB3":8.65366162965074}