{"ppntid":0,"Bweight":2.69892247146581,"mychoice":3,"myA1":0.6815256179885498,"myA2":4.185136857275305,"myA3":5.038160397717222,"myB1":5.087148480633554,"myB2":8.20254889093529,"myB3":8.463463942574116,"simA1":2.37154772970825,"simA2":7.2398704639636,"simA3":9.46149006485939,"simB1":4.32796909473836,"simB2":2.97014408512041,"simB3":5.05007167113945}