{"ppntid":6,"Bweight":0.5180047826081269,"mychoice":2,"myA1":1.3769435602312674,"myA2":5.566049454176223,"myA3":4.200504584654219,"myB1":4.581065008220464,"myB2":7.801950361680179,"myB3":6.254964712528008,"simA1":4.80207568733022,"simA2":9.74695997312665,"simA3":7.12853846373037,"simB1":1.80112784495577,"simB2":1.52530480641872,"simB3":4.3367622490041}