{"ppntid":8,"Bweight":2.576422028549051,"mychoice":3,"myA1":1.1843824371721112,"myA2":3.2432020449510457,"myA3":7.937666782361661,"myB1":5.431033574741919,"myB2":3.378275091636598,"myB3":8.674285229961171,"simA1":0.765141036827117,"simA2":1.26688185613602,"simA3":4.58259324543178,"simB1":6.34286859771237,"simB2":3.13183395890519,"simB3":7.37623665714636}