{"ppntid":7,"Bweight":3.6637333307363305,"mychoice":2,"myA1":4.672040313686008,"myA2":7.827989541923022,"myA3":4.160207609479302,"myB1":4.789803606163923,"myB2":9.157637337837182,"myB3":5.5794097516055,"simA1":3.71603635838255,"simA2":9.79696976253763,"simA3":5.12477620737627,"simB1":7.65577855985612,"simB2":4.01422860566527,"simB3":8.65366162965074}