{"ppntid":9,"Bweight":3.5096801888637295,"mychoice":2,"myA1":6.6411301005854595,"myA2":7.05839941175438,"myA3":6.856141671497051,"myB1":4.468024323271019,"myB2":6.172135455182477,"myB3":5.69193596373694,"simA1":4.32029129238799,"simA2":1.53823893284425,"simA3":3.49515116773546,"simB1":1.77112437551841,"simB2":9.71220241626725,"simB3":8.82223333464935}