{"ppntid":9,"Bweight":4.5612106084793265,"mychoice":3,"myA1":5.381932940699712,"myA2":6.487292989283495,"myA3":4.695882269028065,"myB1":4.9333325251785904,"myB2":6.607654446242169,"myB3":7.88294070273718,"simA1":4.32029129238799,"simA2":1.53823893284425,"simA3":3.49515116773546,"simB1":1.77112437551841,"simB2":9.71220241626725,"simB3":8.82223333464935}