{"ppntid":6,"Bweight":0.19235433610994335,"mychoice":1,"myA1":2.402250753296833,"myA2":0.4336061203219521,"myA3":1.8223296030654224,"myB1":1.8307036808749744,"myB2":1.3677568465357903,"myB3":3.2014054174813578,"simA1":4.32029129238799,"simA2":1.53823893284425,"simA3":3.49515116773546,"simB1":1.77112437551841,"simB2":9.71220241626725,"simB3":8.82223333464935}