{"ppntid":3,"Bweight":1.1790290812517423,"mychoice":2,"myA1":3.736735671009934,"myA2":9.189061029351887,"myA3":5.824446501104301,"myB1":4.672040313686008,"myB2":7.827989541923022,"myB3":4.13494854145199,"simA1":3.71603635838255,"simA2":9.79696976253763,"simA3":5.12477620737627,"simB1":7.65577855985612,"simB2":4.01422860566527,"simB3":8.65366162965074}