{"ppntid":2,"Bweight":4.090026961111699,"mychoice":3,"myA1":0.9230316862902543,"myA2":1.6068512063442264,"myA3":6.725975652522518,"myB1":5.803467727125529,"myB2":3.067602406375427,"myB3":6.897564291174609,"simA1":0.765141036827117,"simA2":1.26688185613602,"simA3":4.58259324543178,"simB1":6.34286859771237,"simB2":3.13183395890519,"simB3":7.37623665714636}