{"ppntid":1,"Bweight":3.222916189402154,"mychoice":2,"myA1":1.4145593179242488,"myA2":4.980269219961498,"myA3":2.6501638942804884,"myB1":3.600492251949363,"myB2":7.1182144446978235,"myB3":5.549056221543429,"simA1":4.80207568733022,"simA2":9.74695997312665,"simA3":7.12853846373037,"simB1":1.80112784495577,"simB2":1.52530480641872,"simB3":4.3367622490041}