{"ppntid":2,"Bweight":0.7250253388160333,"mychoice":2,"myA1":0.5448975476406015,"myA2":6.643144362182758,"myA3":5.1633598466791275,"myB1":2.022250275030908,"myB2":7.289848864551649,"myB3":8.270309030281144,"simA1":2.37154772970825,"simA2":7.2398704639636,"simA3":9.46149006485939,"simB1":4.32796909473836,"simB2":2.97014408512041,"simB3":5.05007167113945}