{"ppntid":8,"Bweight":3.9259618455489886,"mychoice":2,"myA1":6.42936787860177,"myA2":9.966871817625965,"myA3":6.480525248658893,"myB1":2.0924686900152922,"myB2":9.459713966972021,"myB3":5.682240110418377,"simA1":3.71603635838255,"simA2":9.79696976253763,"simA3":5.12477620737627,"simB1":7.65577855985612,"simB2":4.01422860566527,"simB3":8.65366162965074}