{"ppntid":9,"Bweight":0.5889738718206539,"mychoice":1,"myA1":3.0284064330390748,"myA2":2.751947895556961,"myA3":2.116596486488307,"myB1":7.632701870574435,"myB2":6.76112762454636,"myB3":6.819390332836644,"simA1":4.32029129238799,"simA2":1.53823893284425,"simA3":3.49515116773546,"simB1":1.77112437551841,"simB2":9.71220241626725,"simB3":8.82223333464935}