{"ppntid":7,"Bweight":3.8832133029561278,"mychoice":2,"myA1":3.354294560876614,"myA2":9.567426754828078,"myA3":5.067926244262029,"myB1":5.659677081548502,"myB2":9.38890011943376,"myB3":4.77725334750059,"simA1":3.71603635838255,"simA2":9.79696976253763,"simA3":5.12477620737627,"simB1":7.65577855985612,"simB2":4.01422860566527,"simB3":8.65366162965074}