{"ppntid":1,"Bweight":3.633543322905375,"mychoice":2,"myA1":8.77808556031182,"myA2":6.168284868686589,"myA3":7.670126082800954,"myB1":2.8681996780496055,"myB2":5.411186404114396,"myB3":4.348976617007301,"simA1":4.32029129238799,"simA2":1.53823893284425,"simA3":3.49515116773546,"simB1":1.77112437551841,"simB2":9.71220241626725,"simB3":8.82223333464935}