{"ppntid":3,"Bweight":0.7670409035381132,"mychoice":3,"myA1":3.106559514282594,"myA2":6.337560919176973,"myA3":5.60679265897404,"myB1":9.491501841906917,"myB2":4.191117444677692,"myB3":6.5233022653306065,"simA1":4.80207568733022,"simA2":9.74695997312665,"simA3":7.12853846373037,"simB1":1.80112784495577,"simB2":1.52530480641872,"simB3":4.3367622490041}