{"ppntid":7,"Bweight":4.896943722434867,"mychoice":1,"myA1":8.605278858606464,"myA2":4.343714171717441,"myA3":3.155395741576117,"myB1":5.7394528601084716,"myB2":3.4297307228982277,"myB3":2.2321778051019403,"simA1":6.59848347539082,"simA2":3.2037310814485,"simA3":1.20643929112703,"simB1":6.15231747506186,"simB2":8.22033943841234,"simB3":2.70335558336228}