{"ppntid":7,"Bweight":2.715730131750388,"mychoice":1,"myA1":5.700736385869492,"myA2":3.4297307228982277,"myA3":2.2321778051019403,"myB1":8.511923242795413,"myB2":3.5128565904019804,"myB3":3.065833136262006,"simA1":4.54180638305843,"simA2":2.16205808101222,"simA3":0.625319329556078,"simB1":5.18409546697512,"simB2":2.58191620465368,"simB3":3.6804819596}