{"ppntid":5,"Bweight":4.875652827926924,"mychoice":2,"myA1":0.1457313513445868,"myA2":0.5450486026859824,"myA3":2.390030565841381,"myB1":1.8400378542974338,"myB2":2.65740784985689,"myB3":1.304331487476016,"simA1":2.42332010762766,"simA2":3.03216766100377,"simA3":0.630926417652518,"simB1":2.96833007829264,"simB2":7.55062303738669,"simB3":3.78760563675314}