{"ppntid":2,"Bweight":2.1040323893432755,"mychoice":3,"myA1":6.112759834356664,"myA2":1.4732492956753562,"myA3":9.95552894525909,"myB1":5.548193481715784,"myB2":2.058907570229711,"myB3":6.063116067020822,"simA1":4.7013964317739,"simA2":1.5995579212904,"simA3":9.40290921367705,"simB1":2.04010848188773,"simB2":9.24196011386812,"simB3":3.83662213338539}