{"ppntid":0,"Bweight":1.234160815178763,"mychoice":3,"myA1":3.3516867810263973,"myA2":7.104077555355374,"myA3":7.654892638841337,"myB1":2.0122608114689755,"myB2":5.799008295277028,"myB3":5.586513724216349,"simA1":2.37154772970825,"simA2":7.2398704639636,"simA3":9.46149006485939,"simB1":4.32796909473836,"simB2":2.97014408512041,"simB3":5.05007167113945}