{"ppntid":4,"Bweight":0.3266189195744096,"mychoice":3,"myA1":3.1157212259350486,"myA2":3.1685192415766883,"myA3":4.196736763945785,"myB1":3.9429905874339544,"myB2":5.886863638923661,"myB3":6.830496057207595,"simA1":4.32029129238799,"simA2":1.53823893284425,"simA3":3.49515116773546,"simB1":1.77112437551841,"simB2":9.71220241626725,"simB3":8.82223333464935}