{"ppntid":4,"Bweight":2.3496121626878184,"mychoice":1,"myA1":7.580403965825974,"myA2":9.865085944921235,"myA3":7.83313081727504,"myB1":7.833266989628926,"myB2":6.566078451348842,"myB3":4.770255465987729,"simA1":4.32029129238799,"simA2":1.53823893284425,"simA3":3.49515116773546,"simB1":1.77112437551841,"simB2":9.71220241626725,"simB3":8.82223333464935}