{"ppntid":5,"Bweight":0.3681166184704632,"mychoice":2,"myA1":3.775658878102248,"myA2":8.210089373600555,"myA3":5.214524431523515,"myB1":3.8599264338992767,"myB2":8.440354721061027,"myB3":6.110467946926208,"simA1":4.80207568733022,"simA2":9.74695997312665,"simA3":7.12853846373037,"simB1":1.80112784495577,"simB2":1.52530480641872,"simB3":4.3367622490041}