{"ppntid":3,"Bweight":2.9959136634722006,"mychoice":2,"myA1":6.603587539973768,"myA2":9.966871817625965,"myA3":6.480525248658893,"myB1":5.062717795214439,"myB2":9.54389511289111,"myB3":6.358901910940851,"simA1":3.71603635838255,"simA2":9.79696976253763,"simA3":5.12477620737627,"simB1":7.65577855985612,"simB2":4.01422860566527,"simB3":8.65366162965074}