{"ppntid":3,"Bweight":1.9602995754992947,"mychoice":3,"myA1":1.9337860623187986,"myA2":0.1359099602149194,"myA3":9.400799226808319,"myB1":4.118269520980016,"myB2":5.46511972629051,"myB3":8.469092125344055,"simA1":0.765141036827117,"simA2":1.26688185613602,"simA3":4.58259324543178,"simB1":6.34286859771237,"simB2":3.13183395890519,"simB3":7.37623665714636}