{"ppntid":1,"Bweight":3.4908067050306246,"mychoice":2,"myA1":1.087676931267454,"myA2":4.215580929639094,"myA3":0.4491389690712033,"myB1":6.430889841081429,"myB2":9.56205008829626,"myB3":6.373744039439866,"simA1":3.71603635838255,"simA2":9.79696976253763,"simA3":5.12477620737627,"simB1":7.65577855985612,"simB2":4.01422860566527,"simB3":8.65366162965074}