{"ppntid":6,"Bweight":4.289147825475261,"mychoice":1,"myA1":6.76042634192507,"myA2":0.24815251137987993,"myA3":2.133603054126443,"myB1":5.645774986731549,"myB2":3.989051208427241,"myB3":2.622665728322291,"simA1":4.54180638305843,"simA2":2.16205808101222,"simA3":0.625319329556078,"simB1":5.18409546697512,"simB2":2.58191620465368,"simB3":3.6804819596}