{"ppntid":9,"Bweight":2.7105891016552386,"mychoice":3,"myA1":4.610809762496935,"myA2":6.093790240930341,"myA3":1.9311881819257715,"myB1":4.989623547041681,"myB2":2.098562540750659,"myB3":9.135825251969349,"simA1":0.765141036827117,"simA2":1.26688185613602,"simA3":4.58259324543178,"simB1":6.34286859771237,"simB2":3.13183395890519,"simB3":7.37623665714636}