{"ppntid":5,"Bweight":0.2521896356399589,"mychoice":2,"myA1":2.884214944993231,"myA2":4.6679015925923295,"myA3":2.008300496974156,"myB1":8.617947238817983,"myB2":6.180207185896894,"myB3":5.367746088901901,"simA1":3.67379971314222,"simA2":2.96635989332572,"simA3":2.25443732691929,"simB1":2.00263310456648,"simB2":4.88128123106435,"simB3":7.29017229517922}