{"ppntid":7,"Bweight":0.4054577950517724,"mychoice":1,"myA1":7.4649806555168885,"myA2":4.8548459650888525,"myA3":6.856141671497051,"myB1":5.984876943885508,"myB2":6.012501455527815,"myB3":4.2787571324297975,"simA1":2.91122147580609,"simA2":2.93499771505594,"simA3":1.23898578574881,"simB1":4.70522804185748,"simB2":0.172186829149723,"simB3":9.04782252851874}