{"ppntid":5,"Bweight":2.543035601371896,"mychoice":2,"myA1":3.005897420169743,"myA2":6.49284665128204,"myA3":4.051478235707824,"myB1":1.491613320604075,"myB2":6.271681302430833,"myB3":3.7514593382275208,"simA1":4.80207568733022,"simA2":9.74695997312665,"simA3":7.12853846373037,"simB1":1.80112784495577,"simB2":1.52530480641872,"simB3":4.3367622490041}