{"ppntid":8,"Bweight":0.1376269705811406,"mychoice":3,"myA1":1.5693005463415965,"myA2":0.5892007741266014,"myA3":2.180968660811622,"myB1":9.160733678712331,"myB2":6.992805483376772,"myB3":7.399986518704955,"simA1":2.91122147580609,"simA2":2.93499771505594,"simA3":1.23898578574881,"simB1":4.70522804185748,"simB2":0.172186829149723,"simB3":9.04782252851874}