{"ppntid":3,"Bweight":1.2199273937896093,"mychoice":3,"myA1":8.778458412422536,"myA2":5.024731475054818,"myA3":6.491457864931842,"myB1":3.7804204607787395,"myB2":4.853496625001139,"myB3":6.620487816076439,"simA1":6.42703449586406,"simA2":5.70645416853949,"simA3":7.91313496185467,"simB1":1.76812876947224,"simB2":3.26391996350139,"simB3":9.63438343955204}