{"ppntid":0,"Bweight":0.37124346135956277,"mychoice":2,"myA1":3.1357278062845584,"myA2":3.047752247203581,"myA3":3.2842658043255457,"myB1":3.8419726361344075,"myB2":4.474388593455901,"myB3":3.836018097690559,"simA1":3.67379971314222,"simA2":2.96635989332572,"simA3":2.25443732691929,"simB1":2.00263310456648,"simB2":4.88128123106435,"simB3":7.29017229517922}