{"ppntid":0,"Bweight":2.274831753751422,"mychoice":3,"myA1":2.2473606138018942,"myA2":0.3328068604095469,"myA3":2.95113856697224,"myB1":4.1513528802894495,"myB2":3.4233026010674905,"myB3":4.020479288135199,"simA1":2.91122147580609,"simA2":2.93499771505594,"simA3":1.23898578574881,"simB1":4.70522804185748,"simB2":0.172186829149723,"simB3":9.04782252851874}