{"ppntid":9,"Bweight":1.2332550878823956,"mychoice":3,"myA1":3.3704089893678657,"myA2":9.68665696876078,"myA3":8.830790780098152,"myB1":1.5606970787952945,"myB2":7.87725307038656,"myB3":9.189579573384183,"simA1":2.37154772970825,"simA2":7.2398704639636,"simA3":9.46149006485939,"simB1":4.32796909473836,"simB2":2.97014408512041,"simB3":5.05007167113945}