{"ppntid":2,"Bweight":0.30330881688955147,"mychoice":1,"myA1":3.5317026103924776,"myA2":2.8319853599008793,"myA3":3.1493401593388737,"myB1":6.845306552106958,"myB2":4.626422054865145,"myB3":5.413249346875837,"simA1":4.32029129238799,"simA2":1.53823893284425,"simA3":3.49515116773546,"simB1":1.77112437551841,"simB2":9.71220241626725,"simB3":8.82223333464935}