{"ppntid":9,"Bweight":1.260257588314766,"mychoice":1,"myA1":7.140744863217865,"myA2":6.081212027806995,"myA3":9.353323939023337,"myB1":8.640468700674283,"myB2":4.384906121453245,"myB3":6.2406100515540786,"simA1":4.4292361382395,"simA2":5.33951839897782,"simA3":4.67120578279719,"simB1":8.93315338063985,"simB2":6.53978186193854,"simB3":9.20320985140279}