{"ppntid":5,"Bweight":3.9182225021848547,"mychoice":3,"myA1":6.890058331605607,"myA2":4.360302482682121,"myA3":9.7488671362054,"myB1":5.406839033223512,"myB2":8.758186295011669,"myB3":7.426783880631874,"simA1":3.67379971314222,"simA2":2.96635989332572,"simA3":2.25443732691929,"simB1":2.00263310456648,"simB2":4.88128123106435,"simB3":7.29017229517922}