{"ppntid":1,"Bweight":0.08454007284926623,"mychoice":1,"myA1":7.107075577323389,"myA2":6.498406372423132,"myA3":5.298353425702613,"myB1":4.781563593384028,"myB2":7.643280227967377,"myB3":5.1715997039671535,"simA1":2.42332010762766,"simA2":3.03216766100377,"simA3":0.630926417652518,"simB1":2.96833007829264,"simB2":7.55062303738669,"simB3":3.78760563675314}