{"ppntid":9,"Bweight":2.0153939484153782,"mychoice":2,"myA1":1.726487597327644,"myA2":5.308975315010325,"myA3":0.9478902151345658,"myB1":4.003494753807719,"myB2":8.53435451093776,"myB3":7.974385333747589,"simA1":3.63090072991326,"simA2":9.16425657225773,"simA3":5.10237921960652,"simB1":5.38326209876686,"simB2":3.32310018828139,"simB3":2.30925092939287}