{"ppntid":2,"Bweight":3.028667444934273,"mychoice":2,"myA1":3.879766520379675,"myA2":5.125511606055017,"myA3":5.28003683144923,"myB1":5.089366870057468,"myB2":5.213594354991664,"myB3":3.7955314664759854,"simA1":3.67379971314222,"simA2":2.96635989332572,"simA3":2.25443732691929,"simB1":2.00263310456648,"simB2":4.88128123106435,"simB3":7.29017229517922}