{"ppntid":1,"Bweight":1.0347608532991204,"mychoice":3,"myA1":2.7069259696265635,"myA2":0.18047058808244199,"myA3":2.6221693122105494,"myB1":1.069255397810287,"myB2":3.3170789537244594,"myB3":3.7273428397788666,"simA1":2.91122147580609,"simA2":2.93499771505594,"simA3":1.23898578574881,"simB1":4.70522804185748,"simB2":0.172186829149723,"simB3":9.04782252851874}