{"ppntid":1,"Bweight":0.6601232659513068,"mychoice":2,"myA1":4.889233851482528,"myA2":6.393975870602722,"myA3":2.230455445020054,"myB1":2.980382017320764,"myB2":6.200029586040301,"myB3":5.820743408898414,"simA1":4.32029129238799,"simA2":1.53823893284425,"simA3":3.49515116773546,"simB1":1.77112437551841,"simB2":9.71220241626725,"simB3":8.82223333464935}