{"ppntid":1,"Bweight":1.379766686129671,"mychoice":1,"myA1":7.6756578389254475,"myA2":3.0135119215811157,"myA3":5.106345798040454,"myB1":4.603352102855293,"myB2":5.158800969792827,"myB3":5.709815741705921,"simA1":2.91122147580609,"simA2":2.93499771505594,"simA3":1.23898578574881,"simB1":4.70522804185748,"simB2":0.172186829149723,"simB3":9.04782252851874}