{"ppntid":4,"Bweight":4.63034127082997,"mychoice":2,"myA1":3.546292459310969,"myA2":5.434314257233179,"myA3":1.5744644990657664,"myB1":5.490627493593154,"myB2":5.584602212964109,"myB3":5.8340260559148955,"simA1":4.32029129238799,"simA2":1.53823893284425,"simA3":3.49515116773546,"simB1":1.77112437551841,"simB2":9.71220241626725,"simB3":8.82223333464935}