{"ppntid":4,"Bweight":2.4444044205922486,"mychoice":2,"myA1":5.27337905845185,"myA2":4.933758746213259,"myA3":6.283227683683085,"myB1":1.662320041518326,"myB2":4.0195715645668955,"myB3":2.854389612250099,"simA1":2.91122147580609,"simA2":2.93499771505594,"simA3":1.23898578574881,"simB1":4.70522804185748,"simB2":0.172186829149723,"simB3":9.04782252851874}