{"ppntid":1,"Bweight":0.4810167206967242,"mychoice":2,"myA1":4.7041256725559215,"myA2":7.922184560131376,"myA3":6.347342689840487,"myB1":8.410127392317325,"myB2":1.7993127121471009,"myB3":3.7721681895810755,"simA1":4.80207568733022,"simA2":9.74695997312665,"simA3":7.12853846373037,"simB1":1.80112784495577,"simB2":1.52530480641872,"simB3":4.3367622490041}