{"ppntid":8,"Bweight":2.514614837243095,"mychoice":2,"myA1":7.002255582692478,"myA2":8.551173154067456,"myA3":6.210782536233128,"myB1":0.8262231600205583,"myB2":3.788229033225279,"myB3":1.9036666347246767,"simA1":2.42332010762766,"simA2":3.03216766100377,"simA3":0.630926417652518,"simB1":2.96833007829264,"simB2":7.55062303738669,"simB3":3.78760563675314}