{"ppntid":6,"Bweight":2.885998534241451,"mychoice":3,"myA1":2.8681996780496055,"myA2":2.0866456284129753,"myA3":4.348976617007301,"myB1":2.8681996780496055,"myB2":2.0866456284129753,"myB3":4.348976617007301,"simA1":2.91122147580609,"simA2":2.93499771505594,"simA3":1.23898578574881,"simB1":4.70522804185748,"simB2":0.172186829149723,"simB3":9.04782252851874}