{"ppntid":2,"Bweight":0.313106473078264,"mychoice":3,"myA1":2.3565871718251574,"myA2":4.905647920323215,"myA3":6.0189567233944885,"myB1":6.758461233750863,"myB2":3.205947143828931,"myB3":5.646717296234131,"simA1":4.32029129238799,"simA2":1.53823893284425,"simA3":3.49515116773546,"simB1":1.77112437551841,"simB2":9.71220241626725,"simB3":8.82223333464935}