{"ppntid":4,"Bweight":4.416361774427631,"mychoice":2,"myA1":2.6679167752953337,"myA2":6.268221435008847,"myA3":2.8031342706461815,"myB1":3.784795116350188,"myB2":8.427591601245574,"myB3":3.3146250757772266,"simA1":3.63090072991326,"simA2":9.16425657225773,"simA3":5.10237921960652,"simB1":5.38326209876686,"simB2":3.32310018828139,"simB3":2.30925092939287}