{"ppntid":8,"Bweight":0.46553286682662565,"mychoice":2,"myA1":5.098717373867647,"myA2":8.134495773547158,"myA3":4.075662279779317,"myB1":5.227627396061196,"myB2":9.592369931674224,"myB3":8.121839547471556,"simA1":3.71603635838255,"simA2":9.79696976253763,"simA3":5.12477620737627,"simB1":7.65577855985612,"simB2":4.01422860566527,"simB3":8.65366162965074}