{"ppntid":5,"Bweight":0.036860604726086654,"mychoice":1,"myA1":3.009112374359948,"myA2":0.4336061203219521,"myA3":1.0259312596447057,"myB1":3.6100628525700307,"myB2":3.958632292929629,"myB3":2.310571487995101,"simA1":2.91122147580609,"simA2":2.93499771505594,"simA3":1.23898578574881,"simB1":4.70522804185748,"simB2":0.172186829149723,"simB3":9.04782252851874}