{"ppntid":9,"Bweight":1.3762286769375143,"mychoice":2,"myA1":4.970727540697717,"myA2":8.945446832441316,"myA3":1.5936951491703133,"myB1":2.933358211338124,"myB2":6.716509984344395,"myB3":3.3250795055475812,"simA1":3.63090072991326,"simA2":9.16425657225773,"simA3":5.10237921960652,"simB1":5.38326209876686,"simB2":3.32310018828139,"simB3":2.30925092939287}