{"ppntid":8,"Bweight":0.8043421898740322,"mychoice":2,"myA1":4.096040783342978,"myA2":7.998355685441125,"myA3":6.062123824300776,"myB1":1.0981428516411174,"myB2":6.569981435855126,"myB3":3.8700595517175618,"simA1":4.80207568733022,"simA2":9.74695997312665,"simA3":7.12853846373037,"simB1":1.80112784495577,"simB2":1.52530480641872,"simB3":4.3367622490041}