{"ppntid":3,"Bweight":0.20735137639080303,"mychoice":2,"myA1":4.8497657721711445,"myA2":5.131766013952612,"myA3":3.1493401593388737,"myB1":1.364700344041534,"myB2":0.4244464203664755,"myB3":0.04974500022028483,"simA1":2.91122147580609,"simA2":2.93499771505594,"simA3":1.23898578574881,"simB1":4.70522804185748,"simB2":0.172186829149723,"simB3":9.04782252851874}