{"ppntid":5,"Bweight":0.535193272892518,"mychoice":3,"myA1":5.550343250237608,"myA2":5.841371263691104,"myA3":5.818471303589547,"myB1":2.266721521442916,"myB2":1.3869771015796406,"myB3":4.371639434086909,"simA1":3.67379971314222,"simA2":2.96635989332572,"simA3":2.25443732691929,"simB1":2.00263310456648,"simB2":4.88128123106435,"simB3":7.29017229517922}