{"ppntid":0,"Bweight":0.785302874304048,"mychoice":3,"myA1":1.7339645014902083,"myA2":2.1622375625768187,"myA3":3.6914600533984254,"myB1":4.408681935427364,"myB2":6.161459803835731,"myB3":8.822779399826375,"simA1":2.91122147580609,"simA2":2.93499771505594,"simA3":1.23898578574881,"simB1":4.70522804185748,"simB2":0.172186829149723,"simB3":9.04782252851874}