{"ppntid":5,"Bweight":0.3563840874033708,"mychoice":3,"myA1":2.894136019964604,"myA2":5.57913875203173,"myA3":6.128373337340724,"myB1":0.2021616735131171,"myB2":0.4802539518458815,"myB3":2.6441751019851,"simA1":4.32029129238799,"simA2":1.53823893284425,"simA3":3.49515116773546,"simB1":1.77112437551841,"simB2":9.71220241626725,"simB3":8.82223333464935}