{"ppntid":6,"Bweight":2.0008485497993633,"mychoice":3,"myA1":3.276866098063642,"myA2":3.536906429186606,"myA3":5.34347100459714,"myB1":5.616558403686911,"myB2":6.98316593844125,"myB3":6.826726044581659,"simA1":4.32029129238799,"simA2":1.53823893284425,"simA3":3.49515116773546,"simB1":1.77112437551841,"simB2":9.71220241626725,"simB3":8.82223333464935}