{"ppntid":3,"Bweight":3.496662511758738,"mychoice":2,"myA1":5.459286870544469,"myA2":6.57218885092006,"myA3":1.138348323368017,"myB1":6.358138625926841,"myB2":8.77337826283668,"myB3":3.105604284828163,"simA1":7.49075360363349,"simA2":8.34970372263342,"simA3":0.681783282198012,"simB1":5.88041773764417,"simB2":7.52243234310299,"simB3":3.17027122946456}