{"ppntid":0,"Bweight":0.44043740518783014,"mychoice":2,"myA1":6.461663403268993,"myA2":9.568481394227257,"myA3":7.894678017846076,"myB1":5.783053610055802,"myB2":9.19543524311864,"myB3":8.381351384210557,"simA1":4.80207568733022,"simA2":9.74695997312665,"simA3":7.12853846373037,"simB1":1.80112784495577,"simB2":1.52530480641872,"simB3":4.3367622490041}