{"ppntid":6,"Bweight":4.1806033031097645,"mychoice":2,"myA1":2.24838504631943,"myA2":5.046353924514431,"myA3":6.281171940889894,"myB1":3.707522914099597,"myB2":8.178006001122196,"myB3":6.624355982574858,"simA1":4.32029129238799,"simA2":1.53823893284425,"simA3":3.49515116773546,"simB1":1.77112437551841,"simB2":9.71220241626725,"simB3":8.82223333464935}