{"ppntid":1,"Bweight":0.686001714499046,"mychoice":1,"myA1":7.218526558830138,"myA2":4.789709235369772,"myA3":5.175204138386336,"myB1":3.973848284327477,"myB2":5.485446301267034,"myB3":5.98383268741796,"simA1":2.91122147580609,"simA2":2.93499771505594,"simA3":1.23898578574881,"simB1":4.70522804185748,"simB2":0.172186829149723,"simB3":9.04782252851874}