{"ppntid":2,"Bweight":0.05625083769616124,"mychoice":2,"myA1":4.537481324495134,"myA2":6.919592339387135,"myA3":4.407573413279813,"myB1":2.559192008411053,"myB2":3.9864700214272575,"myB3":1.5035495623762496,"simA1":2.42332010762766,"simA2":3.03216766100377,"simA3":0.630926417652518,"simB1":2.96833007829264,"simB2":7.55062303738669,"simB3":3.78760563675314}