{"ppntid":4,"Bweight":1.2791304534814674,"mychoice":3,"myA1":1.9370548495430717,"myA2":4.813912068825175,"myA3":5.8480145424860925,"myB1":2.8454608324815256,"myB2":4.009891431646979,"myB3":6.890852283184595,"simA1":4.51467339182273,"simA2":5.48836145317182,"simA3":8.37309282738715,"simB1":5.08784332778305,"simB2":2.23295776639134,"simB3":0.359112627338618}