{"ppntid":1,"Bweight":1.0821440252822834,"mychoice":3,"myA1":1.2576461180369192,"myA2":2.392810748582379,"myA3":3.175395118800446,"myB1":3.6166579568452395,"myB2":3.589910970535315,"myB3":6.189285280181545,"simA1":2.91122147580609,"simA2":2.93499771505594,"simA3":1.23898578574881,"simB1":4.70522804185748,"simB2":0.172186829149723,"simB3":9.04782252851874}