{"ppntid":4,"Bweight":1.7938049550680324,"mychoice":2,"myA1":0.5728601814176293,"myA2":3.1649986156414167,"myA3":0.460316282708777,"myB1":4.482516750096632,"myB2":3.8477796380533102,"myB3":5.324941094540881,"simA1":2.91122147580609,"simA2":2.93499771505594,"simA3":1.23898578574881,"simB1":4.70522804185748,"simB2":0.172186829149723,"simB3":9.04782252851874}