{"ppntid":6,"Bweight":2.5407643095566366,"mychoice":2,"myA1":0.8704965584699775,"myA2":7.781264301603268,"myA3":4.619476898991374,"myB1":4.072868667607006,"myB2":7.707382374398424,"myB3":7.934811389494694,"simA1":2.37154772970825,"simA2":7.2398704639636,"simA3":9.46149006485939,"simB1":4.32796909473836,"simB2":2.97014408512041,"simB3":5.05007167113945}