{"ppntid":5,"Bweight":0.9925986697325939,"mychoice":2,"myA1":5.8498735375313355,"myA2":8.776507384900018,"myA3":6.210782536233128,"myB1":0.012829272409828896,"myB2":1.2767033462980715,"myB3":0.46810467587363735,"simA1":4.32029129238799,"simA2":1.53823893284425,"simA3":3.49515116773546,"simB1":1.77112437551841,"simB2":9.71220241626725,"simB3":8.82223333464935}