{"ppntid":2,"Bweight":3.7954575049219397,"mychoice":1,"myA1":7.365423162978713,"myA2":4.783288915896529,"myA3":2.1377193429646058,"myB1":6.201467928666052,"myB2":4.107530707273693,"myB3":1.1474832652312883,"simA1":4.54180638305843,"simA2":2.16205808101222,"simA3":0.625319329556078,"simB1":5.18409546697512,"simB2":2.58191620465368,"simB3":3.6804819596}