{"ppntid":5,"Bweight":1.6365152217320078,"mychoice":2,"myA1":1.9880226299192572,"myA2":5.19599390539266,"myA3":2.1464071934398588,"myB1":4.36403762927847,"myB2":9.934073479399215,"myB3":3.4053902520020984,"simA1":3.71603635838255,"simA2":9.79696976253763,"simA3":5.12477620737627,"simB1":7.65577855985612,"simB2":4.01422860566527,"simB3":8.65366162965074}