{"ppntid":3,"Bweight":1.679824467633756,"mychoice":3,"myA1":4.214408676318997,"myA2":9.857213704852498,"myA3":7.300213671041886,"myB1":3.8826068457659524,"myB2":7.3376796822635715,"myB3":9.485121139960002,"simA1":2.37154772970825,"simA2":7.2398704639636,"simA3":9.46149006485939,"simB1":4.32796909473836,"simB2":2.97014408512041,"simB3":5.05007167113945}