{"ppntid":6,"Bweight":3.507112977348219,"mychoice":3,"myA1":4.086865063488454,"myA2":3.3562100291122032,"myA3":5.304448436287171,"myB1":3.6166579568452395,"myB2":3.5705915270338906,"myB3":4.938710828275679,"simA1":6.42703449586406,"simA2":5.70645416853949,"simA3":7.91313496185467,"simB1":1.76812876947224,"simB2":3.26391996350139,"simB3":9.63438343955204}