{"ppntid":2,"Bweight":4.621277906118722,"mychoice":1,"myA1":6.272612086048383,"myA2":6.754982657065824,"myA3":3.5658238599234005,"myB1":5.964233177409362,"myB2":4.3940806148444445,"myB3":4.405090361824183,"simA1":2.91122147580609,"simA2":2.93499771505594,"simA3":1.23898578574881,"simB1":4.70522804185748,"simB2":0.172186829149723,"simB3":9.04782252851874}