{"ppntid":4,"Bweight":1.1989620490810937,"mychoice":2,"myA1":6.460961439159833,"myA2":5.397780662224488,"myA3":3.592659844969288,"myB1":0.012829272409828896,"myB2":1.2767033462980715,"myB3":0.46810467587363735,"simA1":2.42332010762766,"simA2":3.03216766100377,"simA3":0.630926417652518,"simB1":2.96833007829264,"simB2":7.55062303738669,"simB3":3.78760563675314}