{"ppntid":3,"Bweight":4.66822803116636,"mychoice":1,"myA1":9.356141355231305,"myA2":0.23455942175663935,"myA3":1.7658782906416226,"myB1":6.237402073156018,"myB2":3.819784193264375,"myB3":1.6723801413006711,"simA1":4.54180638305843,"simA2":2.16205808101222,"simA3":0.625319329556078,"simB1":5.18409546697512,"simB2":2.58191620465368,"simB3":3.6804819596}