{"ppntid":4,"Bweight":1.0601240265805123,"mychoice":2,"myA1":1.9950400536067603,"myA2":4.806776296589364,"myA3":3.06365776906248,"myB1":3.7804204607787395,"myB2":1.8287259835720104,"myB3":2.194211998299085,"simA1":3.67379971314222,"simA2":2.96635989332572,"simA3":2.25443732691929,"simB1":2.00263310456648,"simB2":4.88128123106435,"simB3":7.29017229517922}