{"ppntid":9,"Bweight":2.6365505552544066,"mychoice":1,"myA1":9.391499027624892,"myA2":6.861365306517431,"myA3":9.74253133847971,"myB1":9.704060649741146,"myB2":8.679109556254406,"myB3":6.77279268420071,"simA1":2.91122147580609,"simA2":2.93499771505594,"simA3":1.23898578574881,"simB1":4.70522804185748,"simB2":0.172186829149723,"simB3":9.04782252851874}