{"ppntid":0,"Bweight":0.5506762853525571,"mychoice":3,"myA1":4.098533131325562,"myA2":1.1776138595892571,"myA3":9.071751434309707,"myB1":4.629477412957106,"myB2":1.303202618253445,"myB3":9.246983707952353,"simA1":3.12528157839552,"simA2":1.89220273634419,"simA3":8.66585087031126,"simB1":9.42908023716882,"simB2":2.48205416137353,"simB3":0.903902975842357}