{"ppntid":3,"Bweight":0.4940454827552432,"mychoice":2,"myA1":3.075271707444218,"myA2":8.490446600528632,"myA3":4.956680727201714,"myB1":7.008645725570184,"myB2":4.616996433623539,"myB3":6.007288320641944,"simA1":6.42703449586406,"simA2":5.70645416853949,"simA3":7.91313496185467,"simB1":1.76812876947224,"simB2":3.26391996350139,"simB3":9.63438343955204}