{"ppntid":2,"Bweight":1.92946506080388,"mychoice":1,"myA1":4.427426648887531,"myA2":4.683528300871849,"myA3":7.650650710750204,"myB1":5.948252487855985,"myB2":3.2937068310885342,"myB3":2.249717148608459,"simA1":4.54180638305843,"simA2":2.16205808101222,"simA3":0.625319329556078,"simB1":5.18409546697512,"simB2":2.58191620465368,"simB3":3.6804819596}