{"ppntid":5,"Bweight":4.440069034092142,"mychoice":3,"myA1":3.4034675274737958,"myA2":8.9731296746366,"myA3":8.305342333409397,"myB1":2.825221663827544,"myB2":6.500397044655131,"myB3":8.411545878944803,"simA1":2.37154772970825,"simA2":7.2398704639636,"simA3":9.46149006485939,"simB1":4.32796909473836,"simB2":2.97014408512041,"simB3":5.05007167113945}