{"ppntid":6,"Bweight":0.9959892801686365,"mychoice":2,"myA1":2.949029794442488,"myA2":7.5042206705213665,"myA3":1.7094192209431847,"myB1":5.107147690255265,"myB2":8.961063583512088,"myB3":5.273189371977396,"simA1":3.71603635838255,"simA2":9.79696976253763,"simA3":5.12477620737627,"simB1":7.65577855985612,"simB2":4.01422860566527,"simB3":8.65366162965074}