{"ppntid":7,"Bweight":2.695381187307847,"mychoice":2,"myA1":0.4308171159657759,"myA2":3.9225825986027596,"myA3":0.32306701312680985,"myB1":5.098717373867647,"myB2":8.134495773547158,"myB3":4.075662279779317,"simA1":3.63090072991326,"simA2":9.16425657225773,"simA3":5.10237921960652,"simB1":5.38326209876686,"simB2":3.32310018828139,"simB3":2.30925092939287}