{"ppntid":0,"Bweight":0.8064589011033507,"mychoice":2,"myA1":5.266365973653726,"myA2":9.614880673493184,"myA3":6.4406725452403535,"myB1":0.31308935940840055,"myB2":4.898712346806575,"myB3":1.4972752287677138,"simA1":3.63090072991326,"simA2":9.16425657225773,"simA3":5.10237921960652,"simB1":5.38326209876686,"simB2":3.32310018828139,"simB3":2.30925092939287}