{"ppntid":8,"Bweight":1.4094863318128203,"mychoice":2,"myA1":3.150805947793429,"myA2":4.96801751444679,"myA3":6.868880183419003,"myB1":1.89232927023548,"myB2":6.880809638616229,"myB3":5.129394977935531,"simA1":4.51467339182273,"simA2":5.48836145317182,"simA3":8.37309282738715,"simB1":5.08784332778305,"simB2":2.23295776639134,"simB3":0.359112627338618}