{"ppntid":0,"Bweight":1.2802646132927842,"mychoice":2,"myA1":3.8653134737781403,"myA2":1.144412599901019,"myA3":4.554844437506771,"myB1":4.4458993908633415,"myB2":9.258551100736485,"myB3":2.220445377828979,"simA1":3.63090072991326,"simA2":9.16425657225773,"simA3":5.10237921960652,"simB1":5.38326209876686,"simB2":3.32310018828139,"simB3":2.30925092939287}