{"ppntid":6,"Bweight":4.0604172636448865,"mychoice":2,"myA1":1.7422882316479416,"myA2":3.4439629156712592,"myA3":4.562859845387943,"myB1":4.308405457618032,"myB2":7.816747993996486,"myB3":6.596322679656823,"simA1":4.32029129238799,"simA2":1.53823893284425,"simA3":3.49515116773546,"simB1":1.77112437551841,"simB2":9.71220241626725,"simB3":8.82223333464935}