{"ppntid":4,"Bweight":4.070697287152166,"mychoice":3,"myA1":0.06038783446178142,"myA2":1.4598720444168856,"myA3":1.5645202597733832,"myB1":4.661060210310557,"myB2":5.459416216861406,"myB3":6.49652600684983,"simA1":3.67379971314222,"simA2":2.96635989332572,"simA3":2.25443732691929,"simB1":2.00263310456648,"simB2":4.88128123106435,"simB3":7.29017229517922}