{"ppntid":2,"Bweight":0.9005705838675893,"mychoice":2,"myA1":4.258609993975271,"myA2":4.691972455480952,"myA3":4.371639434086909,"myB1":6.597547558775774,"myB2":7.449754594868416,"myB3":4.186493403567663,"simA1":2.91122147580609,"simA2":2.93499771505594,"simA3":1.23898578574881,"simB1":4.70522804185748,"simB2":0.172186829149723,"simB3":9.04782252851874}