{"ppntid":6,"Bweight":1.625189126366745,"mychoice":2,"myA1":2.6260916696723147,"myA2":7.778386263537858,"myA3":1.9194198707281918,"myB1":3.3083940660129563,"myB2":9.078807096658128,"myB3":4.001108091499619,"simA1":3.63090072991326,"simA2":9.16425657225773,"simA3":5.10237921960652,"simB1":5.38326209876686,"simB2":3.32310018828139,"simB3":2.30925092939287}