{"ppntid":4,"Bweight":0.5999550890303296,"mychoice":1,"myA1":5.215173765657797,"myA2":3.6544217192959527,"myA3":1.602208826707967,"myB1":5.957631877239306,"myB2":5.070490482556229,"myB3":4.8714804900661495,"simA1":2.91122147580609,"simA2":2.93499771505594,"simA3":1.23898578574881,"simB1":4.70522804185748,"simB2":0.172186829149723,"simB3":9.04782252851874}