{"ppntid":3,"Bweight":1.098630675659803,"mychoice":1,"myA1":4.318061147049496,"myA2":5.164600079470995,"myA3":2.8564646426900464,"myB1":3.2446874180219654,"myB2":0.8786587210794439,"myB3":4.072534115981772,"simA1":3.67379971314222,"simA2":2.96635989332572,"simA3":2.25443732691929,"simB1":2.00263310456648,"simB2":4.88128123106435,"simB3":7.29017229517922}