{"ppntid":2,"Bweight":1.4824361807358688,"mychoice":2,"myA1":2.933358211338124,"myA2":6.716509984344395,"myA3":0.5160331531496598,"myB1":2.6112949371022243,"myB2":9.894763545261053,"myB3":3.0965264575815588,"simA1":3.63090072991326,"simA2":9.16425657225773,"simA3":5.10237921960652,"simB1":5.38326209876686,"simB2":3.32310018828139,"simB3":2.30925092939287}