{"ppntid":0,"Bweight":2.457892535211812,"mychoice":3,"myA1":9.649972193935913,"myA2":5.877580895992358,"myA3":7.684420228446271,"myB1":0.7492425144302461,"myB2":3.8664379430890627,"myB3":3.264261842967051,"simA1":4.80207568733022,"simA2":9.74695997312665,"simA3":7.12853846373037,"simB1":1.80112784495577,"simB2":1.52530480641872,"simB3":4.3367622490041}