{"ppntid":6,"Bweight":3.3091307418381466,"mychoice":2,"myA1":5.659677081548502,"myA2":9.38890011943376,"myA3":5.1814575030063,"myB1":1.4197718136959692,"myB2":8.836587335604644,"myB3":1.4035209743913235,"simA1":3.71603635838255,"simA2":9.79696976253763,"simA3":5.12477620737627,"simB1":7.65577855985612,"simB2":4.01422860566527,"simB3":8.65366162965074}