{"ppntid":4,"Bweight":0.6737987521546163,"mychoice":2,"myA1":0.7901906858133656,"myA2":4.659366699230705,"myA3":3.3361316142273645,"myB1":6.639084410983753,"myB2":9.985009841442714,"myB3":8.393637026607102,"simA1":4.80207568733022,"simA2":9.74695997312665,"simA3":7.12853846373037,"simB1":1.80112784495577,"simB2":1.52530480641872,"simB3":4.3367622490041}