{"ppntid":9,"Bweight":1.8883807142988063,"mychoice":3,"myA1":0.18734608001352182,"myA2":4.976870278195593,"myA3":4.5667520158194925,"myB1":1.3852482286141576,"myB2":4.8373681644740145,"myB3":8.622669405411116,"simA1":2.37154772970825,"simA2":7.2398704639636,"simA3":9.46149006485939,"simB1":4.32796909473836,"simB2":2.97014408512041,"simB3":5.05007167113945}