{"ppntid":3,"Bweight":1.125987087752387,"mychoice":3,"myA1":1.8511218699741816,"myA2":6.343562119584282,"myA3":8.949202800688143,"myB1":5.973371564429444,"myB2":9.72471994149361,"myB3":9.997922440847102,"simA1":2.37154772970825,"simA2":7.2398704639636,"simA3":9.46149006485939,"simB1":4.32796909473836,"simB2":2.97014408512041,"simB3":5.05007167113945}