{"ppntid":9,"Bweight":2.138995735443785,"mychoice":2,"myA1":8.546816501438867,"myA2":3.7559111367589493,"myA3":3.513257791129629,"myB1":1.0753971442046262,"myB2":8.390409512857584,"myB3":7.3205842556691785,"simA1":6.59848347539082,"simA2":3.2037310814485,"simA3":1.20643929112703,"simB1":6.15231747506186,"simB2":8.22033943841234,"simB3":2.70335558336228}