{"ppntid":8,"Bweight":3.433479203915928,"mychoice":3,"myA1":1.3204741997794023,"myA2":3.416104144835428,"myA3":0.5426730900124577,"myB1":8.637189862251953,"myB2":6.560296281713156,"myB3":9.174423058184775,"simA1":4.4292361382395,"simA2":5.33951839897782,"simA3":4.67120578279719,"simB1":8.93315338063985,"simB2":6.53978186193854,"simB3":9.20320985140279}