{"ppntid":2,"Bweight":0.22110007478466254,"mychoice":2,"myA1":5.596854371376834,"myA2":9.440608289583079,"myA3":1.6329928449684905,"myB1":3.3218530774863875,"myB2":9.614880673493184,"myB3":5.692912173168912,"simA1":3.71603635838255,"simA2":9.79696976253763,"simA3":5.12477620737627,"simB1":7.65577855985612,"simB2":4.01422860566527,"simB3":8.65366162965074}