{"ppntid":8,"Bweight":1.4301391644744221,"mychoice":2,"myA1":0.9726392806024209,"myA2":5.175764242980816,"myA3":4.888770112377845,"myB1":4.649992342514726,"myB2":9.022768664274295,"myB3":7.691952348128554,"simA1":2.37154772970825,"simA2":7.2398704639636,"simA3":9.46149006485939,"simB1":4.32796909473836,"simB2":2.97014408512041,"simB3":5.05007167113945}