{"ppntid":2,"Bweight":1.5441810705909198,"mychoice":1,"myA1":3.5264516246618927,"myA2":1.4598720444168856,"myA3":1.5645202597733832,"myB1":4.671097608063681,"myB2":2.1788005901555274,"myB3":5.04729365136493,"simA1":2.91122147580609,"simA2":2.93499771505594,"simA3":1.23898578574881,"simB1":4.70522804185748,"simB2":0.172186829149723,"simB3":9.04782252851874}