{"ppntid":9,"Bweight":0.3801196857500144,"mychoice":3,"myA1":0.6093058289921749,"myA2":3.489787925489103,"myA3":8.299508000560067,"myB1":3.85492719263538,"myB2":5.738183795668914,"myB3":9.48569282083999,"simA1":0.765141036827117,"simA2":1.26688185613602,"simA3":4.58259324543178,"simB1":6.34286859771237,"simB2":3.13183395890519,"simB3":7.37623665714636}