{"ppntid":0,"Bweight":0.3655457245839,"mychoice":2,"myA1":6.71639369806816,"myA2":9.943551639554904,"myA3":8.595700001248677,"myB1":5.277341969169964,"myB2":8.758186295011669,"myB3":7.426783880631874,"simA1":4.80207568733022,"simA2":9.74695997312665,"simA3":7.12853846373037,"simB1":1.80112784495577,"simB2":1.52530480641872,"simB3":4.3367622490041}