{"ppntid":7,"Bweight":1.7296712564527617,"mychoice":2,"myA1":2.7659184416728366,"myA2":2.175540303303123,"myA3":1.8275764608395861,"myB1":5.947715897429662,"myB2":9.407813782504824,"myB3":8.800769904742221,"simA1":4.80207568733022,"simA2":9.74695997312665,"simA3":7.12853846373037,"simB1":1.80112784495577,"simB2":1.52530480641872,"simB3":4.3367622490041}