{"ppntid":5,"Bweight":3.1325584123011554,"mychoice":2,"myA1":1.468909016418043,"myA2":5.634659893313099,"myA3":5.775686658977904,"myB1":3.065522842747308,"myB2":8.910938134266967,"myB3":8.840360101747137,"simA1":2.37154772970825,"simA2":7.2398704639636,"simA3":9.46149006485939,"simB1":4.32796909473836,"simB2":2.97014408512041,"simB3":5.05007167113945}