{"ppntid":4,"Bweight":0.06259052208289151,"mychoice":2,"myA1":2.4951849524345837,"myA2":3.765366133248369,"myA3":1.6209331507333302,"myB1":4.685575709468459,"myB2":0.31495926581554645,"myB3":3.0325213400337425,"simA1":4.32029129238799,"simA2":1.53823893284425,"simA3":3.49515116773546,"simB1":1.77112437551841,"simB2":9.71220241626725,"simB3":8.82223333464935}