{"ppntid":3,"Bweight":1.6323099673785235,"mychoice":2,"myA1":1.9564797053643956,"myA2":8.234236788915585,"myA3":1.8098936227678686,"myB1":4.488401083701204,"myB2":9.86934100593727,"myB3":6.373744039439866,"simA1":3.71603635838255,"simA2":9.79696976253763,"simA3":5.12477620737627,"simB1":7.65577855985612,"simB2":4.01422860566527,"simB3":8.65366162965074}