{"ppntid":7,"Bweight":0.5593450918360543,"mychoice":1,"myA1":2.7405336366163846,"myA2":0.8989779412979471,"myA3":2.6026527691922907,"myB1":7.143131666321018,"myB2":4.669962955685416,"myB3":5.055624060118182,"simA1":3.67379971314222,"simA2":2.96635989332572,"simA3":2.25443732691929,"simB1":2.00263310456648,"simB2":4.88128123106435,"simB3":7.29017229517922}