{"ppntid":6,"Bweight":1.6655949833955164,"mychoice":2,"myA1":8.605747751643573,"myA2":9.97867485078621,"myA3":7.5567442802469476,"myB1":3.256370704853253,"myB2":4.850315072145568,"myB3":5.2413290019443926,"simA1":4.32029129238799,"simA2":1.53823893284425,"simA3":3.49515116773546,"simB1":1.77112437551841,"simB2":9.71220241626725,"simB3":8.82223333464935}