{"ppntid":2,"Bweight":2.0703337729937954,"mychoice":3,"myA1":1.4682735089422416,"myA2":8.421542975062621,"myA3":1.832139127258967,"myB1":9.32116910440116,"myB2":2.5581420343745265,"myB3":9.720785681905033,"simA1":3.63090072991326,"simA2":9.16425657225773,"simA3":5.10237921960652,"simB1":5.38326209876686,"simB2":3.32310018828139,"simB3":2.30925092939287}