{"ppntid":2,"Bweight":2.7604946478758077,"mychoice":3,"myA1":4.516545065898383,"myA2":3.453517059694451,"myA3":3.771444361463745,"myB1":4.674904074998059,"myB2":2.4898424275921394,"myB3":5.264604945486095,"simA1":2.91122147580609,"simA2":2.93499771505594,"simA3":1.23898578574881,"simB1":4.70522804185748,"simB2":0.172186829149723,"simB3":9.04782252851874}