{"ppntid":1,"Bweight":1.7764319941812556,"mychoice":3,"myA1":2.573305833103412,"myA2":2.0226558403916606,"myA3":0.0007806110441466174,"myB1":3.496744265665779,"myB2":3.5313389768851966,"myB3":5.380217417672171,"simA1":2.91122147580609,"simA2":2.93499771505594,"simA3":1.23898578574881,"simB1":4.70522804185748,"simB2":0.172186829149723,"simB3":9.04782252851874}