{"ppntid":6,"Bweight":2.9032104695475027,"mychoice":3,"myA1":3.9702366721151616,"myA2":9.844096441406043,"myA3":8.163570337226336,"myB1":0.35345468876818886,"myB2":3.3788806426772577,"myB3":4.630032642367339,"simA1":2.37154772970825,"simA2":7.2398704639636,"simA3":9.46149006485939,"simB1":4.32796909473836,"simB2":2.97014408512041,"simB3":5.05007167113945}