{"ppntid":3,"Bweight":2.6678385835594334,"mychoice":3,"myA1":6.2127410601533395,"myA2":4.470339250176323,"myA3":6.128873559679306,"myB1":0.567496387691937,"myB2":2.70491879720246,"myB3":3.3544403384141708,"simA1":2.91122147580609,"simA2":2.93499771505594,"simA3":1.23898578574881,"simB1":4.70522804185748,"simB2":0.172186829149723,"simB3":9.04782252851874}