{"ppntid":5,"Bweight":2.0891431286578523,"mychoice":3,"myA1":3.972403682778125,"myA2":1.7027068622629282,"myA3":4.261994804335172,"myB1":1.795047960010392,"myB2":1.543766617714355,"myB3":3.3438383988430043,"simA1":2.91122147580609,"simA2":2.93499771505594,"simA3":1.23898578574881,"simB1":4.70522804185748,"simB2":0.172186829149723,"simB3":9.04782252851874}