{"ppntid":2,"Bweight":3.5843679465534697,"mychoice":1,"myA1":9.830167040522543,"myA2":6.264575751776176,"myA3":7.7125514474344765,"myB1":8.074762179212486,"myB2":2.7490192045221162,"myB3":5.480461622715396,"simA1":9.27360753528774,"simA2":5.70048430701718,"simA3":6.62493635434657,"simB1":8.27336052898318,"simB2":0.704001160338521,"simB3":5.54484809981659}