{"ppntid":0,"Bweight":2.439479648717353,"mychoice":2,"myA1":4.6628515779787305,"myA2":9.628198785534934,"myA3":6.874919208531347,"myB1":2.890412225939911,"myB2":6.108941627543583,"myB3":1.2295264605556144,"simA1":3.63090072991326,"simA2":9.16425657225773,"simA3":5.10237921960652,"simB1":5.38326209876686,"simB2":3.32310018828139,"simB3":2.30925092939287}