{"ppntid":3,"Bweight":0.8172429734590025,"mychoice":3,"myA1":0.3188717871688951,"myA2":1.5459887674364503,"myA3":1.7963929965221825,"myB1":4.572804660588883,"myB2":5.139129574735954,"myB3":5.132180796133992,"simA1":2.91122147580609,"simA2":2.93499771505594,"simA3":1.23898578574881,"simB1":4.70522804185748,"simB2":0.172186829149723,"simB3":9.04782252851874}