{"ppntid":3,"Bweight":1.6081238326392688,"mychoice":2,"myA1":4.749308359399542,"myA2":3.826814979010431,"myA3":1.4255788404273106,"myB1":1.788162139674856,"myB2":5.164918165365682,"myB3":2.9904990946940835,"simA1":4.80207568733022,"simA2":9.74695997312665,"simA3":7.12853846373037,"simB1":1.80112784495577,"simB2":1.52530480641872,"simB3":4.3367622490041}