{"ppntid":1,"Bweight":3.3565115229893436,"mychoice":3,"myA1":6.01914959217974,"myA2":9.862487500085784,"myA3":9.826254036881148,"myB1":1.0208621899329517,"myB2":5.0412398005019,"myB3":6.234507523823827,"simA1":2.37154772970825,"simA2":7.2398704639636,"simA3":9.46149006485939,"simB1":4.32796909473836,"simB2":2.97014408512041,"simB3":5.05007167113945}