{"ppntid":7,"Bweight":2.478768204911411,"mychoice":3,"myA1":3.407455187812942,"myA2":2.329548619320252,"myA3":6.694766465500028,"myB1":3.267353513853566,"myB2":1.6158628714342838,"myB3":8.110054914924207,"simA1":0.765141036827117,"simA2":1.26688185613602,"simA3":4.58259324543178,"simB1":6.34286859771237,"simB2":3.13183395890519,"simB3":7.37623665714636}