{"ppntid":5,"Bweight":1.7947701163811591,"mychoice":1,"myA1":5.524348780718675,"myA2":4.6602614914553975,"myA3":3.709635620542384,"myB1":2.0008151459429935,"myB2":0.4336061203219521,"myB3":2.1429913742083206,"simA1":2.91122147580609,"simA2":2.93499771505594,"simA3":1.23898578574881,"simB1":4.70522804185748,"simB2":0.172186829149723,"simB3":9.04782252851874}