{"ppntid":3,"Bweight":0.18446983332409905,"mychoice":1,"myA1":5.384583864919192,"myA2":3.6522726226090407,"myA3":1.9630094635098971,"myB1":2.5739866150712243,"myB2":2.199776741895263,"myB3":2.5940234913295535,"simA1":4.32029129238799,"simA2":1.53823893284425,"simA3":3.49515116773546,"simB1":1.77112437551841,"simB2":9.71220241626725,"simB3":8.82223333464935}