{"ppntid":1,"Bweight":0.9976723537640941,"mychoice":2,"myA1":0.20279896683349286,"myA2":7.433884780108409,"myA3":1.8622405472673154,"myB1":0.8472827006473915,"myB2":7.4010418516239485,"myB3":0.9452877557481787,"simA1":4.80207568733022,"simA2":9.74695997312665,"simA3":7.12853846373037,"simB1":1.80112784495577,"simB2":1.52530480641872,"simB3":4.3367622490041}