{"ppntid":3,"Bweight":2.571117774542296,"mychoice":3,"myA1":4.579726479985897,"myA2":1.5025833509509234,"myA3":9.099846152211873,"myB1":5.632673599124631,"myB2":2.4150556674095847,"myB3":9.000421173413924,"simA1":4.7013964317739,"simA2":1.5995579212904,"simA3":9.40290921367705,"simB1":2.04010848188773,"simB2":9.24196011386812,"simB3":3.83662213338539}