{"ppntid":9,"Bweight":1.6827993747367087,"mychoice":2,"myA1":1.4891859905041205,"myA2":7.465515391121189,"myA3":7.458219137273192,"myB1":5.275113016592947,"myB2":9.17539753541054,"myB3":6.241408586927937,"simA1":4.80207568733022,"simA2":9.74695997312665,"simA3":7.12853846373037,"simB1":1.80112784495577,"simB2":1.52530480641872,"simB3":4.3367622490041}