{"ppntid":0,"Bweight":1.106009778117547,"mychoice":2,"myA1":0.9289756408020433,"myA2":6.970514524316314,"myA3":5.976039776808606,"myB1":1.4364030837679498,"myB2":6.918749328910718,"myB3":6.15703275618783,"simA1":2.37154772970825,"simA2":7.2398704639636,"simA3":9.46149006485939,"simB1":4.32796909473836,"simB2":2.97014408512041,"simB3":5.05007167113945}