{"ppntid":1,"Bweight":0.7812633950813996,"mychoice":3,"myA1":3.725944355433901,"myA2":1.7390420128117268,"myA3":3.720114485298238,"myB1":2.087183974340403,"myB2":3.0174473542531,"myB3":3.319055847783521,"simA1":2.91122147580609,"simA2":2.93499771505594,"simA3":1.23898578574881,"simB1":4.70522804185748,"simB2":0.172186829149723,"simB3":9.04782252851874}