{"ppntid":5,"Bweight":2.058561697694712,"mychoice":2,"myA1":0.5631342446729559,"myA2":6.226964173677951,"myA3":2.3223684957572233,"myB1":6.238214416676757,"myB2":9.397017596892725,"myB3":3.736605512581357,"simA1":3.63090072991326,"simA2":9.16425657225773,"simA3":5.10237921960652,"simB1":5.38326209876686,"simB2":3.32310018828139,"simB3":2.30925092939287}