{"ppntid":7,"Bweight":4.519707415540802,"mychoice":2,"myA1":1.3433939741397216,"myA2":8.447437942384443,"myA3":7.245448952980533,"myB1":2.3444192628288296,"myB2":4.936696260620323,"myB3":3.3083368724274798,"simA1":3.29687187680975,"simA2":5.4541685571894,"simA3":6.82188550475985,"simB1":0.892747831530869,"simB2":7.97647939994931,"simB3":4.4746849546209}