{"ppntid":5,"Bweight":3.204264482370153,"mychoice":3,"myA1":1.8688855085599676,"myA2":2.432273247805563,"myA3":3.1067685249679267,"myB1":7.5077734227951325,"myB2":9.217518684073703,"myB3":9.272042468879953,"simA1":4.32029129238799,"simA2":1.53823893284425,"simA3":3.49515116773546,"simB1":1.77112437551841,"simB2":9.71220241626725,"simB3":8.82223333464935}