{"ppntid":5,"Bweight":0.5905406535587743,"mychoice":1,"myA1":5.1231664073794985,"myA2":3.0069665969505754,"myA3":2.557114912864542,"myB1":7.143131666321018,"myB2":4.787990008463378,"myB3":6.231950637414229,"simA1":4.32029129238799,"simA2":1.53823893284425,"simA3":3.49515116773546,"simB1":1.77112437551841,"simB2":9.71220241626725,"simB3":8.82223333464935}