{"ppntid":3,"Bweight":2.505471274690614,"mychoice":2,"myA1":0.06038783446178142,"myA2":1.4598720444168856,"myA3":1.5645202597733832,"myB1":7.442926018635177,"myB2":9.175612010741762,"myB3":6.51773166753141,"simA1":2.91122147580609,"simA2":2.93499771505594,"simA3":1.23898578574881,"simB1":4.70522804185748,"simB2":0.172186829149723,"simB3":9.04782252851874}