{"ppntid":0,"Bweight":0.010811297314126112,"mychoice":1,"myA1":9.471199623376936,"myA2":7.181211037146693,"myA3":4.286605716280665,"myB1":4.3904180497619265,"myB2":5.584602212964109,"myB3":2.8667099868922996,"simA1":3.67379971314222,"simA2":2.96635989332572,"simA3":2.25443732691929,"simB1":2.00263310456648,"simB2":4.88128123106435,"simB3":7.29017229517922}