{"ppntid":4,"Bweight":3.07219193384231,"mychoice":2,"myA1":4.567426790087397,"myA2":7.9786701594474945,"myA3":7.46707333602404,"myB1":1.2195632969826642,"myB2":4.341940330945786,"myB3":2.630599506778699,"simA1":4.80207568733022,"simA2":9.74695997312665,"simA3":7.12853846373037,"simB1":1.80112784495577,"simB2":1.52530480641872,"simB3":4.3367622490041}