{"ppntid":2,"Bweight":1.5080278786211077,"mychoice":2,"myA1":5.954436572777169,"myA2":6.98316593844125,"myA3":8.024262402111841,"myB1":2.3115018086881434,"myB2":3.1456303218741577,"myB3":0.8578116845079253,"simA1":2.42332010762766,"simA2":3.03216766100377,"simA3":0.630926417652518,"simB1":2.96833007829264,"simB2":7.55062303738669,"simB3":3.78760563675314}