{"ppntid":5,"Bweight":4.312482922290598,"mychoice":3,"myA1":1.1843824371721112,"myA2":0.1583744041942703,"myA3":6.635579928387598,"myB1":4.273189906385928,"myB2":3.957848549588683,"myB3":9.181101481899582,"simA1":0.765141036827117,"simA2":1.26688185613602,"simA3":4.58259324543178,"simB1":6.34286859771237,"simB2":3.13183395890519,"simB3":7.37623665714636}