{"ppntid":8,"Bweight":2.2703711782172165,"mychoice":2,"myA1":5.045040104997655,"myA2":9.361765548936486,"myA3":7.897948385157312,"myB1":1.6210165194222736,"myB2":6.6374597019799,"myB3":3.861808184517439,"simA1":4.80207568733022,"simA2":9.74695997312665,"simA3":7.12853846373037,"simB1":1.80112784495577,"simB2":1.52530480641872,"simB3":4.3367622490041}