{"ppntid":6,"Bweight":0.9632670221407036,"mychoice":3,"myA1":3.567435916609163,"myA2":8.07974473875488,"myA3":7.597701110657797,"myB1":1.3283986248734103,"myB2":5.0006781954507655,"myB3":7.789106762902344,"simA1":2.37154772970825,"simA2":7.2398704639636,"simA3":9.46149006485939,"simB1":4.32796909473836,"simB2":2.97014408512041,"simB3":5.05007167113945}