{"ppntid":4,"Bweight":1.8123144435216565,"mychoice":3,"myA1":6.882209949718046,"myA2":7.618736784111045,"myA3":6.704411745256984,"myB1":5.742404156171304,"myB2":5.70565899821903,"myB3":7.070775428335421,"simA1":2.91122147580609,"simA2":2.93499771505594,"simA3":1.23898578574881,"simB1":4.70522804185748,"simB2":0.172186829149723,"simB3":9.04782252851874}