{"ppntid":2,"Bweight":0.19900935782622087,"mychoice":2,"myA1":1.1625228690327871,"myA2":7.894056105329925,"myA3":5.379298310225725,"myB1":0.758755462995413,"myB2":9.137910252903307,"myB3":9.181547545947762,"simA1":2.37154772970825,"simA2":7.2398704639636,"simA3":9.46149006485939,"simB1":4.32796909473836,"simB2":2.97014408512041,"simB3":5.05007167113945}