{"ppntid":1,"Bweight":0.26311895509766314,"mychoice":2,"myA1":7.821170527876258,"myA2":9.986327061554396,"myA3":8.949742533224597,"myB1":0.09137332968377931,"myB2":1.4982578658093315,"myB3":2.764872348744538,"simA1":2.42332010762766,"simA2":3.03216766100377,"simA3":0.630926417652518,"simB1":2.96833007829264,"simB2":7.55062303738669,"simB3":3.78760563675314}