{"ppntid":9,"Bweight":1.1553465876280145,"mychoice":2,"myA1":0.8022361778561948,"myA2":9.189061029351887,"myA3":1.6869243017244795,"myB1":6.567816218444246,"myB2":9.717376926345233,"myB3":5.503893128871898,"simA1":3.63090072991326,"simA2":9.16425657225773,"simA3":5.10237921960652,"simB1":5.38326209876686,"simB2":3.32310018828139,"simB3":2.30925092939287}