{"ppntid":6,"Bweight":2.710567476510418,"mychoice":2,"myA1":1.2836297914556116,"myA2":5.200590212066947,"myA3":2.981432247359288,"myB1":2.5366650251590506,"myB2":6.629417133452737,"myB3":5.451560314012585,"simA1":4.80207568733022,"simA2":9.74695997312665,"simA3":7.12853846373037,"simB1":1.80112784495577,"simB2":1.52530480641872,"simB3":4.3367622490041}