{"ppntid":0,"Bweight":3.6995294179971863,"mychoice":1,"myA1":7.685931145855003,"myA2":4.172941988543819,"myA3":3.9121711763748634,"myB1":7.401161650698902,"myB2":4.235764010192704,"myB3":2.5358896124978125,"simA1":6.59848347539082,"simA2":3.2037310814485,"simA3":1.20643929112703,"simB1":6.15231747506186,"simB2":8.22033943841234,"simB3":2.70335558336228}