{"ppntid":8,"Bweight":2.4956283700857727,"mychoice":2,"myA1":4.068836478823831,"myA2":3.9240338244784922,"myA3":5.173308390648019,"myB1":2.4897186577288566,"myB2":4.267868426046504,"myB3":3.4097487470460686,"simA1":4.32029129238799,"simA2":1.53823893284425,"simA3":3.49515116773546,"simB1":1.77112437551841,"simB2":9.71220241626725,"simB3":8.82223333464935}