{"ppntid":1,"Bweight":2.137869615108686,"mychoice":2,"myA1":4.728680221256152,"myA2":9.926099882522866,"myA3":2.979259557304159,"myB1":4.7628825873979785,"myB2":7.867597601522112,"myB3":2.454028077527035,"simA1":3.63090072991326,"simA2":9.16425657225773,"simA3":5.10237921960652,"simB1":5.38326209876686,"simB2":3.32310018828139,"simB3":2.30925092939287}