{"ppntid":8,"Bweight":0.601509215804461,"mychoice":2,"myA1":2.244795623900806,"myA2":9.254754895121662,"myA3":9.570553547723007,"myB1":5.393285380372747,"myB2":8.7012632707827,"myB3":5.96167058092994,"simA1":2.37154772970825,"simA2":7.2398704639636,"simA3":9.46149006485939,"simB1":4.32796909473836,"simB2":2.97014408512041,"simB3":5.05007167113945}