{"ppntid":3,"Bweight":0.2219859212915476,"mychoice":1,"myA1":2.1162226360385805,"myA2":0.731612218639941,"myA3":0.938430434632811,"myB1":2.063487527484249,"myB2":4.127179562244927,"myB3":4.465103709849121,"simA1":2.91122147580609,"simA2":2.93499771505594,"simA3":1.23898578574881,"simB1":4.70522804185748,"simB2":0.172186829149723,"simB3":9.04782252851874}