{"ppntid":8,"Bweight":2.6434144358665357,"mychoice":2,"myA1":0.7265211370890801,"myA2":6.1870844544221,"myA3":9.016197724362453,"myB1":0.5414204187412519,"myB2":4.318470153715619,"myB3":2.330281340113518,"simA1":2.37154772970825,"simA2":7.2398704639636,"simA3":9.46149006485939,"simB1":4.32796909473836,"simB2":2.97014408512041,"simB3":5.05007167113945}