{"ppntid":1,"Bweight":4.431874883779846,"mychoice":2,"myA1":5.2841930483780075,"myA2":9.060056165942353,"myA3":6.302611120031372,"myB1":5.508395996778781,"myB2":9.267925236531502,"myB3":7.454375689095524,"simA1":4.80207568733022,"simA2":9.74695997312665,"simA3":7.12853846373037,"simB1":1.80112784495577,"simB2":1.52530480641872,"simB3":4.3367622490041}