{"ppntid":9,"Bweight":3.140356897754879,"mychoice":3,"myA1":5.967227376919957,"myA2":8.461917985441978,"myA3":7.039600290418903,"myB1":4.572719530102871,"myB2":4.691972455480952,"myB3":7.258233726946934,"simA1":4.32029129238799,"simA2":1.53823893284425,"simA3":3.49515116773546,"simB1":1.77112437551841,"simB2":9.71220241626725,"simB3":8.82223333464935}