{"ppntid":6,"Bweight":2.7641967159259053,"mychoice":2,"myA1":6.43666931634423,"myA2":9.68043398014303,"myA3":8.44461536211723,"myB1":0.37566133382829214,"myB2":4.233203812956661,"myB3":2.3056947581441434,"simA1":4.80207568733022,"simA2":9.74695997312665,"simA3":7.12853846373037,"simB1":1.80112784495577,"simB2":1.52530480641872,"simB3":4.3367622490041}