{"ppntid":8,"Bweight":2.673128679978677,"mychoice":2,"myA1":1.3141136465395298,"myA2":5.484864848119697,"myA3":3.3538789961423277,"myB1":2.4171037025856745,"myB2":5.1305107062109485,"myB3":4.05414136123391,"simA1":4.32029129238799,"simA2":1.53823893284425,"simA3":3.49515116773546,"simB1":1.77112437551841,"simB2":9.71220241626725,"simB3":8.82223333464935}