{"ppntid":3,"Bweight":2.5669375375828665,"mychoice":1,"myA1":4.579893080584487,"myA2":8.478955768823713,"myA3":1.7485016752840599,"myB1":6.737851085774691,"myB2":3.3528028946929034,"myB3":5.912842950910635,"simA1":3.63090072991326,"simA2":9.16425657225773,"simA3":5.10237921960652,"simB1":5.38326209876686,"simB2":3.32310018828139,"simB3":2.30925092939287}