{"ppntid":1,"Bweight":2.402040111321729,"mychoice":2,"myA1":0.9522203370136784,"myA2":7.571554378509154,"myA3":6.518665619256949,"myB1":2.5458726348956717,"myB2":5.955524953733333,"myB3":5.881687232575743,"simA1":2.37154772970825,"simA2":7.2398704639636,"simA3":9.46149006485939,"simB1":4.32796909473836,"simB2":2.97014408512041,"simB3":5.05007167113945}