{"ppntid":2,"Bweight":2.5291000742558034,"mychoice":2,"myA1":7.903739495387532,"myA2":6.2199006106401145,"myA3":9.856895478169129,"myB1":4.30190194692206,"myB2":7.373287775463673,"myB3":4.024838932735097,"simA1":3.71603635838255,"simA2":9.79696976253763,"simA3":5.12477620737627,"simB1":7.65577855985612,"simB2":4.01422860566527,"simB3":8.65366162965074}