{"ppntid":7,"Bweight":3.868466888917613,"mychoice":3,"myA1":6.5693317116957655,"myA2":9.027418330399898,"myA3":9.523466702132348,"myB1":5.119802076580056,"myB2":6.72726098816004,"myB3":7.146331120820291,"simA1":4.32029129238799,"simA2":1.53823893284425,"simA3":3.49515116773546,"simB1":1.77112437551841,"simB2":9.71220241626725,"simB3":8.82223333464935}