{"ppntid":5,"Bweight":0.5683472086077623,"mychoice":3,"myA1":4.289327816888986,"myA2":2.0948921948129007,"myA3":6.852292668760178,"myB1":1.5814733452450391,"myB2":2.070776540317849,"myB3":2.127620822581886,"simA1":2.91122147580609,"simA2":2.93499771505594,"simA3":1.23898578574881,"simB1":4.70522804185748,"simB2":0.172186829149723,"simB3":9.04782252851874}