{"ppntid":3,"Bweight":2.496294669490038,"mychoice":1,"myA1":1.1293692072813966,"myA2":1.9720713063148665,"myA3":1.6209331507333302,"myB1":6.529627188337328,"myB2":4.666918042992747,"myB3":4.824922980376463,"simA1":3.67379971314222,"simA2":2.96635989332572,"simA3":2.25443732691929,"simB1":2.00263310456648,"simB2":4.88128123106435,"simB3":7.29017229517922}