{"ppntid":9,"Bweight":2.6472977378472695,"mychoice":2,"myA1":5.5440276677842615,"myA2":7.386642528538512,"myA3":6.097707271952295,"myB1":7.720975888364188,"myB2":9.625579740029039,"myB3":7.324683222212722,"simA1":4.32029129238799,"simA2":1.53823893284425,"simA3":3.49515116773546,"simB1":1.77112437551841,"simB2":9.71220241626725,"simB3":8.82223333464935}