{"ppntid":5,"Bweight":1.2857503474067034,"mychoice":2,"myA1":5.393285380372747,"myA2":8.7012632707827,"myA3":5.96167058092994,"myB1":3.7252502556039135,"myB2":6.808928379457749,"myB3":4.675803466669866,"simA1":4.80207568733022,"simA2":9.74695997312665,"simA3":7.12853846373037,"simB1":1.80112784495577,"simB2":1.52530480641872,"simB3":4.3367622490041}