{"ppntid":0,"Bweight":0.857895839400431,"mychoice":3,"myA1":5.052914907332013,"myA2":4.3940806148444445,"myA3":3.5761788121159443,"myB1":1.937306717575502,"myB2":1.5928928784939855,"myB3":4.204533461273863,"simA1":4.32029129238799,"simA2":1.53823893284425,"simA3":3.49515116773546,"simB1":1.77112437551841,"simB2":9.71220241626725,"simB3":8.82223333464935}