{"ppntid":2,"Bweight":4.2516411570782395,"mychoice":3,"myA1":9.377219627143345,"myA2":8.941924542250225,"myA3":7.159119659757069,"myB1":7.022862946104769,"myB2":6.132929714717019,"myB3":7.5947776271862395,"simA1":4.4292361382395,"simA2":5.33951839897782,"simA3":4.67120578279719,"simB1":8.93315338063985,"simB2":6.53978186193854,"simB3":9.20320985140279}