{"ppntid":0,"Bweight":4.627875976068717,"mychoice":3,"myA1":5.057491764507043,"myA2":2.54708680045838,"myA3":5.72285752058995,"myB1":4.215946072276395,"myB2":7.187028312265779,"myB3":7.030491910771217,"simA1":4.32029129238799,"simA2":1.53823893284425,"simA3":3.49515116773546,"simB1":1.77112437551841,"simB2":9.71220241626725,"simB3":8.82223333464935}