{"ppntid":9,"Bweight":1.4540702858018983,"mychoice":2,"myA1":2.308253802149638,"myA2":3.4262331254783707,"myA3":4.725128781614107,"myB1":5.864523856699469,"myB2":6.24145357277132,"myB3":4.66722405697233,"simA1":4.32029129238799,"simA2":1.53823893284425,"simA3":3.49515116773546,"simB1":1.77112437551841,"simB2":9.71220241626725,"simB3":8.82223333464935}