{"ppntid":4,"Bweight":1.2157719307785153,"mychoice":1,"myA1":3.946428750771165,"myA2":5.268834123314628,"myA3":4.262317018085547,"myB1":3.605156570984216,"myB2":0.783749035085437,"myB3":0.9057768059013438,"simA1":2.91122147580609,"simA2":2.93499771505594,"simA3":1.23898578574881,"simB1":4.70522804185748,"simB2":0.172186829149723,"simB3":9.04782252851874}