{"ppntid":3,"Bweight":0.43231213944038616,"mychoice":1,"myA1":4.185839792551837,"myA2":5.149649635070941,"myA3":3.071191430424285,"myB1":7.519664220893714,"myB2":4.550827874338392,"myB3":5.072081508709094,"simA1":4.32029129238799,"simA2":1.53823893284425,"simA3":3.49515116773546,"simB1":1.77112437551841,"simB2":9.71220241626725,"simB3":8.82223333464935}