{"ppntid":2,"Bweight":0.06558139027724064,"mychoice":2,"myA1":5.842519263172623,"myA2":9.2520699181303,"myA3":3.574745518610203,"myB1":4.057929980269108,"myB2":7.998894082136734,"myB3":6.690876137027395,"simA1":4.80207568733022,"simA2":9.74695997312665,"simA3":7.12853846373037,"simB1":1.80112784495577,"simB2":1.52530480641872,"simB3":4.3367622490041}