{"ppntid":7,"Bweight":4.143705224269309,"mychoice":2,"myA1":9.630942176480694,"myA2":8.55399128220469,"myA3":9.134872547044587,"myB1":5.918390928694441,"myB2":8.188199808511442,"myB3":5.171921446195009,"simA1":4.32029129238799,"simA2":1.53823893284425,"simA3":3.49515116773546,"simB1":1.77112437551841,"simB2":9.71220241626725,"simB3":8.82223333464935}