{"ppntid":2,"Bweight":2.03371204836868,"mychoice":2,"myA1":4.691069834943842,"myA2":6.2918206855375525,"myA3":4.529413705446402,"myB1":3.9188218140227793,"myB2":4.35196964352901,"myB3":4.493510161933642,"simA1":3.67379971314222,"simA2":2.96635989332572,"simA3":2.25443732691929,"simB1":2.00263310456648,"simB2":4.88128123106435,"simB3":7.29017229517922}