{"ppntid":2,"Bweight":0.368491547323333,"mychoice":2,"myA1":3.9987963742362354,"myA2":8.351028764560223,"myA3":0.8120042716077691,"myB1":1.230087325996423,"myB2":6.835780366421331,"myB3":3.7524568909110623,"simA1":3.63090072991326,"simA2":9.16425657225773,"simA3":5.10237921960652,"simB1":5.38326209876686,"simB2":3.32310018828139,"simB3":2.30925092939287}