{"ppntid":8,"Bweight":0.3635120034716033,"mychoice":3,"myA1":1.8056616910756573,"myA2":1.666115397133654,"myA3":1.6145970561944223,"myB1":3.276866098063642,"myB2":3.536906429186606,"myB3":5.34347100459714,"simA1":2.91122147580609,"simA2":2.93499771505594,"simA3":1.23898578574881,"simB1":4.70522804185748,"simB2":0.172186829149723,"simB3":9.04782252851874}