{"ppntid":8,"Bweight":0.7795549225347187,"mychoice":1,"myA1":2.690278250792606,"myA2":0.09600808685789275,"myA3":2.0338492830182853,"myB1":3.972403682778125,"myB2":1.7027068622629282,"myB3":4.261994804335172,"simA1":2.42332010762766,"simA2":3.03216766100377,"simA3":0.630926417652518,"simB1":2.96833007829264,"simB2":7.55062303738669,"simB3":3.78760563675314}