{"ppntid":1,"Bweight":2.1267142391694502,"mychoice":2,"myA1":1.3976369409353118,"myA2":3.285388439491086,"myA3":3.6056271971111142,"myB1":6.5938636558879615,"myB2":8.409972782556556,"myB3":7.782755491278666,"simA1":4.32029129238799,"simA2":1.53823893284425,"simA3":3.49515116773546,"simB1":1.77112437551841,"simB2":9.71220241626725,"simB3":8.82223333464935}