{"ppntid":0,"Bweight":1.0053928508753185,"mychoice":3,"myA1":2.0977652882038877,"myA2":3.4523488471231345,"myA3":2.6601490498098856,"myB1":6.054841156516623,"myB2":7.5304296093361245,"myB3":9.19710402060197,"simA1":4.32029129238799,"simA2":1.53823893284425,"simA3":3.49515116773546,"simB1":1.77112437551841,"simB2":9.71220241626725,"simB3":8.82223333464935}