{"ppntid":7,"Bweight":2.8592743754339347,"mychoice":1,"myA1":1.3945553147781231,"myA2":6.7746462947851,"myA3":1.7857129551322592,"myB1":6.5403472880222076,"myB2":3.0560757904994373,"myB3":0.0540831835766209,"simA1":3.63090072991326,"simA2":9.16425657225773,"simA3":5.10237921960652,"simB1":5.38326209876686,"simB2":3.32310018828139,"simB3":2.30925092939287}