{"ppntid":1,"Bweight":0.3417477801338109,"mychoice":2,"myA1":3.9412726865989645,"myA2":7.566891562465809,"myA3":5.926836027992765,"myB1":3.9513337893545164,"myB2":7.535757220318795,"myB3":5.9038006630556605,"simA1":4.80207568733022,"simA2":9.74695997312665,"simA3":7.12853846373037,"simB1":1.80112784495577,"simB2":1.52530480641872,"simB3":4.3367622490041}