{"ppntid":2,"Bweight":0.9338547675904962,"mychoice":3,"myA1":0.2678253944519038,"myA2":1.8106370260222704,"myA3":5.946910936110079,"myB1":3.023191336377631,"myB2":2.268798848767517,"myB3":7.9855244523785895,"simA1":0.765141036827117,"simA2":1.26688185613602,"simA3":4.58259324543178,"simB1":6.34286859771237,"simB2":3.13183395890519,"simB3":7.37623665714636}