{"ppntid":7,"Bweight":1.6370148004923424,"mychoice":2,"myA1":2.308809525049591,"myA2":7.176829831615894,"myA3":1.1731009850129337,"myB1":4.058036775121831,"myB2":8.346849599059002,"myB3":3.440405319872417,"simA1":3.63090072991326,"simA2":9.16425657225773,"simA3":5.10237921960652,"simB1":5.38326209876686,"simB2":3.32310018828139,"simB3":2.30925092939287}