{"ppntid":4,"Bweight":1.57132515279092,"mychoice":2,"myA1":1.0908979289105925,"myA2":6.213699145304659,"myA3":3.204373585109821,"myB1":2.550344984256445,"myB2":7.704670605739077,"myB3":4.596893403458799,"simA1":3.71603635838255,"simA2":9.79696976253763,"simA3":5.12477620737627,"simB1":7.65577855985612,"simB2":4.01422860566527,"simB3":8.65366162965074}