{"ppntid":9,"Bweight":3.3887264810853535,"mychoice":3,"myA1":0.8555517290835457,"myA2":6.593914248174753,"myA3":8.625887079150946,"myB1":3.918106120083935,"myB2":8.73456158357982,"myB3":9.161276409043488,"simA1":2.37154772970825,"simA2":7.2398704639636,"simA3":9.46149006485939,"simB1":4.32796909473836,"simB2":2.97014408512041,"simB3":5.05007167113945}