{"ppntid":5,"Bweight":0.2548026344416432,"mychoice":3,"myA1":5.482953472549563,"myA2":4.998209946922261,"myA3":5.822061717766536,"myB1":2.6439572164484515,"myB2":2.1140568331609133,"myB3":4.2895131058811735,"simA1":2.42332010762766,"simA2":3.03216766100377,"simA3":0.630926417652518,"simB1":2.96833007829264,"simB2":7.55062303738669,"simB3":3.78760563675314}