{"ppntid":4,"Bweight":1.4867153329750193,"mychoice":2,"myA1":5.059302497044353,"myA2":7.8749310482223,"myA3":7.25931301113447,"myB1":1.3257268140285516,"myB2":4.635603140890215,"myB3":2.210652135040987,"simA1":4.80207568733022,"simA2":9.74695997312665,"simA3":7.12853846373037,"simB1":1.80112784495577,"simB2":1.52530480641872,"simB3":4.3367622490041}