{"ppntid":1,"Bweight":1.7894062970372848,"mychoice":2,"myA1":6.360308982123904,"myA2":9.54389511289111,"myA3":5.006479758589011,"myB1":3.1725615169195165,"myB2":9.48221141725492,"myB3":5.340025661489904,"simA1":3.71603635838255,"simA2":9.79696976253763,"simA3":5.12477620737627,"simB1":7.65577855985612,"simB2":4.01422860566527,"simB3":8.65366162965074}