{"ppntid":1,"Bweight":4.7426753112628885,"mychoice":2,"myA1":5.900797041889023,"myA2":9.204174378232594,"myA3":6.054342187978636,"myB1":4.589141216683224,"myB2":7.827989541923022,"myB3":4.347778793448072,"simA1":3.71603635838255,"simA2":9.79696976253763,"simA3":5.12477620737627,"simB1":7.65577855985612,"simB2":4.01422860566527,"simB3":8.65366162965074}