{"ppntid":9,"Bweight":2.8118232337914773,"mychoice":3,"myA1":6.776078537186305,"myA2":6.075659297035399,"myA3":9.375295527940533,"myB1":2.107660987947697,"myB2":2.1090147314396512,"myB3":4.7038736372889955,"simA1":4.32029129238799,"simA2":1.53823893284425,"simA3":3.49515116773546,"simB1":1.77112437551841,"simB2":9.71220241626725,"simB3":8.82223333464935}