{"ppntid":1,"Bweight":1.2190462123526258,"mychoice":1,"myA1":8.108956830948069,"myA2":4.729360172397234,"myA3":5.154078774024208,"myB1":0.7700297890812458,"myB2":3.3442626144514165,"myB3":3.114220079786141,"simA1":2.42332010762766,"simA2":3.03216766100377,"simA3":0.630926417652518,"simB1":2.96833007829264,"simB2":7.55062303738669,"simB3":3.78760563675314}