{"ppntid":3,"Bweight":0.29961149528802467,"mychoice":2,"myA1":0.6052956289606448,"myA2":1.3869771015796406,"myA3":0.4418287092441564,"myB1":5.8498735375313355,"myB2":6.306016900595832,"myB3":8.054701348363418,"simA1":4.32029129238799,"simA2":1.53823893284425,"simA3":3.49515116773546,"simB1":1.77112437551841,"simB2":9.71220241626725,"simB3":8.82223333464935}