{"ppntid":0,"Bweight":1.0823006537492896,"mychoice":2,"myA1":2.7617001260355734,"myA2":3.048364454847754,"myA3":1.9358132494151148,"myB1":4.594461516358028,"myB2":5.752025793675115,"myB3":6.454048735321461,"simA1":2.91122147580609,"simA2":2.93499771505594,"simA3":1.23898578574881,"simB1":4.70522804185748,"simB2":0.172186829149723,"simB3":9.04782252851874}