{"ppntid":5,"Bweight":0.9244100396131949,"mychoice":2,"myA1":0.5491468648764664,"myA2":9.504800468578514,"myA3":1.9926966422389758,"myB1":5.983546417945389,"myB2":9.590451798959691,"myB3":3.2495802641352878,"simA1":3.63090072991326,"simA2":9.16425657225773,"simA3":5.10237921960652,"simB1":5.38326209876686,"simB2":3.32310018828139,"simB3":2.30925092939287}