{"ppntid":9,"Bweight":2.3264048089002687,"mychoice":3,"myA1":5.612409632073834,"myA2":7.594067078280871,"myA3":2.0876928461495448,"myB1":3.810555356130183,"myB2":3.8428087628379592,"myB3":8.342496940070895,"simA1":0.765141036827117,"simA2":1.26688185613602,"simA3":4.58259324543178,"simB1":6.34286859771237,"simB2":3.13183395890519,"simB3":7.37623665714636}