{"ppntid":6,"Bweight":1.5413696501933283,"mychoice":2,"myA1":5.294786509478575,"myA2":8.41757394317231,"myA3":0.8747141641651557,"myB1":2.295794408543983,"myB2":6.483943551400162,"myB3":0.7551535750681437,"simA1":3.63090072991326,"simA2":9.16425657225773,"simA3":5.10237921960652,"simB1":5.38326209876686,"simB2":3.32310018828139,"simB3":2.30925092939287}