{"ppntid":0,"Bweight":1.1829659467922937,"mychoice":2,"myA1":3.644045532988369,"myA2":4.678067512727568,"myA3":1.761021353782879,"myB1":5.8498735375313355,"myB2":8.776507384900018,"myB3":6.210782536233128,"simA1":2.42332010762766,"simA2":3.03216766100377,"simA3":0.630926417652518,"simB1":2.96833007829264,"simB2":7.55062303738669,"simB3":3.78760563675314}