{"ppntid":3,"Bweight":0.5727174137312396,"mychoice":2,"myA1":2.9648398194576697,"myA2":3.524736428858606,"myA3":2.504612450053998,"myB1":6.210521015916292,"myB2":7.197830372815977,"myB3":8.586019872511235,"simA1":4.32029129238799,"simA2":1.53823893284425,"simA3":3.49515116773546,"simB1":1.77112437551841,"simB2":9.71220241626725,"simB3":8.82223333464935}