{"ppntid":5,"Bweight":4.035422589432695,"mychoice":2,"myA1":1.1423568240792359,"myA2":3.3421517905569353,"myA3":3.534773898942074,"myB1":7.506106519709301,"myB2":8.585825369707464,"myB3":6.781631890994994,"simA1":4.32029129238799,"simA2":1.53823893284425,"simA3":3.49515116773546,"simB1":1.77112437551841,"simB2":9.71220241626725,"simB3":8.82223333464935}