{"ppntid":8,"Bweight":0.5229451985312417,"mychoice":1,"myA1":8.968624115813748,"myA2":5.005542267774647,"myA3":6.622612163715422,"myB1":7.944259786993824,"myB2":5.029053834045332,"myB3":5.975759826393492,"simA1":2.91122147580609,"simA2":2.93499771505594,"simA3":1.23898578574881,"simB1":4.70522804185748,"simB2":0.172186829149723,"simB3":9.04782252851874}