{"ppntid":9,"Bweight":4.131303180058769,"mychoice":3,"myA1":4.21801641802622,"myA2":3.5640906519081184,"myA3":5.953215726756711,"myB1":3.644045532988369,"myB2":2.5042777710021857,"myB3":3.976465222440153,"simA1":2.91122147580609,"simA2":2.93499771505594,"simA3":1.23898578574881,"simB1":4.70522804185748,"simB2":0.172186829149723,"simB3":9.04782252851874}