{"ppntid":9,"Bweight":1.1655171917762874,"mychoice":2,"myA1":1.395153592773637,"myA2":3.8420564283939784,"myA3":2.778213484266474,"myB1":3.045746056696732,"myB2":3.8420564283939784,"myB3":2.552389204451999,"simA1":3.67379971314222,"simA2":2.96635989332572,"simA3":2.25443732691929,"simB1":2.00263310456648,"simB2":4.88128123106435,"simB3":7.29017229517922}