{"ppntid":3,"Bweight":4.401438172834601,"mychoice":3,"myA1":8.77808556031182,"myA2":6.168284868686589,"myA3":9.089123082269303,"myB1":3.9683743288456563,"myB2":2.7107154479160123,"myB3":4.635718327204312,"simA1":2.91122147580609,"simA2":2.93499771505594,"simA3":1.23898578574881,"simB1":4.70522804185748,"simB2":0.172186829149723,"simB3":9.04782252851874}