{"ppntid":5,"Bweight":2.1433849995677634,"mychoice":2,"myA1":3.1725615169195165,"myA2":9.48221141725492,"myA3":5.340025661489904,"myB1":3.4793021651003286,"myB2":9.62869088184792,"myB3":2.5378433582825766,"simA1":3.71603635838255,"simA2":9.79696976253763,"simA3":5.12477620737627,"simB1":7.65577855985612,"simB2":4.01422860566527,"simB3":8.65366162965074}