{"ppntid":0,"Bweight":0.47096893300970666,"mychoice":2,"myA1":1.5799781266119584,"myA2":8.134495773547158,"myA3":2.569395774571872,"myB1":0.20799443814553342,"myB2":9.58531338171267,"myB3":5.888616769818221,"simA1":3.63090072991326,"simA2":9.16425657225773,"simA3":5.10237921960652,"simB1":5.38326209876686,"simB2":3.32310018828139,"simB3":2.30925092939287}