{"ppntid":7,"Bweight":0.4579449281311976,"mychoice":2,"myA1":0.1501488163574738,"myA2":7.742612672760291,"myA3":2.8629027558066222,"myB1":0.9509316940495882,"myB2":6.215157381376097,"myB3":3.1151111568031586,"simA1":3.63090072991326,"simA2":9.16425657225773,"simA3":5.10237921960652,"simB1":5.38326209876686,"simB2":3.32310018828139,"simB3":2.30925092939287}