{"ppntid":9,"Bweight":0.1516498219277107,"mychoice":3,"myA1":6.861338208390908,"myA2":4.311227302817571,"myA3":6.2132581744608935,"myB1":0.9012849373119836,"myB2":8.468923014553154,"myB3":7.939758624788591,"simA1":4.80207568733022,"simA2":9.74695997312665,"simA3":7.12853846373037,"simB1":1.80112784495577,"simB2":1.52530480641872,"simB3":4.3367622490041}