{"ppntid":9,"Bweight":0.7540500187886912,"mychoice":3,"myA1":0.4381628131888915,"myA2":4.94600760147936,"myA3":5.505290359039843,"myB1":3.0002476123445,"myB2":6.918596836591542,"myB3":9.688772166905743,"simA1":2.37154772970825,"simA2":7.2398704639636,"simA3":9.46149006485939,"simB1":4.32796909473836,"simB2":2.97014408512041,"simB3":5.05007167113945}