{"ppntid":2,"Bweight":0.2203003989332053,"mychoice":3,"myA1":1.0388012008026992,"myA2":3.5709545020747413,"myA3":5.971626567616994,"myB1":0.013576699604438414,"myB2":1.062890394794369,"myB3":3.2284866305011395,"simA1":4.51467339182273,"simA2":5.48836145317182,"simA3":8.37309282738715,"simB1":5.08784332778305,"simB2":2.23295776639134,"simB3":0.359112627338618}