{"ppntid":6,"Bweight":4.251606528862398,"mychoice":3,"myA1":2.607652177080726,"myA2":3.9440102103076113,"myA3":2.7373709728993245,"myB1":6.814867028098639,"myB2":6.6344452436896155,"myB3":8.681152253697338,"simA1":4.32029129238799,"simA2":1.53823893284425,"simA3":3.49515116773546,"simB1":1.77112437551841,"simB2":9.71220241626725,"simB3":8.82223333464935}