{"ppntid":5,"Bweight":0.4720585160175117,"mychoice":2,"myA1":3.6012885900375857,"myA2":7.1078710523241355,"myA3":3.7372487968856483,"myB1":6.382358006469893,"myB2":9.614880673493184,"myB3":5.692912173168912,"simA1":3.71603635838255,"simA2":9.79696976253763,"simA3":5.12477620737627,"simB1":7.65577855985612,"simB2":4.01422860566527,"simB3":8.65366162965074}