{"ppntid":8,"Bweight":1.9405483778950838,"mychoice":3,"myA1":5.194723315094296,"myA2":6.441122557854833,"myA3":7.587449906666266,"myB1":1.9335196632771923,"myB2":2.8283108714306926,"myB3":5.81028646038283,"simA1":2.91122147580609,"simA2":2.93499771505594,"simA3":1.23898578574881,"simB1":4.70522804185748,"simB2":0.172186829149723,"simB3":9.04782252851874}