{"ppntid":7,"Bweight":1.5101714708148128,"mychoice":2,"myA1":1.6852050563066534,"myA2":8.6090228550893,"myA3":0.1814270648385885,"myB1":5.985543337231811,"myB2":9.33841893111534,"myB3":8.397503122989324,"simA1":4.80207568733022,"simA2":9.74695997312665,"simA3":7.12853846373037,"simB1":1.80112784495577,"simB2":1.52530480641872,"simB3":4.3367622490041}