{"ppntid":4,"Bweight":1.4541501721942607,"mychoice":2,"myA1":5.440725623489014,"myA2":2.179153217587846,"myA3":4.550787841650886,"myB1":3.2424450625267887,"myB2":7.945347253996628,"myB3":5.267369446586365,"simA1":4.32029129238799,"simA2":1.53823893284425,"simA3":3.49515116773546,"simB1":1.77112437551841,"simB2":9.71220241626725,"simB3":8.82223333464935}