{"ppntid":5,"Bweight":1.828475781422605,"mychoice":3,"myA1":3.1131137070295667,"myA2":6.304376257972093,"myA3":5.639622127353228,"myB1":5.696343616178668,"myB2":3.8168502319874364,"myB3":6.452184031334887,"simA1":2.91122147580609,"simA2":2.93499771505594,"simA3":1.23898578574881,"simB1":4.70522804185748,"simB2":0.172186829149723,"simB3":9.04782252851874}