{"ppntid":1,"Bweight":0.026539691847524693,"mychoice":3,"myA1":4.707595972317426,"myA2":3.217437409867907,"myA3":5.133821985231775,"myB1":4.023131424639983,"myB2":3.527407567834835,"myB3":0.6242491285099083,"simA1":4.32029129238799,"simA2":1.53823893284425,"simA3":3.49515116773546,"simB1":1.77112437551841,"simB2":9.71220241626725,"simB3":8.82223333464935}