{"ppntid":9,"Bweight":1.3460561094132362,"mychoice":2,"myA1":2.8919483237617993,"myA2":8.567161897426171,"myA3":4.024838932735097,"myB1":5.918760203626827,"myB2":8.726787362811383,"myB3":3.183444590311857,"simA1":3.71603635838255,"simA2":9.79696976253763,"simA3":5.12477620737627,"simB1":7.65577855985612,"simB2":4.01422860566527,"simB3":8.65366162965074}