{"ppntid":3,"Bweight":1.064450822882842,"mychoice":2,"myA1":5.550767606406797,"myA2":8.327898527590271,"myA3":7.505267444134325,"myB1":2.3546739565110753,"myB2":2.170571822918792,"myB3":2.390030565841381,"simA1":2.91122147580609,"simA2":2.93499771505594,"simA3":1.23898578574881,"simB1":4.70522804185748,"simB2":0.172186829149723,"simB3":9.04782252851874}