{"ppntid":8,"Bweight":2.0293447138922884,"mychoice":2,"myA1":0.9133741093995162,"myA2":6.342262254975976,"myA3":2.4968760594776573,"myB1":5.18468848213375,"myB2":8.462697357637346,"myB3":5.050758094899209,"simA1":3.63090072991326,"simA2":9.16425657225773,"simA3":5.10237921960652,"simB1":5.38326209876686,"simB2":3.32310018828139,"simB3":2.30925092939287}