{"ppntid":7,"Bweight":0.539875157461851,"mychoice":2,"myA1":5.47356838793749,"myA2":4.808477545762622,"myA3":3.7544809691585557,"myB1":2.0256272886030424,"myB2":4.823528076679624,"myB3":3.2655568148309966,"simA1":2.42332010762766,"simA2":3.03216766100377,"simA3":0.630926417652518,"simB1":2.96833007829264,"simB2":7.55062303738669,"simB3":3.78760563675314}