{"ppntid":3,"Bweight":2.5669375375828665,"mychoice":2,"myA1":1.4947373861321345,"myA2":6.6839267707405,"myA3":0.27559348079914114,"myB1":3.985837735947626,"myB2":9.072837049981084,"myB3":2.75745652970107,"simA1":3.63090072991326,"simA2":9.16425657225773,"simA3":5.10237921960652,"simB1":5.38326209876686,"simB2":3.32310018828139,"simB3":2.30925092939287}