{"ppntid":3,"Bweight":4.169417284006526,"mychoice":3,"myA1":4.75894741574586,"myA2":6.694698237127181,"myA3":8.612378298841625,"myB1":0.1392904603581857,"myB2":0.33535151594609847,"myB3":3.2842670305844313,"simA1":4.51467339182273,"simA2":5.48836145317182,"simA3":8.37309282738715,"simB1":5.08784332778305,"simB2":2.23295776639134,"simB3":0.359112627338618}