{"ppntid":9,"Bweight":4.740947694193891,"mychoice":2,"myA1":2.0040783447226573,"myA2":4.848813148078676,"myA3":5.45287314194296,"myB1":4.943525664371,"myB2":7.61500872966548,"myB3":3.9857841119814386,"simA1":4.51467339182273,"simA2":5.48836145317182,"simA3":8.37309282738715,"simB1":5.08784332778305,"simB2":2.23295776639134,"simB3":0.359112627338618}