{"ppntid":7,"Bweight":1.7997046649110704,"mychoice":2,"myA1":0.4407781250073928,"myA2":5.238979116641125,"myA3":4.027075479753406,"myB1":3.8826068457659524,"myB2":7.794224469309048,"myB3":8.05961796648173,"simA1":2.37154772970825,"simA2":7.2398704639636,"simA3":9.46149006485939,"simB1":4.32796909473836,"simB2":2.97014408512041,"simB3":5.05007167113945}