{"ppntid":1,"Bweight":1.3875570583334995,"mychoice":3,"myA1":0.37277513393514816,"myA2":2.7103378891463414,"myA3":2.7261307172876537,"myB1":6.255479777293578,"myB2":5.030292743239659,"myB3":7.36495828034418,"simA1":4.32029129238799,"simA2":1.53823893284425,"simA3":3.49515116773546,"simB1":1.77112437551841,"simB2":9.71220241626725,"simB3":8.82223333464935}