{"ppntid":9,"Bweight":4.497346396245852,"mychoice":3,"myA1":5.4007867535845815,"myA2":2.174663113685056,"myA3":2.754977246160739,"myB1":5.054450925823617,"myB2":5.019506350862811,"myB3":6.676855864527074,"simA1":4.32029129238799,"simA2":1.53823893284425,"simA3":3.49515116773546,"simB1":1.77112437551841,"simB2":9.71220241626725,"simB3":8.82223333464935}