{"ppntid":8,"Bweight":4.275627517348216,"mychoice":3,"myA1":5.827003864023242,"myA2":3.4967453820191086,"myA3":5.961994693229007,"myB1":2.1984830950817336,"myB2":2.8580893891524406,"myB3":4.609000672945653,"simA1":2.91122147580609,"simA2":2.93499771505594,"simA3":1.23898578574881,"simB1":4.70522804185748,"simB2":0.172186829149723,"simB3":9.04782252851874}