{"ppntid":0,"Bweight":4.37415774814545,"mychoice":2,"myA1":4.624525481000498,"myA2":8.337467151830962,"myA3":6.928636532667265,"myB1":0.15322054640113159,"myB2":5.096935175865093,"myB3":3.1108685251133106,"simA1":4.80207568733022,"simA2":9.74695997312665,"simA3":7.12853846373037,"simB1":1.80112784495577,"simB2":1.52530480641872,"simB3":4.3367622490041}