{"ppntid":3,"Bweight":4.8516480227342464,"mychoice":3,"myA1":2.463529498415191,"myA2":3.184287123172722,"myA3":4.896911017600047,"myB1":3.256370704853253,"myB2":4.850315072145568,"myB3":5.2413290019443926,"simA1":3.67379971314222,"simA2":2.96635989332572,"simA3":2.25443732691929,"simB1":2.00263310456648,"simB2":4.88128123106435,"simB3":7.29017229517922}