{"ppntid":9,"Bweight":1.375473175615537,"mychoice":1,"myA1":4.516545065898383,"myA2":3.453517059694451,"myA3":3.3544403384141708,"myB1":6.388666295111751,"myB2":4.0078617695485725,"myB3":5.685886774725299,"simA1":2.91122147580609,"simA2":2.93499771505594,"simA3":1.23898578574881,"simB1":4.70522804185748,"simB2":0.172186829149723,"simB3":9.04782252851874}