{"ppntid":6,"Bweight":3.5422551922124343,"mychoice":2,"myA1":6.945232766883668,"myA2":8.467052411128545,"myA3":8.73314978876937,"myB1":4.48999079018688,"myB2":6.93872579316796,"myB3":4.047297802437715,"simA1":4.32029129238799,"simA2":1.53823893284425,"simA3":3.49515116773546,"simB1":1.77112437551841,"simB2":9.71220241626725,"simB3":8.82223333464935}