{"ppntid":6,"Bweight":0.7477979362205511,"mychoice":2,"myA1":3.9513337893545164,"myA2":7.740116304621019,"myA3":4.757890036880246,"myB1":0.27912962007931696,"myB2":6.780506941498907,"myB3":2.85632245510254,"simA1":4.80207568733022,"simA2":9.74695997312665,"simA3":7.12853846373037,"simB1":1.80112784495577,"simB2":1.52530480641872,"simB3":4.3367622490041}