{"ppntid":4,"Bweight":3.441540261101075,"mychoice":3,"myA1":2.962922236459422,"myA2":6.561397450469015,"myA3":4.07207180987331,"myB1":3.1688986454643198,"myB2":4.484248498046146,"myB3":5.818076358611391,"simA1":4.80207568733022,"simA2":9.74695997312665,"simA3":7.12853846373037,"simB1":1.80112784495577,"simB2":1.52530480641872,"simB3":4.3367622490041}