{"ppntid":2,"Bweight":1.6190215223519822,"mychoice":2,"myA1":2.4664280509392555,"myA2":5.716697521264695,"myA3":3.0050863546265183,"myB1":2.9077207054908483,"myB2":6.437032660779369,"myB3":4.39049127192953,"simA1":4.80207568733022,"simA2":9.74695997312665,"simA3":7.12853846373037,"simB1":1.80112784495577,"simB2":1.52530480641872,"simB3":4.3367622490041}