{"ppntid":5,"Bweight":2.133567837457795,"mychoice":3,"myA1":9.942898943939742,"myA2":6.6104985916103125,"myA3":2.759233704018591,"myB1":1.30084004315405,"myB2":1.8940148140671553,"myB3":5.482540557579196,"simA1":4.7013964317739,"simA2":1.5995579212904,"simA3":9.40290921367705,"simB1":2.04010848188773,"simB2":9.24196011386812,"simB3":3.83662213338539}