{"ppntid":0,"Bweight":1.4565269320664742,"mychoice":2,"myA1":0.42267984485085064,"myA2":5.530415352224825,"myA3":2.3791617409899657,"myB1":4.603203368364033,"myB2":9.91655928509475,"myB3":6.15009524898853,"simA1":3.71603635838255,"simA2":9.79696976253763,"simA3":5.12477620737627,"simB1":7.65577855985612,"simB2":4.01422860566527,"simB3":8.65366162965074}