{"ppntid":7,"Bweight":3.3116170703478542,"mychoice":1,"myA1":2.251587324199884,"myA2":4.520546963147729,"myA3":1.284771637206228,"myB1":6.330753446575872,"myB2":3.7684243195287337,"myB3":2.9544931483789294,"simA1":2.91122147580609,"simA2":2.93499771505594,"simA3":1.23898578574881,"simB1":4.70522804185748,"simB2":0.172186829149723,"simB3":9.04782252851874}