{"ppntid":4,"Bweight":3.77031673859877,"mychoice":2,"myA1":5.901004885146963,"myA2":9.901565075849177,"myA3":7.911503900107504,"myB1":1.3257268140285516,"myB2":4.635603140890215,"myB3":3.0160521446759114,"simA1":4.80207568733022,"simA2":9.74695997312665,"simA3":7.12853846373037,"simB1":1.80112784495577,"simB2":1.52530480641872,"simB3":4.3367622490041}