{"ppntid":7,"Bweight":3.9228121053234655,"mychoice":3,"myA1":2.349357519336599,"myA2":6.792937250217534,"myA3":6.858870076628496,"myB1":3.5050965195732497,"myB2":6.928850485617783,"myB3":9.229263821681412,"simA1":2.37154772970825,"simA2":7.2398704639636,"simA3":9.46149006485939,"simB1":4.32796909473836,"simB2":2.97014408512041,"simB3":5.05007167113945}