{"ppntid":9,"Bweight":0.5159041919698937,"mychoice":3,"myA1":4.85604630130122,"myA2":2.4450872024776515,"myA3":8.557985633699808,"myB1":5.384583864919192,"myB2":3.6522726226090407,"myB3":1.0230463751428864,"simA1":4.51467339182273,"simA2":5.48836145317182,"simA3":8.37309282738715,"simB1":5.08784332778305,"simB2":2.23295776639134,"simB3":0.359112627338618}