{"ppntid":3,"Bweight":2.260329097561511,"mychoice":2,"myA1":8.975301741924426,"myA2":1.560748520346673,"myA3":5.021724955175362,"myB1":1.9468222159396453,"myB2":7.791512936525368,"myB3":4.916221044979858,"simA1":4.80207568733022,"simA2":9.74695997312665,"simA3":7.12853846373037,"simB1":1.80112784495577,"simB2":1.52530480641872,"simB3":4.3367622490041}