{"ppntid":2,"Bweight":1.021875353069318,"mychoice":2,"myA1":3.0287428715867493,"myA2":9.064161281185845,"myA3":6.856146103356419,"myB1":2.6489606257423204,"myB2":7.170515258108907,"myB3":6.344421014618396,"simA1":2.37154772970825,"simA2":7.2398704639636,"simA3":9.46149006485939,"simB1":4.32796909473836,"simB2":2.97014408512041,"simB3":5.05007167113945}