{"ppntid":0,"Bweight":0.9258776648249556,"mychoice":3,"myA1":3.8826068457659524,"myA2":7.794224469309048,"myA3":8.414599680501896,"myB1":0.009845325465684951,"myB2":3.801543713072504,"myB3":5.76978102694877,"simA1":2.37154772970825,"simA2":7.2398704639636,"simA3":9.46149006485939,"simB1":4.32796909473836,"simB2":2.97014408512041,"simB3":5.05007167113945}