{"ppntid":7,"Bweight":4.865201929711724,"mychoice":2,"myA1":5.550343250237608,"myA2":5.841371263691104,"myA3":7.800828646915967,"myB1":4.585782585584591,"myB2":7.105069045884007,"myB3":6.640702267284437,"simA1":4.32029129238799,"simA2":1.53823893284425,"simA3":3.49515116773546,"simB1":1.77112437551841,"simB2":9.71220241626725,"simB3":8.82223333464935}