{"ppntid":8,"Bweight":0.14273014771607917,"mychoice":2,"myA1":3.5825062024914156,"myA2":7.239258452688633,"myA3":6.467577931436763,"myB1":0.7099737132011219,"myB2":3.850580388263649,"myB3":2.4085286302651876,"simA1":4.80207568733022,"simA2":9.74695997312665,"simA3":7.12853846373037,"simB1":1.80112784495577,"simB2":1.52530480641872,"simB3":4.3367622490041}