{"ppntid":2,"Bweight":1.0239504221731333,"mychoice":2,"myA1":2.5687725209375722,"myA2":8.81016885919459,"myA3":7.269507080994291,"myB1":0.19129533034834667,"myB2":4.418759873748308,"myB3":3.1467802852875026,"simA1":4.80207568733022,"simA2":9.74695997312665,"simA3":7.12853846373037,"simB1":1.80112784495577,"simB2":1.52530480641872,"simB3":4.3367622490041}