{"ppntid":1,"Bweight":0.9325974145581917,"mychoice":2,"myA1":1.0038735676826405,"myA2":3.0751892216625154,"myA3":2.981130193403485,"myB1":1.619405236633169,"myB2":3.1212202888486074,"myB3":3.1621663859132854,"simA1":2.91122147580609,"simA2":2.93499771505594,"simA3":1.23898578574881,"simB1":4.70522804185748,"simB2":0.172186829149723,"simB3":9.04782252851874}