{"ppntid":2,"Bweight":0.34428110956249314,"mychoice":3,"myA1":1.674589381049989,"myA2":4.453173574136706,"myA3":6.133636245182625,"myB1":5.879309515829463,"myB2":3.6241442385299627,"myB3":6.417779936709264,"simA1":4.32029129238799,"simA2":1.53823893284425,"simA3":3.49515116773546,"simB1":1.77112437551841,"simB2":9.71220241626725,"simB3":8.82223333464935}