{"ppntid":3,"Bweight":0.5542332869479238,"mychoice":2,"myA1":3.6243245233305066,"myA2":3.08748076683391,"myA3":0.6359406234161491,"myB1":3.87899267036663,"myB2":5.355677500828744,"myB3":4.069819857210215,"simA1":3.67379971314222,"simA2":2.96635989332572,"simA3":2.25443732691929,"simB1":2.00263310456648,"simB2":4.88128123106435,"simB3":7.29017229517922}