{"ppntid":8,"Bweight":1.0846613945109995,"mychoice":1,"myA1":7.574184901999121,"myA2":1.860917980554837,"myA3":2.763148708381884,"myB1":1.27214632228688,"myB2":4.200423956378478,"myB3":4.9565698809252146,"simA1":4.51467339182273,"simA2":5.48836145317182,"simA3":8.37309282738715,"simB1":5.08784332778305,"simB2":2.23295776639134,"simB3":0.359112627338618}