{"ppntid":5,"Bweight":3.872480870766876,"mychoice":3,"myA1":1.918045949052407,"myA2":3.0301615568800355,"myA3":5.031122229377969,"myB1":3.3360496565013986,"myB2":5.730332173469699,"myB3":6.3311983033238945,"simA1":4.32029129238799,"simA2":1.53823893284425,"simA3":3.49515116773546,"simB1":1.77112437551841,"simB2":9.71220241626725,"simB3":8.82223333464935}