{"ppntid":6,"Bweight":1.3465695457549332,"mychoice":3,"myA1":1.948463850375639,"myA2":9.92452584742907,"myA3":4.4846324574854535,"myB1":8.469430344981141,"myB2":1.904072954016256,"myB3":7.573757855369852,"simA1":3.71603635838255,"simA2":9.79696976253763,"simA3":5.12477620737627,"simB1":7.65577855985612,"simB2":4.01422860566527,"simB3":8.65366162965074}