{"ppntid":8,"Bweight":1.3552912733521116,"mychoice":2,"myA1":8.725156374288732,"myA2":9.541178831312374,"myA3":9.546533390538826,"myB1":0.6052956289606448,"myB2":1.4544960567472787,"myB3":0.4418287092441564,"simA1":4.32029129238799,"simA2":1.53823893284425,"simA3":3.49515116773546,"simB1":1.77112437551841,"simB2":9.71220241626725,"simB3":8.82223333464935}