{"ppntid":8,"Bweight":0.38703269232277404,"mychoice":2,"myA1":1.6693767461730102,"myA2":9.294210633906161,"myA3":8.232805185862302,"myB1":3.5907852784635885,"myB2":6.921766016677542,"myB3":7.646598628526369,"simA1":2.37154772970825,"simA2":7.2398704639636,"simA3":9.46149006485939,"simB1":4.32796909473836,"simB2":2.97014408512041,"simB3":5.05007167113945}