{"ppntid":1,"Bweight":3.308635136951338,"mychoice":3,"myA1":5.797368539122482,"myA2":4.5685760328607365,"myA3":9.5479021313095,"myB1":4.059570237055075,"myB2":1.5636006145860604,"myB3":7.512515427228572,"simA1":0.765141036827117,"simA2":1.26688185613602,"simA3":4.58259324543178,"simB1":6.34286859771237,"simB2":3.13183395890519,"simB3":7.37623665714636}