{"ppntid":6,"Bweight":1.188432144743855,"mychoice":2,"myA1":1.788162139674856,"myA2":4.980203888634518,"myA3":2.9904990946940835,"myB1":2.9045588163503155,"myB2":5.9739134500161555,"myB3":3.874016747608535,"simA1":4.80207568733022,"simA2":9.74695997312665,"simA3":7.12853846373037,"simB1":1.80112784495577,"simB2":1.52530480641872,"simB3":4.3367622490041}