{"ppntid":5,"Bweight":2.9405442194731526,"mychoice":2,"myA1":5.393285380372747,"myA2":8.394890585812746,"myA3":7.70237002530918,"myB1":3.736735671009934,"myB2":9.189061029351887,"myB3":6.137609608057259,"simA1":3.71603635838255,"simA2":9.79696976253763,"simA3":5.12477620737627,"simB1":7.65577855985612,"simB2":4.01422860566527,"simB3":8.65366162965074}