{"ppntid":2,"Bweight":3.949939109522057,"mychoice":1,"myA1":6.5968727104240426,"myA2":4.852340873150085,"myA3":1.8877043527397919,"myB1":4.681989355059242,"myB2":3.110160156190531,"myB3":0.9839788806758887,"simA1":4.54180638305843,"simA2":2.16205808101222,"simA3":0.625319329556078,"simB1":5.18409546697512,"simB2":2.58191620465368,"simB3":3.6804819596}