{"ppntid":2,"Bweight":1.9361256769825352,"mychoice":1,"myA1":7.639774861224864,"myA2":3.832087612431847,"myA3":6.099543611619134,"myB1":9.135370328965198,"myB2":5.925531311287382,"myB3":7.256055529895766,"simA1":9.27360753528774,"simA2":5.70048430701718,"simA3":6.62493635434657,"simB1":8.27336052898318,"simB2":0.704001160338521,"simB3":5.54484809981659}