{"ppntid":2,"Bweight":1.3937933863632945,"mychoice":3,"myA1":3.0381910842820314,"myA2":0.8944121759526835,"myA3":6.637035939332867,"myB1":5.472375874847842,"myB2":2.8309456682401546,"myB3":8.699695142959404,"simA1":0.765141036827117,"simA2":1.26688185613602,"simA3":4.58259324543178,"simB1":6.34286859771237,"simB2":3.13183395890519,"simB3":7.37623665714636}