{"ppntid":0,"Bweight":0.8925851669767848,"mychoice":2,"myA1":4.6370657716261015,"myA2":8.307269922459353,"myA3":3.1015587990065296,"myB1":2.6965895816978214,"myB2":9.075073253425149,"myB3":5.467450620701708,"simA1":3.71603635838255,"simA2":9.79696976253763,"simA3":5.12477620737627,"simB1":7.65577855985612,"simB2":4.01422860566527,"simB3":8.65366162965074}