{"ppntid":6,"Bweight":0.5877623878553184,"mychoice":2,"myA1":1.1849931969604777,"myA2":6.00558494060595,"myA3":5.814977510601622,"myB1":2.453828480588709,"myB2":9.507951460624147,"myB3":7.717493108526499,"simA1":2.37154772970825,"simA2":7.2398704639636,"simA3":9.46149006485939,"simB1":4.32796909473836,"simB2":2.97014408512041,"simB3":5.05007167113945}