{"ppntid":9,"Bweight":2.2542087861010582,"mychoice":2,"myA1":1.0798226748370299,"myA2":4.6621673234822625,"myA3":1.9027931772592166,"myB1":5.67964241412267,"myB2":9.33841893111534,"myB3":7.912074673410087,"simA1":4.80207568733022,"simA2":9.74695997312665,"simA3":7.12853846373037,"simB1":1.80112784495577,"simB2":1.52530480641872,"simB3":4.3367622490041}