{"ppntid":1,"Bweight":0.48751361676083405,"mychoice":2,"myA1":1.7780965615784328,"myA2":6.716509984344395,"myA3":2.775704323158239,"myB1":2.457691785215035,"myB2":8.844537594441576,"myB3":5.500869243117332,"simA1":3.71603635838255,"simA2":9.79696976253763,"simA3":5.12477620737627,"simB1":7.65577855985612,"simB2":4.01422860566527,"simB3":8.65366162965074}