{"ppntid":6,"Bweight":1.3018326048882023,"mychoice":3,"myA1":8.868399669241839,"myA2":5.771321622585434,"myA3":6.73855615319765,"myB1":0.5615013787222023,"myB2":3.8800630628953603,"myB3":3.470581172348355,"simA1":4.80207568733022,"simA2":9.74695997312665,"simA3":7.12853846373037,"simB1":1.80112784495577,"simB2":1.52530480641872,"simB3":4.3367622490041}