{"ppntid":5,"Bweight":0.16975433283438757,"mychoice":3,"myA1":5.560459366192971,"myA2":7.9386918988304185,"myA3":9.69104987878361,"myB1":2.9842702577151714,"myB2":3.470523604444946,"myB3":6.007374954967062,"simA1":4.51467339182273,"simA2":5.48836145317182,"simA3":8.37309282738715,"simB1":5.08784332778305,"simB2":2.23295776639134,"simB3":0.359112627338618}