{"ppntid":8,"Bweight":4.076333859388797,"mychoice":3,"myA1":1.2093955294893455,"myA2":4.02448566289636,"myA3":9.579409804651549,"myB1":6.386375222614453,"myB2":6.122331971854695,"myB3":9.129811019274648,"simA1":4.32029129238799,"simA2":1.53823893284425,"simA3":3.49515116773546,"simB1":1.77112437551841,"simB2":9.71220241626725,"simB3":8.82223333464935}