{"ppntid":6,"Bweight":3.414811454045842,"mychoice":3,"myA1":6.748404488666651,"myA2":9.553831744992088,"myA3":8.604236737978157,"myB1":3.543585895990218,"myB2":4.575044161292592,"myB3":6.171861649259764,"simA1":4.32029129238799,"simA2":1.53823893284425,"simA3":3.49515116773546,"simB1":1.77112437551841,"simB2":9.71220241626725,"simB3":8.82223333464935}