{"ppntid":7,"Bweight":2.7641362695744887,"mychoice":3,"myA1":3.9576212397880983,"myA2":8.069766872608906,"myA3":6.204084510084935,"myB1":2.208941234649391,"myB2":3.921709967223257,"myB3":4.847037366260604,"simA1":2.42332010762766,"simA2":3.03216766100377,"simA3":0.630926417652518,"simB1":2.96833007829264,"simB2":7.55062303738669,"simB3":3.78760563675314}