{"ppntid":6,"Bweight":3.651236090809654,"mychoice":2,"myA1":2.936579945017499,"myA2":6.964719852851006,"myA3":2.9987648104038045,"myB1":6.512926087055371,"myB2":9.846468897984394,"myB3":5.641259794658467,"simA1":3.71603635838255,"simA2":9.79696976253763,"simA3":5.12477620737627,"simB1":7.65577855985612,"simB2":4.01422860566527,"simB3":8.65366162965074}