{"ppntid":5,"Bweight":1.6085457702435613,"mychoice":2,"myA1":3.5107884873026496,"myA2":8.36131111974522,"myA3":4.956680727201714,"myB1":0.46594399075624127,"myB2":9.12535583676761,"myB3":5.304410836254052,"simA1":3.71603635838255,"simA2":9.79696976253763,"simA3":5.12477620737627,"simB1":7.65577855985612,"simB2":4.01422860566527,"simB3":8.65366162965074}