{"ppntid":2,"Bweight":2.782835064616309,"mychoice":1,"myA1":3.1357278062845584,"myA2":3.047752247203581,"myA3":3.2842658043255457,"myB1":6.8770490525533035,"myB2":2.193395908373743,"myB3":5.040363253385705,"simA1":2.91122147580609,"simA2":2.93499771505594,"simA3":1.23898578574881,"simB1":4.70522804185748,"simB2":0.172186829149723,"simB3":9.04782252851874}