{"ppntid":5,"Bweight":2.527877828884222,"mychoice":2,"myA1":6.718412596932353,"myA2":7.474002281964223,"myA3":5.058034401432807,"myB1":2.325373636252843,"myB2":3.60697889652279,"myB3":3.2192254400741405,"simA1":3.67379971314222,"simA2":2.96635989332572,"simA3":2.25443732691929,"simB1":2.00263310456648,"simB2":4.88128123106435,"simB3":7.29017229517922}