{"ppntid":5,"Bweight":0.39284339428184767,"mychoice":1,"myA1":4.855053674344287,"myA2":3.279909984420941,"myA3":2.981130193403485,"myB1":2.519355201266935,"myB2":4.280963532109836,"myB3":5.304448436287171,"simA1":2.91122147580609,"simA2":2.93499771505594,"simA3":1.23898578574881,"simB1":4.70522804185748,"simB2":0.172186829149723,"simB3":9.04782252851874}