{"ppntid":7,"Bweight":0.73574268252806,"mychoice":3,"myA1":4.605541117164831,"myA2":5.717166038349905,"myA3":6.852740212438466,"myB1":5.494291738702321,"myB2":7.747259554525961,"myB3":8.08708185013814,"simA1":4.32029129238799,"simA2":1.53823893284425,"simA3":3.49515116773546,"simB1":1.77112437551841,"simB2":9.71220241626725,"simB3":8.82223333464935}