{"ppntid":9,"Bweight":1.842053129333261,"mychoice":2,"myA1":6.093682448287405,"myA2":9.723455834926094,"myA3":4.629820314763005,"myB1":2.4266918923734826,"myB2":7.448921021274922,"myB3":2.2778616071763214,"simA1":3.63090072991326,"simA2":9.16425657225773,"simA3":5.10237921960652,"simB1":5.38326209876686,"simB2":3.32310018828139,"simB3":2.30925092939287}