{"ppntid":6,"Bweight":3.034277252265851,"mychoice":2,"myA1":7.458988651312661,"myA2":1.5722495880584852,"myA3":0.11817286499499868,"myB1":0.7856566957374245,"myB2":5.9387789819706605,"myB3":3.4178413207257785,"simA1":4.80207568733022,"simA2":9.74695997312665,"simA3":7.12853846373037,"simB1":1.80112784495577,"simB2":1.52530480641872,"simB3":4.3367622490041}