{"ppntid":9,"Bweight":2.7513964636810275,"mychoice":3,"myA1":0.09144034623697062,"myA2":4.55526003789114,"myA3":4.014078932775131,"myB1":2.345075835690942,"myB2":7.016097699048116,"myB3":9.184492906798914,"simA1":2.37154772970825,"simA2":7.2398704639636,"simA3":9.46149006485939,"simB1":4.32796909473836,"simB2":2.97014408512041,"simB3":5.05007167113945}