{"ppntid":4,"Bweight":0.038606804943426276,"mychoice":2,"myA1":0.5124340937860117,"myA2":9.080226579933104,"myA3":7.597701110657797,"myB1":8.632138073464414,"myB2":4.603121675284068,"myB3":3.4398919665926297,"simA1":2.37154772970825,"simA2":7.2398704639636,"simA3":9.46149006485939,"simB1":4.32796909473836,"simB2":2.97014408512041,"simB3":5.05007167113945}