{"ppntid":3,"Bweight":1.9890305362839922,"mychoice":3,"myA1":3.0559039577851155,"myA2":1.4995053397346947,"myA3":9.606085080627988,"myB1":1.7349610638461432,"myB2":2.783484888261254,"myB3":6.589644077537029,"simA1":0.765141036827117,"simA2":1.26688185613602,"simA3":4.58259324543178,"simB1":6.34286859771237,"simB2":3.13183395890519,"simB3":7.37623665714636}