{"ppntid":8,"Bweight":2.9774391339087094,"mychoice":2,"myA1":7.210885758901098,"myA2":7.762398019170853,"myA3":4.226577729766157,"myB1":2.9737201243077704,"myB2":3.306579019471594,"myB3":2.9933593945440506,"simA1":3.67379971314222,"simA2":2.96635989332572,"simA3":2.25443732691929,"simB1":2.00263310456648,"simB2":4.88128123106435,"simB3":7.29017229517922}