{"ppntid":4,"Bweight":0.6160708274151239,"mychoice":2,"myA1":4.213962108075757,"myA2":5.181263946501278,"myA3":3.232253643605467,"myB1":8.001043093228834,"myB2":7.160217720162025,"myB3":6.342699614670493,"simA1":2.91122147580609,"simA2":2.93499771505594,"simA3":1.23898578574881,"simB1":4.70522804185748,"simB2":0.172186829149723,"simB3":9.04782252851874}