{"ppntid":6,"Bweight":2.7876261465548504,"mychoice":3,"myA1":6.650029042504356,"myA2":4.488344956642917,"myA3":4.262317018085547,"myB1":2.8876181554209523,"myB2":2.544391391212497,"myB3":5.474568847716508,"simA1":2.91122147580609,"simA2":2.93499771505594,"simA3":1.23898578574881,"simB1":4.70522804185748,"simB2":0.172186829149723,"simB3":9.04782252851874}