{"ppntid":4,"Bweight":1.5644174237416841,"mychoice":2,"myA1":5.842519263172623,"myA2":9.856710919672679,"myA3":5.076917828656744,"myB1":4.014429468355152,"myB2":8.75309130317644,"myB3":6.851213710864985,"simA1":4.80207568733022,"simA2":9.74695997312665,"simA3":7.12853846373037,"simB1":1.80112784495577,"simB2":1.52530480641872,"simB3":4.3367622490041}