{"ppntid":4,"Bweight":0.35352756726280243,"mychoice":2,"myA1":5.475066292735149,"myA2":8.63241195085755,"myA3":0.5052817657912856,"myB1":6.567816218444246,"myB2":9.717376926345233,"myB3":5.78329773478683,"simA1":3.71603635838255,"simA2":9.79696976253763,"simA3":5.12477620737627,"simB1":7.65577855985612,"simB2":4.01422860566527,"simB3":8.65366162965074}