{"ppntid":6,"Bweight":4.107146053410363,"mychoice":3,"myA1":2.7405336366163846,"myA2":0.8989779412979471,"myA3":2.6026527691922907,"myB1":5.415108503843403,"myB2":2.501406736570564,"myB3":7.051680262212036,"simA1":2.91122147580609,"simA2":2.93499771505594,"simA3":1.23898578574881,"simB1":4.70522804185748,"simB2":0.172186829149723,"simB3":9.04782252851874}