{"ppntid":2,"Bweight":4.925989589326417,"mychoice":2,"myA1":9.571757784955427,"myA2":9.986327061554396,"myA3":9.497367535708738,"myB1":5.490627493593154,"myB2":7.322475254150436,"myB3":4.667607694811025,"simA1":4.32029129238799,"simA2":1.53823893284425,"simA3":3.49515116773546,"simB1":1.77112437551841,"simB2":9.71220241626725,"simB3":8.82223333464935}