{"ppntid":7,"Bweight":3.2437983326348316,"mychoice":2,"myA1":5.022371276253244,"myA2":9.180547569536106,"myA3":3.8228006040309093,"myB1":0.5436711142455586,"myB2":7.033217083255973,"myB3":1.1671470283927565,"simA1":3.63090072991326,"simA2":9.16425657225773,"simA3":5.10237921960652,"simB1":5.38326209876686,"simB2":3.32310018828139,"simB3":2.30925092939287}