{"ppntid":3,"Bweight":0.3282798980484869,"mychoice":3,"myA1":1.4171723022572724,"myA2":6.01297841137415,"myA3":7.687052280919541,"myB1":3.7063958390935126,"myB2":8.521057032437467,"myB3":7.952566002428947,"simA1":2.37154772970825,"simA2":7.2398704639636,"simA3":9.46149006485939,"simB1":4.32796909473836,"simB2":2.97014408512041,"simB3":5.05007167113945}