{"ppntid":7,"Bweight":1.8074598020698829,"mychoice":3,"myA1":2.0893631502566556,"myA2":3.4472190794761004,"myA3":4.521278519080676,"myB1":2.7069259696265635,"myB2":0.18047058808244199,"myB3":2.6221693122105494,"simA1":3.67379971314222,"simA2":2.96635989332572,"simA3":2.25443732691929,"simB1":2.00263310456648,"simB2":4.88128123106435,"simB3":7.29017229517922}