{"ppntid":8,"Bweight":4.11478328240773,"mychoice":2,"myA1":0.17481280582517522,"myA2":0.3900159662515623,"myA3":0.2633006539632654,"myB1":4.168246421525028,"myB2":6.713260652960377,"myB3":6.741542987032549,"simA1":4.32029129238799,"simA2":1.53823893284425,"simA3":3.49515116773546,"simB1":1.77112437551841,"simB2":9.71220241626725,"simB3":8.82223333464935}