{"ppntid":5,"Bweight":1.7747730247118454,"mychoice":1,"myA1":3.36751029909494,"myA2":1.9642507139193355,"myA3":5.515006299946683,"myB1":4.168246421525028,"myB2":2.5880764255164546,"myB3":2.042877985786933,"simA1":2.91122147580609,"simA2":2.93499771505594,"simA3":1.23898578574881,"simB1":4.70522804185748,"simB2":0.172186829149723,"simB3":9.04782252851874}