{"ppntid":1,"Bweight":1.5851286251092456,"mychoice":3,"myA1":8.512937673853378,"myA2":0.7919453720642422,"myA3":4.783527486154091,"myB1":3.7233938073634865,"myB2":3.6563374915509117,"myB3":6.7950279437635235,"simA1":4.7013964317739,"simA2":1.5995579212904,"simA3":9.40290921367705,"simB1":2.04010848188773,"simB2":9.24196011386812,"simB3":3.83662213338539}