{"ppntid":4,"Bweight":0.030914682310333452,"mychoice":3,"myA1":0.9073043922293289,"myA2":2.404064497545906,"myA3":4.756503773766441,"myB1":5.2286280039813455,"myB2":5.808627250111604,"myB3":8.387730495225252,"simA1":4.51467339182273,"simA2":5.48836145317182,"simA3":8.37309282738715,"simB1":5.08784332778305,"simB2":2.23295776639134,"simB3":0.359112627338618}