{"ppntid":2,"Bweight":0.39201210963993316,"mychoice":3,"myA1":4.271205624750413,"myA2":2.322000419898551,"myA3":4.325393686350234,"myB1":2.1984830950817336,"myB2":4.1869746624030775,"myB3":4.5513467277624535,"simA1":4.32029129238799,"simA2":1.53823893284425,"simA3":3.49515116773546,"simB1":1.77112437551841,"simB2":9.71220241626725,"simB3":8.82223333464935}