{"ppntid":4,"Bweight":1.3155065833742052,"mychoice":3,"myA1":0.8406152749741191,"myA2":5.205977002874668,"myA3":6.405698778205913,"myB1":3.1248304989754683,"myB2":4.610839214723795,"myB3":6.63873231949424,"simA1":2.37154772970825,"simA2":7.2398704639636,"simA3":9.46149006485939,"simB1":4.32796909473836,"simB2":2.97014408512041,"simB3":5.05007167113945}