{"ppntid":0,"Bweight":0.018105993707626666,"mychoice":1,"myA1":4.069955590512249,"myA2":2.218714450220227,"myA3":1.450882944297145,"myB1":8.093183872750734,"myB2":6.042391512981242,"myB3":6.290228744566411,"simA1":4.32029129238799,"simA2":1.53823893284425,"simA3":3.49515116773546,"simB1":1.77112437551841,"simB2":9.71220241626725,"simB3":8.82223333464935}