{"ppntid":4,"Bweight":1.9426896853550368,"mychoice":2,"myA1":4.101974868805705,"myA2":7.934459400849199,"myA3":4.606607878313724,"myB1":5.832781145144352,"myB2":9.201506315612498,"myB3":5.392195032998373,"simA1":3.71603635838255,"simA2":9.79696976253763,"simA3":5.12477620737627,"simB1":7.65577855985612,"simB2":4.01422860566527,"simB3":8.65366162965074}