{"ppntid":9,"Bweight":2.251469826385011,"mychoice":3,"myA1":0.5448975476406015,"myA2":4.814153436894346,"myA3":5.348546508601366,"myB1":3.901365247366142,"myB2":8.265246244799183,"myB3":8.474731035369166,"simA1":2.37154772970825,"simA2":7.2398704639636,"simA3":9.46149006485939,"simB1":4.32796909473836,"simB2":2.97014408512041,"simB3":5.05007167113945}