{"ppntid":0,"Bweight":0.6567461169135647,"mychoice":1,"myA1":9.0429259448855,"myA2":4.992521232556479,"myA3":6.8141735628191675,"myB1":5.392359935853581,"myB2":0.26836319441279066,"myB3":0.33828195459565835,"simA1":9.27360753528774,"simA2":5.70048430701718,"simA3":6.62493635434657,"simB1":8.27336052898318,"simB2":0.704001160338521,"simB3":5.54484809981659}