{"ppntid":3,"Bweight":2.613511258564615,"mychoice":2,"myA1":5.1788680850323505,"myA2":4.850315072145568,"myA3":2.1977259253519965,"myB1":5.271229586275965,"myB2":7.851880982197425,"myB3":4.434114375675453,"simA1":4.32029129238799,"simA2":1.53823893284425,"simA3":3.49515116773546,"simB1":1.77112437551841,"simB2":9.71220241626725,"simB3":8.82223333464935}