{"ppntid":8,"Bweight":3.2420187605377606,"mychoice":3,"myA1":3.6166579568452395,"myA2":3.589910970535315,"myA3":4.430461210509744,"myB1":3.3360496565013986,"myB2":2.699851993235085,"myB3":5.194830159264803,"simA1":2.91122147580609,"simA2":2.93499771505594,"simA3":1.23898578574881,"simB1":4.70522804185748,"simB2":0.172186829149723,"simB3":9.04782252851874}