{"ppntid":8,"Bweight":1.9003770766853134,"mychoice":2,"myA1":1.7747099573574254,"myA2":7.581927558991691,"myA3":4.137811769137166,"myB1":4.71548602053536,"myB2":9.769557389113505,"myB3":6.108202189081933,"simA1":3.71603635838255,"simA2":9.79696976253763,"simA3":5.12477620737627,"simB1":7.65577855985612,"simB2":4.01422860566527,"simB3":8.65366162965074}