{"ppntid":6,"Bweight":1.2597374391613392,"mychoice":3,"myA1":4.152608285073692,"myA2":4.603390302168586,"myA3":6.098919116607706,"myB1":6.701269792168569,"myB2":5.997895108830697,"myB3":8.149793721017778,"simA1":2.91122147580609,"simA2":2.93499771505594,"simA3":1.23898578574881,"simB1":4.70522804185748,"simB2":0.172186829149723,"simB3":9.04782252851874}