{"ppntid":7,"Bweight":0.6754530537355408,"mychoice":2,"myA1":1.1861187447489119,"myA2":9.205968928010718,"myA3":2.4767609756754383,"myB1":6.857165935434639,"myB2":9.884676848876545,"myB3":3.4205091776250818,"simA1":3.71603635838255,"simA2":9.79696976253763,"simA3":5.12477620737627,"simB1":7.65577855985612,"simB2":4.01422860566527,"simB3":8.65366162965074}