{"ppntid":6,"Bweight":3.6027582769890953,"mychoice":3,"myA1":3.0820291819963552,"myA2":2.3597821018271703,"myA3":4.588577061389314,"myB1":5.067330421229872,"myB2":2.278126266703351,"myB3":5.697696873484881,"simA1":2.91122147580609,"simA2":2.93499771505594,"simA3":1.23898578574881,"simB1":4.70522804185748,"simB2":0.172186829149723,"simB3":9.04782252851874}