{"ppntid":1,"Bweight":2.4065563406447543,"mychoice":2,"myA1":1.3553580222007144,"myA2":7.273586956845821,"myA3":4.05642272950137,"myB1":5.528030213418546,"myB2":9.564381646255391,"myB3":4.9747867568092445,"simA1":3.71603635838255,"simA2":9.79696976253763,"simA3":5.12477620737627,"simB1":7.65577855985612,"simB2":4.01422860566527,"simB3":8.65366162965074}