{"ppntid":6,"Bweight":2.526827668224886,"mychoice":2,"myA1":0.7492425144302461,"myA2":4.678842462860917,"myA3":1.924268246835077,"myB1":4.536202947587686,"myB2":7.5942679870980605,"myB3":5.80328076659292,"simA1":4.80207568733022,"simA2":9.74695997312665,"simA3":7.12853846373037,"simB1":1.80112784495577,"simB2":1.52530480641872,"simB3":4.3367622490041}