{"ppntid":1,"Bweight":2.5112632435960593,"mychoice":3,"myA1":2.7621733237697144,"myA2":5.609353149933365,"myA3":2.366638914379422,"myB1":2.711710948252739,"myB2":2.564331794880692,"myB3":4.820049422147832,"simA1":2.91122147580609,"simA2":2.93499771505594,"simA3":1.23898578574881,"simB1":4.70522804185748,"simB2":0.172186829149723,"simB3":9.04782252851874}