{"ppntid":1,"Bweight":1.9586960124191555,"mychoice":1,"myA1":2.799459105328035,"myA2":5.914057235365135,"myA3":3.9398885680219142,"myB1":6.5258709660055425,"myB2":4.808922360773034,"myB3":2.1590080808514744,"simA1":4.80207568733022,"simA2":9.74695997312665,"simA3":7.12853846373037,"simB1":1.80112784495577,"simB2":1.52530480641872,"simB3":4.3367622490041}