{"ppntid":1,"Bweight":1.5506513647649045,"mychoice":2,"myA1":2.6694466160473485,"myA2":5.707729068676722,"myA3":1.9082037334106583,"myB1":3.3520011280387485,"myB2":8.0764316069237,"myB3":0.7789202219453406,"simA1":3.71603635838255,"simA2":9.79696976253763,"simA3":5.12477620737627,"simB1":7.65577855985612,"simB2":4.01422860566527,"simB3":8.65366162965074}