{"ppntid":6,"Bweight":4.787151466880165,"mychoice":1,"myA1":6.924307624464944,"myA2":6.500385541953968,"myA3":6.001171200844475,"myB1":5.457310308552755,"myB2":4.479823816652264,"myB3":4.610649369883126,"simA1":3.67379971314222,"simA2":2.96635989332572,"simA3":2.25443732691929,"simB1":2.00263310456648,"simB2":4.88128123106435,"simB3":7.29017229517922}