{"ppntid":6,"Bweight":1.256931844362319,"mychoice":2,"myA1":5.393285380372747,"myA2":8.394890585812746,"myA3":7.897948385157312,"myB1":0.7492425144302461,"myB2":3.8664379430890627,"myB3":3.264261842967051,"simA1":4.80207568733022,"simA2":9.74695997312665,"simA3":7.12853846373037,"simB1":1.80112784495577,"simB2":1.52530480641872,"simB3":4.3367622490041}