{"ppntid":8,"Bweight":1.8919265363933202,"mychoice":3,"myA1":1.468909016418043,"myA2":5.634659893313099,"myA3":5.775686658977904,"myB1":0.6081868199314711,"myB2":4.121915428994997,"myB3":5.158530816278208,"simA1":2.37154772970825,"simA2":7.2398704639636,"simA3":9.46149006485939,"simB1":4.32796909473836,"simB2":2.97014408512041,"simB3":5.05007167113945}