{"ppntid":6,"Bweight":1.2256814262738047,"mychoice":2,"myA1":1.491613320604075,"myA2":6.271681302430833,"myA3":3.7514593382275208,"myB1":2.47545771701303,"myB2":7.1592879687248185,"myB3":1.947689762399698,"simA1":4.80207568733022,"simA2":9.74695997312665,"simA3":7.12853846373037,"simB1":1.80112784495577,"simB2":1.52530480641872,"simB3":4.3367622490041}