{"ppntid":8,"Bweight":0.6675637704836501,"mychoice":2,"myA1":1.9564797053643956,"myA2":8.234236788915585,"myA3":0.1205021706471121,"myB1":2.5103010711701734,"myB2":9.033894549945007,"myB3":4.217948049655638,"simA1":3.71603635838255,"simA2":9.79696976253763,"simA3":5.12477620737627,"simB1":7.65577855985612,"simB2":4.01422860566527,"simB3":8.65366162965074}