{"ppntid":5,"Bweight":1.3752384307663312,"mychoice":2,"myA1":4.073103523664347,"myA2":7.621950764110268,"myA3":9.186228578411901,"myB1":0.2529548636402956,"myB2":7.850911914049465,"myB3":4.346602024205661,"simA1":2.37154772970825,"simA2":7.2398704639636,"simA3":9.46149006485939,"simB1":4.32796909473836,"simB2":2.97014408512041,"simB3":5.05007167113945}