{"ppntid":3,"Bweight":1.4183143881709626,"mychoice":3,"myA1":1.2511507286087542,"myA2":4.8496906974297405,"myA3":6.657221134913714,"myB1":4.136233913715839,"myB2":7.481386164511353,"myB3":8.146494382123137,"simA1":2.37154772970825,"simA2":7.2398704639636,"simA3":9.46149006485939,"simB1":4.32796909473836,"simB2":2.97014408512041,"simB3":5.05007167113945}