{"ppntid":5,"Bweight":2.6333493723794446,"mychoice":3,"myA1":6.210521015916292,"myA2":6.186731894290107,"myA3":8.655008194822216,"myB1":5.054450925823617,"myB2":7.3797603801433365,"myB3":6.6460225929819465,"simA1":4.4292361382395,"simA2":5.33951839897782,"simA3":4.67120578279719,"simB1":8.93315338063985,"simB2":6.53978186193854,"simB3":9.20320985140279}