{"ppntid":3,"Bweight":4.467209034581675,"mychoice":2,"myA1":7.5077734227951325,"myA2":9.217518684073703,"myA3":9.272042468879953,"myB1":5.096511465733091,"myB2":7.407482093057838,"myB3":6.481686831508641,"simA1":4.32029129238799,"simA2":1.53823893284425,"simA3":3.49515116773546,"simB1":1.77112437551841,"simB2":9.71220241626725,"simB3":8.82223333464935}