{"ppntid":5,"Bweight":2.302567241817716,"mychoice":3,"myA1":2.753314355692442,"myA2":2.109349497785793,"myA3":2.8905638458069616,"myB1":5.952373850645594,"myB2":4.057109847795159,"myB3":6.196429089518545,"simA1":2.91122147580609,"simA2":2.93499771505594,"simA3":1.23898578574881,"simB1":4.70522804185748,"simB2":0.172186829149723,"simB3":9.04782252851874}