{"ppntid":6,"Bweight":1.3222716242333377,"mychoice":2,"myA1":1.3945553147781231,"myA2":6.7746462947851,"myA3":1.7857129551322592,"myB1":2.435382988553614,"myB2":8.394951145245756,"myB3":2.9231316996546974,"simA1":3.71603635838255,"simA2":9.79696976253763,"simA3":5.12477620737627,"simB1":7.65577855985612,"simB2":4.01422860566527,"simB3":8.65366162965074}