{"ppntid":1,"Bweight":2.0500323234906292,"mychoice":3,"myA1":0.7367021651698757,"myA2":4.280832507303874,"myA3":5.01519199180068,"myB1":3.8161370494165925,"myB2":6.89869596323347,"myB3":9.360626360270608,"simA1":2.37154772970825,"simA2":7.2398704639636,"simA3":9.46149006485939,"simB1":4.32796909473836,"simB2":2.97014408512041,"simB3":5.05007167113945}