{"ppntid":4,"Bweight":1.1012547486300261,"mychoice":1,"myA1":7.442926018635177,"myA2":5.062621005484706,"myA3":6.51773166753141,"myB1":7.782944462248517,"myB2":4.950939873487304,"myB3":4.081325347546332,"simA1":3.67379971314222,"simA2":2.96635989332572,"simA3":2.25443732691929,"simB1":2.00263310456648,"simB2":4.88128123106435,"simB3":7.29017229517922}