{"ppntid":8,"Bweight":1.051639533969222,"mychoice":2,"myA1":3.9377217670253506,"myA2":7.28525930422955,"myA3":6.795988925282512,"myB1":0.2245085614904796,"myB2":4.050856305709589,"myB3":2.31940473749775,"simA1":4.80207568733022,"simA2":9.74695997312665,"simA3":7.12853846373037,"simB1":1.80112784495577,"simB2":1.52530480641872,"simB3":4.3367622490041}