{"ppntid":1,"Bweight":1.6891587047184475,"mychoice":3,"myA1":0.8555517290835457,"myA2":3.9824206785699268,"myA3":6.221669393662661,"myB1":0.19774561429714455,"myB2":8.67649973036184,"myB3":8.180183181528015,"simA1":2.37154772970825,"simA2":7.2398704639636,"simA3":9.46149006485939,"simB1":4.32796909473836,"simB2":2.97014408512041,"simB3":5.05007167113945}