{"ppntid":0,"Bweight":2.160225451225405,"mychoice":3,"myA1":1.7720259296856056,"myA2":3.614616263482633,"myA3":2.409410663439948,"myB1":4.271205624750413,"myB2":2.322000419898551,"myB3":4.784741924720741,"simA1":2.91122147580609,"simA2":2.93499771505594,"simA3":1.23898578574881,"simB1":4.70522804185748,"simB2":0.172186829149723,"simB3":9.04782252851874}