{"ppntid":1,"Bweight":0.6245532977669577,"mychoice":2,"myA1":3.8865377221894692,"myA2":9.907888017398784,"myA3":8.554738142263753,"myB1":2.338266184248665,"myB2":9.081210192678066,"myB3":7.5528929393688715,"simA1":2.37154772970825,"simA2":7.2398704639636,"simA3":9.46149006485939,"simB1":4.32796909473836,"simB2":2.97014408512041,"simB3":5.05007167113945}