{"ppntid":0,"Bweight":0.03138746768048262,"mychoice":3,"myA1":1.714580956408709,"myA2":0.8190751517975281,"myA3":5.637717682422871,"myB1":6.8501046456989805,"myB2":5.544861911348315,"myB3":3.4139461349343603,"simA1":0.765141036827117,"simA2":1.26688185613602,"simA3":4.58259324543178,"simB1":6.34286859771237,"simB2":3.13183395890519,"simB3":7.37623665714636}