{"ppntid":9,"Bweight":1.4212393190650463,"mychoice":1,"myA1":4.3532402907248375,"myA2":3.4024354761629305,"myA3":2.2939063023358863,"myB1":3.328400280647059,"myB2":3.148303420235412,"myB3":4.530652447212655,"simA1":4.32029129238799,"simA2":1.53823893284425,"simA3":3.49515116773546,"simB1":1.77112437551841,"simB2":9.71220241626725,"simB3":8.82223333464935}