{"ppntid":8,"Bweight":2.825152746861024,"mychoice":3,"myA1":4.318061147049496,"myA2":5.164600079470995,"myA3":2.488326585549574,"myB1":1.4265358628844371,"myB2":0.9236393942973242,"myB3":3.62310049335554,"simA1":2.91122147580609,"simA2":2.93499771505594,"simA3":1.23898578574881,"simB1":4.70522804185748,"simB2":0.172186829149723,"simB3":9.04782252851874}