{"ppntid":5,"Bweight":1.3934243382959899,"mychoice":2,"myA1":1.1340272642577198,"myA2":3.9548968737677526,"myA3":2.6192309458728102,"myB1":5.9814871796218005,"myB2":5.723236197613268,"myB3":2.8720010363138893,"simA1":3.67379971314222,"simA2":2.96635989332572,"simA3":2.25443732691929,"simB1":2.00263310456648,"simB2":4.88128123106435,"simB3":7.29017229517922}