{"ppntid":5,"Bweight":3.204264482370153,"mychoice":2,"myA1":4.771675418675594,"myA2":5.329313677463723,"myA3":4.356201221768683,"myB1":7.5077734227951325,"myB2":9.217518684073703,"myB3":9.272042468879953,"simA1":4.32029129238799,"simA2":1.53823893284425,"simA3":3.49515116773546,"simB1":1.77112437551841,"simB2":9.71220241626725,"simB3":8.82223333464935}