{"ppntid":1,"Bweight":3.039484557335317,"mychoice":2,"myA1":4.792238984923078,"myA2":8.350549118989306,"myA3":3.6298884957388844,"myB1":2.8919483237617993,"myB2":6.257479971989712,"myB3":0.401822919790471,"simA1":3.63090072991326,"simA2":9.16425657225773,"simA3":5.10237921960652,"simB1":5.38326209876686,"simB2":3.32310018828139,"simB3":2.30925092939287}