{"ppntid":9,"Bweight":0.600807448995101,"mychoice":2,"myA1":1.3543952390163039,"myA2":5.018141699938152,"myA3":2.5791068080973623,"myB1":4.840852924658292,"myB2":9.182621718505409,"myB3":7.0805949052472155,"simA1":4.80207568733022,"simA2":9.74695997312665,"simA3":7.12853846373037,"simB1":1.80112784495577,"simB2":1.52530480641872,"simB3":4.3367622490041}