{"ppntid":5,"Bweight":2.288011871513346,"mychoice":2,"myA1":5.2421497559142916,"myA2":2.43548784594551,"myA3":5.036871214304317,"myB1":1.736116797791687,"myB2":4.516751087852842,"myB3":0.8721580205209811,"simA1":2.91122147580609,"simA2":2.93499771505594,"simA3":1.23898578574881,"simB1":4.70522804185748,"simB2":0.172186829149723,"simB3":9.04782252851874}