{"ppntid":9,"Bweight":2.0239219500732375,"mychoice":3,"myA1":3.294606556842019,"myA2":1.6178615287516962,"myA3":8.409249033795481,"myB1":5.145728130435073,"myB2":2.641284489549185,"myB3":9.89866434490841,"simA1":0.765141036827117,"simA2":1.26688185613602,"simA3":4.58259324543178,"simB1":6.34286859771237,"simB2":3.13183395890519,"simB3":7.37623665714636}