{"ppntid":3,"Bweight":2.04837333338996,"mychoice":3,"myA1":3.096116302889469,"myA2":5.623985346732492,"myA3":4.974217111063998,"myB1":4.896911118239961,"myB2":7.068877737326334,"myB3":9.447724873829536,"simA1":2.91122147580609,"simA2":2.93499771505594,"simA3":1.23898578574881,"simB1":4.70522804185748,"simB2":0.172186829149723,"simB3":9.04782252851874}