{"ppntid":4,"Bweight":0.455838085069713,"mychoice":2,"myA1":3.7376456532572733,"myA2":7.229701444761383,"myA3":2.341206733470851,"myB1":5.170859955373994,"myB2":8.678641340250284,"myB3":4.611650499732685,"simA1":3.71603635838255,"simA2":9.79696976253763,"simA3":5.12477620737627,"simB1":7.65577855985612,"simB2":4.01422860566527,"simB3":8.65366162965074}