{"ppntid":1,"Bweight":2.9791314364014587,"mychoice":2,"myA1":4.101974868805705,"myA2":7.934459400849199,"myA3":4.265412146557694,"myB1":5.244020501882605,"myB2":8.251650136484487,"myB3":4.983792993996852,"simA1":3.71603635838255,"simA2":9.79696976253763,"simA3":5.12477620737627,"simB1":7.65577855985612,"simB2":4.01422860566527,"simB3":8.65366162965074}