{"ppntid":9,"Bweight":4.497623647442626,"mychoice":1,"myA1":5.898454378971698,"myA2":2.926094541396058,"myA3":2.691152624939668,"myB1":6.090804055271413,"myB2":3.559142912441935,"myB3":2.9133509746161,"simA1":4.54180638305843,"simA2":2.16205808101222,"simA3":0.625319329556078,"simB1":5.18409546697512,"simB2":2.58191620465368,"simB3":3.6804819596}