{"ppntid":0,"Bweight":0.9637155254324514,"mychoice":1,"myA1":8.76847884994686,"myA2":8.009660545863898,"myA3":6.223672444029409,"myB1":4.103108566671678,"myB2":4.241340556035547,"myB3":5.8193056632777695,"simA1":6.42703449586406,"simA2":5.70645416853949,"simA3":7.91313496185467,"simB1":1.76812876947224,"simB2":3.26391996350139,"simB3":9.63438343955204}