{"ppntid":5,"Bweight":1.0731018369195888,"mychoice":3,"myA1":1.9830531897760895,"myA2":2.535520143141623,"myA3":2.9392104419109,"myB1":4.271655767240601,"myB2":4.272945179444272,"myB3":5.690044961301273,"simA1":2.91122147580609,"simA2":2.93499771505594,"simA3":1.23898578574881,"simB1":4.70522804185748,"simB2":0.172186829149723,"simB3":9.04782252851874}