{"ppntid":8,"Bweight":0.17654357691885836,"mychoice":1,"myA1":7.6146504385529745,"myA2":4.690387912897373,"myA3":2.9112305191816623,"myB1":3.180039656119462,"myB2":2.070776540317849,"myB3":2.431661552491824,"simA1":2.91122147580609,"simA2":2.93499771505594,"simA3":1.23898578574881,"simB1":4.70522804185748,"simB2":0.172186829149723,"simB3":9.04782252851874}