{"ppntid":4,"Bweight":2.095763103389224,"mychoice":3,"myA1":0.767813222283964,"myA2":1.3846081052685277,"myA3":4.973068125390463,"myB1":2.428192421790969,"myB2":3.767084168253414,"myB3":8.118735553488662,"simA1":0.765141036827117,"simA2":1.26688185613602,"simA3":4.58259324543178,"simB1":6.34286859771237,"simB2":3.13183395890519,"simB3":7.37623665714636}