{"ppntid":0,"Bweight":3.3555658365777674,"mychoice":2,"myA1":1.3785378063437848,"myA2":6.1259191442796705,"myA3":8.566285147457771,"myB1":3.318431426762438,"myB2":6.374874114456903,"myB3":4.891777658378762,"simA1":4.80207568733022,"simA2":9.74695997312665,"simA3":7.12853846373037,"simB1":1.80112784495577,"simB2":1.52530480641872,"simB3":4.3367622490041}