{"ppntid":9,"Bweight":2.88758110530442,"mychoice":2,"myA1":2.2741540403765725,"myA2":8.02508974229248,"myA3":2.9812175714526745,"myB1":6.0585727016561215,"myB2":9.412869977167928,"myB3":6.383234951454346,"simA1":3.71603635838255,"simA2":9.79696976253763,"simA3":5.12477620737627,"simB1":7.65577855985612,"simB2":4.01422860566527,"simB3":8.65366162965074}