{"ppntid":5,"Bweight":4.321268846806805,"mychoice":2,"myA1":6.301880682312914,"myA2":5.775905586580679,"myA3":3.9898511065918263,"myB1":5.400409719665584,"myB2":7.05839941175438,"myB3":6.856141671497051,"simA1":4.32029129238799,"simA2":1.53823893284425,"simA3":3.49515116773546,"simB1":1.77112437551841,"simB2":9.71220241626725,"simB3":8.82223333464935}