{"ppntid":9,"Bweight":0.9134282824356199,"mychoice":2,"myA1":3.758761921792908,"myA2":9.473825646781656,"myA3":3.4835423690856127,"myB1":2.936579945017499,"myB2":6.495953280857862,"myB3":2.1217847791209854,"simA1":3.71603635838255,"simA2":9.79696976253763,"simA3":5.12477620737627,"simB1":7.65577855985612,"simB2":4.01422860566527,"simB3":8.65366162965074}