{"ppntid":6,"Bweight":0.1781284902931879,"mychoice":2,"myA1":4.589141216683224,"myA2":8.630823985028666,"myA3":4.347778793448072,"myB1":1.2952936077073507,"myB2":8.818933832631554,"myB3":2.2764766627319633,"simA1":3.71603635838255,"simA2":9.79696976253763,"simA3":5.12477620737627,"simB1":7.65577855985612,"simB2":4.01422860566527,"simB3":8.65366162965074}