{"ppntid":1,"Bweight":1.522714033468101,"mychoice":2,"myA1":1.0377771295112481,"myA2":8.536861780697622,"myA3":7.238775025442981,"myB1":1.221855955103257,"myB2":6.5386026946081195,"myB3":5.992636172388979,"simA1":2.37154772970825,"simA2":7.2398704639636,"simA3":9.46149006485939,"simB1":4.32796909473836,"simB2":2.97014408512041,"simB3":5.05007167113945}