{"ppntid":5,"Bweight":0.6952373346127172,"mychoice":3,"myA1":1.1515950111934514,"myA2":7.203305309439143,"myA3":7.089660332728971,"myB1":0.32195321760120965,"myB2":7.165189547649717,"myB3":8.502414091066887,"simA1":2.37154772970825,"simA2":7.2398704639636,"simA3":9.46149006485939,"simB1":4.32796909473836,"simB2":2.97014408512041,"simB3":5.05007167113945}