{"ppntid":2,"Bweight":3.1044957681577214,"mychoice":3,"myA1":2.219888120009439,"myA2":4.040172774316069,"myA3":5.4072892342518,"myB1":1.6944728900399086,"myB2":3.4821690390053206,"myB3":5.9348672714020845,"simA1":4.51467339182273,"simA2":5.48836145317182,"simA3":8.37309282738715,"simB1":5.08784332778305,"simB2":2.23295776639134,"simB3":0.359112627338618}