{"ppntid":9,"Bweight":2.3503509791922506,"mychoice":1,"myA1":7.022862946104769,"myA2":5.21061104022424,"myA3":7.5947776271862395,"myB1":7.02683530120739,"myB2":4.191964444907623,"myB3":4.138518913155833,"simA1":2.91122147580609,"simA2":2.93499771505594,"simA3":1.23898578574881,"simB1":4.70522804185748,"simB2":0.172186829149723,"simB3":9.04782252851874}