{"ppntid":7,"Bweight":3.5883394420147754,"mychoice":1,"myA1":9.4737437260337,"myA2":5.816948192434137,"myA3":3.6582423486071214,"myB1":7.705388255530701,"myB2":4.1792270338424515,"myB3":2.246734713377807,"simA1":6.59848347539082,"simA2":3.2037310814485,"simA3":1.20643929112703,"simB1":6.15231747506186,"simB2":8.22033943841234,"simB3":2.70335558336228}