{"ppntid":6,"Bweight":2.332282091839768,"mychoice":2,"myA1":6.2127410601533395,"myA2":4.470339250176323,"myA3":4.695882269028065,"myB1":4.531735835488591,"myB2":6.5104884440298205,"myB3":6.319049630702973,"simA1":4.32029129238799,"simA2":1.53823893284425,"simA3":3.49515116773546,"simB1":1.77112437551841,"simB2":9.71220241626725,"simB3":8.82223333464935}