{"ppntid":8,"Bweight":2.2700000778506304,"mychoice":2,"myA1":5.266365973653726,"myA2":9.614880673493184,"myA3":6.4406725452403535,"myB1":6.842016678771796,"myB2":9.86934100593727,"myB3":6.227627916232628,"simA1":3.71603635838255,"simA2":9.79696976253763,"simA3":5.12477620737627,"simB1":7.65577855985612,"simB2":4.01422860566527,"simB3":8.65366162965074}