{"ppntid":1,"Bweight":0.6727822159190167,"mychoice":3,"myA1":0.2654638821354349,"myA2":0.26005129387844494,"myA3":6.396139745048921,"myB1":3.511258746948307,"myB2":1.4024921846346383,"myB3":8.755986369947028,"simA1":0.765141036827117,"simA2":1.26688185613602,"simA3":4.58259324543178,"simB1":6.34286859771237,"simB2":3.13183395890519,"simB3":7.37623665714636}