{"ppntid":4,"Bweight":1.2057913085289484,"mychoice":2,"myA1":4.041756691399714,"myA2":9.562240869164992,"myA3":6.54771221325092,"myB1":3.440180253852665,"myB2":7.402108971310137,"myB3":4.052814120155488,"simA1":3.63090072991326,"simA2":9.16425657225773,"simA3":5.10237921960652,"simB1":5.38326209876686,"simB2":3.32310018828139,"simB3":2.30925092939287}