{"ppntid":0,"Bweight":4.583938266950128,"mychoice":3,"myA1":4.0183592948578735,"myA2":1.2605039484494207,"myA3":3.114220079786141,"myB1":1.0410467740464724,"myB2":0.4713114447633715,"myB3":1.987775628823114,"simA1":3.67379971314222,"simA2":2.96635989332572,"simA3":2.25443732691929,"simB1":2.00263310456648,"simB2":4.88128123106435,"simB3":7.29017229517922}