{"ppntid":9,"Bweight":2.2573195472829988,"mychoice":3,"myA1":1.8880272934098796,"myA2":2.294288253618162,"myA3":2.583592959239085,"myB1":5.967227376919957,"myB2":5.503771201933818,"myB3":7.039600290418903,"simA1":2.91122147580609,"simA2":2.93499771505594,"simA3":1.23898578574881,"simB1":4.70522804185748,"simB2":0.172186829149723,"simB3":9.04782252851874}