{"ppntid":8,"Bweight":3.914785857636539,"mychoice":1,"myA1":1.3305675652850435,"myA2":2.7465928810226203,"myA3":5.006484778771895,"myB1":5.700736385869492,"myB2":3.4297307228982277,"myB3":2.2321778051019403,"simA1":4.51467339182273,"simA2":5.48836145317182,"simA3":8.37309282738715,"simB1":5.08784332778305,"simB2":2.23295776639134,"simB3":0.359112627338618}