{"ppntid":4,"Bweight":4.864801944626622,"mychoice":2,"myA1":3.9182467928676235,"myA2":7.797381368185645,"myA3":5.984936597206527,"myB1":0.7108196358151653,"myB2":3.8120078145604674,"myB3":1.680735240114195,"simA1":4.80207568733022,"simA2":9.74695997312665,"simA3":7.12853846373037,"simB1":1.80112784495577,"simB2":1.52530480641872,"simB3":4.3367622490041}