{"ppntid":8,"Bweight":0.9811005993924138,"mychoice":2,"myA1":4.511006220797585,"myA2":4.839341100444523,"myA3":3.70094575336974,"myB1":1.0306620810203726,"myB2":3.306579019471594,"myB3":2.3984299873333437,"simA1":4.32029129238799,"simA2":1.53823893284425,"simA3":3.49515116773546,"simB1":1.77112437551841,"simB2":9.71220241626725,"simB3":8.82223333464935}