{"ppntid":3,"Bweight":2.691968612897686,"mychoice":2,"myA1":4.3378473957669295,"myA2":8.863152563814698,"myA3":7.364679342691415,"myB1":0.8523793002181246,"myB2":4.817785320801418,"myB3":3.9482909317857784,"simA1":2.37154772970825,"simA2":7.2398704639636,"simA3":9.46149006485939,"simB1":4.32796909473836,"simB2":2.97014408512041,"simB3":5.05007167113945}