{"ppntid":2,"Bweight":0.631545226940734,"mychoice":3,"myA1":1.5257084336976323,"myA2":3.693483539467728,"myA3":6.348335180497875,"myB1":4.036170883323136,"myB2":4.325010365064326,"myB3":7.1335105655263735,"simA1":4.51467339182273,"simA2":5.48836145317182,"simA3":8.37309282738715,"simB1":5.08784332778305,"simB2":2.23295776639134,"simB3":0.359112627338618}