{"ppntid":0,"Bweight":1.9238645111740071,"mychoice":3,"myA1":2.1305333967681106,"myA2":4.763958921058515,"myA3":6.407452353465503,"myB1":3.546456081834206,"myB2":5.4584570605780725,"myB3":6.384373099451115,"simA1":4.32029129238799,"simA2":1.53823893284425,"simA3":3.49515116773546,"simB1":1.77112437551841,"simB2":9.71220241626725,"simB3":8.82223333464935}