{"ppntid":6,"Bweight":4.439326993444461,"mychoice":2,"myA1":4.103108566671678,"myA2":4.241340556035547,"myA3":5.8193056632777695,"myB1":5.884144948870567,"myB2":8.523972042685452,"myB3":7.292216792393216,"simA1":4.32029129238799,"simA2":1.53823893284425,"simA3":3.49515116773546,"simB1":1.77112437551841,"simB2":9.71220241626725,"simB3":8.82223333464935}