{"ppntid":9,"Bweight":1.3429357669767616,"mychoice":3,"myA1":7.02482167450002,"myA2":9.625579740029039,"myA3":8.261418354202846,"myB1":2.4161980869189725,"myB2":0.015724184908036953,"myB3":2.3844456987154583,"simA1":2.91122147580609,"simA2":2.93499771505594,"simA3":1.23898578574881,"simB1":4.70522804185748,"simB2":0.172186829149723,"simB3":9.04782252851874}