{"ppntid":5,"Bweight":1.044807223241614,"mychoice":3,"myA1":2.1984830950817336,"myA2":4.1869746624030775,"myA3":4.609000672945653,"myB1":0.06542418624950752,"myB2":1.6484572717062562,"myB3":1.993448377842706,"simA1":2.42332010762766,"simA2":3.03216766100377,"simA3":0.630926417652518,"simB1":2.96833007829264,"simB2":7.55062303738669,"simB3":3.78760563675314}