{"ppntid":8,"Bweight":3.011772461009674,"mychoice":3,"myA1":5.583812346773338,"myA2":3.14914727325893,"myA3":9.329043613541488,"myB1":2.7606690264796785,"myB2":3.311982460660905,"myB3":7.249569251807461,"simA1":0.765141036827117,"simA2":1.26688185613602,"simA3":4.58259324543178,"simB1":6.34286859771237,"simB2":3.13183395890519,"simB3":7.37623665714636}