{"ppntid":6,"Bweight":0.37824035592504246,"mychoice":2,"myA1":1.6377094657957691,"myA2":8.494208250129262,"myA3":0.4304307928333162,"myB1":5.035563239105927,"myB2":8.834825996360543,"myB3":4.554108505246381,"simA1":3.71603635838255,"simA2":9.79696976253763,"simA3":5.12477620737627,"simB1":7.65577855985612,"simB2":4.01422860566527,"simB3":8.65366162965074}