{"ppntid":6,"Bweight":0.3656348586656244,"mychoice":1,"myA1":6.83124505743792,"myA2":5.752025793675115,"myA3":6.454048735321461,"myB1":3.1357278062845584,"myB2":0.9602720065755244,"myB3":0.6802508081420733,"simA1":2.91122147580609,"simA2":2.93499771505594,"simA3":1.23898578574881,"simB1":4.70522804185748,"simB2":0.172186829149723,"simB3":9.04782252851874}