{"ppntid":5,"Bweight":3.698421857913521,"mychoice":2,"myA1":5.754690710250676,"myA2":9.67719736708068,"myA3":6.233926038890787,"myB1":4.436383239354155,"myB2":8.487466008960379,"myB3":3.880601440677467,"simA1":3.71603635838255,"simA2":9.79696976253763,"simA3":5.12477620737627,"simB1":7.65577855985612,"simB2":4.01422860566527,"simB3":8.65366162965074}