{"ppntid":3,"Bweight":1.632841534441234,"mychoice":2,"myA1":1.6207224428197131,"myA2":3.2878673998724772,"myA3":1.9635947412607502,"myB1":4.242888278308814,"myB2":6.89670729803737,"myB3":5.632807190094107,"simA1":4.32029129238799,"simA2":1.53823893284425,"simA3":3.49515116773546,"simB1":1.77112437551841,"simB2":9.71220241626725,"simB3":8.82223333464935}