{"ppntid":4,"Bweight":4.883874236707334,"mychoice":2,"myA1":9.94909014745211,"myA2":9.430979995252937,"myA3":9.526175849846863,"myB1":4.192874733121865,"myB2":4.626592124629488,"myB3":3.874380873675922,"simA1":4.32029129238799,"simA2":1.53823893284425,"simA3":3.49515116773546,"simB1":1.77112437551841,"simB2":9.71220241626725,"simB3":8.82223333464935}