{"ppntid":7,"Bweight":1.6543239778454555,"mychoice":1,"myA1":5.568275163944765,"myA2":6.24145357277132,"myA3":5.616828389691387,"myB1":8.303022534666036,"myB2":7.12731942841679,"myB3":5.605553936863236,"simA1":2.91122147580609,"simA2":2.93499771505594,"simA3":1.23898578574881,"simB1":4.70522804185748,"simB2":0.172186829149723,"simB3":9.04782252851874}