{"ppntid":1,"Bweight":1.572805676735769,"mychoice":3,"myA1":7.878454172864087,"myA2":3.6445808873206142,"myA3":5.463628756812133,"myB1":2.208941234649391,"myB2":3.5731570416881353,"myB3":4.847037366260604,"simA1":4.32029129238799,"simA2":1.53823893284425,"simA3":3.49515116773546,"simB1":1.77112437551841,"simB2":9.71220241626725,"simB3":8.82223333464935}