{"ppntid":9,"Bweight":1.2688324222790548,"mychoice":1,"myA1":3.739014519912156,"myA2":2.8493118998515077,"myA3":1.3332505986910226,"myB1":0.835426034373572,"myB2":0.18047058808244199,"myB3":2.6777630970535182,"simA1":2.91122147580609,"simA2":2.93499771505594,"simA3":1.23898578574881,"simB1":4.70522804185748,"simB2":0.172186829149723,"simB3":9.04782252851874}