{"ppntid":7,"Bweight":3.3260749845350834,"mychoice":3,"myA1":8.06920816470679,"myA2":8.853804841649794,"myA3":9.672641145969623,"myB1":0.832887237805966,"myB2":3.285388439491086,"myB3":3.6056271971111142,"simA1":4.32029129238799,"simA2":1.53823893284425,"simA3":3.49515116773546,"simB1":1.77112437551841,"simB2":9.71220241626725,"simB3":8.82223333464935}