{"ppntid":5,"Bweight":2.602010974858715,"mychoice":3,"myA1":5.970620005846767,"myA2":9.75738758005299,"myA3":9.622884039230614,"myB1":1.2832880977010186,"myB2":4.3152473640718885,"myB3":5.440916936566536,"simA1":2.37154772970825,"simA2":7.2398704639636,"simA3":9.46149006485939,"simB1":4.32796909473836,"simB2":2.97014408512041,"simB3":5.05007167113945}