{"ppntid":0,"Bweight":0.8424960626802813,"mychoice":2,"myA1":3.529148165889331,"myA2":9.189061029351887,"myA3":0.6800902573401579,"myB1":5.856363835956406,"myB2":7.091747505876529,"myB3":3.355462167910057,"simA1":3.63090072991326,"simA2":9.16425657225773,"simA3":5.10237921960652,"simB1":5.38326209876686,"simB2":3.32310018828139,"simB3":2.30925092939287}