{"ppntid":9,"Bweight":3.347020226188706,"mychoice":2,"myA1":2.5215538799838955,"myA2":0.6422647698826167,"myA3":1.914098319555475,"myB1":1.542539166179433,"myB2":5.9739134500161555,"myB3":3.874016747608535,"simA1":3.67379971314222,"simA2":2.96635989332572,"simA3":2.25443732691929,"simB1":2.00263310456648,"simB2":4.88128123106435,"simB3":7.29017229517922}