{"ppntid":8,"Bweight":2.6397921336211727,"mychoice":2,"myA1":4.985258421990395,"myA2":7.614361402103871,"myA3":6.491942727550253,"myB1":3.5693570968206,"myB2":5.935833122046182,"myB3":4.681232176031502,"simA1":4.32029129238799,"simA2":1.53823893284425,"simA3":3.49515116773546,"simB1":1.77112437551841,"simB2":9.71220241626725,"simB3":8.82223333464935}