{"ppntid":1,"Bweight":3.4401703702212316,"mychoice":3,"myA1":1.1297929081926372,"myA2":7.297143404453306,"myA3":5.038646595580603,"myB1":4.002973482918797,"myB2":7.006141276114716,"myB3":8.9482072597622,"simA1":2.37154772970825,"simA2":7.2398704639636,"simA3":9.46149006485939,"simB1":4.32796909473836,"simB2":2.97014408512041,"simB3":5.05007167113945}