{"ppntid":0,"Bweight":2.037879700664905,"mychoice":2,"myA1":1.9245264149700003,"myA2":5.311720611601798,"myA3":4.091539205335504,"myB1":2.0362425934813744,"myB2":5.928696016223922,"myB3":3.0898361696748733,"simA1":4.80207568733022,"simA2":9.74695997312665,"simA3":7.12853846373037,"simB1":1.80112784495577,"simB2":1.52530480641872,"simB3":4.3367622490041}