{"ppntid":3,"Bweight":2.182211418260789,"mychoice":2,"myA1":0.7481226395358287,"myA2":6.088385631197035,"myA3":1.5373745489658819,"myB1":4.429854324055526,"myB2":7.6074304479219546,"myB3":2.801546285692893,"simA1":3.63090072991326,"simA2":9.16425657225773,"simA3":5.10237921960652,"simB1":5.38326209876686,"simB2":3.32310018828139,"simB3":2.30925092939287}