{"ppntid":4,"Bweight":0.364470290316552,"mychoice":2,"myA1":5.526638643000529,"myA2":8.829007902829925,"myA3":6.011087472898011,"myB1":8.955750811578758,"myB2":2.959318188443605,"myB3":5.437498529336871,"simA1":4.80207568733022,"simA2":9.74695997312665,"simA3":7.12853846373037,"simB1":1.80112784495577,"simB2":1.52530480641872,"simB3":4.3367622490041}