{"ppntid":8,"Bweight":2.6990239938797767,"mychoice":2,"myA1":6.911726318913491,"myA2":9.207370012110632,"myA3":5.4965110660443255,"myB1":4.342188887295628,"myB2":6.186448578643953,"myB3":5.815355718739939,"simA1":4.32029129238799,"simA2":1.53823893284425,"simA3":3.49515116773546,"simB1":1.77112437551841,"simB2":9.71220241626725,"simB3":8.82223333464935}