{"ppntid":2,"Bweight":0.4236358621103198,"mychoice":2,"myA1":1.3141136465395298,"myA2":5.484864848119697,"myA3":3.3538789961423277,"myB1":3.707522914099597,"myB2":6.880884329967154,"myB3":5.985449013823478,"simA1":4.80207568733022,"simA2":9.74695997312665,"simA3":7.12853846373037,"simB1":1.80112784495577,"simB2":1.52530480641872,"simB3":4.3367622490041}