{"ppntid":3,"Bweight":1.0350573930832185,"mychoice":3,"myA1":2.50657910197589,"myA2":9.110420184762473,"myA3":8.9613479059202,"myB1":0.7308252036024787,"myB2":6.8184609239548655,"myB3":7.7201523091710005,"simA1":2.37154772970825,"simA2":7.2398704639636,"simA3":9.46149006485939,"simB1":4.32796909473836,"simB2":2.97014408512041,"simB3":5.05007167113945}