{"ppntid":0,"Bweight":0.2814360795685711,"mychoice":3,"myA1":1.6436384232084644,"myA2":7.225188568399387,"myA3":9.143764385954414,"myB1":2.2544372315336303,"myB2":9.297234904310107,"myB3":8.46813953115814,"simA1":2.37154772970825,"simA2":7.2398704639636,"simA3":9.46149006485939,"simB1":4.32796909473836,"simB2":2.97014408512041,"simB3":5.05007167113945}