{"ppntid":8,"Bweight":0.19690572884380586,"mychoice":3,"myA1":2.010757361295792,"myA2":2.1588206807219334,"myA3":8.690905959926855,"myB1":2.829875711804657,"myB2":1.5451473698349405,"myB3":6.995479337195212,"simA1":0.765141036827117,"simA2":1.26688185613602,"simA3":4.58259324543178,"simB1":6.34286859771237,"simB2":3.13183395890519,"simB3":7.37623665714636}