{"ppntid":6,"Bweight":3.2643601576383476,"mychoice":2,"myA1":5.38999467134423,"myA2":8.134783581992783,"myA3":7.8254696007728874,"myB1":6.700280434514003,"myB2":7.225936903168839,"myB3":5.392240363777838,"simA1":4.32029129238799,"simA2":1.53823893284425,"simA3":3.49515116773546,"simB1":1.77112437551841,"simB2":9.71220241626725,"simB3":8.82223333464935}