{"ppntid":6,"Bweight":1.493944326976614,"mychoice":2,"myA1":3.185320317733622,"myA2":6.629417133452737,"myA3":5.451560314012585,"myB1":1.7083813099697776,"myB2":6.708364701509668,"myB3":4.152358410363874,"simA1":4.80207568733022,"simA2":9.74695997312665,"simA3":7.12853846373037,"simB1":1.80112784495577,"simB2":1.52530480641872,"simB3":4.3367622490041}