{"ppntid":2,"Bweight":1.6132065463179102,"mychoice":3,"myA1":5.457310308552755,"myA2":7.12731942841679,"myA3":8.184201328971985,"myB1":1.3751434789813843,"myB2":0.24796299060308113,"myB3":1.6919238316708585,"simA1":2.91122147580609,"simA2":2.93499771505594,"simA3":1.23898578574881,"simB1":4.70522804185748,"simB2":0.172186829149723,"simB3":9.04782252851874}