{"ppntid":3,"Bweight":0.4718293081173608,"mychoice":3,"myA1":3.901365247366142,"myA2":8.265246244799183,"myA3":9.047175225527157,"myB1":9.071526788951132,"myB2":4.325105971689355,"myB3":3.0212314931697937,"simA1":2.37154772970825,"simA2":7.2398704639636,"simA3":9.46149006485939,"simB1":4.32796909473836,"simB2":2.97014408512041,"simB3":5.05007167113945}