{"ppntid":2,"Bweight":0.39201210963993316,"mychoice":2,"myA1":3.9707888814092795,"myA2":4.37606650813783,"myA3":1.8913138143758168,"myB1":0.9643752189809618,"myB2":3.230430597171594,"myB3":3.9064405030252125,"simA1":4.32029129238799,"simA2":1.53823893284425,"simA3":3.49515116773546,"simB1":1.77112437551841,"simB2":9.71220241626725,"simB3":8.82223333464935}