{"ppntid":6,"Bweight":0.6660663110180953,"mychoice":2,"myA1":5.034691317557125,"myA2":8.781418285268543,"myA3":8.54559131906585,"myB1":2.0253371289699484,"myB2":7.830149747785711,"myB3":6.426543807645649,"simA1":2.37154772970825,"simA2":7.2398704639636,"simA3":9.46149006485939,"simB1":4.32796909473836,"simB2":2.97014408512041,"simB3":5.05007167113945}