{"ppntid":4,"Bweight":3.9616281714199864,"mychoice":2,"myA1":4.379503617912488,"myA2":8.965355242583417,"myA3":5.222802836690175,"myB1":5.18468848213375,"myB2":9.337513366282145,"myB3":5.050758094899209,"simA1":3.71603635838255,"simA2":9.79696976253763,"simA3":5.12477620737627,"simB1":7.65577855985612,"simB2":4.01422860566527,"simB3":8.65366162965074}