{"ppntid":5,"Bweight":1.0772388476533068,"mychoice":1,"myA1":2.4288891497603005,"myA2":0.6422647698826167,"myA3":1.914098319555475,"myB1":6.388666295111751,"myB2":7.335079946037739,"myB3":5.685886774725299,"simA1":3.67379971314222,"simA2":2.96635989332572,"simA3":2.25443732691929,"simB1":2.00263310456648,"simB2":4.88128123106435,"simB3":7.29017229517922}