{"ppntid":9,"Bweight":4.1436437933185815,"mychoice":3,"myA1":3.280172930461387,"myA2":1.902615091490476,"myA3":5.335702436798833,"myB1":2.983820787577418,"myB2":4.02166796146513,"myB3":5.194830159264803,"simA1":3.67379971314222,"simA2":2.96635989332572,"simA3":2.25443732691929,"simB1":2.00263310456648,"simB2":4.88128123106435,"simB3":7.29017229517922}