{"ppntid":9,"Bweight":0.02826853126230211,"mychoice":3,"myA1":6.668649956045751,"myA2":6.18639516635487,"myA3":9.666085174012098,"myB1":5.365327163077844,"myB2":8.598841005940798,"myB3":6.958735032278041,"simA1":4.80207568733022,"simA2":9.74695997312665,"simA3":7.12853846373037,"simB1":1.80112784495577,"simB2":1.52530480641872,"simB3":4.3367622490041}