{"ppntid":3,"Bweight":3.0504176719848197,"mychoice":1,"myA1":5.660202356815618,"myA2":1.0920531510924025,"myA3":1.8084882959926163,"myB1":7.949637854635951,"myB2":0.2170458253934382,"myB3":2.3849747287598766,"simA1":6.59848347539082,"simA2":3.2037310814485,"simA3":1.20643929112703,"simB1":6.15231747506186,"simB2":8.22033943841234,"simB3":2.70335558336228}