{"ppntid":5,"Bweight":2.6851357313213953,"mychoice":3,"myA1":0.44231623950284016,"myA2":1.55106756473401,"myA3":0.9986756781311756,"myB1":3.605156570984216,"myB2":0.783749035085437,"myB3":3.5412104209401574,"simA1":4.32029129238799,"simA2":1.53823893284425,"simA3":3.49515116773546,"simB1":1.77112437551841,"simB2":9.71220241626725,"simB3":8.82223333464935}