{"ppntid":5,"Bweight":0.390439449126857,"mychoice":2,"myA1":4.024933992767645,"myA2":7.2256866331822645,"myA3":2.6377836130723886,"myB1":1.234302196491246,"myB2":8.7852905477239,"myB3":2.40821389775004,"simA1":3.63090072991326,"simA2":9.16425657225773,"simA3":5.10237921960652,"simB1":5.38326209876686,"simB2":3.32310018828139,"simB3":2.30925092939287}