{"ppntid":4,"Bweight":0.2790785363946924,"mychoice":1,"myA1":5.2197374221854265,"myA2":2.8902433106855807,"myA3":0.6208738925579915,"myB1":7.472832726120995,"myB2":4.92788136336658,"myB3":3.2704376865906637,"simA1":4.54180638305843,"simA2":2.16205808101222,"simA3":0.625319329556078,"simB1":5.18409546697512,"simB2":2.58191620465368,"simB3":3.6804819596}