{"ppntid":7,"Bweight":1.4646230219086154,"mychoice":1,"myA1":3.266264794617899,"myA2":3.788229033225279,"myA3":1.9036666347246767,"myB1":4.1513528802894495,"myB2":3.4233026010674905,"myB3":1.4187758198916645,"simA1":2.91122147580609,"simA2":2.93499771505594,"simA3":1.23898578574881,"simB1":4.70522804185748,"simB2":0.172186829149723,"simB3":9.04782252851874}