{"ppntid":0,"Bweight":2.1120603347675173,"mychoice":2,"myA1":8.426116088554032,"myA2":8.18308784221494,"myA3":7.178555245638489,"myB1":0.47068904316592164,"myB2":3.6135635783098308,"myB3":2.4513553508263275,"simA1":4.80207568733022,"simA2":9.74695997312665,"simA3":7.12853846373037,"simB1":1.80112784495577,"simB2":1.52530480641872,"simB3":4.3367622490041}