{"ppntid":4,"Bweight":0.594547197070181,"mychoice":3,"myA1":3.6166579568452395,"myA2":3.589910970535315,"myA3":5.360723268895173,"myB1":5.93444750181791,"myB2":7.689835157688167,"myB3":6.845696427940958,"simA1":4.32029129238799,"simA2":1.53823893284425,"simA3":3.49515116773546,"simB1":1.77112437551841,"simB2":9.71220241626725,"simB3":8.82223333464935}