{"ppntid":3,"Bweight":0.9283609126564618,"mychoice":2,"myA1":2.3226661657117154,"myA2":5.9739134500161555,"myA3":3.874016747608535,"myB1":0.2245085614904796,"myB2":4.050856305709589,"myB3":1.5624179323449394,"simA1":4.80207568733022,"simA2":9.74695997312665,"simA3":7.12853846373037,"simB1":1.80112784495577,"simB2":1.52530480641872,"simB3":4.3367622490041}