{"ppntid":9,"Bweight":1.6574801752152313,"mychoice":1,"myA1":4.0183592948578735,"myA2":4.27736440918925,"myA3":3.114220079786141,"myB1":1.3795765156125506,"myB2":0.3475690682848054,"myB3":0.42701765351392584,"simA1":4.32029129238799,"simA2":1.53823893284425,"simA3":3.49515116773546,"simB1":1.77112437551841,"simB2":9.71220241626725,"simB3":8.82223333464935}