{"ppntid":8,"Bweight":4.092314043848973,"mychoice":3,"myA1":9.542838920274967,"myA2":8.121632255040172,"myA3":9.981042579753087,"myB1":1.589259636924094,"myB2":4.0622573884647695,"myB3":4.574169873444321,"simA1":4.32029129238799,"simA2":1.53823893284425,"simA3":3.49515116773546,"simB1":1.77112437551841,"simB2":9.71220241626725,"simB3":8.82223333464935}