{"ppntid":0,"Bweight":3.8722358222947015,"mychoice":1,"myA1":3.6086072827845173,"myA2":5.329313677463723,"myA3":4.356201221768683,"myB1":4.4731512898599,"myB2":2.356146462957125,"myB3":2.3295497923571062,"simA1":4.32029129238799,"simA2":1.53823893284425,"simA3":3.49515116773546,"simB1":1.77112437551841,"simB2":9.71220241626725,"simB3":8.82223333464935}