{"ppntid":0,"Bweight":2.618977598003369,"mychoice":2,"myA1":2.226848403547912,"myA2":8.608516743906215,"myA3":3.7417068781407115,"myB1":6.073100283774604,"myB2":9.86934100593727,"myB3":6.357497123680796,"simA1":3.71603635838255,"simA2":9.79696976253763,"simA3":5.12477620737627,"simB1":7.65577855985612,"simB2":4.01422860566527,"simB3":8.65366162965074}