{"ppntid":4,"Bweight":2.6688547704248466,"mychoice":3,"myA1":7.002255582692478,"myA2":4.224842992435997,"myA3":6.210782536233128,"myB1":2.0639931678672707,"myB2":1.1537503773841373,"myB3":3.295070124578885,"simA1":2.91122147580609,"simA2":2.93499771505594,"simA3":1.23898578574881,"simB1":4.70522804185748,"simB2":0.172186829149723,"simB3":9.04782252851874}