{"ppntid":9,"Bweight":3.374893993481396,"mychoice":2,"myA1":5.156084739032137,"myA2":4.2437521459065515,"myA3":3.8439801156028364,"myB1":1.470878594719458,"myB2":4.010735382080021,"myB3":3.6056271971111142,"simA1":2.42332010762766,"simA2":3.03216766100377,"simA3":0.630926417652518,"simB1":2.96833007829264,"simB2":7.55062303738669,"simB3":3.78760563675314}