{"ppntid":6,"Bweight":3.945978684439486,"mychoice":3,"myA1":5.42871438925639,"myA2":4.977643765121604,"myA3":8.079249717257376,"myB1":2.627057243508095,"myB2":0.9462177389764781,"myB3":5.2412971909482735,"simA1":3.67379971314222,"simA2":2.96635989332572,"simA3":2.25443732691929,"simB1":2.00263310456648,"simB2":4.88128123106435,"simB3":7.29017229517922}