{"ppntid":1,"Bweight":1.9824156492432132,"mychoice":3,"myA1":1.6799761249266965,"myA2":4.546647565142976,"myA3":4.822370511348364,"myB1":5.229451343926643,"myB2":3.2887725511077304,"myB3":9.414867632978357,"simA1":0.765141036827117,"simA2":1.26688185613602,"simA3":4.58259324543178,"simB1":6.34286859771237,"simB2":3.13183395890519,"simB3":7.37623665714636}