{"ppntid":0,"Bweight":1.5751054949375898,"mychoice":1,"myA1":7.545642205119432,"myA2":5.216014149465238,"myA3":2.22431534778351,"myB1":6.442520107672434,"myB2":5.9783586785011895,"myB3":3.0544735368190756,"simA1":4.54180638305843,"simA2":2.16205808101222,"simA3":0.625319329556078,"simB1":5.18409546697512,"simB2":2.58191620465368,"simB3":3.6804819596}