{"ppntid":4,"Bweight":1.37510048608403,"mychoice":1,"myA1":1.6381047297362206,"myA2":1.3677568465357903,"myA3":3.2014054174813578,"myB1":8.13165172172903,"myB2":6.57436116177017,"myB3":5.036969649605005,"simA1":3.67379971314222,"simA2":2.96635989332572,"simA3":2.25443732691929,"simB1":2.00263310456648,"simB2":4.88128123106435,"simB3":7.29017229517922}