{"ppntid":5,"Bweight":4.284185701355069,"mychoice":3,"myA1":1.7705997544597252,"myA2":1.5199947578221118,"myA3":6.1354636156958815,"myB1":3.292916125726111,"myB2":1.0084080365315762,"myB3":7.836641408850111,"simA1":0.765141036827117,"simA2":1.26688185613602,"simA3":4.58259324543178,"simB1":6.34286859771237,"simB2":3.13183395890519,"simB3":7.37623665714636}