{"ppntid":2,"Bweight":1.4004126513122406,"mychoice":2,"myA1":5.984876943885508,"myA2":6.012501455527815,"myA3":8.401507303859319,"myB1":3.8153640976020964,"myB2":5.765316386033803,"myB3":2.543998449570104,"simA1":4.32029129238799,"simA2":1.53823893284425,"simA3":3.49515116773546,"simB1":1.77112437551841,"simB2":9.71220241626725,"simB3":8.82223333464935}