{"ppntid":9,"Bweight":3.2597794133791957,"mychoice":3,"myA1":1.4913600385759929,"myA2":5.7553350987489305,"myA3":7.268631173056588,"myB1":1.4022474134173546,"myB2":4.822851884184843,"myB3":4.6103263977897635,"simA1":2.37154772970825,"simA2":7.2398704639636,"simA3":9.46149006485939,"simB1":4.32796909473836,"simB2":2.97014408512041,"simB3":5.05007167113945}