{"ppntid":6,"Bweight":1.5141122658274153,"mychoice":2,"myA1":5.269352179368085,"myA2":3.8344438075868803,"myA3":3.0542770461906033,"myB1":5.494291738702321,"myB2":7.747259554525961,"myB3":8.08708185013814,"simA1":4.32029129238799,"simA2":1.53823893284425,"simA3":3.49515116773546,"simB1":1.77112437551841,"simB2":9.71220241626725,"simB3":8.82223333464935}