{"ppntid":5,"Bweight":3.930738734956641,"mychoice":1,"myA1":3.050458877592861,"myA2":0.0505969715719079,"myA3":4.043494954004558,"myB1":6.654004779062184,"myB2":3.8649825046627306,"myB3":5.961994693229007,"simA1":2.91122147580609,"simA2":2.93499771505594,"simA3":1.23898578574881,"simB1":4.70522804185748,"simB2":0.172186829149723,"simB3":9.04782252851874}