{"ppntid":8,"Bweight":1.1840065250823184,"mychoice":2,"myA1":0.3219451823390851,"myA2":5.768763789830835,"myA3":0.4305312434558206,"myB1":6.739506978701549,"myB2":9.60468587632101,"myB3":3.9489947035494,"simA1":3.63090072991326,"simA2":9.16425657225773,"simA3":5.10237921960652,"simB1":5.38326209876686,"simB2":3.32310018828139,"simB3":2.30925092939287}