{"ppntid":0,"Bweight":0.8987318596659233,"mychoice":2,"myA1":0.9438602505538674,"myA2":5.16630766183386,"myA3":4.014078932775131,"myB1":0.009845325465684951,"myB2":4.9489935421837465,"myB3":3.8555963013096894,"simA1":2.37154772970825,"simA2":7.2398704639636,"simA3":9.46149006485939,"simB1":4.32796909473836,"simB2":2.97014408512041,"simB3":5.05007167113945}