{"ppntid":4,"Bweight":0.8317306407830416,"mychoice":1,"myA1":3.7106713073314146,"myA2":1.264649347927933,"myA3":2.981130193403485,"myB1":6.2485434462470995,"myB2":6.353122959880359,"myB3":5.778201381590566,"simA1":4.32029129238799,"simA2":1.53823893284425,"simA3":3.49515116773546,"simB1":1.77112437551841,"simB2":9.71220241626725,"simB3":8.82223333464935}