{"ppntid":0,"Bweight":0.4972732628719556,"mychoice":3,"myA1":6.137976375539955,"myA2":4.775967738012092,"myA3":6.845696427940958,"myB1":6.701269792168569,"myB2":5.997895108830697,"myB3":8.149793721017778,"simA1":4.32029129238799,"simA2":1.53823893284425,"simA3":3.49515116773546,"simB1":1.77112437551841,"simB2":9.71220241626725,"simB3":8.82223333464935}