{"ppntid":7,"Bweight":3.7553794281461816,"mychoice":1,"myA1":1.3311960764545017,"myA2":1.903078975433854,"myA3":2.583592959239085,"myB1":9.727006998121112,"myB2":9.320868705335732,"myB3":7.5740080918571495,"simA1":4.4292361382395,"simA2":5.33951839897782,"simA3":4.67120578279719,"simB1":8.93315338063985,"simB2":6.53978186193854,"simB3":9.20320985140279}