{"ppntid":3,"Bweight":2.1156698382077987,"mychoice":3,"myA1":0.012829272409828896,"myA2":1.2767033462980715,"myA3":2.442148885376332,"myB1":7.143131666321018,"myB2":4.787990008463378,"myB3":6.231950637414229,"simA1":2.91122147580609,"simA2":2.93499771505594,"simA3":1.23898578574881,"simB1":4.70522804185748,"simB2":0.172186829149723,"simB3":9.04782252851874}