{"ppntid":4,"Bweight":2.803375193016462,"mychoice":2,"myA1":3.063671107680692,"myA2":4.3079902337100044,"myA3":2.6679168998260483,"myB1":3.8090620248562557,"myB2":5.070490482556229,"myB3":4.8714804900661495,"simA1":4.32029129238799,"simA2":1.53823893284425,"simA3":3.49515116773546,"simB1":1.77112437551841,"simB2":9.71220241626725,"simB3":8.82223333464935}