{"ppntid":2,"Bweight":0.3889792913166523,"mychoice":2,"myA1":1.5083705337726672,"myA2":4.462081504675615,"myA3":1.619785054682621,"myB1":0.48068518064069643,"myB2":0.8606408714583469,"myB3":2.749365270398072,"simA1":2.91122147580609,"simA2":2.93499771505594,"simA3":1.23898578574881,"simB1":4.70522804185748,"simB2":0.172186829149723,"simB3":9.04782252851874}