{"ppntid":2,"Bweight":0.7762425141110929,"mychoice":2,"myA1":5.842519263172623,"myA2":9.2520699181303,"myA3":3.574745518610203,"myB1":5.074575223801341,"myB2":9.79362921945626,"myB3":5.715899355908924,"simA1":3.71603635838255,"simA2":9.79696976253763,"simA3":5.12477620737627,"simB1":7.65577855985612,"simB2":4.01422860566527,"simB3":8.65366162965074}