{"ppntid":5,"Bweight":2.540404117856565,"mychoice":2,"myA1":7.2133542636053,"myA2":7.139945894270534,"myA3":7.414536467590731,"myB1":5.38999467134423,"myB2":8.134783581992783,"myB3":7.8254696007728874,"simA1":4.32029129238799,"simA2":1.53823893284425,"simA3":3.49515116773546,"simB1":1.77112437551841,"simB2":9.71220241626725,"simB3":8.82223333464935}