{"ppntid":6,"Bweight":1.4177943282316885,"mychoice":3,"myA1":3.154328873184866,"myA2":5.14026575388703,"myA3":7.784092284745006,"myB1":2.1180580097707935,"myB2":2.7360817564469153,"myB3":3.7505855190172133,"simA1":2.91122147580609,"simA2":2.93499771505594,"simA3":1.23898578574881,"simB1":4.70522804185748,"simB2":0.172186829149723,"simB3":9.04782252851874}