{"ppntid":6,"Bweight":2.177487526839138,"mychoice":2,"myA1":0.2191985681208508,"myA2":4.635343086295491,"myA3":2.0770902431447635,"myB1":1.3192308479960424,"myB2":6.956780536861449,"myB3":4.0509978151689,"simA1":4.80207568733022,"simA2":9.74695997312665,"simA3":7.12853846373037,"simB1":1.80112784495577,"simB2":1.52530480641872,"simB3":4.3367622490041}