{"ppntid":4,"Bweight":2.054589383424906,"mychoice":2,"myA1":1.4145593179242488,"myA2":4.980269219961498,"myA3":2.6501638942804884,"myB1":7.099348265641289,"myB2":8.748418999442515,"myB3":5.082898114435961,"simA1":4.32029129238799,"simA2":1.53823893284425,"simA3":3.49515116773546,"simB1":1.77112437551841,"simB2":9.71220241626725,"simB3":8.82223333464935}