{"ppntid":9,"Bweight":1.6201665928389641,"mychoice":2,"myA1":6.6411301005854595,"myA2":7.05839941175438,"myA3":6.856141671497051,"myB1":5.954436572777169,"myB2":6.706846097808345,"myB3":5.614763633772246,"simA1":4.32029129238799,"simA2":1.53823893284425,"simA3":3.49515116773546,"simB1":1.77112437551841,"simB2":9.71220241626725,"simB3":8.82223333464935}