{"ppntid":9,"Bweight":0.6560377614255763,"mychoice":3,"myA1":3.808844543228671,"myA2":0.16951918407618338,"myA3":2.927452020077692,"myB1":2.099450066191606,"myB2":6.437032660779369,"myB3":5.037218519724891,"simA1":4.80207568733022,"simA2":9.74695997312665,"simA3":7.12853846373037,"simB1":1.80112784495577,"simB2":1.52530480641872,"simB3":4.3367622490041}