{"ppntid":4,"Bweight":3.514749927495954,"mychoice":3,"myA1":8.001043093228834,"myA2":9.269949021793792,"myA3":6.342699614670493,"myB1":4.103108566671678,"myB2":4.241340556035547,"myB3":5.8193056632777695,"simA1":3.67379971314222,"simA2":2.96635989332572,"simA3":2.25443732691929,"simB1":2.00263310456648,"simB2":4.88128123106435,"simB3":7.29017229517922}