{"ppntid":0,"Bweight":0.4490836953242616,"mychoice":3,"myA1":3.061266120653372,"myA2":9.72471994149361,"myA3":9.363954631621159,"myB1":1.2273922116995983,"myB2":4.8069011076192485,"myB3":6.183794024407858,"simA1":2.37154772970825,"simA2":7.2398704639636,"simA3":9.46149006485939,"simB1":4.32796909473836,"simB2":2.97014408512041,"simB3":5.05007167113945}