{"ppntid":6,"Bweight":0.46099673832354027,"mychoice":2,"myA1":0.2191985681208508,"myA2":4.635343086295491,"myA3":2.0770902431447635,"myB1":3.1131137070295667,"myB2":6.304376257972093,"myB3":3.886871965110279,"simA1":4.80207568733022,"simA2":9.74695997312665,"simA3":7.12853846373037,"simB1":1.80112784495577,"simB2":1.52530480641872,"simB3":4.3367622490041}