{"ppntid":1,"Bweight":3.2530409103443256,"mychoice":1,"myA1":4.383330155587137,"myA2":7.027980921291981,"myA3":7.658169531840695,"myB1":8.320466193057129,"myB2":4.767916757290416,"myB3":5.491164542164939,"simA1":4.32029129238799,"simA2":1.53823893284425,"simA3":3.49515116773546,"simB1":1.77112437551841,"simB2":9.71220241626725,"simB3":8.82223333464935}