{"ppntid":2,"Bweight":1.0386531941104749,"mychoice":3,"myA1":1.8511218699741816,"myA2":6.833466463659585,"myA3":8.949202800688143,"myB1":0.5830178541107656,"myB2":5.212795805579864,"myB3":7.235533873357198,"simA1":2.37154772970825,"simA2":7.2398704639636,"simA3":9.46149006485939,"simB1":4.32796909473836,"simB2":2.97014408512041,"simB3":5.05007167113945}