{"ppntid":3,"Bweight":1.4905732171663677,"mychoice":2,"myA1":2.7355155057497904,"myA2":9.180311244860125,"myA3":4.059477314277434,"myB1":0.32988713628260946,"myB2":5.1309857622005905,"myB3":0.36521468008185787,"simA1":3.63090072991326,"simA2":9.16425657225773,"simA3":5.10237921960652,"simB1":5.38326209876686,"simB2":3.32310018828139,"simB3":2.30925092939287}