{"ppntid":2,"Bweight":1.5326528817236018,"mychoice":3,"myA1":1.9567025680043049,"myA2":3.6581649483303513,"myA3":4.609826534232266,"myB1":6.067375682029057,"myB2":3.464807747120533,"myB3":5.358843244446991,"simA1":2.42332010762766,"simA2":3.03216766100377,"simA3":0.630926417652518,"simB1":2.96833007829264,"simB2":7.55062303738669,"simB3":3.78760563675314}