{"ppntid":8,"Bweight":0.41229598280090207,"mychoice":3,"myA1":6.819476366393444,"myA2":7.713276127849258,"myA3":7.7529953187698375,"myB1":0.7895777112557067,"myB2":2.669047500114843,"myB3":2.9468140586861002,"simA1":4.32029129238799,"simA2":1.53823893284425,"simA3":3.49515116773546,"simB1":1.77112437551841,"simB2":9.71220241626725,"simB3":8.82223333464935}