{"ppntid":3,"Bweight":1.839399100254705,"mychoice":3,"myA1":1.30084004315405,"myA2":1.8940148140671553,"myA3":5.482540557579196,"myB1":0.4781425460964406,"myB2":1.5069360424411382,"myB3":7.6919567910818465,"simA1":4.7013964317739,"simA2":1.5995579212904,"simA3":9.40290921367705,"simB1":2.04010848188773,"simB2":9.24196011386812,"simB3":3.83662213338539}