{"ppntid":3,"Bweight":0.5828148526002086,"mychoice":2,"myA1":0.4628591126950643,"myA2":1.4438626512199937,"myA3":2.2619096806992856,"myB1":3.4155949983468425,"myB2":4.015262726191811,"myB3":0.8721580205209811,"simA1":3.67379971314222,"simA2":2.96635989332572,"simA3":2.25443732691929,"simB1":2.00263310456648,"simB2":4.88128123106435,"simB3":7.29017229517922}