{"ppntid":7,"Bweight":0.03273127450765245,"mychoice":2,"myA1":4.253828475684354,"myA2":8.877424615023353,"myA3":6.539174721152891,"myB1":2.295794408543983,"myB2":6.483943551400162,"myB3":0.7551535750681437,"simA1":3.71603635838255,"simA2":9.79696976253763,"simA3":5.12477620737627,"simB1":7.65577855985612,"simB2":4.01422860566527,"simB3":8.65366162965074}