{"ppntid":9,"Bweight":2.7414175205354607,"mychoice":3,"myA1":1.4960636573558173,"myA2":1.6701221989686243,"myA3":0.5994570639660246,"myB1":3.2237478755770543,"myB2":2.564331794880692,"myB3":4.860907310722511,"simA1":2.91122147580609,"simA2":2.93499771505594,"simA3":1.23898578574881,"simB1":4.70522804185748,"simB2":0.172186829149723,"simB3":9.04782252851874}