{"ppntid":8,"Bweight":2.408740142154129,"mychoice":3,"myA1":3.7767221037745613,"myA2":4.190528591529321,"myA3":7.577856253287005,"myB1":1.7287460138592414,"myB2":1.888543061868917,"myB3":6.440242989080492,"simA1":2.96013603452593,"simA2":0.620652548968792,"simA3":8.72101176530123,"simB1":3.37059060111642,"simB2":3.99953549727798,"simB3":3.24040857842192}