{"ppntid":1,"Bweight":1.6283377038614955,"mychoice":3,"myA1":2.266721521442916,"myA2":1.3869771015796406,"myA3":4.371639434086909,"myB1":0.5034180344008865,"myB2":2.4105064039831525,"myB3":2.2939063023358863,"simA1":2.91122147580609,"simA2":2.93499771505594,"simA3":1.23898578574881,"simB1":4.70522804185748,"simB2":0.172186829149723,"simB3":9.04782252851874}