{"ppntid":3,"Bweight":4.97760687674914,"mychoice":3,"myA1":2.9737201243077704,"myA2":4.562931361119831,"myA3":4.8714804900661495,"myB1":6.9384479540829,"myB2":5.4653578041512745,"myB3":9.133432756877415,"simA1":4.32029129238799,"simA2":1.53823893284425,"simA3":3.49515116773546,"simB1":1.77112437551841,"simB2":9.71220241626725,"simB3":8.82223333464935}