{"ppntid":9,"Bweight":1.0941660035456302,"mychoice":2,"myA1":2.1984830950817336,"myA2":4.094067753225154,"myA3":4.520378791007804,"myB1":1.2195632969826642,"myB2":4.341940330945786,"myB3":2.1232486744086354,"simA1":2.91122147580609,"simA2":2.93499771505594,"simA3":1.23898578574881,"simB1":4.70522804185748,"simB2":0.172186829149723,"simB3":9.04782252851874}