{"ppntid":3,"Bweight":4.375066488793671,"mychoice":2,"myA1":9.377219627143345,"myA2":8.941924542250225,"myA3":6.646838840157128,"myB1":3.8090620248562557,"myB2":5.070490482556229,"myB3":4.8714804900661495,"simA1":4.32029129238799,"simA2":1.53823893284425,"simA3":3.49515116773546,"simB1":1.77112437551841,"simB2":9.71220241626725,"simB3":8.82223333464935}