{"ppntid":5,"Bweight":1.4315923863400581,"mychoice":1,"myA1":5.381932940699712,"myA2":6.487292989283495,"myA3":4.695882269028065,"myB1":7.519664220893714,"myB2":4.550827874338392,"myB3":6.290228744566411,"simA1":3.67379971314222,"simA2":2.96635989332572,"simA3":2.25443732691929,"simB1":2.00263310456648,"simB2":4.88128123106435,"simB3":7.29017229517922}