{"ppntid":2,"Bweight":1.4030979741561322,"mychoice":2,"myA1":4.148357864027137,"myA2":8.798631391875482,"myA3":5.169232236175616,"myB1":3.757772992099595,"myB2":9.029276923430853,"myB3":5.709130545788228,"simA1":3.71603635838255,"simA2":9.79696976253763,"simA3":5.12477620737627,"simB1":7.65577855985612,"simB2":4.01422860566527,"simB3":8.65366162965074}