{"ppntid":7,"Bweight":2.9981214975428805,"mychoice":2,"myA1":2.573305833103412,"myA2":0.3281235847644792,"myA3":0.0007806110441466174,"myB1":5.616558403686911,"myB2":8.428469269730403,"myB3":6.826726044581659,"simA1":3.67379971314222,"simA2":2.96635989332572,"simA3":2.25443732691929,"simB1":2.00263310456648,"simB2":4.88128123106435,"simB3":7.29017229517922}