{"ppntid":6,"Bweight":0.7517017543043769,"mychoice":2,"myA1":3.9751950882916143,"myA2":9.0571815272504,"myA3":0.1462729816635422,"myB1":1.7780965615784328,"myB2":6.716509984344395,"myB3":2.775704323158239,"simA1":3.63090072991326,"simA2":9.16425657225773,"simA3":5.10237921960652,"simB1":5.38326209876686,"simB2":3.32310018828139,"simB3":2.30925092939287}