{"ppntid":5,"Bweight":0.215489191034115,"mychoice":3,"myA1":0.2357293107460312,"myA2":0.896142181322781,"myA3":1.5215100011289429,"myB1":4.610694715478645,"myB2":4.775967738012092,"myB3":3.492345768141747,"simA1":4.32029129238799,"simA2":1.53823893284425,"simA3":3.49515116773546,"simB1":1.77112437551841,"simB2":9.71220241626725,"simB3":8.82223333464935}