{"ppntid":6,"Bweight":0.6461827481031179,"mychoice":1,"myA1":1.7905753847632044,"myA2":2.349649336270996,"myA3":1.94561480344573,"myB1":4.833498185387177,"myB2":1.9121825953431015,"myB3":4.225736229985455,"simA1":4.4292361382395,"simA2":5.33951839897782,"simA3":4.67120578279719,"simB1":8.93315338063985,"simB2":6.53978186193854,"simB3":9.20320985140279}