{"ppntid":6,"Bweight":2.124381032312183,"mychoice":2,"myA1":3.170482886686896,"myA2":7.147433274367925,"myA3":2.327453449239689,"myB1":4.783191098269763,"myB2":9.579216318939448,"myB3":4.953079515460674,"simA1":3.71603635838255,"simA2":9.79696976253763,"simA3":5.12477620737627,"simB1":7.65577855985612,"simB2":4.01422860566527,"simB3":8.65366162965074}