{"ppntid":1,"Bweight":4.6655806175169365,"mychoice":1,"myA1":5.909055287812166,"myA2":7.4515087068644785,"myA3":2.005924148539957,"myB1":6.505177001286082,"myB2":5.667769883956739,"myB3":3.224905620718448,"simA1":7.49075360363349,"simA2":8.34970372263342,"simA3":0.681783282198012,"simB1":5.88041773764417,"simB2":7.52243234310299,"simB3":3.17027122946456}