{"ppntid":1,"Bweight":3.76672472610996,"mychoice":2,"myA1":2.700324552997808,"myA2":2.3124788682281294,"myA3":2.237813296062263,"myB1":8.151866243638949,"myB2":9.907595164317298,"myB3":7.948451132317,"simA1":4.32029129238799,"simA2":1.53823893284425,"simA3":3.49515116773546,"simB1":1.77112437551841,"simB2":9.71220241626725,"simB3":8.82223333464935}