{"ppntid":3,"Bweight":1.637292592168228,"mychoice":2,"myA1":0.6494770143158712,"myA2":7.502682103081066,"myA3":5.3656677663720975,"myB1":6.640443397784903,"myB2":3.3701024021546444,"myB3":4.286574807597711,"simA1":2.37154772970825,"simA2":7.2398704639636,"simA3":9.46149006485939,"simB1":4.32796909473836,"simB2":2.97014408512041,"simB3":5.05007167113945}