{"ppntid":6,"Bweight":1.1234166729005313,"mychoice":2,"myA1":3.5150450620847074,"myA2":7.955383206164715,"myA3":3.9526876656364607,"myB1":4.472510946005858,"myB2":9.26872486726442,"myB3":5.053439493513245,"simA1":3.71603635838255,"simA2":9.79696976253763,"simA3":5.12477620737627,"simB1":7.65577855985612,"simB2":4.01422860566527,"simB3":8.65366162965074}