{"ppntid":4,"Bweight":3.8681945108687996,"mychoice":2,"myA1":4.5551945935141225,"myA2":9.175439287223693,"myA3":3.5844459973423803,"myB1":2.6694466160473485,"myB2":5.707729068676722,"myB3":2.5092427535902306,"simA1":3.71603635838255,"simA2":9.79696976253763,"simA3":5.12477620737627,"simB1":7.65577855985612,"simB2":4.01422860566527,"simB3":8.65366162965074}