{"ppntid":4,"Bweight":3.5948500877576084,"mychoice":3,"myA1":0.9643752189809618,"myA2":3.306579019471594,"myA3":3.9064405030252125,"myB1":4.63323147074723,"myB2":4.0707757149587405,"myB3":6.634972574925701,"simA1":2.91122147580609,"simA2":2.93499771505594,"simA3":1.23898578574881,"simB1":4.70522804185748,"simB2":0.172186829149723,"simB3":9.04782252851874}