{"ppntid":5,"Bweight":1.8878298755577427,"mychoice":2,"myA1":2.3179430887979735,"myA2":6.068782504298453,"myA3":4.551599014956387,"myB1":1.2212089462334075,"myB2":5.0980178350704115,"myB3":3.3990582730033925,"simA1":4.80207568733022,"simA2":9.74695997312665,"simA3":7.12853846373037,"simB1":1.80112784495577,"simB2":1.52530480641872,"simB3":4.3367622490041}