{"ppntid":2,"Bweight":3.565975208640592,"mychoice":1,"myA1":5.71871969738452,"myA2":3.993598863275445,"myA3":1.3991789808724175,"myB1":7.136015786596697,"myB2":5.435800785478695,"myB3":2.8674904547138236,"simA1":4.54180638305843,"simA2":2.16205808101222,"simA3":0.625319329556078,"simB1":5.18409546697512,"simB2":2.58191620465368,"simB3":3.6804819596}