{"ppntid":4,"Bweight":2.56347105751681,"mychoice":3,"myA1":3.386247707791148,"myA2":3.629747452259293,"myA3":6.351170553882495,"myB1":4.079674092207394,"myB2":1.5962484417675404,"myB3":4.051179257906612,"simA1":2.91122147580609,"simA2":2.93499771505594,"simA3":1.23898578574881,"simB1":4.70522804185748,"simB2":0.172186829149723,"simB3":9.04782252851874}