{"ppntid":8,"Bweight":2.3546258042910493,"mychoice":3,"myA1":5.420732871723093,"myA2":4.009655666210296,"myA3":8.998903792765097,"myB1":2.826693611236033,"myB2":1.0778817032612653,"myB3":6.408932269925394,"simA1":0.765141036827117,"simA2":1.26688185613602,"simA3":4.58259324543178,"simB1":6.34286859771237,"simB2":3.13183395890519,"simB3":7.37623665714636}