{"ppntid":2,"Bweight":4.035387552530501,"mychoice":2,"myA1":3.0355529900769773,"myA2":8.834825996360543,"myA3":3.484235425008022,"myB1":4.382105933932976,"myB2":7.837135161948363,"myB3":4.6307598359092905,"simA1":3.71603635838255,"simA2":9.79696976253763,"simA3":5.12477620737627,"simB1":7.65577855985612,"simB2":4.01422860566527,"simB3":8.65366162965074}