{"ppntid":9,"Bweight":0.5153216431089291,"mychoice":3,"myA1":3.3418426467432893,"myA2":4.169470348850323,"myA3":7.61795836916278,"myB1":0.24582515124829118,"myB2":0.4198228460960851,"myB3":6.643223007529,"simA1":0.765141036827117,"simA2":1.26688185613602,"simA3":4.58259324543178,"simB1":6.34286859771237,"simB2":3.13183395890519,"simB3":7.37623665714636}