{"ppntid":2,"Bweight":2.6793618562904786,"mychoice":1,"myA1":1.1340272642577198,"myA2":3.7192546416161587,"myA3":2.6192309458728102,"myB1":6.116905214306723,"myB2":3.1685192415766883,"myB3":4.949988293205254,"simA1":4.32029129238799,"simA2":1.53823893284425,"simA3":3.49515116773546,"simB1":1.77112437551841,"simB2":9.71220241626725,"simB3":8.82223333464935}