{"ppntid":4,"Bweight":2.692496212316154,"mychoice":3,"myA1":7.917555975390231,"myA2":5.902036955123551,"myA3":8.635123652503061,"myB1":2.9081393768645714,"myB2":1.666115397133654,"myB3":3.189471595816986,"simA1":2.91122147580609,"simA2":2.93499771505594,"simA3":1.23898578574881,"simB1":4.70522804185748,"simB2":0.172186829149723,"simB3":9.04782252851874}