{"ppntid":4,"Bweight":0.4324782913584535,"mychoice":1,"myA1":7.705388255530701,"myA2":4.655757245729775,"myA3":2.246734713377807,"myB1":8.243058169521486,"myB2":5.108240055830208,"myB3":2.999742936098395,"simA1":6.59848347539082,"simA2":3.2037310814485,"simA3":1.20643929112703,"simB1":6.15231747506186,"simB2":8.22033943841234,"simB3":2.70335558336228}