{"ppntid":0,"Bweight":1.090094628133702,"mychoice":2,"myA1":1.7198461056236747,"myA2":9.78530204987914,"myA3":2.258238205444396,"myB1":4.557849380739347,"myB2":7.673586392865581,"myB3":1.3704280418578962,"simA1":3.63090072991326,"simA2":9.16425657225773,"simA3":5.10237921960652,"simB1":5.38326209876686,"simB2":3.32310018828139,"simB3":2.30925092939287}