{"ppntid":0,"Bweight":1.4607614176859618,"mychoice":2,"myA1":3.2245602958910813,"myA2":7.402108971310137,"myA3":3.0335792632922898,"myB1":5.636613083427853,"myB2":5.579730493962942,"myB3":1.4219051538471272,"simA1":3.63090072991326,"simA2":9.16425657225773,"simA3":5.10237921960652,"simB1":5.38326209876686,"simB2":3.32310018828139,"simB3":2.30925092939287}