{"ppntid":3,"Bweight":1.3575875311525953,"mychoice":1,"myA1":7.576359004305601,"myA2":9.321924420551166,"myA3":4.808766209293998,"myB1":2.877847501003843,"myB2":1.264649347927933,"myB3":2.981130193403485,"simA1":2.42332010762766,"simA2":3.03216766100377,"simA3":0.630926417652518,"simB1":2.96833007829264,"simB2":7.55062303738669,"simB3":3.78760563675314}