{"ppntid":1,"Bweight":2.130452596459309,"mychoice":2,"myA1":7.144121961638616,"myA2":9.97867485078621,"myA3":7.757068091650352,"myB1":3.546456081834206,"myB2":6.052976574902593,"myB3":5.287697401501196,"simA1":4.32029129238799,"simA2":1.53823893284425,"simA3":3.49515116773546,"simB1":1.77112437551841,"simB2":9.71220241626725,"simB3":8.82223333464935}