{"ppntid":6,"Bweight":4.285193607887337,"mychoice":2,"myA1":8.196077723228116,"myA2":7.4014235022481305,"myA3":4.7501067895465106,"myB1":4.4222419158315756,"myB2":5.440127535845923,"myB3":2.735365423183802,"simA1":4.32029129238799,"simA2":1.53823893284425,"simA3":3.49515116773546,"simB1":1.77112437551841,"simB2":9.71220241626725,"simB3":8.82223333464935}