{"ppntid":6,"Bweight":0.30344610234289027,"mychoice":2,"myA1":3.707522914099597,"myA2":7.338510716866418,"myA3":6.624355982574858,"myB1":3.6447718619391534,"myB2":9.948049389102508,"myB3":7.524691107648787,"simA1":4.80207568733022,"simA2":9.74695997312665,"simA3":7.12853846373037,"simB1":1.80112784495577,"simB2":1.52530480641872,"simB3":4.3367622490041}