{"ppntid":5,"Bweight":2.2166365254464147,"mychoice":3,"myA1":6.454175021525876,"myA2":1.2047714960648337,"myA3":5.44765706954035,"myB1":3.9576212397880983,"myB2":7.193694002342044,"myB3":6.528807238933951,"simA1":4.80207568733022,"simA2":9.74695997312665,"simA3":7.12853846373037,"simB1":1.80112784495577,"simB2":1.52530480641872,"simB3":4.3367622490041}