{"ppntid":9,"Bweight":4.7900826207209395,"mychoice":2,"myA1":5.084414469176939,"myA2":9.049016578890143,"myA3":6.110467946926208,"myB1":7.361128994185213,"myB2":8.941924542250225,"myB3":6.288303894720933,"simA1":4.80207568733022,"simA2":9.74695997312665,"simA3":7.12853846373037,"simB1":1.80112784495577,"simB2":1.52530480641872,"simB3":4.3367622490041}