{"ppntid":0,"Bweight":3.8136652120669092,"mychoice":2,"myA1":4.572804660588883,"myA2":5.139129574735954,"myA3":5.132180796133992,"myB1":5.948674271988159,"myB2":6.246331835715018,"myB3":4.695882269028065,"simA1":4.32029129238799,"simA2":1.53823893284425,"simA3":3.49515116773546,"simB1":1.77112437551841,"simB2":9.71220241626725,"simB3":8.82223333464935}