{"ppntid":9,"Bweight":2.3013130421873393,"mychoice":3,"myA1":1.027837403110412,"myA2":4.621813864334873,"myA3":5.206403406545704,"myB1":2.864996209867452,"myB2":6.354332632505601,"myB3":8.355789920468409,"simA1":2.37154772970825,"simA2":7.2398704639636,"simA3":9.46149006485939,"simB1":4.32796909473836,"simB2":2.97014408512041,"simB3":5.05007167113945}