{"ppntid":4,"Bweight":2.736945530802167,"mychoice":2,"myA1":3.6166579568452395,"myA2":3.589910970535315,"myA3":6.189285280181545,"myB1":3.3901828964602165,"myB2":6.837920829598474,"myB3":4.104967309502929,"simA1":4.80207568733022,"simA2":9.74695997312665,"simA3":7.12853846373037,"simB1":1.80112784495577,"simB2":1.52530480641872,"simB3":4.3367622490041}