{"ppntid":6,"Bweight":3.3769764056286933,"mychoice":2,"myA1":8.128214059516843,"myA2":6.78450985155756,"myA3":7.742927455274979,"myB1":5.408662735530852,"myB2":8.911784181872576,"myB3":7.4511558029149505,"simA1":2.42332010762766,"simA2":3.03216766100377,"simA3":0.630926417652518,"simB1":2.96833007829264,"simB2":7.55062303738669,"simB3":3.78760563675314}