{"ppntid":2,"Bweight":0.9413137131053284,"mychoice":1,"myA1":9.840935774873778,"myA2":6.090453801750604,"myA3":8.184588983552633,"myB1":6.483771606584076,"myB2":0.8274466720516616,"myB3":0.6453215334694962,"simA1":6.59848347539082,"simA2":3.2037310814485,"simA3":1.20643929112703,"simB1":6.15231747506186,"simB2":8.22033943841234,"simB3":2.70335558336228}