{"ppntid":4,"Bweight":2.7417866946707523,"mychoice":2,"myA1":2.2519216853045565,"myA2":8.18354007291008,"myA3":4.344584933941265,"myB1":4.485007687990654,"myB2":4.933925353803894,"myB3":1.5744644990657664,"simA1":3.63090072991326,"simA2":9.16425657225773,"simA3":5.10237921960652,"simB1":5.38326209876686,"simB2":3.32310018828139,"simB3":2.30925092939287}