{"ppntid":2,"Bweight":0.4928257163771921,"mychoice":3,"myA1":2.7658588428325914,"myA2":2.2145860577891208,"myA3":6.413222550242921,"myB1":7.297386121000433,"myB2":7.549909883396591,"myB3":0.06914058395806943,"simA1":0.765141036827117,"simA2":1.26688185613602,"simA3":4.58259324543178,"simB1":6.34286859771237,"simB2":3.13183395890519,"simB3":7.37623665714636}