{"ppntid":2,"Bweight":4.298046739575589,"mychoice":2,"myA1":4.995405231622845,"myA2":8.59278384319769,"myA3":3.9043403766729856,"myB1":4.502281916722564,"myB2":8.621855148453859,"myB3":5.197813208742685,"simA1":3.71603635838255,"simA2":9.79696976253763,"simA3":5.12477620737627,"simB1":7.65577855985612,"simB2":4.01422860566527,"simB3":8.65366162965074}