{"ppntid":3,"Bweight":1.0724658735719284,"mychoice":2,"myA1":2.9918867214001565,"myA2":9.470596372226074,"myA3":2.414216900621635,"myB1":0.6621657160159078,"myB2":5.379476805759413,"myB3":1.5204070396384095,"simA1":3.63090072991326,"simA2":9.16425657225773,"simA3":5.10237921960652,"simB1":5.38326209876686,"simB2":3.32310018828139,"simB3":2.30925092939287}