{"ppntid":9,"Bweight":2.3596275799902475,"mychoice":2,"myA1":3.2180905291599027,"myA2":3.6581649483303513,"myA3":2.6393899337116866,"myB1":7.109813928716012,"myB2":9.553831744992088,"myB3":8.604236737978157,"simA1":4.32029129238799,"simA2":1.53823893284425,"simA3":3.49515116773546,"simB1":1.77112437551841,"simB2":9.71220241626725,"simB3":8.82223333464935}