{"ppntid":9,"Bweight":0.3671059095995355,"mychoice":3,"myA1":3.0284064330390748,"myA2":4.119878760689961,"myA3":5.632807190094107,"myB1":5.02003837120273,"myB2":3.0751892216625154,"myB3":2.6441751019851,"simA1":2.91122147580609,"simA2":2.93499771505594,"simA3":1.23898578574881,"simB1":4.70522804185748,"simB2":0.172186829149723,"simB3":9.04782252851874}