{"ppntid":2,"Bweight":0.29899369397068165,"mychoice":2,"myA1":3.7887853525607817,"myA2":8.446180384262899,"myA3":0.639001538950057,"myB1":4.35959795768988,"myB2":7.433884780108409,"myB3":1.9589686945879459,"simA1":3.63090072991326,"simA2":9.16425657225773,"simA3":5.10237921960652,"simB1":5.38326209876686,"simB2":3.32310018828139,"simB3":2.30925092939287}