{"ppntid":1,"Bweight":2.2382947793294736,"mychoice":2,"myA1":1.388109024985118,"myA2":4.283717059736469,"myA3":7.1335105655263735,"myB1":3.78389701536338,"myB2":6.088039491861263,"myB3":4.655913904451383,"simA1":2.42332010762766,"simA2":3.03216766100377,"simA3":0.630926417652518,"simB1":2.96833007829264,"simB2":7.55062303738669,"simB3":3.78760563675314}