{"ppntid":7,"Bweight":0.97182603467178,"mychoice":3,"myA1":0.7877355207781744,"myA2":5.875341084180268,"myA3":7.688506817173368,"myB1":4.517648060960607,"myB2":0.4343167915565571,"myB3":8.806144617350991,"simA1":2.37154772970825,"simA2":7.2398704639636,"simA3":9.46149006485939,"simB1":4.32796909473836,"simB2":2.97014408512041,"simB3":5.05007167113945}