{"ppntid":4,"Bweight":0.8369806647640998,"mychoice":2,"myA1":1.0830535006597763,"myA2":7.6023865392777985,"myA3":2.3682243014809923,"myB1":3.079407238290297,"myB2":7.709655769088113,"myB3":4.637954181595852,"simA1":3.63090072991326,"simA2":9.16425657225773,"simA3":5.10237921960652,"simB1":5.38326209876686,"simB2":3.32310018828139,"simB3":2.30925092939287}