{"ppntid":5,"Bweight":4.2992614141771535,"mychoice":3,"myA1":6.7580465906358445,"myA2":2.98353269652206,"myA3":7.302798864993775,"myB1":7.423286604497788,"myB2":8.467052411128545,"myB3":8.73314978876937,"simA1":4.32029129238799,"simA2":1.53823893284425,"simA3":3.49515116773546,"simB1":1.77112437551841,"simB2":9.71220241626725,"simB3":8.82223333464935}