{"ppntid":8,"Bweight":0.7876011895132706,"mychoice":2,"myA1":5.07719771929821,"myA2":4.666918042992747,"myA3":4.474857307807616,"myB1":1.6707023886372507,"myB2":2.65740784985689,"myB3":0.9570313585537993,"simA1":2.91122147580609,"simA2":2.93499771505594,"simA3":1.23898578574881,"simB1":4.70522804185748,"simB2":0.172186829149723,"simB3":9.04782252851874}