{"ppntid":1,"Bweight":2.658088687037762,"mychoice":2,"myA1":7.117073473644959,"myA2":9.035126772544892,"myA3":7.12887609820579,"myB1":8.412597577681222,"myB2":9.450764373260558,"myB3":7.936020931365151,"simA1":4.32029129238799,"simA2":1.53823893284425,"simA3":3.49515116773546,"simB1":1.77112437551841,"simB2":9.71220241626725,"simB3":8.82223333464935}