{"ppntid":0,"Bweight":1.5506697780202283,"mychoice":1,"myA1":7.1310037488613816,"myA2":3.832087612431847,"myA3":6.57072602787399,"myB1":8.774258877725533,"myB2":4.107734951931246,"myB3":6.014090092966857,"simA1":3.67379971314222,"simA2":2.96635989332572,"simA3":2.25443732691929,"simB1":2.00263310456648,"simB2":4.88128123106435,"simB3":7.29017229517922}