{"ppntid":6,"Bweight":0.8587963920097397,"mychoice":3,"myA1":2.877847501003843,"myA2":3.1348774765609777,"myA3":2.981130193403485,"myB1":6.7686615989660925,"myB2":9.246509908984091,"myB3":9.425792473212764,"simA1":4.32029129238799,"simA2":1.53823893284425,"simA3":3.49515116773546,"simB1":1.77112437551841,"simB2":9.71220241626725,"simB3":8.82223333464935}