{"ppntid":6,"Bweight":2.0926041429414433,"mychoice":3,"myA1":1.571835082067019,"myA2":1.7362404695352907,"myA3":7.7266092181522295,"myB1":3.163046851458302,"myB2":0.2000028635448503,"myB3":8.22712340936765,"simA1":0.765141036827117,"simA2":1.26688185613602,"simA3":4.58259324543178,"simB1":6.34286859771237,"simB2":3.13183395890519,"simB3":7.37623665714636}