{"ppntid":5,"Bweight":0.31186702430304414,"mychoice":1,"myA1":8.231118730703974,"myA2":8.134783581992783,"myA3":7.8254696007728874,"myB1":5.926093041248426,"myB2":5.295238590848623,"myB3":3.3583431766792526,"simA1":4.32029129238799,"simA2":1.53823893284425,"simA3":3.49515116773546,"simB1":1.77112437551841,"simB2":9.71220241626725,"simB3":8.82223333464935}