{"ppntid":8,"Bweight":1.4591042974129076,"mychoice":2,"myA1":0.6847808708510561,"myA2":7.466501528403886,"myA3":2.0186296159070993,"myB1":6.021298269450044,"myB2":9.86934100593727,"myB3":6.357497123680796,"simA1":3.63090072991326,"simA2":9.16425657225773,"simA3":5.10237921960652,"simB1":5.38326209876686,"simB2":3.32310018828139,"simB3":2.30925092939287}