{"ppntid":4,"Bweight":1.8946651730660824,"mychoice":3,"myA1":1.8541593977103776,"myA2":5.403070038257011,"myA3":4.481746578479302,"myB1":5.839968895438199,"myB2":8.121632255040172,"myB3":8.678040536663731,"simA1":4.32029129238799,"simA2":1.53823893284425,"simA3":3.49515116773546,"simB1":1.77112437551841,"simB2":9.71220241626725,"simB3":8.82223333464935}