{"ppntid":1,"Bweight":0.7611119679127765,"mychoice":1,"myA1":3.7831087397885432,"myA2":1.3761391455407157,"myA3":2.390030565841381,"myB1":4.671097608063681,"myB2":5.551064232380116,"myB3":5.04729365136493,"simA1":2.42332010762766,"simA2":3.03216766100377,"simA3":0.630926417652518,"simB1":2.96833007829264,"simB2":7.55062303738669,"simB3":3.78760563675314}