{"ppntid":0,"trialid":26,"Aweight":1,"Bweight":3.3404669899027795,"calc1":10.96469849858314,"calc2":9.207242363828955,"calc3":35.55564234128784,"ordA12":"<","ordA13":"<","ordA23":"=","ordB12":"=","ordB13":"<","ordB23":"<","mychoice":3,"myA1":0.21827167365700006,"myA2":5.049408422783017,"myA3":7.062184904934838,"myB1":2.570885152090341,"myB2":1.2774705654010177,"myB3":7.12228947551921,"simA1":0.420730954501778,"simA2":6.03010574355721,"simA3":4.27703767083585,"simB1":3.55239363852888,"simB2":0.756021263077855,"simB3":9.52888637548313}