{"ppntid":0,"trialid":8,"Aweight":1,"Bweight":3.160723802866414,"calc1":24.48195002741001,"calc2":9.47843534676113,"calc3":3.719313727529122,"ordA12":">","ordA13":">","ordA23":"=","ordB12":"=","ordB13":">","ordB23":"=","mychoice":1,"myA1":12.08109020953998,"myA2":4.663565489463508,"myA3":6.520677498774603,"myB1":4.609496318735182,"myB2":2.7400850888807327,"myB3":1.2584679666906595,"simA1":8.91313169384375,"simA2":2.29380517965183,"simA3":1.85019911266863,"simB1":4.43676650989801,"simB2":2.41301263449714,"simB3":0.557394896168262}