{"ppntid":0,"trialid":7,"Aweight":1,"Bweight":0.8864661282859743,"calc1":13.228621941881938,"calc2":15.867596929609508,"calc3":11.508845859284119,"ordA12":"=","ordA13":">","ordA23":">","ordB12":"=","ordB13":"=","ordB23":"=","mychoice":1,"myA1":10.878057007212192,"myA2":8.722683805972338,"myA3":5.578155345283449,"myB1":6.729207836324349,"myB2":8.819264728808776,"myB3":7.1532765962183475,"simA1":9.74268093239516,"simA2":7.87472704425454,"simA3":1.78666759980842,"simB1":6.90122544532642,"simB2":7.15154525591061,"simB3":9.34879306936637}