{"ppntid":0,"trialid":4,"Aweight":1,"Bweight":3.3404669899027795,"calc1":34.721237009126014,"calc2":37.03534473443847,"calc3":33.12498307454574,"ordA12":"=","ordA13":"<","ordA23":"=","ordB12":"=","ordB13":"=","ordB23":"=","mychoice":2,"myA1":5.823952947976068,"myA2":7.752818173030391,"myA3":10.085801538079977,"myB1":7.785768234170973,"myB2":9.480510771973059,"myB3":7.8835230600088835,"simA1":1.58158730249852,"simA2":3.06550125358626,"simA3":4.93618091568351,"simB1":8.18738446105272,"simB2":9.55175729002804,"simB3":9.60501343011856}