{"ppntid":0,"trialid":4,"Aweight":1,"Bweight":4.995031366124749,"calc1":43.09252650421385,"calc2":48.29071441105374,"calc3":56.48423875408329,"ordA12":"=","ordA13":"<","ordA23":"=","ordB12":"<","ordB13":"=","ordB23":">","mychoice":2,"myA1":13.790397631237283,"myA2":11.733730332925916,"myA3":14.441511647310108,"myB1":4.098724363138899,"myB2":8.080246997997165,"myB3":4.565968707902357,"simA1":1.58158730249852,"simA2":3.06550125358626,"simA3":4.93618091568351,"simB1":8.18738446105272,"simB2":9.55175729002804,"simB3":9.60501343011856}