{"ppntid":0,"trialid":23,"Aweight":1,"Bweight":3.3404669899027795,"calc1":6.439547287248019,"calc2":39.04214792245506,"calc3":22.501720399169585,"ordA12":"<","ordA13":">","ordA23":"=","ordB12":"<","ordB13":"<","ordB23":"=","mychoice":2,"myA1":8.824063965585083,"myA2":6.155829549534246,"myA3":4.60752070765011,"myB1":1.2797457072883844,"myB2":9.36913168989122,"myB3":7.572512039914727,"simA1":2.57789223222062,"simA2":8.64902123808861,"simA3":5.74169455328956,"simB1":0.0158312311396003,"simB2":7.22433473914862,"simB3":5.00715818023309}