{"ppntid":0,"trialid":10,"Aweight":1,"Bweight":3.160723802866414,"calc1":14.009699140342859,"calc2":26.717125985040934,"calc3":41.115754433342815,"ordA12":"=","ordA13":"<","ordA23":"<","ordB12":"<","ordB13":"<","ordB23":"<","mychoice":3,"myA1":6.321934377774596,"myA2":3.564551139716059,"myA3":12.789024403318763,"myB1":0.46369988238438964,"myB2":4.835713498760015,"myB3":10.298225423321128,"simA1":4.34119588462636,"simA2":2.31800572248176,"simA3":8.05309789255261,"simB1":2.52373051131144,"simB2":6.41027750447392,"simB3":9.69243492698297}