{"ppntid":0,"trialid":6,"Aweight":1,"Bweight":1.392169805476442,"calc1":5.468109860116758,"calc2":9.656986795779911,"calc3":14.214224582974284,"ordA12":"<","ordA13":">","ordA23":"=","ordB12":"=","ordB13":"<","ordB23":"=","mychoice":3,"myA1":2.3342395783402026,"myA2":10.925130257382989,"myA3":11.820983832003549,"myB1":3.685628736857325,"myB2":1.8259569292422384,"myB3":9.154342878609896,"simA1":8.37697070091963,"simA2":2.72995244478807,"simA3":1.56540370546281,"simB1":2.63156997738406,"simB2":3.75615949742496,"simB3":6.70366015750915}