{"ppntid":0,"trialid":21,"Aweight":1,"Bweight":3.3404669899027795,"calc1":18.162704665147103,"calc2":10.082673255075173,"calc3":20.5305839189555,"ordA12":"<","ordA13":"<","ordA23":"=","ordB12":">","ordB13":"=","ordB23":"=","mychoice":2,"myA1":2.293650893261656,"myA2":7.844388083321974,"myA3":6.487092225579545,"myB1":4.9159787117969245,"myB2":5.430035901954398,"myB3":4.3656728393398225,"simA1":3.40520124649629,"simA2":8.95440582418814,"simA3":8.64797518588603,"simB1":4.75207760930061,"simB2":0.761112046893686,"simB3":1.8724691378884}