{"ppntid":0,"trialid":19,"Aweight":1,"Bweight":3.3404669899027795,"calc1":11.223378932033437,"calc2":19.289603223361954,"calc3":24.79911405918849,"ordA12":"=","ordA13":"=","ordA23":"=","ordB12":"=","ordB13":"<","ordB23":"=","mychoice":3,"myA1":13.86512125376612,"myA2":13.14719291171059,"myA3":12.292296113446355,"myB1":0.9677161183208227,"myB2":3.5771120886784047,"myB3":4.451122888131067,"simA1":5.0472562527284,"simA2":5.22066032979637,"simA3":5.31262512784451,"simB1":2.9207472759299,"simB2":4.4082949613221,"simB3":6.50717998389155}