{"ppntid":0,"trialid":27,"Aweight":1,"Bweight":3.3404669899027795,"calc1":20.585976964952994,"calc2":18.804557212495443,"calc3":28.777408580734537,"ordA12":"<","ordA13":"<","ordA23":"=","ordB12":">","ordB13":"=","ordB23":"<","mychoice":3,"myA1":3.233571838354692,"myA2":12.701340556377545,"myA3":11.272592218592763,"myB1":6.370352581143379,"myB2":0.8321143279317766,"myB3":5.732683046953753,"simA1":1.13813327625394,"simA2":8.34869364043698,"simA3":5.95196410315111,"simB1":6.53089314699173,"simB2":2.766918677371,"simB3":7.83264182507992}