{"ppntid":0,"trialid":13,"Aweight":1,"Bweight":3.3404669899027795,"calc1":34.713984484193105,"calc2":16.02061197557405,"calc3":36.765298376909556,"ordA12":">","ordA13":"<","ordA23":"=","ordB12":">","ordB13":"=","ordB23":">","mychoice":3,"myA1":8.217435650294647,"myA2":4.385084890527651,"myA3":14.873169106431305,"myB1":5.961382890818641,"myB2":3.2030429667793214,"myB3":7.031665917020291,"simA1":1.86005981639028,"simA2":8.42553070746362,"simA3":8.11919365543872,"simB1":9.17810374870896,"simB2":1.51240932522342,"simB3":9.96909169945866}