{"ppntid":0,"trialid":20,"Aweight":1,"Bweight":3.3404669899027795,"calc1":5.489733017206029,"calc2":35.029409012797025,"calc3":17.52603163868814,"ordA12":"=","ordA13":">","ordA23":">","ordB12":"<","ordB13":"<","ordB23":"=","mychoice":2,"myA1":12.198703394969925,"myA2":10.584493358619511,"myA3":2.830744630191475,"myB1":0.31655753147788346,"myB2":7.631728659616783,"myB3":4.952936953632161,"simA1":6.35498477844521,"simA2":4.84276535455137,"simA3":1.61378592019901,"simB1":0.103883419651538,"simB2":7.14141314383596,"simB3":5.34827178344131}