{"ppntid":0,"trialid":10,"Aweight":1,"Bweight":3.3404669899027795,"calc1":9.05026060750171,"calc2":22.993877890030735,"calc3":37.65148339613839,"ordA12":"=","ordA13":">","ordA23":"<","ordB12":"<","ordB13":"<","ordB23":"<","mychoice":2,"myA1":10.528899984201416,"myA2":12.522354779066518,"myA3":6.18060895241797,"myB1":3.446408755844459,"myB2":8.017215707805008,"myB3":8.25272323214449,"simA1":4.34119588462636,"simA2":2.31800572248176,"simA3":8.05309789255261,"simB1":2.52373051131144,"simB2":6.41027750447392,"simB3":9.69243492698297}