{"ppntid":0,"trialid":5,"Aweight":1,"Bweight":3.3404669899027795,"calc1":32.89519385233923,"calc2":-1.8798700354483582,"calc3":42.75982116049083,"ordA12":"<","ordA13":"=","ordA23":">","ordB12":">","ordB13":"=","ordB23":"<","mychoice":3,"myA1":6.639831208158284,"myA2":13.517160366754979,"myA3":4.441743269562721,"myB1":6.783832381479442,"myB2":2.8672951308544725,"myB3":8.158289190614596,"simA1":8.39378722943366,"simA2":0.737763438373804,"simA3":9.02796564158052,"simB1":9.07501752953976,"simB2":0.14604820869863,"simB3":7.71205921890214}