{"ppntid":0,"trialid":12,"Aweight":1,"Bweight":3.0405913293361664,"calc1":35.4893052669451,"calc2":49.15154554634788,"calc3":9.541839509056206,"ordA12":"=","ordA13":"=","ordA23":">","ordB12":"=","ordB13":">","ordB23":">","mychoice":2,"myA1":10.84894540021196,"myA2":12.550877368776128,"myA3":2.478820674587041,"myB1":8.758555952226743,"myB2":11.484848741674796,"myB3":0.8845488145016134,"simA1":3.20852837292477,"simA2":5.95825222786516,"simA3":2.49748300760984,"simB1":9.51917973579839,"simB2":9.62475342443213,"simB3":2.62047795113176}