{"ppntid":0,"trialid":18,"Aweight":1,"Bweight":3.3404669899027795,"calc1":22.572416798522855,"calc2":18.78477002780805,"calc3":48.88322087681785,"ordA12":"=","ordA13":"<","ordA23":"<","ordB12":"=","ordB13":"<","ordB23":"<","mychoice":3,"myA1":1.5709388419054449,"myA2":3.11970905167982,"myA3":6.555509262252599,"myB1":7.541168761672452,"myB2":5.86549584637396,"myB3":12.394746118225157,"simA1":3.21668911725283,"simA2":4.34108043089509,"simA3":9.63302112417296,"simB1":4.08555867150426,"simB2":6.08102107653394,"simB3":9.77082550525665}