{"ppntid":0,"trialid":22,"Aweight":1,"Bweight":1.9485153548885137,"calc1":24.846359186219736,"calc2":10.838477496630594,"calc3":24.383149013211817,"ordA12":"=","ordA13":"=","ordA23":"=","ordB12":">","ordB13":">","ordB23":"=","mychoice":1,"myA1":12.348906320985407,"myA2":11.974592171609402,"myA3":14.654096458107233,"myB1":11.089251288212836,"myB2":3.2264731801114976,"myB3":4.5932142867241055,"simA1":8.1287957704626,"simA2":6.10309598734602,"simA3":7.31510496931151,"simB1":9.6102004032582,"simB2":2.80141149647534,"simB3":5.45359223382547}