{"ppntid":0,"trialid":16,"Aweight":1,"Bweight":3.3404669899027795,"calc1":16.242212176722628,"calc2":14.036617625938252,"calc3":21.711620772689795,"ordA12":"=","ordA13":"<","ordA23":"<","ordB12":"<","ordB13":"=","ordB23":"=","mychoice":3,"myA1":3.754562957910821,"myA2":1.8697847973089665,"myA3":7.511681170435622,"myB1":0.533466381020844,"myB2":3.965620369417593,"myB3":2.646910637849942,"simA1":3.04651591461152,"simA2":1.87292299000546,"simA3":8.16750949015841,"simB1":2.7922795410268,"simB2":6.04821721091866,"simB3":3.38662295835093}