{"ppntid":0,"trialid":12,"Aweight":1,"Bweight":0.8864661282859743,"calc1":12.81211643066562,"calc2":18.865791665669075,"calc3":4.520281416988438,"ordA12":"=","ordA13":"=","ordA23":">","ordB12":"=","ordB13":">","ordB23":">","mychoice":2,"myA1":7.973098440561444,"myA2":9.176740448456258,"myA3":5.560391815379262,"myB1":9.622943338472396,"myB2":11.178726815851405,"myB3":5.796175617724657,"simA1":3.20852837292477,"simA2":5.95825222786516,"simA3":2.49748300760984,"simB1":9.51917973579839,"simB2":9.62475342443213,"simB3":2.62047795113176}