{"ppntid":0,"trialid":4,"Aweight":1,"Bweight":1.5054310183040798,"calc1":17.51090641729124,"calc2":21.81158715101295,"calc3":22.12936560604404,"ordA12":"=","ordA13":"<","ordA23":"=","ordB12":"=","ordB13":"=","ordB23":">","mychoice":2,"myA1":0.31207356601953506,"myA2":2.1127746161073446,"myA3":4.891512893373147,"myB1":8.131082524778321,"myB2":8.766575558111072,"myB3":5.486688246019185,"simA1":1.58158730249852,"simA2":3.06550125358626,"simA3":4.93618091568351,"simB1":8.18738446105272,"simB2":9.55175729002804,"simB3":9.60501343011856}