{"ppntid":0,"trialid":9,"Aweight":1,"Bweight":2.7926344342995435,"calc1":0.9427005874893073,"calc2":23.568476173990184,"calc3":10.098599145953802,"ordA12":"=","ordA13":"<","ordA23":"<","ordB12":"<","ordB13":"=","ordB23":">","mychoice":2,"myA1":2.771463372046128,"myA2":3.5054749343544245,"myA3":7.709555849432945,"myB1":1.7742618208285421,"myB2":5.305903953267261,"myB3":1.452935499837622,"simA1":1.3156188535504,"simA2":0.961971294600517,"simA3":7.0756730157882,"simB1":0.283582140691578,"simB2":9.57877810113132,"simB3":0.423672434408218}