{"ppntid":0,"trialid":20,"Aweight":1,"Bweight":3.3404669899027795,"calc1":1.6923988921205595,"calc2":29.798556660905454,"calc3":16.70197257759851,"ordA12":"=","ordA13":">","ordA23":">","ordB12":"<","ordB13":"<","ordB23":"=","mychoice":2,"myA1":7.121963311219588,"myA2":10.007708854973316,"myA3":3.952773422934115,"myB1":1.4010248437989503,"myB2":5.035891751758754,"myB3":5.609995317645371,"simA1":6.35498477844521,"simA2":4.84276535455137,"simA3":1.61378592019901,"simB1":0.103883419651538,"simB2":7.14141314383596,"simB3":5.34827178344131}