{"ppntid":0,"trialid":2,"Aweight":1,"Bweight":0.8864661282859743,"calc1":9.700891601633584,"calc2":1.1953320633171192,"calc3":9.711679027838624,"ordA12":"<","ordA13":"<","ordA23":"=","ordB12":"=","ordB13":"=","ordB23":"<","mychoice":3,"myA1":0.34502294613048434,"myA2":6.806245754705742,"myA3":8.790724666323513,"myB1":6.312759354477748,"myB2":4.059066568734124,"myB3":8.62546963384375,"simA1":2.3651837464422,"simA2":6.00488829193637,"simA3":8.13246078789234,"simB1":4.48913048487157,"simB2":5.11691393330693,"simB3":5.71495153009892}