{"ppntid":0,"trialid":13,"Aweight":1,"Bweight":3.3404669899027795,"calc1":34.95339992886977,"calc2":16.02061197557405,"calc3":36.765298376909556,"ordA12":">","ordA13":"<","ordA23":"=","ordB12":">","ordB13":"=","ordB23":">","mychoice":1,"myA1":1.3011920044664294,"myA2":2.945332140661776,"myA3":10.824473885586485,"myB1":11.376085173105821,"myB2":7.24066111841239,"myB3":3.6548925982788205,"simA1":1.86005981639028,"simA2":8.42553070746362,"simA3":8.11919365543872,"simB1":9.17810374870896,"simB2":1.51240932522342,"simB3":9.96909169945866}