{"ppntid":0,"trialid":12,"Aweight":1,"Bweight":1.392169805476442,"calc1":13.734529967951847,"calc2":18.055408937789657,"calc3":8.15752174422801,"ordA12":"=","ordA13":"=","ordA23":">","ordB12":"=","ordB13":">","ordB23":">","mychoice":2,"myA1":4.0702236676588655,"myA2":5.424877633340657,"myA3":2.546472104731947,"myB1":8.545360404532403,"myB2":9.97150981449522,"myB3":5.264497397001833,"simA1":3.20852837292477,"simA2":5.95825222786516,"simA3":2.49748300760984,"simB1":9.51917973579839,"simB2":9.62475342443213,"simB3":2.62047795113176}