{"ppntid":0,"trialid":7,"Aweight":1,"Bweight":0.8864661282859743,"calc1":13.228621941881938,"calc2":15.867596929609508,"calc3":11.508845859284119,"ordA12":"=","ordA13":">","ordA23":">","ordB12":"=","ordB13":"=","ordB23":"=","mychoice":2,"myA1":7.602523548994213,"myA2":10.572142973542213,"myA3":3.371843621134758,"myB1":11.269172618631274,"myB2":10.094926158199087,"myB3":10.32159912167117,"simA1":9.74268093239516,"simA2":7.87472704425454,"simA3":1.78666759980842,"simB1":6.90122544532642,"simB2":7.15154525591061,"simB3":9.34879306936637}