{"ppntid":0,"trialid":3,"Aweight":1,"Bweight":2.7926344342995435,"calc1":12.121241222887877,"calc2":16.875294075147547,"calc3":13.563389596478494,"ordA12":"=","ordA13":"<","ordA23":"<","ordB12":"<","ordB13":"=","ordB23":">","mychoice":2,"myA1":2.1901641273871064,"myA2":0.6528596242424101,"myA3":5.893599501578137,"myB1":2.508785898098722,"myB2":6.243299923371524,"myB3":0.2943964081350714,"simA1":3.1719257379882,"simA2":0.18154481658712,"simA3":6.33394056931138,"simB1":3.16195522435009,"simB2":6.95029358845204,"simB3":1.01433182833716}