{"ppntid":0,"trialid":2,"Aweight":1,"Bweight":3.208805687027052,"calc1":16.119050453125794,"calc2":21.919154762363718,"calc3":30.208433842737605,"ordA12":"<","ordA13":"<","ordA23":"=","ordB12":"=","ordB13":"=","ordB23":"=","mychoice":3,"myA1":1.8866908096242696,"myA2":10.185903660021722,"myA3":11.686470665736124,"myB1":3.1540841481182724,"myB2":4.725639353273436,"myB3":5.484013926470652,"simA1":2.3651837464422,"simA2":6.00488829193637,"simA3":8.13246078789234,"simB1":4.48913048487157,"simB2":5.11691393330693,"simB3":5.71495153009892}