{"ppntid":0,"trialid":21,"Aweight":1,"Bweight":0.8864661282859743,"calc1":9.172187275539068,"calc2":6.229655614675171,"calc3":5.463993073439369,"ordA12":"<","ordA13":"<","ordA23":"=","ordB12":">","ordB13":"=","ordB23":"=","mychoice":3,"myA1":0.523670157417655,"myA2":4.853640894871205,"myA3":3.5320789413526654,"myB1":12.64565298333764,"myB2":7.978378103580326,"myB3":9.928631277289242,"simA1":3.40520124649629,"simA2":8.95440582418814,"simA3":8.64797518588603,"simB1":4.75207760930061,"simB2":0.761112046893686,"simB3":1.8724691378884}