{"ppntid":0,"trialid":14,"Aweight":1,"Bweight":3.3404669899027795,"calc1":23.40517514997109,"calc2":24.27752800942926,"calc3":14.392055229049406,"ordA12":">","ordA13":"=","ordA23":">","ordB12":"=","ordB13":">","ordB23":">","mychoice":1,"myA1":2.6175872690510005,"myA2":4.788186581572518,"myA3":0.3854782192502171,"myB1":9.830354786245152,"myB2":7.157020177692175,"myB3":3.1024414231069386,"simA1":1.94943448994309,"simA2":7.94562598224729,"simA3":1.60481928149238,"simB1":6.37492659967393,"simB2":6.6169921355322,"simB3":3.29448562115431}