{"ppntid":0,"trialid":5,"Aweight":1,"Bweight":1.9485153548885137,"calc1":25.041821953289624,"calc2":0.3075486303192374,"calc3":27.33906654336996,"ordA12":">","ordA13":"=","ordA23":"<","ordB12":">","ordB13":"=","ordB23":"<","mychoice":3,"myA1":8.566763859707862,"myA2":4.11833205842413,"myA3":8.255615683738142,"myB1":6.37178297736682,"myB2":0.5043022753670812,"myB3":9.196057976223528,"simA1":8.39378722943366,"simA2":0.737763438373804,"simA3":9.02796564158052,"simB1":9.07501752953976,"simB2":0.14604820869863,"simB3":7.71205921890214}