{"ppntid":0,"trialid":18,"Aweight":1,"Bweight":1.392169805476442,"calc1":20.286691451973812,"calc2":17.470061055775567,"calc3":17.380987417110617,"ordA12":"=","ordA13":"<","ordA23":"<","ordB12":"=","ordB13":"<","ordB23":"<","mychoice":3,"myA1":6.338260320480913,"myA2":5.796698711346835,"myA3":9.906259628478438,"myB1":9.407175919041038,"myB2":9.415586006361991,"myB3":13.010150418849662,"simA1":3.21668911725283,"simA2":4.34108043089509,"simA3":9.63302112417296,"simB1":4.08555867150426,"simB2":6.08102107653394,"simB3":9.77082550525665}