{"ppntid":0,"trialid":16,"Aweight":1,"Bweight":0.8864661282859743,"calc1":9.976941648409964,"calc2":11.150904329611452,"calc3":9.947717943039445,"ordA12":"=","ordA13":"<","ordA23":"<","ordB12":"<","ordB13":"=","ordB23":"=","mychoice":3,"myA1":6.551782727474347,"myA2":3.88665052363649,"myA3":13.012156662298366,"myB1":4.628428614232689,"myB2":8.28347297036089,"myB3":6.253384379670024,"simA1":3.04651591461152,"simA2":1.87292299000546,"simA3":8.16750949015841,"simB1":2.7922795410268,"simB2":6.04821721091866,"simB3":3.38662295835093}