{"ppntid":0,"trialid":17,"Aweight":1,"Bweight":0.8864661282859743,"calc1":1.9520680698120536,"calc2":4.338341684541773,"calc3":11.237263900834689,"ordA12":">","ordA13":"<","ordA23":"<","ordB12":"=","ordB13":"=","ordB23":"<","mychoice":3,"myA1":5.94661770039238,"myA2":2.1936291363090277,"myA3":5.801434353925288,"myB1":7.56322136381641,"myB2":9.849521579453722,"myB3":8.927074443781748,"simA1":4.6794927935116,"simA2":0.534360217861831,"simA3":9.70275462605059,"simB1":2.69487160025164,"simB2":5.3922648075968,"simB3":3.03585562389344}