{"ppntid":0,"trialid":17,"Aweight":1,"Bweight":1.392169805476442,"calc1":1.8067526321303742,"calc2":13.614589638798169,"calc3":12.755701436500058,"ordA12":">","ordA13":"<","ordA23":"<","ordB12":"=","ordB13":"=","ordB23":"=","mychoice":3,"myA1":7.7905740682035685,"myA2":2.099144150270149,"myA3":11.903456506552175,"myB1":8.866989221423864,"myB2":11.021697573596612,"myB3":8.553094418020919,"simA1":4.6794927935116,"simA2":0.534360217861831,"simA3":9.70275462605059,"simB1":2.69487160025164,"simB2":5.3922648075968,"simB3":3.03585562389344}