{"ppntid":0,"trialid":11,"Aweight":1,"Bweight":0.8864661282859743,"calc1":7.22771442726812,"calc2":2.907238010985225,"calc3":10.128640340162043,"ordA12":"<","ordA13":"<","ordA23":"=","ordB12":">","ordB13":"=","ordB23":"<","mychoice":3,"myA1":1.8069609836675227,"myA2":11.627098900498822,"myA3":10.968355487566441,"myB1":7.542862709378824,"myB2":0.6138536066282541,"myB3":6.748203401220962,"simA1":0.400069444440305,"simA2":6.08044839696959,"simA3":6.42102890415117,"simB1":9.5571158779785,"simB2":0.160704387817532,"simB3":7.56760822609067}