{"ppntid":0,"trialid":13,"Aweight":1,"Bweight":3.3404669899027795,"calc1":34.713984484193105,"calc2":16.02061197557405,"calc3":36.765298376909556,"ordA12":">","ordA13":"<","ordA23":"=","ordB12":">","ordB13":"=","ordB23":"=","mychoice":3,"myA1":1.521100807003677,"myA2":11.055618870304897,"myA3":9.886069495696574,"myB1":11.755764879053459,"myB2":6.672692644642666,"myB3":9.49056566809304,"simA1":1.86005981639028,"simA2":8.42553070746362,"simA3":8.11919365543872,"simB1":9.17810374870896,"simB2":1.51240932522342,"simB3":9.96909169945866}