{"ppntid":0,"trialid":16,"Aweight":1,"Bweight":3.3404669899027795,"calc1":16.242212176722628,"calc2":14.036617625938252,"calc3":19.84429422039398,"ordA12":"=","ordA13":"<","ordA23":"<","ordB12":"<","ordB13":"=","ordB23":"=","mychoice":3,"myA1":6.1879646591842175,"myA2":7.94225494377315,"myA3":13.44156141160056,"myB1":2.4136626929976046,"myB2":1.493874181760475,"myB3":2.593674072995782,"simA1":3.04651591461152,"simA2":1.87292299000546,"simA3":8.16750949015841,"simB1":2.7922795410268,"simB2":6.04821721091866,"simB3":3.38662295835093}