{"ppntid":0,"trialid":7,"Aweight":1,"Bweight":0.8864661282859743,"calc1":10.414771821184676,"calc2":15.867596929609508,"calc3":11.508845859284119,"ordA12":"=","ordA13":">","ordA23":">","ordB12":"=","ordB13":"=","ordB23":"=","mychoice":2,"myA1":7.134513548808172,"myA2":8.528162688016891,"myA3":3.1369836896192282,"myB1":9.270882027922198,"myB2":10.725186191266403,"myB3":10.084262697491795,"simA1":9.74268093239516,"simA2":7.87472704425454,"simA3":1.78666759980842,"simB1":6.90122544532642,"simB2":7.15154525591061,"simB3":9.34879306936637}