{"ppntid":0,"trialid":21,"Aweight":1,"Bweight":3.3404669899027795,"calc1":15.4874614006222,"calc2":15.609129829567815,"calc3":15.911963237619638,"ordA12":">","ordA13":"<","ordA23":"=","ordB12":">","ordB13":"=","ordB23":"=","mychoice":1,"myA1":11.0934103152249,"myA2":6.359847908606753,"myA3":3.575103732291609,"myB1":6.214936481555924,"myB2":2.2101059567648917,"myB3":4.405865566805005,"simA1":3.40520124649629,"simA2":8.95440582418814,"simA3":8.64797518588603,"simB1":4.75207760930061,"simB2":0.761112046893686,"simB3":1.8724691378884}