{"ppntid":0,"trialid":8,"Aweight":1,"Bweight":3.3404669899027795,"calc1":37.29227523152957,"calc2":6.116212132744488,"calc3":3.635907291959649,"ordA12":">","ordA13":">","ordA23":"=","ordB12":"=","ordB13":">","ordB23":"=","mychoice":1,"myA1":13.868827658006921,"myA2":1.2756763806100935,"myA3":2.5128176528960466,"myB1":4.47621411876753,"myB2":1.9942187145352364,"myB3":0.07390664890408516,"simA1":8.91313169384375,"simA2":2.29380517965183,"simA3":1.85019911266863,"simB1":4.43676650989801,"simB2":2.41301263449714,"simB3":0.557394896168262}