{"ppntid":0,"trialid":8,"Aweight":1,"Bweight":1.9485153548885137,"calc1":14.137965048745908,"calc2":8.138840466147569,"calc3":0.18979811745745634,"ordA12":">","ordA13":">","ordA23":"=","ordB12":"=","ordB13":">","ordB23":">","mychoice":1,"myA1":8.19167773006484,"myA2":4.4981081597507,"myA3":2.394757802831009,"myB1":4.66382124228403,"myB2":5.3079707629512995,"myB3":1.3386956846807152,"simA1":8.91313169384375,"simA2":2.29380517965183,"simA3":1.85019911266863,"simB1":4.43676650989801,"simB2":2.41301263449714,"simB3":0.557394896168262}