{"ppntid":0,"trialid":6,"Aweight":1,"Bweight":3.3404669899027795,"calc1":12.872823037774145,"calc2":15.14983828948483,"calc3":24.16958072176691,"ordA12":">","ordA13":">","ordA23":"=","ordB12":"=","ordB13":"<","ordB23":"=","mychoice":2,"myA1":6.663749531144276,"myA2":1.8545782403089106,"myA3":1.740734389750287,"myB1":4.172672257991508,"myB2":6.450213775970042,"myB3":5.029227646300569,"simA1":8.37697070091963,"simA2":2.72995244478807,"simA3":1.56540370546281,"simB1":2.63156997738406,"simB2":3.75615949742496,"simB3":6.70366015750915}