{"ppntid":0,"trialid":8,"Aweight":1,"Bweight":3.3686863735783845,"calc1":26.7313448615263,"calc2":8.21314610410063,"calc3":4.777118817705739,"ordA12":">","ordA13":">","ordA23":"=","ordB12":"=","ordB13":">","ordB23":"=","mychoice":1,"myA1":7.31347736204043,"myA2":0.6299380282871425,"myA3":1.1221799638587981,"myB1":7.051793681457639,"myB2":6.460174347739667,"myB3":2.806427188916132,"simA1":8.91313169384375,"simA2":2.29380517965183,"simA3":1.85019911266863,"simB1":4.43676650989801,"simB2":2.41301263449714,"simB3":0.557394896168262}