{"ppntid":0,"trialid":29,"Aweight":1,"Bweight":3.3404669899027795,"calc1":13.992325888100323,"calc2":21.941136043975725,"calc3":9.607516571783355,"ordA12":"<","ordA13":">","ordA23":">","ordB12":"=","ordB13":"=","ordB23":"=","mychoice":2,"myA1":5.33769984729588,"myA2":11.243962640874088,"myA3":1.5904982818756253,"myB1":2.208848528098315,"myB2":3.7282069120556116,"myB3":2.647897753631696,"simA1":3.14332489855587,"simA2":8.58726553386077,"simA3":0.351831594016403,"simB1":4.77481295354664,"simB2":3.7194332992658,"simB3":2.86561590852216}