{"ppntid":0,"trialid":6,"Aweight":1,"Bweight":1.9485153548885137,"calc1":20.09715841077535,"calc2":9.629003926153914,"calc3":11.744504802514331,"ordA12":">","ordA13":">","ordA23":"=","ordB12":"=","ordB13":"<","ordB23":"=","mychoice":3,"myA1":12.18976570526138,"myA2":4.451762029202655,"myA3":6.7453198484145105,"myB1":0.21228787838481367,"myB2":2.6965371624100953,"myB3":3.518823698395863,"simA1":8.37697070091963,"simA2":2.72995244478807,"simA3":1.56540370546281,"simB1":2.63156997738406,"simB2":3.75615949742496,"simB3":6.70366015750915}