{"ppntid":0,"trialid":16,"Aweight":1,"Bweight":3.3404669899027795,"calc1":19.278752992079045,"calc2":28.132269629979486,"calc3":14.038922185828328,"ordA12":"=","ordA13":"<","ordA23":"<","ordB12":"<","ordB13":"=","ordB23":"<","mychoice":3,"myA1":6.335944934980944,"myA2":7.204929362051189,"myA3":11.234298369381577,"myB1":4.243661138461903,"myB2":4.044935504207388,"myB3":7.131292097037658,"simA1":3.04651591461152,"simA2":1.87292299000546,"simA3":8.16750949015841,"simB1":2.7922795410268,"simB2":6.04821721091866,"simB3":3.38662295835093}