{"ppntid":0,"trialid":14,"Aweight":1,"Bweight":0.8864661282859743,"calc1":6.306266855603137,"calc2":9.691511399796818,"calc3":6.627802077534495,"ordA12":"<","ordA13":"=","ordA23":">","ordB12":">","ordB13":">","ordB23":">","mychoice":2,"myA1":1.3775762391742319,"myA2":7.490895063383505,"myA3":2.1992692386265844,"myB1":8.535373129416257,"myB2":3.357047438621521,"myB3":0.11560143087990582,"simA1":1.94943448994309,"simA2":7.94562598224729,"simA3":1.60481928149238,"simB1":6.37492659967393,"simB2":6.6169921355322,"simB3":3.29448562115431}