{"ppntid":0,"trialid":10,"Aweight":1,"Bweight":2.8642449562903494,"calc1":26.09961125556106,"calc2":16.554242436818686,"calc3":43.16160451253181,"ordA12":"=","ordA13":"<","ordA23":"<","ordB12":"=","ordB13":"<","ordB23":"<","mychoice":3,"myA1":9.58986220532097,"myA2":7.50074403360486,"myA3":13.703638894949108,"myB1":3.5654474375769496,"myB2":0.7252529764082283,"myB3":9.218413241906092,"simA1":4.34119588462636,"simA2":2.31800572248176,"simA3":8.05309789255261,"simB1":2.52373051131144,"simB2":6.41027750447392,"simB3":9.69243492698297}