{"ppntid":0,"trialid":20,"Aweight":1,"Bweight":3.3404669899027795,"calc1":4.262342065250616,"calc2":33.73265702205301,"calc3":19.949302659195745,"ordA12":"=","ordA13":">","ordA23":">","ordB12":"<","ordB13":"<","ordB23":"=","mychoice":2,"myA1":6.46672919858247,"myA2":7.752958224155009,"myA3":1.2345993099734187,"myB1":1.3687551661860198,"myB2":7.812120330054313,"myB3":6.530442195944488,"simA1":6.35498477844521,"simA2":4.84276535455137,"simA3":1.61378592019901,"simB1":0.103883419651538,"simB2":7.14141314383596,"simB3":5.34827178344131}