{"ppntid":0,"trialid":2,"Aweight":1,"Bweight":3.989411008078605,"calc1":24.177501159277675,"calc2":26.69500499402355,"calc3":25.552628467949727,"ordA12":"<","ordA13":"<","ordA23":"=","ordB12":"=","ordB13":"=","ordB23":"=","mychoice":2,"myA1":1.2724305898882449,"myA2":9.181029531173408,"myA3":7.124885085504502,"myB1":3.7998291256371886,"myB2":4.962777049513534,"myB3":2.0112952881027013,"simA1":2.3651837464422,"simA2":6.00488829193637,"simA3":8.13246078789234,"simB1":4.48913048487157,"simB2":5.11691393330693,"simB3":5.71495153009892}