{"ppntid":0,"trialid":23,"Aweight":1,"Bweight":3.3404669899027795,"calc1":1.6267017049594188,"calc2":29.723147235256327,"calc3":21.595380784820406,"ordA12":"<","ordA13":"<","ordA23":"=","ordB12":"<","ordB13":"<","ordB23":"=","mychoice":2,"myA1":1.4836846967227757,"myA2":5.616076273145154,"myA3":7.924612186616287,"myB1":0.010621467372402549,"myB2":5.809692215407267,"myB3":3.3712303976062685,"simA1":2.57789223222062,"simA2":8.64902123808861,"simA3":5.74169455328956,"simB1":0.0158312311396003,"simB2":7.22433473914862,"simB3":5.00715818023309}