{"ppntid":0,"trialid":20,"Aweight":1,"Bweight":1.9485153548885137,"calc1":9.51350954165706,"calc2":10.504349422181432,"calc3":11.603271133051027,"ordA12":"=","ordA13":">","ordA23":">","ordB12":">","ordB13":"<","ordB23":"=","mychoice":2,"myA1":9.396926566259935,"myA2":11.072734147310257,"myA3":5.284403142286465,"myB1":1.9737465865910053,"myB2":2.9215286357793957,"myB3":5.165734172333032,"simA1":6.35498477844521,"simA2":4.84276535455137,"simA3":1.61378592019901,"simB1":0.103883419651538,"simB2":7.14141314383596,"simB3":5.34827178344131}