{"ppntid":0,"trialid":1,"Aweight":1,"Bweight":2.641218287171796,"calc1":24.251433396416253,"calc2":14.09008975558047,"calc3":30.907218337236728,"ordA12":"<","ordA13":"<","ordA23":"=","ordB12":">","ordB13":"=","ordB23":"<","mychoice":3,"myA1":5.881582024740055,"myA2":12.402970242546871,"myA3":10.808067368343472,"myB1":7.014446033863351,"myB2":1.2028091470710933,"myB3":8.088510080706328,"simA1":1.95723988814279,"simA2":8.72834477107972,"simA3":6.29885389935225,"simB1":6.00115596316755,"simB2":2.16901220846921,"simB3":5.718498819042}