{"ppntid":0,"trialid":26,"Aweight":1,"Bweight":3.3404669899027795,"calc1":7.1906196901801955,"calc2":9.994268209758879,"calc3":36.93509936905897,"ordA12":"<","ordA13":"<","ordA23":"=","ordB12":"=","ordB13":"=","ordB23":"<","mychoice":3,"myA1":4.008853069972247,"myA2":12.840357745299116,"myA3":12.129292851313949,"myB1":2.1489311812911183,"myB2":0.9216095984447747,"myB3":5.298157569486648,"simA1":0.420730954501778,"simA2":6.03010574355721,"simA3":4.27703767083585,"simB1":3.55239363852888,"simB2":0.756021263077855,"simB3":9.52888637548313}