{"ppntid":0,"trialid":21,"Aweight":1,"Bweight":1.392169805476442,"calc1":11.649741809012598,"calc2":5.291874623466452,"calc3":11.35330287530487,"ordA12":"<","ordA13":"<","ordA23":"=","ordB12":">","ordB13":"=","ordB23":"=","mychoice":3,"myA1":2.9403671028558165,"myA2":10.547584109008312,"myA3":10.021320000523701,"myB1":3.419643173692748,"myB2":0.3632123116403818,"myB3":2.8950018191244453,"simA1":3.40520124649629,"simA2":8.95440582418814,"simA3":8.64797518588603,"simB1":4.75207760930061,"simB2":0.761112046893686,"simB3":1.8724691378884}