{"ppntid":0,"trialid":12,"Aweight":1,"Bweight":1.9485153548885137,"calc1":24.918550732309253,"calc2":26.15852886370476,"calc3":9.956067747286447,"ordA12":"=","ordA13":"=","ordA23":">","ordB12":"=","ordB13":">","ordB23":">","mychoice":2,"myA1":2.9179116245359182,"myA2":5.27436780044809,"myA3":0.19423534744419158,"myB1":9.61101352586411,"myB2":11.435735786799341,"myB3":6.311799668474123,"simA1":3.20852837292477,"simA2":5.95825222786516,"simA3":2.49748300760984,"simB1":9.51917973579839,"simB2":9.62475342443213,"simB3":2.62047795113176}