{"ppntid":0,"trialid":29,"Aweight":1,"Bweight":3.3404669899027795,"calc1":21.767676589707747,"calc2":20.104141673058663,"calc3":7.284952085990068,"ordA12":"<","ordA13":"=","ordA23":">","ordB12":"=","ordB13":"=","ordB23":"=","mychoice":2,"myA1":2.0946277119219303,"myA2":8.554919580928981,"myA3":2.6043810637202114,"myB1":2.5056127016432583,"myB2":5.261683874996379,"myB3":4.511456057662144,"simA1":3.14332489855587,"simA2":8.58726553386077,"simA3":0.351831594016403,"simB1":4.77481295354664,"simB2":3.7194332992658,"simB3":2.86561590852216}