{"ppntid":0,"trialid":12,"Aweight":1,"Bweight":3.3404669899027795,"calc1":40.532325262566,"calc2":36.27621298812654,"calc3":6.48428895061076,"ordA12":"=","ordA13":"=","ordA23":">","ordB12":"<","ordB13":">","ordB23":">","mychoice":2,"myA1":6.204384604934603,"myA2":12.425615305546671,"myA3":9.140958330826834,"myB1":8.014022003626451,"myB2":12.045007810229436,"myB3":1.8709510134067386,"simA1":3.20852837292477,"simA2":5.95825222786516,"simA3":2.49748300760984,"simB1":9.51917973579839,"simB2":9.62475342443213,"simB3":2.62047795113176}