{"ppntid":0,"trialid":23,"Aweight":1,"Bweight":1.9485153548885137,"calc1":3.5770375562916996,"calc2":24.692593501099605,"calc3":23.88812220876133,"ordA12":"<","ordA13":"<","ordA23":"=","ordB12":"<","ordB13":"<","ordB23":"=","mychoice":3,"myA1":3.157862399239093,"myA2":10.894417417002842,"myA3":13.096439352957532,"myB1":1.6895217925775796,"myB2":13.067392978118733,"myB3":14.276437744265422,"simA1":2.57789223222062,"simA2":8.64902123808861,"simA3":5.74169455328956,"simB1":0.0158312311396003,"simB2":7.22433473914862,"simB3":5.00715818023309}