{"ppntid":0,"trialid":20,"Aweight":1,"Bweight":3.3404669899027795,"calc1":8.301167468381575,"calc2":28.392404267691372,"calc3":23.09870022894973,"ordA12":"=","ordA13":">","ordA23":">","ordB12":"<","ordB13":"<","ordB23":"=","mychoice":2,"myA1":6.449098298326135,"myA2":6.6486509155947715,"myA3":0.9450347267556936,"myB1":0.700952511979267,"myB2":9.133050057571381,"myB3":6.152658490464091,"simA1":6.35498477844521,"simA2":4.84276535455137,"simA3":1.61378592019901,"simB1":0.103883419651538,"simB2":7.14141314383596,"simB3":5.34827178344131}