{"ppntid":0,"trialid":2,"Aweight":1,"Bweight":1.7236512014642358,"calc1":5.884898218794954,"calc2":19.695963721118535,"calc3":18.615279670048437,"ordA12":"<","ordA13":"<","ordA23":"=","ordB12":"=","ordB13":"=","ordB23":"=","mychoice":2,"myA1":2.666133977472782,"myA2":8.842759653925896,"myA3":6.78122493554838,"myB1":8.367771387565881,"myB2":7.496344114188105,"myB3":7.225135158514604,"simA1":2.3651837464422,"simA2":6.00488829193637,"simA3":8.13246078789234,"simB1":4.48913048487157,"simB2":5.11691393330693,"simB3":5.71495153009892}