{"ppntid":0,"trialid":14,"Aweight":1,"Bweight":3.3404669899027795,"calc1":26.137857424639012,"calc2":31.570055628500874,"calc3":15.465474255360787,"ordA12":"<","ordA13":">","ordA23":">","ordB12":"=","ordB13":">","ordB23":">","mychoice":2,"myA1":5.412339916219935,"myA2":7.301476076245308,"myA3":1.9006435002665967,"myB1":8.456644099205732,"myB2":8.619393651606515,"myB3":3.8628119335044175,"simA1":1.94943448994309,"simA2":7.94562598224729,"simA3":1.60481928149238,"simB1":6.37492659967393,"simB2":6.6169921355322,"simB3":3.29448562115431}