{"ppntid":0,"trialid":15,"Aweight":1,"Bweight":1.9485153548885137,"calc1":22.903670952836503,"calc2":12.315586596392862,"calc3":2.698115899048661,"ordA12":"=","ordA13":">","ordA23":">","ordB12":"<","ordB13":">","ordB23":"=","mychoice":2,"myA1":11.848251291085035,"myA2":5.079260955099016,"myA3":1.4710556203499436,"myB1":4.416415005689487,"myB2":8.892784724012017,"myB3":1.5058091073296964,"simA1":3.68415320757776,"simA2":4.64447123464197,"simA3":0.0986176868900657,"simB1":7.97461394220591,"simB2":4.65023029595613,"simB3":3.52380316471681}