{"ppntid":0,"trialid":27,"Aweight":1,"Bweight":1.9485153548885137,"calc1":13.00755474984428,"calc2":16.187443971063384,"calc3":19.207703364880608,"ordA12":"<","ordA13":"<","ordA23":"<","ordB12":">","ordB13":"=","ordB23":"<","mychoice":3,"myA1":2.503753008786589,"myA2":12.427960048662499,"myA3":8.263369981432334,"myB1":14.216517432359979,"myB2":3.7965852138586342,"myB3":11.782848131842911,"simA1":1.13813327625394,"simA2":8.34869364043698,"simA3":5.95196410315111,"simB1":6.53089314699173,"simB2":2.766918677371,"simB3":7.83264182507992}