{"ppntid":0,"trialid":24,"Aweight":1,"Bweight":3.3404669899027795,"calc1":1.579912828759257,"calc2":28.651966851066643,"calc3":21.964107753990284,"ordA12":"<","ordA13":"=","ordA23":">","ordB12":"<","ordB13":"<","ordB23":"=","mychoice":2,"myA1":4.479680594522506,"myA2":7.646820098161697,"myA3":3.5885985021013767,"myB1":0.7649952254723758,"myB2":7.33083312632516,"myB3":6.7433478171005845,"simA1":0.989329111762345,"simA2":9.16007667547092,"simA3":1.7497731372714,"simB1":1.85851399088278,"simB2":5.78722845995799,"simB3":5.71751862764359}