{"ppntid":0,"trialid":8,"Aweight":1,"Bweight":3.3404669899027795,"calc1":31.992742793867336,"calc2":10.956144745211189,"calc3":0.19064568128145032,"ordA12":"<","ordA13":">","ordA23":"=","ordB12":"=","ordB13":">","ordB23":"=","mychoice":1,"myA1":10.09647663217038,"myA2":0.5222391744609922,"myA3":3.5078073875047266,"myB1":7.0402794575784355,"myB2":4.2180751694832,"myB3":1.4664350787643343,"simA1":8.91313169384375,"simA2":2.29380517965183,"simA3":1.85019911266863,"simB1":4.43676650989801,"simB2":2.41301263449714,"simB3":0.557394896168262}