{"ppntid":0,"trialid":11,"Aweight":1,"Bweight":0.8864661282859743,"calc1":7.22771442726812,"calc2":2.6201023522264335,"calc3":10.128640340162043,"ordA12":"<","ordA13":"<","ordA23":"=","ordB12":">","ordB13":"=","ordB23":"<","mychoice":3,"myA1":0.0436587177682668,"myA2":6.500344936503097,"myA3":5.648332459386438,"myB1":8.853700290201232,"myB2":4.27215582691133,"myB3":7.4039014836307615,"simA1":0.400069444440305,"simA2":6.08044839696959,"simA3":6.42102890415117,"simB1":9.5571158779785,"simB2":0.160704387817532,"simB3":7.56760822609067}