{"ppntid":0,"trialid":23,"Aweight":1,"Bweight":3.3404669899027795,"calc1":-2.814715704458816,"calc2":21.817707051399044,"calc3":24.435204486238977,"ordA12":"<","ordA13":"<","ordA23":"=","ordB12":"<","ordB13":"<","ordB23":"=","mychoice":2,"myA1":0.1984820212237537,"myA2":5.581481570843607,"myA3":5.058257163036615,"myB1":1.0863824340049177,"myB2":7.017141814576462,"myB3":5.956086945952848,"simA1":2.57789223222062,"simA2":8.64902123808861,"simA3":5.74169455328956,"simB1":0.0158312311396003,"simB2":7.22433473914862,"simB3":5.00715818023309}