{"ppntid":0,"trialid":6,"Aweight":1,"Bweight":0.8864661282859743,"calc1":20.01863353078516,"calc2":8.702321534651634,"calc3":11.773601439554106,"ordA12":">","ordA13":">","ordA23":"=","ordB12":"=","ordB13":"<","ordB23":"=","mychoice":1,"myA1":10.056124858092517,"myA2":1.5795389364939183,"myA3":0.6101430882699788,"myB1":3.0546063277870417,"myB2":1.6367293044459075,"myB3":2.8901685657911003,"simA1":8.37697070091963,"simA2":2.72995244478807,"simA3":1.56540370546281,"simB1":2.63156997738406,"simB2":3.75615949742496,"simB3":6.70366015750915}