{"ppntid":0,"trialid":20,"Aweight":1,"Bweight":3.3404669899027795,"calc1":9.439800626464828,"calc2":27.99396178528602,"calc3":22.922562829952746,"ordA12":"=","ordA13":">","ordA23":">","ordB12":"<","ordB13":"<","ordB23":"=","mychoice":2,"myA1":9.218128068605438,"myA2":7.598879802972078,"myA3":1.5150948101654649,"myB1":2.2971217066515237,"myB2":8.553503646980971,"myB3":6.262122394982725,"simA1":6.35498477844521,"simA2":4.84276535455137,"simA3":1.61378592019901,"simB1":0.103883419651538,"simB2":7.14141314383596,"simB3":5.34827178344131}