{"ppntid":0,"trialid":24,"Aweight":1,"Bweight":1.392169805476442,"calc1":3.006884494891096,"calc2":13.982458136953353,"calc3":5.469976852925341,"ordA12":"<","ordA13":"=","ordA23":">","ordB12":"<","ordB13":"<","ordB23":"=","mychoice":2,"myA1":2.812414050567895,"myA2":6.489638745551929,"myA3":1.752434220397845,"myB1":0.7078304677270353,"myB2":6.5170243894681334,"myB3":4.496424458920956,"simA1":0.989329111762345,"simA2":9.16007667547092,"simA3":1.7497731372714,"simB1":1.85851399088278,"simB2":5.78722845995799,"simB3":5.71751862764359}