{"ppntid":0,"trialid":4,"Aweight":1,"Bweight":3.3404669899027795,"calc1":34.721237009126014,"calc2":37.03534473443847,"calc3":33.12498307454574,"ordA12":"=","ordA13":">","ordA23":"=","ordB12":"=","ordB13":"=","ordB23":"=","mychoice":2,"myA1":4.8592773755081,"myA2":3.732638602377847,"myA3":1.2635453988332301,"myB1":7.764697907259688,"myB2":9.720872060861439,"myB3":8.728987590875477,"simA1":1.58158730249852,"simA2":3.06550125358626,"simA3":4.93618091568351,"simB1":8.18738446105272,"simB2":9.55175729002804,"simB3":9.60501343011856}