{"ppntid":0,"trialid":14,"Aweight":1,"Bweight":1.9485153548885137,"calc1":13.284130642659244,"calc2":25.335733430940657,"calc3":9.104139939042106,"ordA12":"<","ordA13":"=","ordA23":">","ordB12":"=","ordB13":">","ordB23":">","mychoice":2,"myA1":5.432747426675633,"myA2":9.762190711917356,"myA3":2.2122049250174314,"myB1":8.76734409830533,"myB2":10.302404930116609,"myB3":4.7692013857886195,"simA1":1.94943448994309,"simA2":7.94562598224729,"simA3":1.60481928149238,"simB1":6.37492659967393,"simB2":6.6169921355322,"simB3":3.29448562115431}