{"ppntid":0,"trialid":18,"Aweight":1,"Bweight":3.3404669899027795,"calc1":19.869371345014386,"calc2":25.042119171708705,"calc3":46.976230253063456,"ordA12":"=","ordA13":"<","ordA23":"<","ordB12":"=","ordB13":"<","ordB23":"<","mychoice":3,"myA1":1.564388374099508,"myA2":3.2868283276911825,"myA3":10.409579960396513,"myB1":5.016837705625221,"myB2":7.539807467255741,"myB3":11.705480937380344,"simA1":3.21668911725283,"simA2":4.34108043089509,"simA3":9.63302112417296,"simB1":4.08555867150426,"simB2":6.08102107653394,"simB3":9.77082550525665}