{"ppntid":0,"trialid":8,"Aweight":1,"Bweight":0.8864661282859743,"calc1":17.151557235624242,"calc2":1.9682406333752565,"calc3":-1.2934187560460342,"ordA12":"=","ordA13":">","ordA23":"=","ordB12":">","ordB13":">","ordB23":"=","mychoice":1,"myA1":2.71385554689914,"myA2":0.400570904603228,"myA3":4.932579877786338,"myB1":13.986491309478879,"myB2":10.853318801382557,"myB3":1.0042924282606691,"simA1":8.91313169384375,"simA2":2.29380517965183,"simA3":1.85019911266863,"simB1":4.43676650989801,"simB2":2.41301263449714,"simB3":0.557394896168262}