{"ppntid":0,"trialid":6,"Aweight":1,"Bweight":2.7535176905803382,"calc1":17.524167864378427,"calc2":6.943016659436034,"calc3":19.11120200537769,"ordA12":">","ordA13":"=","ordA23":"=","ordB12":"=","ordB13":"<","ordB23":"=","mychoice":3,"myA1":0.7506460777949542,"myA2":0.1250767323654145,"myA3":0.6162231287453324,"myB1":6.729323244653642,"myB2":5.777196945855394,"myB3":14.649914003675804,"simA1":8.37697070091963,"simA2":2.72995244478807,"simA3":1.56540370546281,"simB1":2.63156997738406,"simB2":3.75615949742496,"simB3":6.70366015750915}