{"ppntid":0,"trialid":12,"Aweight":1,"Bweight":1.392169805476442,"calc1":13.734529967951847,"calc2":18.055408937789657,"calc3":8.15752174422801,"ordA12":"=","ordA13":"=","ordA23":">","ordB12":"=","ordB13":">","ordB23":">","mychoice":2,"myA1":10.874345371266827,"myA2":12.655577037949115,"myA3":8.292279815068468,"myB1":8.778733005747199,"myB2":11.551900540944189,"myB3":4.293802643660456,"simA1":3.20852837292477,"simA2":5.95825222786516,"simA3":2.49748300760984,"simB1":9.51917973579839,"simB2":9.62475342443213,"simB3":2.62047795113176}