{"ppntid":0,"trialid":7,"Aweight":1,"Bweight":3.9231459563598037,"calc1":38.43699121173039,"calc2":38.135241480365664,"calc3":44.051675531893736,"ordA12":"=","ordA13":">","ordA23":">","ordB12":"=","ordB13":"<","ordB23":"=","mychoice":3,"myA1":9.773380702827126,"myA2":8.696735424455255,"myA3":1.8908482021652162,"myB1":5.781432929215953,"myB2":6.845594302285463,"myB3":9.748682841891423,"simA1":9.74268093239516,"simA2":7.87472704425454,"simA3":1.78666759980842,"simB1":6.90122544532642,"simB2":7.15154525591061,"simB3":9.34879306936637}