{"ppntid":0,"trialid":9,"Aweight":1,"Bweight":3.0022561212535948,"calc1":6.551573717101809,"calc2":37.58730359082322,"calc3":6.623061329232724,"ordA12":"=","ordA13":"<","ordA23":"=","ordB12":"<","ordB13":"=","ordB23":">","mychoice":2,"myA1":1.6463397641200572,"myA2":0.8935866749379784,"myA3":9.136640903307125,"myB1":2.2541192499920726,"myB2":13.11922102002427,"myB3":1.0828858707100153,"simA1":1.3156188535504,"simA2":0.961971294600517,"simA3":7.0756730157882,"simB1":0.283582140691578,"simB2":9.57877810113132,"simB3":0.423672434408218}