{"ppntid":0,"trialid":13,"Aweight":1,"Bweight":0.8864661282859743,"calc1":9.86669494124404,"calc2":8.394654115363743,"calc3":13.397814579313312,"ordA12":"<","ordA13":"<","ordA23":"=","ordB12":"<","ordB13":"=","ordB23":"<","mychoice":3,"myA1":0.5325774278026074,"myA2":5.442972314776853,"myA3":5.8205970854032785,"myB1":11.700933933025226,"myB2":5.282557981554419,"myB3":12.962598219746724,"simA1":1.86005981639028,"simA2":8.42553070746362,"simA3":8.11919365543872,"simB1":9.17810374870896,"simB2":1.51240932522342,"simB3":9.96909169945866}