{"ppntid":0,"trialid":26,"Aweight":1,"Bweight":1.392169805476442,"calc1":2.877517682922177,"calc2":3.827780677133221,"calc3":12.576793575179408,"ordA12":"<","ordA13":"<","ordA23":"=","ordB12":"=","ordB13":"<","ordB23":"<","mychoice":3,"myA1":0.8329285390209407,"myA2":6.4077412616461515,"myA3":3.8498060416895896,"myB1":2.1996708505321294,"myB2":1.0086898680310696,"myB3":11.268584610661492,"simA1":0.420730954501778,"simA2":6.03010574355721,"simA3":4.27703767083585,"simB1":3.55239363852888,"simB2":0.756021263077855,"simB3":9.52888637548313}