{"ppntid":0,"trialid":12,"Aweight":1,"Bweight":1.392169805476442,"calc1":13.734529967951847,"calc2":18.055408937789657,"calc3":8.15752174422801,"ordA12":"=","ordA13":"=","ordA23":">","ordB12":"=","ordB13":">","ordB23":">","mychoice":2,"myA1":4.156144014559686,"myA2":2.1527895459439605,"myA3":6.527254285756499,"myB1":7.094400672940537,"myB2":11.464530334342271,"myB3":0.37697961553931236,"simA1":3.20852837292477,"simA2":5.95825222786516,"simA3":2.49748300760984,"simB1":9.51917973579839,"simB2":9.62475342443213,"simB3":2.62047795113176}