{"ppntid":0,"trialid":4,"Aweight":1,"Bweight":3.3404669899027795,"calc1":34.721237009126014,"calc2":37.03534473443847,"calc3":30.989976347920937,"ordA12":"=","ordA13":">","ordA23":"=","ordB12":"=","ordB13":"=","ordB23":"=","mychoice":1,"myA1":4.9390914500691,"myA2":2.1315666823647916,"myA3":2.0283506205305457,"myB1":9.64813825674355,"myB2":9.525881077861413,"myB3":9.038790673948824,"simA1":1.58158730249852,"simA2":3.06550125358626,"simA3":4.93618091568351,"simB1":8.18738446105272,"simB2":9.55175729002804,"simB3":9.60501343011856}