{"ppntid":0,"trialid":21,"Aweight":1,"Bweight":1.9485153548885137,"calc1":5.587214294007756,"calc2":5.725323168638501,"calc3":14.347695893055397,"ordA12":"<","ordA13":"=","ordA23":"=","ordB12":">","ordB13":"=","ordB23":"=","mychoice":3,"myA1":1.7435374029446393,"myA2":7.3541861632838845,"myA3":4.477629158645868,"myB1":1.512616358231753,"myB2":0.5025212571490556,"myB3":3.176925644511357,"simA1":3.40520124649629,"simA2":8.95440582418814,"simA3":8.64797518588603,"simB1":4.75207760930061,"simB2":0.761112046893686,"simB3":1.8724691378884}