{"ppntid":0,"trialid":3,"Aweight":1,"Bweight":2.4202889937441796,"calc1":9.562798720519126,"calc2":17.61429114953275,"calc3":12.58796135064507,"ordA12":"<","ordA13":"<","ordA23":"<","ordB12":"<","ordB13":"=","ordB23":">","mychoice":2,"myA1":3.0171029863413423,"myA2":9.191675396868959,"myA3":13.396389065310359,"myB1":2.500040929298848,"myB2":7.514314296422526,"myB3":0.4910230846144259,"simA1":3.1719257379882,"simA2":0.18154481658712,"simA3":6.33394056931138,"simB1":3.16195522435009,"simB2":6.95029358845204,"simB3":1.01433182833716}