{"ppntid":0,"trialid":7,"Aweight":1,"Bweight":3.3404669899027795,"calc1":28.916681411866197,"calc2":28.826222150705476,"calc3":25.479519312378915,"ordA12":"=","ordA13":">","ordA23":">","ordB12":"=","ordB13":"=","ordB23":"=","mychoice":1,"myA1":6.8673566076904535,"myA2":8.23883471894078,"myA3":0.12914280756376684,"myB1":6.626077304827049,"myB2":5.333643701160327,"myB3":6.004009338794276,"simA1":9.74268093239516,"simA2":7.87472704425454,"simA3":1.78666759980842,"simB1":6.90122544532642,"simB2":7.15154525591061,"simB3":9.34879306936637}