{"ppntid":0,"trialid":2,"Aweight":1,"Bweight":3.2744991849176586,"calc1":25.509017702514498,"calc2":34.22176623467587,"calc3":33.28620320071094,"ordA12":"<","ordA13":"<","ordA23":"=","ordB12":"=","ordB13":"=","ordB23":"=","mychoice":2,"myA1":0.6981017882935703,"myA2":5.040798276895657,"myA3":4.35540072969161,"myB1":3.9220705116167665,"myB2":6.7594389407895505,"myB3":1.9675260758958757,"simA1":2.3651837464422,"simA2":6.00488829193637,"simA3":8.13246078789234,"simB1":4.48913048487157,"simB2":5.11691393330693,"simB3":5.71495153009892}