{"ppntid":0,"trialid":25,"Aweight":1,"Bweight":1.392169805476442,"calc1":19.630204062466984,"calc2":14.136388609713919,"calc3":2.1601333520924095,"ordA12":">","ordA13":">","ordA23":"<","ordB12":"=","ordB13":">","ordB23":">","mychoice":1,"myA1":7.594393340405077,"myA2":0.10794601170346141,"myA3":9.738348734099418,"myB1":11.28742552944459,"myB2":11.793047154787928,"myB3":4.468662104336545,"simA1":9.9918304849416,"simA2":2.31992638204247,"simA3":1.71494130510837,"simB1":9.41250982927158,"simB2":6.62222635699436,"simB3":1.64602370932698}