{"ppntid":0,"trialid":24,"Aweight":1,"Bweight":1.392169805476442,"calc1":9.215782388258342,"calc2":19.928308216863908,"calc3":9.59349144759298,"ordA12":"<","ordA13":"=","ordA23":">","ordB12":"<","ordB13":"<","ordB23":"=","mychoice":2,"myA1":8.153047822415829,"myA2":11.764584813499823,"myA3":5.719690216938034,"myB1":0.8634182706009597,"myB2":6.076923133805394,"myB3":5.385269375983626,"simA1":0.989329111762345,"simA2":9.16007667547092,"simA3":1.7497731372714,"simB1":1.85851399088278,"simB2":5.78722845995799,"simB3":5.71751862764359}