{"ppntid":0,"trialid":11,"Aweight":1,"Bweight":0.8864661282859743,"calc1":7.22771442726812,"calc2":2.907238010985225,"calc3":10.128640340162043,"ordA12":"<","ordA13":"<","ordA23":"=","ordB12":">","ordB13":"=","ordB23":"<","mychoice":3,"myA1":0.1602464192546904,"myA2":5.155317212920636,"myA3":4.2015423299744725,"myB1":9.274251357419416,"myB2":1.272133074235171,"myB3":9.339058276964352,"simA1":0.400069444440305,"simA2":6.08044839696959,"simA3":6.42102890415117,"simB1":9.5571158779785,"simB2":0.160704387817532,"simB3":7.56760822609067}