{"ppntid":0,"trialid":8,"Aweight":1,"Bweight":3.3404669899027795,"calc1":30.658062313995316,"calc2":10.956144745211189,"calc3":0.19064568128145032,"ordA12":"<","ordA13":">","ordA23":"=","ordB12":"=","ordB13":">","ordB23":"=","mychoice":2,"myA1":0.6765628641005605,"myA2":10.910922990879044,"myA3":9.067566114244983,"myB1":9.5302818948403,"myB2":7.483672118978575,"myB3":4.7715551883447915,"simA1":8.91313169384375,"simA2":2.29380517965183,"simA3":1.85019911266863,"simB1":4.43676650989801,"simB2":2.41301263449714,"simB3":0.557394896168262}