{"ppntid":0,"trialid":18,"Aweight":1,"Bweight":1.392169805476442,"calc1":7.799759678540999,"calc2":15.116061779840205,"calc3":25.332981361310214,"ordA12":"=","ordA13":"<","ordA23":"<","ordB12":"=","ordB13":"<","ordB23":"<","mychoice":3,"myA1":2.768199050333351,"myA2":1.785038374364376,"myA3":8.44646738958545,"myB1":7.452190829208121,"myB2":8.804826446576044,"myB3":12.651853080606088,"simA1":3.21668911725283,"simA2":4.34108043089509,"simA3":9.63302112417296,"simB1":4.08555867150426,"simB2":6.08102107653394,"simB3":9.77082550525665}