{"ppntid":0,"trialid":13,"Aweight":1,"Bweight":1.392169805476442,"calc1":14.21242007373004,"calc2":6.330429728772165,"calc3":20.43017308443249,"ordA12":"<","ordA13":"<","ordA23":"=","ordB12":">","ordB13":"=","ordB23":"<","mychoice":3,"myA1":1.6724391630850732,"myA2":10.783735007280484,"myA3":11.69613042846322,"myB1":6.138935111230239,"myB2":0.9508958947844803,"myB3":6.471273014321923,"simA1":1.86005981639028,"simA2":8.42553070746362,"simA3":8.11919365543872,"simB1":9.17810374870896,"simB2":1.51240932522342,"simB3":9.96909169945866}