{"ppntid":0,"trialid":28,"Aweight":1,"Bweight":0.8864661282859743,"calc1":14.867696389442239,"calc2":4.531527354780128,"calc3":2.499048892476037,"ordA12":">","ordA13":">","ordA23":">","ordB12":"=","ordB13":"=","ordB23":"<","mychoice":1,"myA1":11.136749766301364,"myA2":4.472594718681648,"myA3":0.5556665500625968,"myB1":9.535399685846642,"myB2":9.232428251998499,"myB3":12.907874237280339,"simA1":9.4170446950011,"simA2":5.04811249440536,"simA3":0.612245274242014,"simB1":3.73225670075044,"simB2":2.78762091649696,"simB3":4.20625507831573}