{"ppntid":0,"trialid":4,"Aweight":1,"Bweight":2.2756569471675903,"calc1":19.98849847242951,"calc2":28.333736748031352,"calc3":30.015792722117606,"ordA12":"=","ordA13":"<","ordA23":"=","ordB12":"<","ordB13":"=","ordB23":"=","mychoice":2,"myA1":4.437379249138758,"myA2":7.045947768492624,"myA3":7.627899463986978,"myB1":7.080647712573409,"myB2":10.854545447509736,"myB3":9.057636244688183,"simA1":1.58158730249852,"simA2":3.06550125358626,"simA3":4.93618091568351,"simB1":8.18738446105272,"simB2":9.55175729002804,"simB3":9.60501343011856}