{"ppntid":0,"trialid":3,"Aweight":1,"Bweight":3.3404669899027795,"calc1":12.696061266696134,"calc2":31.2900714363646,"calc3":5.20320924660185,"ordA12":"<","ordA13":"<","ordA23":"<","ordB12":"<","ordB13":"=","ordB23":">","mychoice":2,"myA1":0.129508834797889,"myA2":0.44161277124658227,"myA3":3.7550729233771563,"myB1":3.386855700518936,"myB2":9.113300662720576,"myB3":1.9045286171603948,"simA1":3.1719257379882,"simA2":0.18154481658712,"simA3":6.33394056931138,"simB1":3.16195522435009,"simB2":6.95029358845204,"simB3":1.01433182833716}