{"ppntid":0,"trialid":7,"Aweight":1,"Bweight":3.3404669899027795,"calc1":28.916681411866197,"calc2":28.826222150705476,"calc3":25.479519312378915,"ordA12":"=","ordA13":">","ordA23":">","ordB12":"=","ordB13":"=","ordB23":"=","mychoice":1,"myA1":11.811933136777952,"myA2":11.1049883114174,"myA3":4.972350932657719,"myB1":12.344096379820257,"myB2":9.682749467901886,"myB3":10.983818537788466,"simA1":9.74268093239516,"simA2":7.87472704425454,"simA3":1.78666759980842,"simB1":6.90122544532642,"simB2":7.15154525591061,"simB3":9.34879306936637}