{"ppntid":0,"trialid":26,"Aweight":1,"Bweight":1.392169805476442,"calc1":9.389424774306779,"calc2":5.721589700851556,"calc3":17.59782908212894,"ordA12":"<","ordA13":"<","ordA23":"=","ordB12":"=","ordB13":"<","ordB23":"<","mychoice":3,"myA1":1.072833101497963,"myA2":9.74922011140734,"myA3":8.304563403362408,"myB1":1.6034350998234004,"myB2":1.3691467337775975,"myB3":6.589071223279461,"simA1":0.420730954501778,"simA2":6.03010574355721,"simA3":4.27703767083585,"simB1":3.55239363852888,"simB2":0.756021263077855,"simB3":9.52888637548313}