{"ppntid":0,"trialid":29,"Aweight":1,"Bweight":3.3404669899027795,"calc1":16.761510333869833,"calc2":19.23819724911524,"calc3":10.568330822606299,"ordA12":"<","ordA13":"=","ordA23":">","ordB12":"=","ordB13":"=","ordB23":"=","mychoice":2,"myA1":2.7979019936174154,"myA2":8.8670542195905,"myA3":2.2785150830168277,"myB1":5.729298822116107,"myB2":5.624763766536489,"myB3":5.622351133497432,"simA1":3.14332489855587,"simA2":8.58726553386077,"simA3":0.351831594016403,"simB1":4.77481295354664,"simB2":3.7194332992658,"simB3":2.86561590852216}