{"ppntid":0,"trialid":25,"Aweight":1,"Bweight":1.9485153548885137,"calc1":26.269804782577143,"calc2":7.123759039981662,"calc3":1.2800854686902063,"ordA12":">","ordA13":">","ordA23":"=","ordB12":"=","ordB13":">","ordB23":">","mychoice":1,"myA1":6.9378189579583704,"myA2":3.0316978425253183,"myA3":2.0829286286607385,"myB1":7.410695952130482,"myB2":4.900141007965431,"myB3":0.6811674940399826,"simA1":9.9918304849416,"simA2":2.31992638204247,"simA3":1.71494130510837,"simB1":9.41250982927158,"simB2":6.62222635699436,"simB3":1.64602370932698}