{"ppntid":0,"trialid":3,"Aweight":1,"Bweight":1.392169805476442,"calc1":8.487248773798656,"calc2":11.759286550101299,"calc3":7.731098575328242,"ordA12":"=","ordA13":"<","ordA23":"<","ordB12":">","ordB13":"=","ordB23":">","mychoice":3,"myA1":0.745343011803925,"myA2":2.1744053077418357,"myA3":12.938890079967678,"myB1":8.083284770837054,"myB2":2.5433362601324916,"myB3":3.3485927945002913,"simA1":3.1719257379882,"simA2":0.18154481658712,"simA3":6.33394056931138,"simB1":3.16195522435009,"simB2":6.95029358845204,"simB3":1.01433182833716}