{"ppntid":0,"trialid":25,"Aweight":1,"Bweight":3.3404669899027795,"calc1":41.65299097476624,"calc2":20.5258241336172,"calc3":11.257584346102096,"ordA12":">","ordA13":">","ordA23":"=","ordB12":"=","ordB13":"<","ordB23":">","mychoice":1,"myA1":11.307175835827366,"myA2":3.946832661749795,"myA3":5.16071371617727,"myB1":8.269761123228818,"myB2":5.462375124916434,"myB3":0.5476780200842768,"simA1":9.9918304849416,"simA2":2.31992638204247,"simA3":1.71494130510837,"simB1":9.41250982927158,"simB2":6.62222635699436,"simB3":1.64602370932698}