{"ppntid":0,"trialid":2,"Aweight":1,"Bweight":2.2526769584510475,"calc1":9.91570129779063,"calc2":18.530901147742128,"calc3":23.1868827152062,"ordA12":"<","ordA13":"<","ordA23":"=","ordB12":"=","ordB13":"=","ordB23":"=","mychoice":3,"myA1":3.015415600966662,"myA2":6.271145611535758,"myA3":8.29704014933668,"myB1":4.148759075906128,"myB2":6.14595064194873,"myB3":6.455077322898433,"simA1":2.3651837464422,"simA2":6.00488829193637,"simA3":8.13246078789234,"simB1":4.48913048487157,"simB2":5.11691393330693,"simB3":5.71495153009892}