{"ppntid":0,"trialid":13,"Aweight":1,"Bweight":0.8864661282859743,"calc1":9.86669494124404,"calc2":8.394654115363743,"calc3":13.397814579313312,"ordA12":"<","ordA13":"<","ordA23":"=","ordB12":"=","ordB13":"=","ordB23":"<","mychoice":2,"myA1":5.998500490095466,"myA2":12.014327914221212,"myA3":12.118765676859766,"myB1":11.723338857991621,"myB2":14.317506457446143,"myB3":10.04707760643214,"simA1":1.86005981639028,"simA2":8.42553070746362,"simA3":8.11919365543872,"simB1":9.17810374870896,"simB2":1.51240932522342,"simB3":9.96909169945866}