{"ppntid":0,"trialid":24,"Aweight":1,"Bweight":3.3404669899027795,"calc1":5.740013229305169,"calc2":30.858903428461247,"calc3":16.57047042710684,"ordA12":"<","ordA13":"=","ordA23":">","ordB12":"<","ordB13":"<","ordB23":"=","mychoice":3,"myA1":2.0705179742071778,"myA2":5.975912130670622,"myA3":1.4246312796603888,"myB1":0.5060862901154906,"myB2":4.504950901027769,"myB3":6.659006589325145,"simA1":0.989329111762345,"simA2":9.16007667547092,"simA3":1.7497731372714,"simB1":1.85851399088278,"simB2":5.78722845995799,"simB3":5.71751862764359}