{"ppntid":0,"trialid":13,"Aweight":1,"Bweight":1.9485153548885137,"calc1":13.42514194372183,"calc2":19.633484153779555,"calc3":25.288986932336517,"ordA12":"<","ordA13":"<","ordA23":"=","ordB12":"<","ordB13":"=","ordB23":"<","mychoice":3,"myA1":0.8221607690211385,"myA2":11.604750113328919,"myA3":12.874565804377198,"myB1":4.012507223524153,"myB2":0.586735897231847,"myB3":5.205626653041691,"simA1":1.86005981639028,"simA2":8.42553070746362,"simA3":8.11919365543872,"simB1":9.17810374870896,"simB2":1.51240932522342,"simB3":9.96909169945866}