{"ppntid":0,"trialid":17,"Aweight":1,"Bweight":3.3404669899027795,"calc1":16.8073202572953,"calc2":17.32182705248086,"calc3":22.82454382024522,"ordA12":">","ordA13":"=","ordA23":"<","ordB12":"=","ordB13":"=","ordB23":"=","mychoice":3,"myA1":12.895594759611413,"myA2":1.639694863697514,"myA3":13.952377585228533,"myB1":2.3361325717996806,"myB2":2.353653012542054,"myB3":4.316969075007364,"simA1":4.6794927935116,"simA2":0.534360217861831,"simA3":9.70275462605059,"simB1":2.69487160025164,"simB2":5.3922648075968,"simB3":3.03585562389344}