{"ppntid":0,"trialid":16,"Aweight":1,"Bweight":1.9485153548885137,"calc1":11.470081486847242,"calc2":11.37909530417383,"calc3":12.477112161606279,"ordA12":"=","ordA13":"<","ordA23":"<","ordB12":"<","ordB13":"=","ordB23":"=","mychoice":3,"myA1":6.698666720185429,"myA2":6.409117172006518,"myA3":12.070999389979988,"myB1":1.8166750227101147,"myB2":6.644631443778053,"myB3":3.996836864389479,"simA1":3.04651591461152,"simA2":1.87292299000546,"simA3":8.16750949015841,"simB1":2.7922795410268,"simB2":6.04821721091866,"simB3":3.38662295835093}