{"ppntid":0,"trialid":21,"Aweight":1,"Bweight":1.9485153548885137,"calc1":5.587214294007756,"calc2":5.725323168638501,"calc3":14.347695893055397,"ordA12":"<","ordA13":"=","ordA23":"=","ordB12":">","ordB13":"=","ordB23":"=","mychoice":1,"myA1":2.231870333198458,"myA2":6.316579165868461,"myA3":3.6906497448217124,"myB1":6.4260631205979735,"myB2":3.215213273651898,"myB3":5.390573088079691,"simA1":3.40520124649629,"simA2":8.95440582418814,"simA3":8.64797518588603,"simB1":4.75207760930061,"simB2":0.761112046893686,"simB3":1.8724691378884}