{"ppntid":0,"trialid":12,"Aweight":1,"Bweight":3.3404669899027795,"calc1":31.38248467637985,"calc2":36.27621298812654,"calc3":6.48428895061076,"ordA12":"=","ordA13":"=","ordA23":">","ordB12":"<","ordB13":">","ordB23":">","mychoice":2,"myA1":7.825730284675956,"myA2":8.787070428952575,"myA3":4.832417210564017,"myB1":7.806853044312447,"myB2":10.87149374303408,"myB3":0.4123963799793273,"simA1":3.20852837292477,"simA2":5.95825222786516,"simA3":2.49748300760984,"simB1":9.51917973579839,"simB2":9.62475342443213,"simB3":2.62047795113176}