{"ppntid":0,"trialid":8,"Aweight":1,"Bweight":0.8864661282859743,"calc1":17.151557235624242,"calc2":1.9682406333752565,"calc3":3.06327020619546,"ordA12":">","ordA13":">","ordA23":"=","ordB12":">","ordB13":">","ordB23":"=","mychoice":1,"myA1":10.667464658617973,"myA2":1.1727953085210174,"myA3":2.116795477923006,"myB1":8.38735046214424,"myB2":2.49750517308712,"myB3":4.697628737194464,"simA1":8.91313169384375,"simA2":2.29380517965183,"simA3":1.85019911266863,"simB1":4.43676650989801,"simB2":2.41301263449714,"simB3":0.557394896168262}