{"ppntid":0,"trialid":3,"Aweight":1,"Bweight":4.368640212342143,"calc1":14.870723226771815,"calc2":34.909554029528515,"calc3":10.418804540138833,"ordA12":"=","ordA13":"<","ordA23":"<","ordB12":"<","ordB13":"=","ordB23":">","mychoice":2,"myA1":2.2654844995122403,"myA2":2.725124362623319,"myA3":11.550764070125297,"myB1":3.7223448883742094,"myB2":9.639067417010665,"myB3":0.7644179183989763,"simA1":3.1719257379882,"simA2":0.18154481658712,"simA3":6.33394056931138,"simB1":3.16195522435009,"simB2":6.95029358845204,"simB3":1.01433182833716}