{"ppntid":0,"trialid":11,"Aweight":1,"Bweight":2.2756569471675903,"calc1":23.40340018255132,"calc2":11.50658073186043,"calc3":28.20434012909482,"ordA12":"<","ordA13":"<","ordA23":"=","ordB12":">","ordB13":"=","ordB23":"<","mychoice":3,"myA1":0.4130243801046163,"myA2":12.313177012838423,"myA3":9.488731969613582,"myB1":11.554341693408787,"myB2":1.5472389792557806,"myB3":9.76868040044792,"simA1":0.400069444440305,"simA2":6.08044839696959,"simA3":6.42102890415117,"simB1":9.5571158779785,"simB2":0.160704387817532,"simB3":7.56760822609067}