{"ppntid":0,"trialid":2,"Aweight":1,"Bweight":0.8864661282859743,"calc1":-0.8682299409587753,"calc2":1.1953320633171192,"calc3":9.711679027838624,"ordA12":"<","ordA13":"<","ordA23":"=","ordB12":"=","ordB13":"=","ordB23":"<","mychoice":3,"myA1":1.9977919303346425,"myA2":5.238654700806364,"myA3":5.443916787626222,"myB1":6.9511347357183695,"myB2":4.222183751408011,"myB3":7.432295770850033,"simA1":2.3651837464422,"simA2":6.00488829193637,"simA3":8.13246078789234,"simB1":4.48913048487157,"simB2":5.11691393330693,"simB3":5.71495153009892}