{"ppntid":0,"trialid":26,"Aweight":1,"Bweight":3.3404669899027795,"calc1":16.969313691886544,"calc2":4.245237556907398,"calc3":36.397085026524856,"ordA12":"<","ordA13":"<","ordA23":"=","ordB12":"=","ordB13":"<","ordB23":"<","mychoice":3,"myA1":6.86067569302395,"myA2":10.766995298909023,"myA3":13.37475138483569,"myB1":1.623271896969527,"myB2":1.920172719983384,"myB3":5.395361896371469,"simA1":0.420730954501778,"simA2":6.03010574355721,"simA3":4.27703767083585,"simB1":3.55239363852888,"simB2":0.756021263077855,"simB3":9.52888637548313}