{"ppntid":0,"trialid":16,"Aweight":1,"Bweight":3.3404669899027795,"calc1":5.877760908722079,"calc2":27.86768755164134,"calc3":16.267667035211865,"ordA12":"=","ordA13":"<","ordA23":"<","ordB12":"<","ordB13":"=","ordB23":"=","mychoice":3,"myA1":2.460457112174481,"myA2":3.7857077561784536,"myA3":11.11182963475585,"myB1":4.092228894587606,"myB2":7.597588895587251,"myB3":5.713391761528328,"simA1":3.04651591461152,"simA2":1.87292299000546,"simA3":8.16750949015841,"simB1":2.7922795410268,"simB2":6.04821721091866,"simB3":3.38662295835093}