{"ppntid":0,"trialid":17,"Aweight":1,"Bweight":0.8864661282859743,"calc1":3.6279326835468955,"calc2":5.516628203506525,"calc3":13.52284769455069,"ordA12":">","ordA13":"<","ordA23":"<","ordB12":"=","ordB13":"=","ordB23":"=","mychoice":3,"myA1":5.320361000485718,"myA2":0.6188770732842386,"myA3":10.518536930903792,"myB1":10.138278286904097,"myB2":10.299413938773796,"myB3":9.122120796237141,"simA1":4.6794927935116,"simA2":0.534360217861831,"simA3":9.70275462605059,"simB1":2.69487160025164,"simB2":5.3922648075968,"simB3":3.03585562389344}