{"ppntid":0,"trialid":12,"Aweight":1,"Bweight":3.3404669899027795,"calc1":34.082009735824855,"calc2":35.78427528827103,"calc3":6.48428895061076,"ordA12":"=","ordA13":"=","ordA23":">","ordB12":"<","ordB13":">","ordB23":">","mychoice":2,"myA1":12.63840597588569,"myA2":13.436661473242566,"myA3":12.62916803942062,"myB1":5.035028646234423,"myB2":8.543268637731671,"myB3":0.4622688191011548,"simA1":3.20852837292477,"simA2":5.95825222786516,"simA3":2.49748300760984,"simB1":9.51917973579839,"simB2":9.62475342443213,"simB3":2.62047795113176}