{"ppntid":0,"trialid":9,"Aweight":1,"Bweight":1.392169805476442,"calc1":-3.118771933250932,"calc2":16.85914170152875,"calc3":11.652744621092843,"ordA12":"=","ordA13":">","ordA23":">","ordB12":"=","ordB13":"=","ordB23":">","mychoice":2,"myA1":9.359529507346451,"myA2":9.33550251997076,"myA3":5.018257610499859,"myB1":5.903673592256382,"myB2":8.795972383813933,"myB3":4.914631946012378,"simA1":1.3156188535504,"simA2":0.961971294600517,"simA3":7.0756730157882,"simB1":0.283582140691578,"simB2":9.57877810113132,"simB3":0.423672434408218}