{"ppntid":0,"trialid":26,"Aweight":1,"Bweight":1.392169805476442,"calc1":-0.44867032874184165,"calc2":5.519043306642924,"calc3":17.359300537804298,"ordA12":"<","ordA13":"<","ordA23":"=","ordB12":"=","ordB13":"<","ordB23":"<","mychoice":3,"myA1":3.944985856069252,"myA2":9.930352242663503,"myA3":9.517922953236848,"myB1":3.7575858703348786,"myB2":2.824529833160341,"myB3":9.546161204343662,"simA1":0.420730954501778,"simA2":6.03010574355721,"simA3":4.27703767083585,"simB1":3.55239363852888,"simB2":0.756021263077855,"simB3":9.52888637548313}