{"ppntid":0,"trialid":24,"Aweight":1,"Bweight":1.392169805476442,"calc1":-4.573087341378885,"calc2":13.989790566947494,"calc3":3.590684974954783,"ordA12":"<","ordA13":"=","ordA23":">","ordB12":"<","ordB13":"<","ordB23":"=","mychoice":2,"myA1":6.74860458355397,"myA2":14.473933515837416,"myA3":6.747411880642176,"myB1":0.6646700820419937,"myB2":11.096412241458893,"myB3":9.516176719916984,"simA1":0.989329111762345,"simA2":9.16007667547092,"simA3":1.7497731372714,"simB1":1.85851399088278,"simB2":5.78722845995799,"simB3":5.71751862764359}