{"ppntid":0,"trialid":27,"Aweight":1,"Bweight":1.9485153548885137,"calc1":13.554283773826043,"calc2":5.675276492050804,"calc3":18.060433351483162,"ordA12":"<","ordA13":"<","ordA23":"=","ordB12":"<","ordB13":"=","ordB23":"<","mychoice":3,"myA1":0.5310867237858474,"myA2":9.850787913892418,"myA3":10.17330767819658,"myB1":6.2883381033316255,"myB2":1.217731061624363,"myB3":5.386560629121959,"simA1":1.13813327625394,"simA2":8.34869364043698,"simA3":5.95196410315111,"simB1":6.53089314699173,"simB2":2.766918677371,"simB3":7.83264182507992}