{"ppntid":0,"trialid":16,"Aweight":1,"Bweight":1.392169805476442,"calc1":6.436188148997599,"calc2":3.9334794844002277,"calc3":9.777171454922232,"ordA12":"=","ordA13":"<","ordA23":"<","ordB12":"<","ordB13":"=","ordB23":"=","mychoice":3,"myA1":3.4620027313940227,"myA2":0.6774230604059994,"myA3":11.241297450615093,"myB1":1.6270908282604069,"myB2":6.658981303917244,"myB3":3.7577698670793325,"simA1":3.04651591461152,"simA2":1.87292299000546,"simA3":8.16750949015841,"simB1":2.7922795410268,"simB2":6.04821721091866,"simB3":3.38662295835093}