{"ppntid":0,"trialid":29,"Aweight":1,"Bweight":1.9485153548885137,"calc1":13.120779498222674,"calc2":16.918693543180286,"calc3":12.013877606309432,"ordA12":"<","ordA13":"=","ordA23":">","ordB12":"=","ordB13":"=","ordB23":"=","mychoice":2,"myA1":2.3951160488650203,"myA2":13.190856515429914,"myA3":3.3692890126258135,"myB1":6.107834115391597,"myB2":6.155296209035441,"myB3":7.5146829430013895,"simA1":3.14332489855587,"simA2":8.58726553386077,"simA3":0.351831594016403,"simB1":4.77481295354664,"simB2":3.7194332992658,"simB3":2.86561590852216}