{"ppntid":0,"trialid":21,"Aweight":1,"Bweight":3.3404669899027795,"calc1":15.4874614006222,"calc2":11.066209765823837,"calc3":15.911963237619638,"ordA12":">","ordA13":"<","ordA23":"=","ordB12":">","ordB13":"=","ordB23":"=","mychoice":3,"myA1":4.364568121964112,"myA2":0.17800753586925566,"myA3":9.496487524593249,"myB1":4.95902493596077,"myB2":4.249616878805682,"myB3":4.7680867882445455,"simA1":3.40520124649629,"simA2":8.95440582418814,"simA3":8.64797518588603,"simB1":4.75207760930061,"simB2":0.761112046893686,"simB3":1.8724691378884}