{"ppntid":0,"trialid":3,"Aweight":1,"Bweight":1.392169805476442,"calc1":8.487248773798656,"calc2":8.28925910042583,"calc3":7.731098575328242,"ordA12":"=","ordA13":"<","ordA23":"<","ordB12":">","ordB13":"=","ordB23":">","mychoice":3,"myA1":0.5946801393292844,"myA2":2.062095708679408,"myA3":7.079411888262257,"myB1":5.215621901443228,"myB2":1.7311716231051832,"myB3":6.388882052851841,"simA1":3.1719257379882,"simA2":0.18154481658712,"simA3":6.33394056931138,"simB1":3.16195522435009,"simB2":6.95029358845204,"simB3":1.01433182833716}