{"ppntid":0,"trialid":17,"Aweight":1,"Bweight":0.8864661282859743,"calc1":4.549816083270474,"calc2":-0.5099741656318448,"calc3":17.685579721668752,"ordA12":">","ordA13":">","ordA23":"<","ordB12":"=","ordB13":"=","ordB23":"=","mychoice":3,"myA1":5.25038035819307,"myA2":1.1791546060703695,"myA3":11.236363995121792,"myB1":5.687216146616265,"myB2":4.601356928469613,"myB3":7.07909416873008,"simA1":4.6794927935116,"simA2":0.534360217861831,"simA3":9.70275462605059,"simB1":2.69487160025164,"simB2":5.3922648075968,"simB3":3.03585562389344}