{"ppntid":0,"trialid":8,"Aweight":1,"Bweight":2.8642449562903494,"calc1":24.29330810241184,"calc2":2.721328295475379,"calc3":10.863535400724441,"ordA12":">","ordA13":">","ordA23":"=","ordB12":"=","ordB13":">","ordB23":"=","mychoice":1,"myA1":8.140438415575773,"myA2":0.7871141703799367,"myA3":0.6385092053096741,"myB1":6.515232149977237,"myB2":5.063925854628906,"myB3":3.1485695857554674,"simA1":8.91313169384375,"simA2":2.29380517965183,"simA3":1.85019911266863,"simB1":4.43676650989801,"simB2":2.41301263449714,"simB3":0.557394896168262}