{"ppntid":0,"trialid":16,"Aweight":1,"Bweight":3.3404669899027795,"calc1":5.36597027664929,"calc2":27.785365823884142,"calc3":15.353792355354445,"ordA12":"<","ordA13":"<","ordA23":"<","ordB12":"<","ordB13":"=","ordB23":"=","mychoice":3,"myA1":1.1450021155178547,"myA2":4.935826632427052,"myA3":12.956561314640567,"myB1":2.0052410394418985,"myB2":6.056865606224164,"myB3":3.9151127357035875,"simA1":3.04651591461152,"simA2":1.87292299000546,"simA3":8.16750949015841,"simB1":2.7922795410268,"simB2":6.04821721091866,"simB3":3.38662295835093}