{"ppntid":0,"trialid":2,"Aweight":1,"Bweight":4.035760145634413,"calc1":23.227653872794924,"calc2":37.30670183155535,"calc3":33.77127808139063,"ordA12":"<","ordA13":"<","ordA23":"=","ordB12":"=","ordB13":"=","ordB23":"=","mychoice":2,"myA1":5.5052846926264465,"myA2":8.393226836342365,"myA3":11.337449464481324,"myB1":5.599043379770592,"myB2":7.054196483222768,"myB3":4.533268378581852,"simA1":2.3651837464422,"simA2":6.00488829193637,"simA3":8.13246078789234,"simB1":4.48913048487157,"simB2":5.11691393330693,"simB3":5.71495153009892}