{"ppntid":0,"trialid":24,"Aweight":1,"Bweight":1.392169805476442,"calc1":0.20105976946803716,"calc2":12.93328434058442,"calc3":13.122709428827738,"ordA12":"<","ordA13":"=","ordA23":"=","ordB12":"<","ordB13":"<","ordB23":"=","mychoice":2,"myA1":7.874022951582447,"myA2":11.267767148092389,"myA3":10.49696798552759,"myB1":0.28599756653420627,"myB2":12.061566364718601,"myB3":11.91362367477268,"simA1":0.989329111762345,"simA2":9.16007667547092,"simA3":1.7497731372714,"simB1":1.85851399088278,"simB2":5.78722845995799,"simB3":5.71751862764359}