{"ppntid":0,"trialid":22,"Aweight":1,"Bweight":3.3404669899027795,"calc1":40.58778126140216,"calc2":13.740880673654205,"calc3":17.554754875974666,"ordA12":"=","ordA13":"=","ordA23":"=","ordB12":">","ordB13":"<","ordB23":"=","mychoice":1,"myA1":5.445116702467203,"myA2":6.90607275464572,"myA3":6.60523020895198,"myB1":9.070326652145013,"myB2":0.48845240380614996,"myB3":1.8922224012203515,"simA1":8.1287957704626,"simA2":6.10309598734602,"simA3":7.31510496931151,"simB1":9.6102004032582,"simB2":2.80141149647534,"simB3":5.45359223382547}