{"ppntid":0,"trialid":27,"Aweight":1,"Bweight":3.3404669899027795,"calc1":29.245621112145205,"calc2":18.7494625367008,"calc3":34.10743681065065,"ordA12":"<","ordA13":"<","ordA23":"=","ordB12":">","ordB13":"=","ordB23":"<","mychoice":3,"myA1":1.0234755696728826,"myA2":10.151972937164828,"myA3":11.125401186291128,"myB1":8.637236341601238,"myB2":0.2983739983756095,"myB3":9.413657924160361,"simA1":1.13813327625394,"simA2":8.34869364043698,"simA3":5.95196410315111,"simB1":6.53089314699173,"simB2":2.766918677371,"simB3":7.83264182507992}