{"ppntid":0,"trialid":19,"Aweight":1,"Bweight":1.9485153548885137,"calc1":8.369089098679675,"calc2":13.721911490663604,"calc3":19.856264231045362,"ordA12":"=","ordA13":"=","ordA23":"=","ordB12":"=","ordB13":"<","ordB23":"=","mychoice":3,"myA1":3.286540178814903,"myA2":4.034927588654682,"myA3":5.7928562723100185,"myB1":7.629429748049006,"myB2":9.720692551927641,"myB3":10.744033833034337,"simA1":5.0472562527284,"simA2":5.22066032979637,"simA3":5.31262512784451,"simB1":2.9207472759299,"simB2":4.4082949613221,"simB3":6.50717998389155}