{"ppntid":0,"trialid":21,"Aweight":1,"Bweight":1.9485153548885137,"calc1":13.914446240844637,"calc2":4.200733738137545,"calc3":6.009235367839619,"ordA12":"<","ordA13":"<","ordA23":"=","ordB12":">","ordB13":"=","ordB23":"=","mychoice":3,"myA1":0.6827196234371513,"myA2":4.822884042514488,"myA3":4.147279938915744,"myB1":10.145058418856934,"myB2":6.984195078257471,"myB3":9.93322015623562,"simA1":3.40520124649629,"simA2":8.95440582418814,"simA3":8.64797518588603,"simB1":4.75207760930061,"simB2":0.761112046893686,"simB3":1.8724691378884}