{"ppntid":0,"trialid":13,"Aweight":1,"Bweight":3.3404669899027795,"calc1":34.713984484193105,"calc2":16.02061197557405,"calc3":36.765298376909556,"ordA12":">","ordA13":"<","ordA23":"=","ordB12":">","ordB13":"=","ordB23":">","mychoice":1,"myA1":13.455050328047946,"myA2":1.9394437631126493,"myA3":4.180766675854102,"myB1":6.238550094421953,"myB2":6.861493040341884,"myB3":3.6100943048950285,"simA1":1.86005981639028,"simA2":8.42553070746362,"simA3":8.11919365543872,"simB1":9.17810374870896,"simB2":1.51240932522342,"simB3":9.96909169945866}