{"ppntid":0,"trialid":3,"Aweight":1,"Bweight":2.641218287171796,"calc1":13.562813177611119,"calc2":12.540285908317369,"calc3":12.781067491829416,"ordA12":"=","ordA13":"<","ordA23":"<","ordB12":"<","ordB13":"=","ordB23":">","mychoice":2,"myA1":3.663945193402469,"myA2":3.526257056510076,"myA3":7.556774464901537,"myB1":4.4014616520144045,"myB2":9.279725599335507,"myB3":1.610532357590273,"simA1":3.1719257379882,"simA2":0.18154481658712,"simA3":6.33394056931138,"simB1":3.16195522435009,"simB2":6.95029358845204,"simB3":1.01433182833716}