{"ppntid":0,"trialid":15,"Aweight":1,"Bweight":3.3404669899027795,"calc1":31.974226928604754,"calc2":13.724831664103998,"calc3":8.616738561620581,"ordA12":"=","ordA13":">","ordA23":">","ordB12":">","ordB13":">","ordB23":"=","mychoice":1,"myA1":6.7986118770204484,"myA2":9.117334568873048,"myA3":0.11211158009245992,"myB1":8.470564526505768,"myB2":3.0903423379641026,"myB3":3.419768668245524,"simA1":3.68415320757776,"simA2":4.64447123464197,"simA3":0.0986176868900657,"simB1":7.97461394220591,"simB2":4.65023029595613,"simB3":3.52380316471681}