{"ppntid":0,"trialid":9,"Aweight":1,"Bweight":3.3404669899027795,"calc1":8.777176031692608,"calc2":33.52629708668819,"calc3":-1.8530213404404048,"ordA12":"=","ordA13":"<","ordA23":"<","ordB12":"<","ordB13":">","ordB23":">","mychoice":2,"myA1":4.133278311928734,"myA2":4.21604044502601,"myA3":7.573461073916405,"myB1":5.4794913867954165,"myB2":10.091148528736085,"myB3":0.10564453317783773,"simA1":1.3156188535504,"simA2":0.961971294600517,"simA3":7.0756730157882,"simB1":0.283582140691578,"simB2":9.57877810113132,"simB3":0.423672434408218}