{"ppntid":0,"trialid":6,"Aweight":1,"Bweight":1.9485153548885137,"calc1":20.09715841077535,"calc2":9.629003926153914,"calc3":15.566446687273908,"ordA12":">","ordA13":">","ordA23":"=","ordB12":"=","ordB13":"<","ordB23":"=","mychoice":3,"myA1":8.747698977822438,"myA2":2.8779308614321053,"myA3":3.148423677776009,"myB1":6.789843623992056,"myB2":9.298786665312946,"myB3":10.478723585838452,"simA1":8.37697070091963,"simA2":2.72995244478807,"simA3":1.56540370546281,"simB1":2.63156997738406,"simB2":3.75615949742496,"simB3":6.70366015750915}