{"ppntid":0,"trialid":18,"Aweight":1,"Bweight":1.392169805476442,"calc1":7.983603827105815,"calc2":20.275870413077907,"calc3":19.668201842999217,"ordA12":"=","ordA13":"<","ordA23":"<","ordB12":"=","ordB13":"<","ordB23":"<","mychoice":3,"myA1":2.941269592847675,"myA2":2.490611200919375,"myA3":6.603956128237769,"myB1":8.253829751629382,"myB2":7.269337931647897,"myB3":11.491996856639162,"simA1":3.21668911725283,"simA2":4.34108043089509,"simA3":9.63302112417296,"simB1":4.08555867150426,"simB2":6.08102107653394,"simB3":9.77082550525665}