{"ppntid":0,"trialid":24,"Aweight":1,"Bweight":3.3404669899027795,"calc1":5.030412588656089,"calc2":24.693202693078376,"calc3":22.48589150764235,"ordA12":"<","ordA13":"=","ordA23":">","ordB12":"<","ordB13":"<","ordB23":"=","mychoice":2,"myA1":0.3775854909326881,"myA2":4.037677596788853,"myA3":0.9954432304948568,"myB1":0.7894117198884487,"myB2":6.2785958556924015,"myB3":6.428962441859767,"simA1":0.989329111762345,"simA2":9.16007667547092,"simA3":1.7497731372714,"simB1":1.85851399088278,"simB2":5.78722845995799,"simB3":5.71751862764359}