{"ppntid":0,"trialid":13,"Aweight":1,"Bweight":0.8864661282859743,"calc1":9.86669494124404,"calc2":8.394654115363743,"calc3":13.397814579313312,"ordA12":"<","ordA13":"<","ordA23":"=","ordB12":"=","ordB13":"=","ordB23":"<","mychoice":3,"myA1":0.2615839778445661,"myA2":3.50503466790542,"myA3":0.9591604757588357,"myB1":9.844864670885727,"myB2":7.337445466546342,"myB3":10.909240327309817,"simA1":1.86005981639028,"simA2":8.42553070746362,"simA3":8.11919365543872,"simB1":9.17810374870896,"simB2":1.51240932522342,"simB3":9.96909169945866}