{"ppntid":0,"trialid":19,"Aweight":1,"Bweight":3.3404669899027795,"calc1":7.65094744049635,"calc2":25.292849608231258,"calc3":29.51561571492131,"ordA12":"=","ordA13":"=","ordA23":"=","ordB12":"=","ordB13":"<","ordB23":"=","mychoice":3,"myA1":2.8890668833628297,"myA2":2.277269947808236,"myA3":4.72774131805636,"myB1":3.2255523616913706,"myB2":5.852458494482562,"myB3":6.338994788238779,"simA1":5.0472562527284,"simA2":5.22066032979637,"simA3":5.31262512784451,"simB1":2.9207472759299,"simB2":4.4082949613221,"simB3":6.50717998389155}