{"ppntid":0,"trialid":24,"Aweight":1,"Bweight":3.3404669899027795,"calc1":-0.53106805804617,"calc2":29.441822188921563,"calc3":23.62344138692512,"ordA12":"<","ordA13":"=","ordA23":"=","ordB12":"=","ordB13":"<","ordB23":"=","mychoice":3,"myA1":3.792529011843726,"myA2":6.9395419070497155,"myA3":4.658417596947402,"myB1":4.3116063612978905,"myB2":6.6735952463932335,"myB3":9.529823429184034,"simA1":0.989329111762345,"simA2":9.16007667547092,"simA3":1.7497731372714,"simB1":1.85851399088278,"simB2":5.78722845995799,"simB3":5.71751862764359}