{"ppntid":0,"trialid":14,"Aweight":1,"Bweight":3.3404669899027795,"calc1":22.44235626662213,"calc2":29.84147784671321,"calc3":13.04465186065406,"ordA12":"<","ordA13":"=","ordA23":">","ordB12":"=","ordB13":">","ordB23":">","mychoice":2,"myA1":1.8473137181717902,"myA2":8.242284643929452,"myA3":2.809635236626491,"myB1":7.515830677002668,"myB2":10.334536791779101,"myB3":1.751718269661069,"simA1":1.94943448994309,"simA2":7.94562598224729,"simA3":1.60481928149238,"simB1":6.37492659967393,"simB2":6.6169921355322,"simB3":3.29448562115431}