{"ppntid":0,"trialid":19,"Aweight":1,"Bweight":1.9485153548885137,"calc1":8.947236742769322,"calc2":16.880211489409614,"calc3":22.787024463567484,"ordA12":"=","ordA13":"=","ordA23":"=","ordB12":"=","ordB13":"<","ordB23":"=","mychoice":3,"myA1":9.050716323545203,"myA2":7.736520131584257,"myA3":6.225074592512101,"myB1":1.5772736712824553,"myB2":3.714288625633344,"myB3":5.082456199452281,"simA1":5.0472562527284,"simA2":5.22066032979637,"simA3":5.31262512784451,"simB1":2.9207472759299,"simB2":4.4082949613221,"simB3":6.50717998389155}