{"ppntid":0,"trialid":22,"Aweight":1,"Bweight":3.3404669899027795,"calc1":45.10883579827116,"calc2":17.519390069644658,"calc3":30.31427395066679,"ordA12":"=","ordA13":"=","ordA23":"<","ordB12":">","ordB13":">","ordB23":">","mychoice":1,"myA1":10.352547039510682,"myA2":7.569273702101782,"myA3":13.336868098704144,"myB1":10.836891325889155,"myB2":6.798254301538691,"myB3":3.2833173824474216,"simA1":8.1287957704626,"simA2":6.10309598734602,"simA3":7.31510496931151,"simB1":9.6102004032582,"simB2":2.80141149647534,"simB3":5.45359223382547}