{"ppntid":0,"trialid":26,"Aweight":1,"Bweight":3.3404669899027795,"calc1":8.04555493313648,"calc2":12.19757941263011,"calc3":44.06268032668293,"ordA12":"<","ordA13":"<","ordA23":"=","ordB12":"=","ordB13":"<","ordB23":"<","mychoice":3,"myA1":3.952215244062245,"myA2":13.2742205390241,"myA3":11.93707955419086,"myB1":0.39023910532705486,"myB2":0.42859827051870525,"myB3":6.44833953701891,"simA1":0.420730954501778,"simA2":6.03010574355721,"simA3":4.27703767083585,"simB1":3.55239363852888,"simB2":0.756021263077855,"simB3":9.52888637548313}