{"ppntid":0,"trialid":7,"Aweight":1,"Bweight":4.428372920956463,"calc1":43.235692423364355,"calc2":42.213451611227065,"calc3":42.470851603689546,"ordA12":">","ordA13":">","ordA23":">","ordB12":"=","ordB13":"=","ordB23":"=","mychoice":2,"myA1":11.961459786398336,"myA2":8.834198926342651,"myA3":1.3460960320662707,"myB1":6.979358559474349,"myB2":8.094513772521168,"myB3":8.7121970532462,"simA1":9.74268093239516,"simA2":7.87472704425454,"simA3":1.78666759980842,"simB1":6.90122544532642,"simB2":7.15154525591061,"simB3":9.34879306936637}