{"ppntid":0,"trialid":11,"Aweight":1,"Bweight":1.9485153548885137,"calc1":18.536248565889903,"calc2":7.365492550576121,"calc3":20.073733745295108,"ordA12":"<","ordA13":"<","ordA23":"<","ordB12":">","ordB13":"=","ordB23":"<","mychoice":3,"myA1":2.2352901147678494,"myA2":8.531007551355287,"myA3":5.953689215239137,"myB1":5.902264014584944,"myB2":1.075312999309972,"myB3":7.3943400965072215,"simA1":0.400069444440305,"simA2":6.08044839696959,"simA3":6.42102890415117,"simB1":9.5571158779785,"simB2":0.160704387817532,"simB3":7.56760822609067}