{"ppntid":0,"trialid":21,"Aweight":1,"Bweight":1.9485153548885137,"calc1":14.521068441153806,"calc2":3.6552826587120073,"calc3":2.9081634185053993,"ordA12":"<","ordA13":"<","ordA23":"=","ordB12":">","ordB13":"=","ordB23":"=","mychoice":1,"myA1":0.7480338157620281,"myA2":4.968394946772605,"myA3":4.211343495408073,"myB1":10.926299061393365,"myB2":7.745942218462005,"myB3":8.883157263044268,"simA1":3.40520124649629,"simA2":8.95440582418814,"simA3":8.64797518588603,"simB1":4.75207760930061,"simB2":0.761112046893686,"simB3":1.8724691378884}