{"ppntid":0,"trialid":12,"Aweight":1,"Bweight":1.9485153548885137,"calc1":22.539671115368698,"calc2":26.15852886370476,"calc3":9.956067747286447,"ordA12":"=","ordA13":"=","ordA23":">","ordB12":"=","ordB13":">","ordB23":">","mychoice":1,"myA1":7.866567639866844,"myA2":8.258247674675658,"myA3":4.9253402184695005,"myB1":5.579371657222509,"myB2":4.757305603707209,"myB3":1.688750294269994,"simA1":3.20852837292477,"simA2":5.95825222786516,"simA3":2.49748300760984,"simB1":9.51917973579839,"simB2":9.62475342443213,"simB3":2.62047795113176}