{"ppntid":0,"trialid":26,"Aweight":1,"Bweight":3.3404669899027795,"calc1":8.04555493313648,"calc2":12.19757941263011,"calc3":44.06268032668293,"ordA12":"<","ordA13":"<","ordA23":"=","ordB12":"=","ordB13":"<","ordB23":"<","mychoice":3,"myA1":2.8572522418107837,"myA2":11.480839932337403,"myA3":12.707881395472214,"myB1":0.02295166254043579,"myB2":0.32160047558136284,"myB3":8.275568227982149,"simA1":0.420730954501778,"simA2":6.03010574355721,"simA3":4.27703767083585,"simB1":3.55239363852888,"simB2":0.756021263077855,"simB3":9.52888637548313}