{"ppntid":0,"trialid":4,"Aweight":1,"Bweight":2.4293827801011503,"calc1":31.507287921152756,"calc2":44.598359126447875,"calc3":40.559437760037994,"ordA12":"=","ordA13":"<","ordA23":"=","ordB12":"=","ordB13":"=","ordB23":"=","mychoice":1,"myA1":12.995797101175413,"myA2":12.17464933404699,"myA3":11.913046755362302,"myB1":7.590598311508074,"myB2":7.1068359282799065,"myB3":6.239700332516804,"simA1":1.58158730249852,"simA2":3.06550125358626,"simA3":4.93618091568351,"simB1":8.18738446105272,"simB2":9.55175729002804,"simB3":9.60501343011856}