{"ppntid":0,"trialid":21,"Aweight":1,"Bweight":1.392169805476442,"calc1":22.078301530266145,"calc2":6.844653222234827,"calc3":10.327995581421845,"ordA12":"<","ordA13":"<","ordA23":"=","ordB12":">","ordB13":"=","ordB23":"=","mychoice":1,"myA1":3.5027241334319115,"myA2":8.821510617854074,"myA3":14.960872329538688,"myB1":14.224252881249413,"myB2":0.813686556648463,"myB3":0.6990830297581851,"simA1":3.40520124649629,"simA2":8.95440582418814,"simA3":8.64797518588603,"simB1":4.75207760930061,"simB2":0.761112046893686,"simB3":1.8724691378884}