{"ppntid":0,"trialid":15,"Aweight":1,"Bweight":3.3404669899027795,"calc1":31.974226928604754,"calc2":13.724831664103998,"calc3":11.090025599383944,"ordA12":"=","ordA13":"<","ordA23":">","ordB12":">","ordB13":">","ordB23":"=","mychoice":1,"myA1":11.933235641336069,"myA2":13.751251331996173,"myA3":9.483264939626679,"myB1":10.43850099784322,"myB2":1.2750760512426496,"myB3":0.4449199279770255,"simA1":3.68415320757776,"simA2":4.64447123464197,"simA3":0.0986176868900657,"simB1":7.97461394220591,"simB2":4.65023029595613,"simB3":3.52380316471681}