{"ppntid":0,"trialid":5,"Aweight":1,"Bweight":1.392169805476442,"calc1":21.173204188902986,"calc2":1.0751305189939093,"calc3":19.306011425642193,"ordA12":">","ordA13":"=","ordA23":"<","ordB12":">","ordB13":"=","ordB23":"<","mychoice":3,"myA1":10.396240982227027,"myA2":4.301084195030853,"myA3":12.644775373628363,"myB1":5.703403271036223,"myB2":0.6640010804403573,"myB3":5.540665365988389,"simA1":8.39378722943366,"simA2":0.737763438373804,"simA3":9.02796564158052,"simB1":9.07501752953976,"simB2":0.14604820869863,"simB3":7.71205921890214}