{"ppntid":0,"trialid":4,"Aweight":1,"Bweight":1.9485153548885137,"calc1":26.032576726010735,"calc2":17.325274623048703,"calc3":14.009731376173825,"ordA12":"=","ordA13":"<","ordA23":"=","ordB12":"=","ordB13":"=","ordB23":"=","mychoice":1,"myA1":5.759298299672082,"myA2":2.982553633628413,"myA3":0.6921122898347676,"myB1":7.54981221165508,"myB2":8.43371981405653,"myB3":9.218072486110032,"simA1":1.58158730249852,"simA2":3.06550125358626,"simA3":4.93618091568351,"simB1":8.18738446105272,"simB2":9.55175729002804,"simB3":9.60501343011856}