{"ppntid":0,"trialid":14,"Aweight":1,"Bweight":3.3404669899027795,"calc1":12.811756765995542,"calc2":31.66819706756799,"calc3":11.924077636795097,"ordA12":"=","ordA13":"=","ordA23":">","ordB12":"=","ordB13":">","ordB23":"<","mychoice":2,"myA1":2.1079010353423655,"myA2":14.897487665293738,"myA3":6.931848587701097,"myB1":4.03084148070775,"myB2":6.886929577449337,"myB3":0.6080559839028865,"simA1":1.94943448994309,"simA2":7.94562598224729,"simA3":1.60481928149238,"simB1":6.37492659967393,"simB2":6.6169921355322,"simB3":3.29448562115431}