{"ppntid":0,"trialid":10,"Aweight":1,"Bweight":1.392169805476442,"calc1":6.589849466671239,"calc2":8.993158419600654,"calc3":19.891846815590647,"ordA12":"=","ordA13":"=","ordA23":"<","ordB12":"<","ordB13":"<","ordB23":"<","mychoice":3,"myA1":6.775036915205419,"myA2":5.707278497284278,"myA3":8.807358361082152,"myB1":0.41512252064421773,"myB2":7.234316520625725,"myB3":10.710006763692945,"simA1":4.34119588462636,"simA2":2.31800572248176,"simA3":8.05309789255261,"simB1":2.52373051131144,"simB2":6.41027750447392,"simB3":9.69243492698297}