{"ppntid":0,"trialid":1,"Aweight":1,"Bweight":3.137031438527629,"calc1":19.32551204973072,"calc2":12.392568724421803,"calc3":28.537925874606376,"ordA12":"<","ordA13":"<","ordA23":"=","ordB12":">","ordB13":"=","ordB23":"<","mychoice":3,"myA1":0.16905732918530703,"myA2":8.627417354146019,"myA3":8.547993540996686,"myB1":5.291949334787205,"myB2":1.8873077246826142,"myB3":7.10056540905498,"simA1":1.95723988814279,"simA2":8.72834477107972,"simA3":6.29885389935225,"simB1":6.00115596316755,"simB2":2.16901220846921,"simB3":5.718498819042}