{"ppntid":0,"trialid":8,"Aweight":1,"Bweight":3.3404669899027795,"calc1":31.992742793867336,"calc2":10.956144745211189,"calc3":0.19064568128145032,"ordA12":"<","ordA13":">","ordA23":"=","ordB12":"=","ordB13":">","ordB23":"=","mychoice":2,"myA1":1.7493261268828064,"myA2":10.291675346670672,"myA3":9.323039590381086,"myB1":3.1847344245761633,"myB2":2.018357942579314,"myB3":0.4652559373062104,"simA1":8.91313169384375,"simA2":2.29380517965183,"simA3":1.85019911266863,"simB1":4.43676650989801,"simB2":2.41301263449714,"simB3":0.557394896168262}