{"ppntid":0,"trialid":29,"Aweight":1,"Bweight":3.3404669899027795,"calc1":24.420704845416232,"calc2":16.14173426340631,"calc3":13.565766515687448,"ordA12":"<","ordA13":"=","ordA23":">","ordB12":"=","ordB13":"=","ordB23":"=","mychoice":2,"myA1":2.685492387972772,"myA2":8.88155646272935,"myA3":1.423439058708027,"myB1":1.5181885671336204,"myB2":3.6583898426033556,"myB3":4.012746757362038,"simA1":3.14332489855587,"simA2":8.58726553386077,"simA3":0.351831594016403,"simB1":4.77481295354664,"simB2":3.7194332992658,"simB3":2.86561590852216}