{"ppntid":0,"trialid":5,"Aweight":1,"Bweight":3.3404669899027795,"calc1":32.89519385233923,"calc2":-1.8798700354483582,"calc3":42.75982116049083,"ordA12":"<","ordA13":"=","ordA23":">","ordB12":">","ordB13":"=","ordB23":"<","mychoice":3,"myA1":0.08583194925449789,"myA2":13.272097168955952,"myA3":2.9461726325098425,"myB1":10.209246890153736,"myB2":0.6212432181928307,"myB3":11.633213530294597,"simA1":8.39378722943366,"simA2":0.737763438373804,"simA3":9.02796564158052,"simB1":9.07501752953976,"simB2":0.14604820869863,"simB3":7.71205921890214}