{"ppntid":0,"trialid":6,"Aweight":1,"Bweight":2.2756569471675903,"calc1":19.20821911609562,"calc2":11.593124506529042,"calc3":26.08726536810875,"ordA12":">","ordA13":">","ordA23":"=","ordB12":"=","ordB13":"<","ordB23":"=","mychoice":2,"myA1":5.866543730953708,"myA2":1.7971455201040953,"myA3":2.0946358039509505,"myB1":4.765537760686129,"myB2":11.348039821023121,"myB3":9.645629168953747,"simA1":8.37697070091963,"simA2":2.72995244478807,"simA3":1.56540370546281,"simB1":2.63156997738406,"simB2":3.75615949742496,"simB3":6.70366015750915}